round,task,client_id,client_training_time,serialization_time,upload_bytes,simulated_broadcast_bytes,client_cpu_time,server_aggregation_time,round_total_time
1,diagnosis,0,0.0940495999966515,0.0025949999981094,19585,969978,0.046875,0.0063818999915383,1.0203445000079228
1,diagnosis,1,0.0974251000006916,0.0022575000039068,160193,969978,0.140625,0.0063818999915383,1.0203445000079228
1,diagnosis,2,0.0795229999930597,0.0017739000031724,90929,969978,0.046875,0.0063818999915383,1.0203445000079228
1,diagnosis,3,0.1044970999937504,0.0024501000007148,27289,969978,0.0625,0.0063818999915383,1.0203445000079228
1,diagnosis,4,0.1087341999955242,0.0017174999957205,39753,969978,0.109375,0.0063818999915383,1.0203445000079228
1,diagnosis,5,0.1272110999998403,0.0024679999914951,149585,969978,0.046875,0.0063818999915383,1.0203445000079228
1,diagnosis,6,0.1005959999893093,0.0021871999924769,130009,969978,0.03125,0.0063818999915383,1.0203445000079228
1,diagnosis,7,0.0873245999973733,0.0027950999938184,37473,969978,0.015625,0.0063818999915383,1.0203445000079228
1,diagnosis,8,0.071440599989728,0.0040240999951492,206993,969978,0.046875,0.0063818999915383,1.0203445000079228
1,diagnosis,9,0.0959523999918019,0.0046755999937886,94049,969978,0.0625,0.0063818999915383,1.0203445000079228
2,diagnosis,0,0.0633664999913889,0.0024331000022357,19585,973914,0.046875,0.0077002000034553,0.9193434000044364
2,diagnosis,1,0.0815511000109836,0.0017513000057078,138353,973914,0.0625,0.0077002000034553,0.9193434000044364
2,diagnosis,2,0.0540754999965429,0.0055388000037055,100497,973914,0.0625,0.0077002000034553,0.9193434000044364
2,diagnosis,3,0.0827482000022428,0.0018051999941235,25369,973914,0.03125,0.0077002000034553,0.9193434000044364
2,diagnosis,4,0.0816415000008419,0.0016599000082351,37833,973914,0.046875,0.0077002000034553,0.9193434000044364
2,diagnosis,5,0.0929587999999057,0.003894699999364,151873,973914,0.109375,0.0077002000034553,0.9193434000044364
2,diagnosis,6,0.0967254000133834,0.0033098999992944,136537,973914,0.0625,0.0077002000034553,0.9193434000044364
2,diagnosis,7,0.0827069999941159,0.0032174000079976,35601,973914,0.078125,0.0077002000034553,0.9193434000044364
2,diagnosis,8,0.0824801999988267,0.0055966999934753,210945,973914,0.046875,0.0077002000034553,0.9193434000044364
2,diagnosis,9,0.1222626999951899,0.0020845000108238,103201,973914,0.03125,0.0077002000034553,0.9193434000044364
3,diagnosis,0,0.1359328999969875,0.0016228000022238,17297,972154,0.015625,0.0079903000005288,1.8074429000116647
3,diagnosis,1,0.1624461000028532,0.0036287999973865,155825,972154,0.0625,0.0079903000005288,1.8074429000116647
3,diagnosis,2,0.185534500007634,0.0062131000013323,96129,972154,0.046875,0.0079903000005288,1.8074429000116647
3,diagnosis,3,0.2054270999942673,0.002926600005594,26713,972154,0.09375,0.0079903000005288,1.8074429000116647
3,diagnosis,4,0.1679429000068921,0.0051460999966366,39945,972154,0.046875,0.0079903000005288,1.8074429000116647
3,diagnosis,5,0.1284390999935567,0.0023371999996015,135649,972154,0.109375,0.0079903000005288,1.8074429000116647
3,diagnosis,6,0.1425747000030242,0.0061750000022584,141721,972154,0.03125,0.0079903000005288,1.8074429000116647
3,diagnosis,7,0.1353784000093583,0.003412300007767,30817,972154,0.046875,0.0079903000005288,1.8074429000116647
3,diagnosis,8,0.2605242999998154,0.0073019999981625,213025,972154,0.078125,0.0079903000005288,1.8074429000116647
3,diagnosis,9,0.2080086000059964,0.0061862000002292,100913,972154,0.078125,0.0079903000005288,1.8074429000116647
4,diagnosis,0,0.1291425000090384,0.0016031999984988,20001,953738,0.03125,0.0073847000021487,1.0457483000063803
4,diagnosis,1,0.1016776000033132,0.0017292999982601,135025,953738,0.078125,0.0073847000021487,1.0457483000063803
4,diagnosis,2,0.1036663000122644,0.0071735999954398,90929,953738,0.078125,0.0073847000021487,1.0457483000063803
4,diagnosis,3,0.1235305000009248,0.001984500006074,23641,953738,0.046875,0.0073847000021487,1.0457483000063803
4,diagnosis,4,0.1064626000006683,0.0066285000066272,39177,953738,0.03125,0.0073847000021487,1.0457483000063803
4,diagnosis,5,0.0850701000017579,0.0018635999877005,146049,953738,0.046875,0.0073847000021487,1.0457483000063803
4,diagnosis,6,0.0848597999865887,0.0057925000000977,139417,953738,0.078125,0.0073847000021487,1.0457483000063803
4,diagnosis,7,0.0875588000053539,0.0046484000049531,30401,953738,0.046875,0.0073847000021487,1.0457483000063803
4,diagnosis,8,0.0788457000016933,0.0059620999963954,210737,953738,0.078125,0.0073847000021487,1.0457483000063803
4,diagnosis,9,0.070013899996411,0.0032815000013215,104241,953738,0.03125,0.0073847000021487,1.0457483000063803
5,diagnosis,0,0.0674434000102337,0.0016102000081446,18961,969130,0.015625,0.0062956000037956,0.8351401000109036
5,diagnosis,1,0.0965139000036288,0.0020703999907709,154369,969130,0.0625,0.0062956000037956,0.8351401000109036
5,diagnosis,2,0.0691935999930137,0.0059480000054463,88849,969130,0.0625,0.0062956000037956,0.8351401000109036
5,diagnosis,3,0.0767581999971298,0.0016944000090006,26713,969130,0.0625,0.0062956000037956,0.8351401000109036
5,diagnosis,4,0.088852399989264,0.0060900999960722,40521,969130,0.046875,0.0062956000037956,0.8351401000109036
5,diagnosis,5,0.077590599990799,0.0069465000124182,142513,969130,0.078125,0.0062956000037956,0.8351401000109036
5,diagnosis,6,0.0762182999897049,0.0061006000032648,132505,969130,0.0625,0.0062956000037956,0.8351401000109036
5,diagnosis,7,0.0706873000017367,0.0025161000085063,34977,969130,0.078125,0.0062956000037956,0.8351401000109036
5,diagnosis,8,0.0609096000116551,0.0051508000033209,211361,969130,0.03125,0.0062956000037956,0.8351401000109036
5,diagnosis,9,0.0803946000087307,0.0040939000027719,104241,969130,0.03125,0.0062956000037956,0.8351401000109036
6,diagnosis,0,0.0590518999961204,0.002878100000089,18753,966298,0.015625,0.0045974000095156,0.8586281999887433
6,diagnosis,1,0.0925629999983357,0.0017810999997891,140849,966298,0.03125,0.0045974000095156,0.8586281999887433
6,diagnosis,2,0.0966447000100743,0.0026419999921927,98209,966298,0.109375,0.0045974000095156,0.8586281999887433
6,diagnosis,3,0.0824379999976372,0.0017532000056235,24985,966298,0.015625,0.0045974000095156,0.8586281999887433
6,diagnosis,4,0.085870299997623,0.0038350999966496,41673,966298,0.0625,0.0045974000095156,0.8586281999887433
6,diagnosis,5,0.0766440000006696,0.005968199999188,142929,966298,0.109375,0.0045974000095156,0.8586281999887433
6,diagnosis,6,0.0695525999908568,0.0058372000057715,139609,966298,0.046875,0.0045974000095156,0.8586281999887433
6,diagnosis,7,0.0711683999979868,0.0029008000128669,37265,966298,0.03125,0.0045974000095156,0.8586281999887433
6,diagnosis,8,0.0923633000056725,0.0020344000076875,200129,966298,0.109375,0.0045974000095156,0.8586281999887433
6,diagnosis,9,0.0769064999913098,0.0023633999953744,107777,966298,0.046875,0.0045974000095156,0.8586281999887433
7,diagnosis,0,0.0732406000024639,0.0049794999940786,19585,946906,0.046875,0.0045261999912327,0.9102946000057272
7,diagnosis,1,0.1024357999995118,0.0060241000028327,131281,946906,0.046875,0.0045261999912327,0.9102946000057272
7,diagnosis,2,0.0751324000011663,0.0018008000042755,100497,946906,0.03125,0.0045261999912327,0.9102946000057272
7,diagnosis,3,0.0791100999922491,0.0017864999972516,22681,946906,0.0625,0.0045261999912327,0.9102946000057272
7,diagnosis,4,0.0754629000002751,0.0016691999917384,39385,946906,0.046875,0.0045261999912327,0.9102946000057272
7,diagnosis,5,0.07650259998627,0.0055385000014211,135025,946906,0.109375,0.0045261999912327,0.9102946000057272
7,diagnosis,6,0.0644857999868691,0.001826500010793,137305,946906,0.0625,0.0045261999912327,0.9102946000057272
7,diagnosis,7,0.0712551000033272,0.0020778000034624,34353,946906,0.078125,0.0045261999912327,0.9102946000057272
7,diagnosis,8,0.1043079000082798,0.0062703000003239,206577,946906,0.078125,0.0045261999912327,0.9102946000057272
7,diagnosis,9,0.0927842999954009,0.006499299997813,106113,946906,0.078125,0.0045261999912327,0.9102946000057272
8,diagnosis,0,0.097471700006281,0.0020648000063374,19169,965610,0.03125,0.0102121999952942,1.2392634000134422
8,diagnosis,1,0.0978917000029468,0.0026228000060655,141889,965610,0.046875,0.0102121999952942,1.2392634000134422
8,diagnosis,2,0.0810722000023815,0.0064083999895956,87601,965610,0.03125,0.0102121999952942,1.2392634000134422
8,diagnosis,3,0.0760366000031353,0.0018277000053785,21337,965610,0.03125,0.0102121999952942,1.2392634000134422
8,diagnosis,4,0.0803105999948456,0.0062262999999802,39961,965610,0.03125,0.0102121999952942,1.2392634000134422
8,diagnosis,5,0.0761880999925779,0.0046872999955667,152913,965610,0.078125,0.0102121999952942,1.2392634000134422
8,diagnosis,6,0.1149806999892462,0.0037428000068757,148249,965610,0.03125,0.0102121999952942,1.2392634000134422
8,diagnosis,7,0.1474493999994592,0.0026545000000623,33937,965610,0.0625,0.0102121999952942,1.2392634000134422
8,diagnosis,8,0.2020483000087551,0.0062489999982062,205329,965610,0.09375,0.0102121999952942,1.2392634000134422
8,diagnosis,9,0.1873682000004919,0.0016848999948706,101121,965610,0.046875,0.0102121999952942,1.2392634000134422
9,diagnosis,0,0.1524161999986972,0.0018788000015774,18545,962538,0.0625,0.0058489999937592,1.510758699994767
9,diagnosis,1,0.1699226000055205,0.0050316999986534,145633,962538,0.03125,0.0058489999937592,1.510758699994767
9,diagnosis,2,0.119924999991781,0.0067404000001261,88641,962538,0.078125,0.0058489999937592,1.510758699994767
9,diagnosis,3,0.18199349999486,0.0067444000014802,24217,962538,0.0625,0.0058489999937592,1.510758699994767
9,diagnosis,4,0.1796566999983042,0.0064371999906143,43417,962538,0.125,0.0058489999937592,1.510758699994767
9,diagnosis,5,0.2091154999943683,0.0018112999969162,137937,962538,0.125,0.0058489999937592,1.510758699994767
9,diagnosis,6,0.1502983000100357,0.0039621000032639,136345,962538,0.0625,0.0058489999937592,1.510758699994767
9,diagnosis,7,0.106790899997577,0.001934899992193,38305,962538,0.046875,0.0058489999937592,1.510758699994767
9,diagnosis,8,0.106735800000024,0.0025400000013178,215521,962538,0.0625,0.0058489999937592,1.510758699994767
9,diagnosis,9,0.0692934000107925,0.0016757999983383,99873,962538,0.015625,0.0058489999937592,1.510758699994767
10,diagnosis,0,0.0504115999938221,0.0053189000027487,18545,970426,0.03125,0.0062043000070843,0.8464164000033634
10,diagnosis,1,0.0805782999959774,0.0042211999971186,142929,970426,0.109375,0.0062043000070843,0.8464164000033634
10,diagnosis,2,0.0864906999922823,0.0052543000056175,95713,970426,0.03125,0.0062043000070843,0.8464164000033634
10,diagnosis,3,0.0755432000005384,0.0017932999908225,24985,970426,0.0625,0.0062043000070843,0.8464164000033634
10,diagnosis,4,0.0982621000002836,0.0017252999969059,40729,970426,0.09375,0.0062043000070843,0.8464164000033634
10,diagnosis,5,0.0965447000053245,0.0019095000025117,143761,970426,0.078125,0.0062043000070843,0.8464164000033634
10,diagnosis,6,0.0805335000040941,0.0045682999916607,140953,970426,0.0625,0.0062043000070843,0.8464164000033634
10,diagnosis,7,0.0530613000009907,0.0019220999965909,35393,970426,0.046875,0.0062043000070843,0.8464164000033634
10,diagnosis,8,0.0741858000110369,0.0031100000051083,212817,970426,0.03125,0.0062043000070843,0.8464164000033634
10,diagnosis,9,0.067214700000477,0.0059860999899683,100497,970426,0.03125,0.0062043000070843,0.8464164000033634
11,diagnosis,0,0.0665414000104647,0.0016979999927571,18961,955498,0.03125,0.0076193999993847,0.9732444000110264
11,diagnosis,1,0.0833443000010447,0.0020162000000709,151041,955498,0.15625,0.0076193999993847,0.9732444000110264
11,diagnosis,2,0.0785704000008991,0.0020446999988052,89681,955498,0.0625,0.0076193999993847,0.9732444000110264
11,diagnosis,3,0.0826463999983388,0.0017318000027444,21337,955498,0.046875,0.0076193999993847,0.9732444000110264
11,diagnosis,4,0.089824700000463,0.0016420000029029,39961,955498,0.03125,0.0076193999993847,0.9732444000110264
11,diagnosis,5,0.1162207000015769,0.0027812999906018,129409,955498,0.09375,0.0076193999993847,0.9732444000110264
11,diagnosis,6,0.1129409999994095,0.0020129000040469,144793,955498,0.046875,0.0076193999993847,0.9732444000110264
11,diagnosis,7,0.1142265999951632,0.0017633999959798,33937,955498,0.015625,0.0076193999993847,0.9732444000110264
11,diagnosis,8,0.0719968000048538,0.002385999992839,214689,955498,0.078125,0.0076193999993847,0.9732444000110264
11,diagnosis,9,0.0858922000043094,0.0017197999986819,97585,955498,0.0625,0.0076193999993847,0.9732444000110264
12,diagnosis,0,0.0823577000119257,0.0059212999913142,18129,974394,0.03125,0.0047312999959103,0.7744993000087561
12,diagnosis,1,0.0928570999967632,0.0019193000043742,150417,974394,0.078125,0.0047312999959103,0.7744993000087561
12,diagnosis,2,0.0652348000003257,0.0034629000001586,101537,974394,0.046875,0.0047312999959103,0.7744993000087561
12,diagnosis,3,0.0539513999974587,0.0018031999934464,25945,974394,0.03125,0.0047312999959103,0.7744993000087561
12,diagnosis,4,0.0749835000024177,0.0057812000013655,39193,974394,0.03125,0.0047312999959103,0.7744993000087561
12,diagnosis,5,0.0686868000047979,0.004014800011646,138977,974394,0.046875,0.0047312999959103,0.7744993000087561
12,diagnosis,6,0.087743700001738,0.0054696000006515,141337,974394,0.109375,0.0047312999959103,0.7744993000087561
12,diagnosis,7,0.0801804999937303,0.0020357000030344,34977,974394,0.03125,0.0047312999959103,0.7744993000087561
12,diagnosis,8,0.0617203000001609,0.0043598000047495,206993,974394,0.09375,0.0047312999959103,0.7744993000087561
12,diagnosis,9,0.0461909000005107,0.0033359999943058,102785,974394,0.078125,0.0047312999959103,0.7744993000087561
13,diagnosis,0,0.0654130000039003,0.001694899998256,18961,929098,0.046875,0.0072844000096665,0.8294058000028599
13,diagnosis,1,0.0572664999926928,0.0028082000062568,144385,929098,0.046875,0.0072844000096665,0.8294058000028599
13,diagnosis,2,0.0799556999991182,0.0017619999998714,102785,929098,0.0625,0.0072844000096665,0.8294058000028599
13,diagnosis,3,0.0926637999946251,0.0020814000017708,22681,929098,0.046875,0.0072844000096665,0.8294058000028599
13,diagnosis,4,0.0734300000040093,0.0016869999963091,40153,929098,0.09375,0.0072844000096665,0.8294058000028599
13,diagnosis,5,0.0694366000097943,0.0039652999985264,129409,929098,0.046875,0.0072844000096665,0.8294058000028599
13,diagnosis,6,0.0930784000083804,0.001809499997762,128089,929098,0.109375,0.0072844000096665,0.8294058000028599
13,diagnosis,7,0.0789854999893577,0.0060610999935306,40801,929098,0.09375,0.0072844000096665,0.8294058000028599
13,diagnosis,8,0.0741734999901382,0.0041137999942293,199297,929098,0.046875,0.0072844000096665,0.8294058000028599
13,diagnosis,9,0.0651990000042133,0.0018845000013243,88433,929098,0.046875,0.0072844000096665,0.8294058000028599
14,diagnosis,0,0.0609750000003259,0.0036551000084728,18961,959850,0.03125,0.0081210000062128,1.6487419000040973
14,diagnosis,1,0.1068786999967414,0.0035344999923836,139185,959850,0.078125,0.0081210000062128,1.6487419000040973
14,diagnosis,2,0.09481730000698,0.0060686999931931,93009,959850,0.0625,0.0081210000062128,1.6487419000040973
14,diagnosis,3,0.0737451000022701,0.0016505000094184,24409,959850,0.078125,0.0081210000062128,1.6487419000040973
14,diagnosis,4,0.1129030999873066,0.0025315999955637,40537,959850,0.078125,0.0081210000062128,1.6487419000040973
14,diagnosis,5,0.20533909999358,0.0029821000061929,140433,959850,0.109375,0.0081210000062128,1.6487419000040973
14,diagnosis,6,0.231317300000228,0.0018693000019993,138841,959850,0.09375,0.0081210000062128,1.6487419000040973
14,diagnosis,7,0.2385893000027863,0.005748899988248,34353,959850,0.046875,0.0081210000062128,1.6487419000040973
14,diagnosis,8,0.2848401000082958,0.002418399992166,213233,959850,0.203125,0.0081210000062128,1.6487419000040973
14,diagnosis,9,0.1702530999900773,0.0051443999982438,102785,959850,0.03125,0.0081210000062128,1.6487419000040973
15,diagnosis,0,0.2275463000114541,0.005884900005185,19585,963018,0.046875,0.00914599999669,2.0833978000009665
15,diagnosis,1,0.5094895999936853,0.0055710000015096,147713,963018,0.109375,0.00914599999669,2.0833978000009665
15,diagnosis,2,0.2184278999920934,0.0025257999950554,96753,963018,0.0625,0.00914599999669,2.0833978000009665
15,diagnosis,3,0.2013928000087617,0.0021739000076195,26905,963018,0.03125,0.00914599999669,2.0833978000009665
15,diagnosis,4,0.1490923999954247,0.0030580999882658,38809,963018,0.0625,0.00914599999669,2.0833978000009665
15,diagnosis,5,0.1422650000022258,0.0062022999918553,133985,963018,0.125,0.00914599999669,2.0833978000009665
15,diagnosis,6,0.1336668000003555,0.0025626999995438,142489,963018,0.09375,0.00914599999669,2.0833978000009665
15,diagnosis,7,0.1440922999900067,0.0021303999965311,35601,963018,0.046875,0.00914599999669,2.0833978000009665
15,diagnosis,8,0.1321254999929806,0.0033240999910049,210113,963018,0.125,0.00914599999669,2.0833978000009665
15,diagnosis,9,0.1506689999951049,0.0062684000004082,96961,963018,0.0625,0.00914599999669,2.0833978000009665
16,diagnosis,0,0.180613300006371,0.0027874999941559,18129,1000330,0.0625,0.0057656999997561,1.2364635999983875
16,diagnosis,1,0.1393639000016264,0.0022529999987455,157905,1000330,0.0625,0.0057656999997561,1.2364635999983875
16,diagnosis,2,0.0967270999972242,0.0027977999998256,91345,1000330,0.078125,0.0057656999997561,1.2364635999983875
16,diagnosis,3,0.1026525999914156,0.0019074000010732,28057,1000330,0.03125,0.0057656999997561,1.2364635999983875
16,diagnosis,4,0.119714100001147,0.0016203999985009,39577,1000330,0.125,0.0057656999997561,1.2364635999983875
16,diagnosis,5,0.100902699996368,0.0065045000083046,152913,1000330,0.078125,0.0057656999997561,1.2364635999983875
16,diagnosis,6,0.0989722999947844,0.0018033000087598,142105,1000330,0.078125,0.0057656999997561,1.2364635999983875
16,diagnosis,7,0.0978117999911774,0.0015830999909667,36641,1000330,0.078125,0.0057656999997561,1.2364635999983875
16,diagnosis,8,0.0992999000009149,0.0021853000071132,209073,1000330,0.0625,0.0057656999997561,1.2364635999983875
16,diagnosis,9,0.1267684000049485,0.0062551000009989,110481,1000330,0.03125,0.0057656999997561,1.2364635999983875
17,diagnosis,0,0.1114500999974552,0.0016387000068789,17713,959754,0.0625,0.0099664000008488,1.250620799997705
17,diagnosis,1,0.1070325000036973,0.0023077999940142,147921,959754,0.046875,0.0099664000008488,1.250620799997705
17,diagnosis,2,0.0936290999961784,0.0063293999992311,101745,959754,0.0625,0.0099664000008488,1.250620799997705
17,diagnosis,3,0.1448369999998249,0.0029330999968806,25561,959754,0.078125,0.0099664000008488,1.250620799997705
17,diagnosis,4,0.1137671000033151,0.0035471000010147,40921,959754,0.0625,0.0099664000008488,1.250620799997705
17,diagnosis,5,0.111331499996595,0.0051691999979084,140433,959754,0.109375,0.0099664000008488,1.250620799997705
17,diagnosis,6,0.130704399998649,0.0023963999992702,130969,959754,0.03125,0.0099664000008488,1.250620799997705
17,diagnosis,7,0.1244919000018853,0.0032992000051308,35393,959754,0.078125,0.0099664000008488,1.250620799997705
17,diagnosis,8,0.1291558000084478,0.0017909000016516,205745,959754,0.09375,0.0099664000008488,1.250620799997705
17,diagnosis,9,0.098853000003146,0.0017231000092579,99249,959754,0.03125,0.0099664000008488,1.250620799997705
18,diagnosis,0,0.0755362999916542,0.0060124000010546,18545,947770,0.03125,0.0063798000046517,1.9630481999920448
18,diagnosis,1,0.1172964999859687,0.006298299995251,142721,947770,0.078125,0.0063798000046517,1.9630481999920448
18,diagnosis,2,0.1161025000037625,0.00194790000387,91553,947770,0.09375,0.0063798000046517,1.9630481999920448
18,diagnosis,3,0.1854352999944239,0.0027427000022726,27673,947770,0.09375,0.0063798000046517,1.9630481999920448
18,diagnosis,4,0.2403465999959735,0.0016790999943623,40153,947770,0.03125,0.0063798000046517,1.9630481999920448
18,diagnosis,5,0.3046896000014385,0.0024686999968253,142721,947770,0.078125,0.0063798000046517,1.9630481999920448
18,diagnosis,6,0.2324797999899601,0.0017876000056276,136153,947770,0.03125,0.0063798000046517,1.9630481999920448
18,diagnosis,7,0.1685452999954577,0.0018008000042755,34145,947770,0.078125,0.0063798000046517,1.9630481999920448
18,diagnosis,8,0.2245444000000134,0.0030225999944377,200129,947770,0.125,0.0063798000046517,1.9630481999920448
18,diagnosis,9,0.239471599998069,0.0037749999901279,99873,947770,0.046875,0.0063798000046517,1.9630481999920448
19,diagnosis,0,0.2217912000051001,0.0016483000072184,20417,964538,0.03125,0.0087634000083198,1.181237600001623
19,diagnosis,1,0.2386827000009361,0.0024264000094262,149585,964538,0.046875,0.0087634000083198,1.181237600001623
19,diagnosis,2,0.0836050999932922,0.0049566999950911,99665,964538,0.0625,0.0087634000083198,1.181237600001623
19,diagnosis,3,0.0779609000019263,0.0060528000030899,26137,964538,0.0625,0.0087634000083198,1.181237600001623
19,diagnosis,4,0.0941762000002199,0.001725099995383,42841,964538,0.078125,0.0087634000083198,1.181237600001623
19,diagnosis,5,0.0962367000029189,0.0017606000037631,125041,964538,0.109375,0.0087634000083198,1.181237600001623
19,diagnosis,6,0.070436800000607,0.0060528999892994,143449,964538,0.109375,0.0087634000083198,1.181237600001623
19,diagnosis,7,0.0635650999902281,0.0016953000013018,32689,964538,0.046875,0.0087634000083198,1.181237600001623
19,diagnosis,8,0.0930816000036429,0.0062204999994719,210737,964538,0.125,0.0087634000083198,1.181237600001623
19,diagnosis,9,0.0736447999952361,0.0017032000032486,99873,964538,0.0625,0.0087634000083198,1.181237600001623
20,diagnosis,0,0.0601921000052243,0.0048683999921195,19377,944890,0.03125,0.0053637000091839,0.816681600001175
20,diagnosis,1,0.0606609999958891,0.0034484000061638,151873,944890,0.109375,0.0053637000091839,0.816681600001175
20,diagnosis,2,0.0549467999953776,0.0052929999947082,89473,944890,0.03125,0.0053637000091839,0.816681600001175
20,diagnosis,3,0.091983500009519,0.0016089999990072,29785,944890,0.0625,0.0053637000091839,0.816681600001175
20,diagnosis,4,0.0715796000004047,0.0027005000010831,40153,944890,0.0625,0.0053637000091839,0.816681600001175
20,diagnosis,5,0.0737839000066742,0.0019075999880442,127329,944890,0.03125,0.0053637000091839,0.816681600001175
20,diagnosis,6,0.0705117000034079,0.0064598000026308,138649,944890,0.03125,0.0053637000091839,0.816681600001175
20,diagnosis,7,0.0936618000123417,0.0044311999954516,33313,944890,0.03125,0.0053637000091839,0.816681600001175
20,diagnosis,8,0.0910647999990033,0.0064190999983111,201585,944890,0.109375,0.0053637000091839,0.816681600001175
20,diagnosis,9,0.081326400002581,0.005155899998499,99249,944890,0.046875,0.0053637000091839,0.816681600001175
21,diagnosis,0,0.0642879999941214,0.0016351999947801,18337,957082,0.03125,0.004752599998028,0.8553399999946123
21,diagnosis,1,0.0859277999988989,0.0017059999954653,148961,957082,0.046875,0.004752599998028,0.8553399999946123
21,diagnosis,2,0.0746448999998392,0.0034105999948224,94881,957082,0.0625,0.004752599998028,0.8553399999946123
21,diagnosis,3,0.0843489999970188,0.0035749999951804,22681,957082,0.0625,0.004752599998028,0.8553399999946123
21,diagnosis,4,0.1096113999956287,0.0030374000052688,39961,957082,0.078125,0.004752599998028,0.8553399999946123
21,diagnosis,5,0.0772082000039517,0.0018922999879578,135441,957082,0.046875,0.004752599998028,0.8553399999946123
21,diagnosis,6,0.0518832999950973,0.002222700000857,136921,957082,0.046875,0.004752599998028,0.8553399999946123
21,diagnosis,7,0.0684696000098483,0.0023024000111036,36641,957082,0.0625,0.004752599998028,0.8553399999946123
21,diagnosis,8,0.105477899996913,0.0068751999933738,208449,957082,0.21875,0.004752599998028,0.8553399999946123
21,diagnosis,9,0.0796873999934177,0.0030550999945262,100705,957082,0.03125,0.004752599998028,0.8553399999946123
22,diagnosis,0,0.0706174000079045,0.0060506000008899,19377,973626,0.03125,0.0032946999999694,0.8997473000054015
22,diagnosis,1,0.0929787999921245,0.0026255999982822,151041,973626,0.046875,0.0032946999999694,0.8997473000054015
22,diagnosis,2,0.0799914999952307,0.00246380000317,93425,973626,0.078125,0.0032946999999694,0.8997473000054015
22,diagnosis,3,0.0751253000053111,0.0039421999972546,25177,973626,0.046875,0.0032946999999694,0.8997473000054015
22,diagnosis,4,0.078463500001817,0.0067164999927626,41881,973626,0.046875,0.0032946999999694,0.8997473000054015
22,diagnosis,5,0.0727964999969117,0.0017575999954715,139601,973626,0.078125,0.0032946999999694,0.8997473000054015
22,diagnosis,6,0.0913702999969245,0.0050301000010222,141145,973626,0.078125,0.0032946999999694,0.8997473000054015
22,diagnosis,7,0.0999805000028573,0.0055337000085273,33313,973626,0.109375,0.0032946999999694,0.8997473000054015
22,diagnosis,8,0.0977937999996356,0.0045673999993596,204705,973626,0.09375,0.0032946999999694,0.8997473000054015
22,diagnosis,9,0.0732095999992452,0.0046352999925147,109857,973626,0.03125,0.0032946999999694,0.8997473000054015
23,diagnosis,0,0.1027379999868571,0.0056404000060865,20625,955450,0.046875,0.0093345000059343,1.1151727999967989
23,diagnosis,1,0.0915144999889889,0.0018016999965766,142721,955450,0.171875,0.0093345000059343,1.1151727999967989
23,diagnosis,2,0.079760200009332,0.0060824000102002,97793,955450,0.078125,0.0093345000059343,1.1151727999967989
23,diagnosis,3,0.0875461999967228,0.0017410999862477,25753,955450,0.0625,0.0093345000059343,1.1151727999967989
23,diagnosis,4,0.0811662999913096,0.0016155000048456,40921,955450,0.078125,0.0093345000059343,1.1151727999967989
23,diagnosis,5,0.0910214000032283,0.0021910999930696,137729,955450,0.046875,0.0093345000059343,1.1151727999967989
23,diagnosis,6,0.1083546000008937,0.0027441999991424,135001,955450,0.046875,0.0093345000059343,1.1151727999967989
23,diagnosis,7,0.1289306999969994,0.0016866000078152,34561,955450,0.015625,0.0093345000059343,1.1151727999967989
23,diagnosis,8,0.1261135999957332,0.0022339999995892,202209,955450,0.03125,0.0093345000059343,1.1151727999967989
23,diagnosis,9,0.1538104000064777,0.0064392000058433,104033,955450,0.0625,0.0093345000059343,1.1151727999967989
24,diagnosis,0,0.1914520999998785,0.0025104000087594,18545,956234,0.03125,0.0080225999990943,1.7682636000099592
24,diagnosis,1,0.1354762999981176,0.0017794000013964,160193,956234,0.0625,0.0080225999990943,1.7682636000099592
24,diagnosis,2,0.1943134000030113,0.0016451000119559,90929,956234,0.0625,0.0080225999990943,1.7682636000099592
24,diagnosis,3,0.1262372999917715,0.0017094000068027,23449,956234,0.078125,0.0080225999990943,1.7682636000099592
24,diagnosis,4,0.0997889999998733,0.002111199995852,41113,956234,0.015625,0.0080225999990943,1.7682636000099592
24,diagnosis,5,0.188019000008353,0.006462500008638,130865,956234,0.046875,0.0080225999990943,1.7682636000099592
24,diagnosis,6,0.2090214999916497,0.0069613999949069,140185,956234,0.046875,0.0080225999990943,1.7682636000099592
24,diagnosis,7,0.2229624999890802,0.0024300999939441,32689,956234,0.046875,0.0080225999990943,1.7682636000099592
24,diagnosis,8,0.1739484999998239,0.004797099987627,204289,956234,0.09375,0.0080225999990943,1.7682636000099592
24,diagnosis,9,0.148600600005011,0.0020317000016802,99873,956234,0.0625,0.0080225999990943,1.7682636000099592
25,diagnosis,0,0.0774920000112615,0.0060105999873485,19793,967402,0.015625,0.0085518999985652,0.9087601999926846
25,diagnosis,1,0.0949851000041235,0.0044187000021338,156657,967402,0.0625,0.0085518999985652,0.9087601999926846
25,diagnosis,2,0.0701400000107241,0.0061784999998053,94049,967402,0.078125,0.0085518999985652,0.9087601999926846
25,diagnosis,3,0.0732296999922255,0.0015654000017093,22489,967402,0.015625,0.0085518999985652,0.9087601999926846
25,diagnosis,4,0.0847406999964732,0.0054964000009931,38617,967402,0.046875,0.0085518999985652,0.9087601999926846
25,diagnosis,5,0.0738691000005928,0.0020358000037958,136897,967402,0.109375,0.0085518999985652,0.9087601999926846
25,diagnosis,6,0.087081699995906,0.0036415999929886,139417,967402,0.109375,0.0085518999985652,0.9087601999926846
25,diagnosis,7,0.0839226999960374,0.0059813999978359,40385,967402,0.046875,0.0085518999985652,0.9087601999926846
25,diagnosis,8,0.080703400002676,0.0038410999986808,205121,967402,0.09375,0.0085518999985652,0.9087601999926846
25,diagnosis,9,0.0931726000126218,0.006730899985996,99873,967402,0.15625,0.0085518999985652,0.9087601999926846
26,diagnosis,0,0.0769479000009596,0.0053770999948028,21041,981658,0.015625,0.0078196999966166,0.8766918000037549
26,diagnosis,1,0.0806472000112989,0.0019969999993918,154161,981658,0.03125,0.0078196999966166,0.8766918000037549
26,diagnosis,2,0.082205700004124,0.0016682999994372,99041,981658,0.015625,0.0078196999966166,0.8766918000037549
26,diagnosis,3,0.0827377999958116,0.006212799999048,25369,981658,0.03125,0.0078196999966166,0.8766918000037549
26,diagnosis,4,0.0882955999986734,0.0050868999969679,39769,981658,0.046875,0.0078196999966166,0.8766918000037549
26,diagnosis,5,0.0799586000066483,0.0038749000086681,146673,981658,0.03125,0.0078196999966166,0.8766918000037549
26,diagnosis,6,0.0751404000038746,0.0022771000076318,141529,981658,0.03125,0.0078196999966166,0.8766918000037549
26,diagnosis,7,0.0831385000055888,0.0054997999977786,33105,981658,0.0625,0.0078196999966166,0.8766918000037549
26,diagnosis,8,0.0746647999912966,0.0018029999919235,196385,981658,0.03125,0.0078196999966166,0.8766918000037549
26,diagnosis,9,0.079488700008369,0.0016946999967331,110481,981658,0.03125,0.0078196999966166,0.8766918000037549
27,diagnosis,0,0.0610224999982165,0.006037400002242,19585,951994,0.046875,0.0072324000066146,0.90595050000411
27,diagnosis,1,0.0925169000111054,0.0035341000038897,145633,951994,0.09375,0.0072324000066146,0.90595050000411
27,diagnosis,2,0.0714016999991145,0.0032171000057132,94257,951994,0.03125,0.0072324000066146,0.90595050000411
27,diagnosis,3,0.0905315999989397,0.0018366000003879,22873,951994,0.0625,0.0072324000066146,0.90595050000411
27,diagnosis,4,0.1092291000095428,0.0027658000035444,41113,951994,0.0625,0.0072324000066146,0.90595050000411
27,diagnosis,5,0.080991199996788,0.0057576999970478,138977,951994,0.03125,0.0072324000066146,0.90595050000411
27,diagnosis,6,0.0721087000129045,0.003239300000132,134233,951994,0.0625,0.0072324000066146,0.90595050000411
27,diagnosis,7,0.0827917000133311,0.0025228000013157,34561,951994,0.09375,0.0072324000066146,0.90595050000411
27,diagnosis,8,0.0854190000100061,0.0018334000051254,200545,951994,0.09375,0.0072324000066146,0.90595050000411
27,diagnosis,9,0.0775272000028053,0.0051591000083135,106113,951994,0.109375,0.0072324000066146,0.90595050000411
28,diagnosis,0,0.0771054000069852,0.0033456999954069,19169,970954,0.03125,0.0054534999944735,0.8697904000000563
28,diagnosis,1,0.0945864999957848,0.0040203999960795,154369,970954,0.109375,0.0054534999944735,0.8697904000000563
28,diagnosis,2,0.0493284999975003,0.0045252999989315,92385,970954,0.09375,0.0054534999944735,0.8697904000000563
28,diagnosis,3,0.1156412000127602,0.001640699993004,25753,970954,0.078125,0.0054534999944735,0.8697904000000563
28,diagnosis,4,0.0715271000080974,0.0023906999995233,38041,970954,0.03125,0.0054534999944735,0.8697904000000563
28,diagnosis,5,0.0793180000036954,0.0028413999971235,135233,970954,0.03125,0.0054534999944735,0.8697904000000563
28,diagnosis,6,0.0703598999971291,0.0045964000019012,144025,970954,0.046875,0.0054534999944735,0.8697904000000563
28,diagnosis,7,0.0876747000002069,0.0059541999944485,35809,970954,0.046875,0.0054534999944735,0.8697904000000563
28,diagnosis,8,0.0921187000058125,0.0052689999865833,210321,970954,0.09375,0.0054534999944735,0.8697904000000563
28,diagnosis,9,0.0682719000033102,0.0052908999932697,101745,970954,0.0625,0.0054534999944735,0.8697904000000563
29,diagnosis,0,0.078841900001862,0.0019765000033658,18545,963098,0.015625,0.0097586999909253,1.4050664999958826
29,diagnosis,1,0.0831345999904442,0.0018550999957369,145841,963098,0.140625,0.0097586999909253,1.4050664999958826
29,diagnosis,2,0.0998448000027565,0.0024443000002065,98209,963098,0.0625,0.0097586999909253,1.4050664999958826
29,diagnosis,3,0.1216314999910537,0.0020056000066688,29977,963098,0.046875,0.0097586999909253,1.4050664999958826
29,diagnosis,4,0.1535688999865669,0.0043364000011933,37849,963098,0.0625,0.0097586999909253,1.4050664999958826
29,diagnosis,5,0.1492570999980671,0.0035508000000845,141473,963098,0.0625,0.0097586999909253,1.4050664999958826
29,diagnosis,6,0.1815347999945515,0.001750900002662,134425,963098,0.171875,0.0097586999909253,1.4050664999958826
29,diagnosis,7,0.1556226999964565,0.0030509999924106,35393,963098,0.046875,0.0097586999909253,1.4050664999958826
29,diagnosis,8,0.2016435999976238,0.0063989000045694,203249,963098,0.0625,0.0097586999909253,1.4050664999958826
29,diagnosis,9,0.1071864999976242,0.0019917000026907,104033,963098,0.0625,0.0097586999909253,1.4050664999958826
30,diagnosis,0,0.1272695000079693,0.0016710000054445,18961,950170,0.0625,0.0071248000022023,1.378815600008238
30,diagnosis,1,0.1814427000063005,0.0032888999994611,141265,950170,0.03125,0.0071248000022023,1.378815600008238
30,diagnosis,2,0.1612700999976368,0.006276500003878,93009,950170,0.046875,0.0071248000022023,1.378815600008238
30,diagnosis,3,0.1622272000095108,0.0025660000101197,27097,950170,0.03125,0.0071248000022023,1.378815600008238
30,diagnosis,4,0.1768122000066796,0.0040781999996397,41497,950170,0.0625,0.0071248000022023,1.378815600008238
30,diagnosis,5,0.1596527000074274,0.0023274999985005,138353,950170,0.09375,0.0071248000022023,1.378815600008238
30,diagnosis,6,0.0847395000018877,0.0062641999975312,144025,950170,0.0625,0.0071248000022023,1.378815600008238
30,diagnosis,7,0.0951507999998284,0.0074227000004611,29985,950170,0.046875,0.0071248000022023,1.378815600008238
30,diagnosis,8,0.0954951999883633,0.0019060000049648,205121,950170,0.078125,0.0071248000022023,1.378815600008238
30,diagnosis,9,0.0525563999981386,0.0039606999926036,96753,950170,0.03125,0.0071248000022023,1.378815600008238
31,diagnosis,0,0.0676424999983282,0.002458300004946,19585,962506,0.03125,0.009535399993183,0.8403239999897778
31,diagnosis,1,0.0851054999948246,0.0040389000059803,151873,962506,0.03125,0.009535399993183,0.8403239999897778
31,diagnosis,2,0.0720409000059589,0.0018213000003015,97793,962506,0.046875,0.009535399993183,0.8403239999897778
31,diagnosis,3,0.0770167000009678,0.0052343999996082,25945,962506,0.03125,0.009535399993183,0.8403239999897778
31,diagnosis,4,0.0720374999946216,0.001652599996305,43993,962506,0.0625,0.009535399993183,0.8403239999897778
31,diagnosis,5,0.0784636000025784,0.0049082999903475,139185,962506,0.046875,0.009535399993183,0.8403239999897778
31,diagnosis,6,0.0713989000068977,0.0026057999930344,139417,962506,0.046875,0.009535399993183,0.8403239999897778
31,diagnosis,7,0.0511713000014424,0.0017697000002954,39553,962506,0.046875,0.009535399993183,0.8403239999897778
31,diagnosis,8,0.0810935000044992,0.0020685000054072,186609,962506,0.09375,0.009535399993183,0.8403239999897778
31,diagnosis,9,0.0896748999948613,0.0034755000087898,104449,962506,0.09375,0.009535399993183,0.8403239999897778
32,diagnosis,0,0.0745693999924697,0.0016376999992644,18337,940602,0.015625,0.0063069000025279,0.8263704999990296
32,diagnosis,1,0.0830062000022735,0.0017495999927632,140641,940602,0.078125,0.0063069000025279,0.8263704999990296
32,diagnosis,2,0.0696948000113479,0.0053933999879518,95505,940602,0.03125,0.0063069000025279,0.8263704999990296
32,diagnosis,3,0.0837129000137792,0.0027939999999944,28825,940602,0.046875,0.0063069000025279,0.8263704999990296
32,diagnosis,4,0.0830396999954246,0.0059822000039275,37849,940602,0.0625,0.0063069000025279,0.8263704999990296
32,diagnosis,5,0.0768136999977286,0.0065867999946931,125873,940602,0.09375,0.0063069000025279,0.8263704999990296
32,diagnosis,6,0.0644083999941358,0.0050031999999191,140953,940602,0.03125,0.0063069000025279,0.8263704999990296
32,diagnosis,7,0.0660242000012658,0.002162099990528,29361,940602,0.078125,0.0063069000025279,0.8263704999990296
32,diagnosis,8,0.0798318000015569,0.0058301999961258,203041,940602,0.046875,0.0063069000025279,0.8263704999990296
32,diagnosis,9,0.0818454999971436,0.0021418999967863,106113,940602,0.140625,0.0063069000025279,0.8263704999990296
33,diagnosis,0,0.0792754000140121,0.0055236000043805,20417,975242,0.03125,0.0063177999982144,0.8426930999994511
33,diagnosis,1,0.1058707999909529,0.0018432000069878,149585,975242,0.09375,0.0063177999982144,0.8426930999994511
33,diagnosis,2,0.0697122999990824,0.0060576999967452,102577,975242,0.015625,0.0063177999982144,0.8426930999994511
33,diagnosis,3,0.0771310999989509,0.001646000004257,22489,975242,0.078125,0.0063177999982144,0.8426930999994511
33,diagnosis,4,0.0774087999889161,0.0018497999990358,39193,975242,0.0625,0.0063177999982144,0.8426930999994511
33,diagnosis,5,0.0755363000062061,0.0052661999943666,138977,975242,0.078125,0.0063177999982144,0.8426930999994511
33,diagnosis,6,0.0660545999999158,0.0048807999992277,137113,975242,0.046875,0.0063177999982144,0.8426930999994511
33,diagnosis,7,0.0721800999890547,0.0060997999971732,37681,975242,0.03125,0.0063177999982144,0.8426930999994511
33,diagnosis,8,0.0761886999971466,0.0019201999966753,208033,975242,0.140625,0.0063177999982144,0.8426930999994511
33,diagnosis,9,0.0755720000015571,0.0063897000072756,105073,975242,0.03125,0.0063177999982144,0.8426930999994511
34,diagnosis,0,0.0607579000061377,0.0051539999985834,19793,925162,0.03125,0.0067725000117206,0.7723499000130687
34,diagnosis,1,0.0603454999945825,0.0034132000000681,131489,925162,0.09375,0.0067725000117206,0.7723499000130687
34,diagnosis,2,0.0708819999999832,0.004514599990216,96129,925162,0.03125,0.0067725000117206,0.7723499000130687
34,diagnosis,3,0.0885832000058144,0.0053829999960726,23257,925162,0.0625,0.0067725000117206,0.7723499000130687
34,diagnosis,4,0.0686015000101178,0.0045557999983429,40921,925162,0.046875,0.0067725000117206,0.7723499000130687
34,diagnosis,5,0.0976287000084994,0.0047740000009071,134609,925162,0.09375,0.0067725000117206,0.7723499000130687
34,diagnosis,6,0.055604699999094,0.0019658000092022,131545,925162,0.015625,0.0067725000117206,0.7723499000130687
34,diagnosis,7,0.0637961999891558,0.0022478000028058,33729,925162,0.015625,0.0067725000117206,0.7723499000130687
34,diagnosis,8,0.0800172000017482,0.0058381999988341,198673,925162,0.03125,0.0067725000117206,0.7723499000130687
34,diagnosis,9,0.0596864000108325,0.001741200001561,100913,925162,0.015625,0.0067725000117206,0.7723499000130687
35,diagnosis,0,0.0533092000114265,0.0035965999995823,20001,945546,0.03125,0.009838199999649,1.3020345000113591
35,diagnosis,1,0.0833251000003656,0.0018631999992066,151665,945546,0.0625,0.009838199999649,1.3020345000113591
35,diagnosis,2,0.0885826000012457,0.003664400006528,99665,945546,0.09375,0.009838199999649,1.3020345000113591
35,diagnosis,3,0.0686035000107949,0.0049285999994026,29209,945546,0.0625,0.009838199999649,1.3020345000113591
35,diagnosis,4,0.1204087000078288,0.001743400003761,38809,945546,0.09375,0.009838199999649,1.3020345000113591
35,diagnosis,5,0.1989884999929927,0.0062748000054853,126913,945546,0.109375,0.009838199999649,1.3020345000113591
35,diagnosis,6,0.1634862000064458,0.0018498999997973,130201,945546,0.09375,0.009838199999649,1.3020345000113591
35,diagnosis,7,0.14710690001084,0.001689400000032,36849,945546,0.046875,0.009838199999649,1.3020345000113591
35,diagnosis,8,0.151966600009473,0.0061408000037772,198049,945546,0.0625,0.009838199999649,1.3020345000113591
35,diagnosis,9,0.1530217999970773,0.0071285000012721,100081,945546,0.09375,0.009838199999649,1.3020345000113591
36,diagnosis,0,0.0867889999935869,0.0017397999909007,19169,967578,0.0625,0.0040796999965095,1.4687596000003396
36,diagnosis,1,0.113208199996734,0.0042414000054122,151873,967578,0.15625,0.0040796999965095,1.4687596000003396
36,diagnosis,2,0.2123230000142939,0.006019099993864,93217,967578,0.078125,0.0040796999965095,1.4687596000003396
36,diagnosis,3,0.1571564999903785,0.0054900999966776,26905,967578,0.046875,0.0040796999965095,1.4687596000003396
36,diagnosis,4,0.1995457000011811,0.0034731999912764,40345,967578,0.078125,0.0040796999965095,1.4687596000003396
36,diagnosis,5,0.1672485000017332,0.0037907000078121,139601,967578,0.09375,0.0040796999965095,1.4687596000003396
36,diagnosis,6,0.1584135000011883,0.0023479999945266,141145,967578,0.03125,0.0040796999965095,1.4687596000003396
36,diagnosis,7,0.0862665000022389,0.0059258999972371,32897,967578,0.046875,0.0040796999965095,1.4687596000003396
36,diagnosis,8,0.1578735999937635,0.0022035000001778,210529,967578,0.125,0.0040796999965095,1.4687596000003396
36,diagnosis,9,0.066045400002622,0.0052113999990979,97793,967578,0.046875,0.0040796999965095,1.4687596000003396
37,diagnosis,0,0.0898406000051181,0.0052730000024894,19377,948618,0.046875,0.0063558999972883,0.7975316000083694
37,diagnosis,1,0.0788132000016048,0.0022288999898592,151457,948618,0.046875,0.0063558999972883,0.7975316000083694
37,diagnosis,2,0.0820800999936182,0.0054384999966714,88433,948618,0.03125,0.0063558999972883,0.7975316000083694
37,diagnosis,3,0.0785745000030146,0.0022728000039933,22105,948618,0.0625,0.0063558999972883,0.7975316000083694
37,diagnosis,4,0.0661469000042416,0.0022231000039028,39001,948618,0.03125,0.0063558999972883,0.7975316000083694
37,diagnosis,5,0.0644289000047138,0.0017972999921767,132321,948618,0.046875,0.0063558999972883,0.7975316000083694
37,diagnosis,6,0.07417279999936,0.0018277999915881,137689,948618,0.0625,0.0063558999972883,0.7975316000083694
37,diagnosis,7,0.0600125000055413,0.0067744999978458,34769,948618,0.046875,0.0063558999972883,0.7975316000083694
37,diagnosis,8,0.060100800008513,0.0019114000024273,200337,948618,0.09375,0.0063558999972883,0.7975316000083694
37,diagnosis,9,0.0714158000046154,0.0016306999896187,109025,948618,0.046875,0.0063558999972883,0.7975316000083694
38,diagnosis,0,0.0750403999991249,0.0029511000029742,19169,917786,0.0,0.0035475000040605,0.7583572000003187
38,diagnosis,1,0.0809876999992411,0.0065049999975599,144177,917786,0.046875,0.0035475000040605,0.7583572000003187
38,diagnosis,2,0.0720048000075621,0.0021003000001655,89057,917786,0.03125,0.0035475000040605,0.7583572000003187
38,diagnosis,3,0.0697459999937564,0.0022866999934194,24217,917786,0.0625,0.0035475000040605,0.7583572000003187
38,diagnosis,4,0.0768161000014515,0.001940200003446,39769,917786,0.03125,0.0035475000040605,0.7583572000003187
38,diagnosis,5,0.0618630999961169,0.0033301999937975,136689,917786,0.03125,0.0035475000040605,0.7583572000003187
38,diagnosis,6,0.0466148999985307,0.0018348000012338,127897,917786,0.046875,0.0035475000040605,0.7583572000003187
38,diagnosis,7,0.0467693000100553,0.0057826000120257,33105,917786,0.015625,0.0035475000040605,0.7583572000003187
38,diagnosis,8,0.0898671999893849,0.0018415000085951,195969,917786,0.140625,0.0035475000040605,0.7583572000003187
38,diagnosis,9,0.0770634999935282,0.002034300006926,93633,917786,0.03125,0.0035475000040605,0.7583572000003187
39,diagnosis,0,0.1002879000006942,0.0020274999988032,18545,969082,0.046875,0.0026590999914333,0.840445699999691
39,diagnosis,1,0.094251799993799,0.0019559999927878,161649,969082,0.015625,0.0026590999914333,0.840445699999691
39,diagnosis,2,0.0664571999950567,0.0063445000123465,98001,969082,0.0625,0.0026590999914333,0.840445699999691
39,diagnosis,3,0.0823371999867959,0.0025451000110479,23641,969082,0.078125,0.0026590999914333,0.840445699999691
39,diagnosis,4,0.0929280000127619,0.0020812000002479,39961,969082,0.046875,0.0026590999914333,0.840445699999691
39,diagnosis,5,0.0701128999935463,0.0017570999916642,129617,969082,0.0625,0.0026590999914333,0.840445699999691
39,diagnosis,6,0.0683981000038329,0.0053250000055413,141721,969082,0.015625,0.0026590999914333,0.840445699999691
39,diagnosis,7,0.0788617999933194,0.0030030999914743,32689,969082,0.0625,0.0026590999914333,0.840445699999691
39,diagnosis,8,0.0785925000091083,0.0056752000091364,206577,969082,0.171875,0.0026590999914333,0.840445699999691
39,diagnosis,9,0.0567861000017728,0.0020244000043021,102577,969082,0.03125,0.0026590999914333,0.840445699999691
40,diagnosis,0,0.1056647000077646,0.0017374000017298,19377,960122,0.046875,0.0074363000021548,0.8254832000093302
40,diagnosis,1,0.0807330999959958,0.0021916000114288,138561,960122,0.09375,0.0074363000021548,0.8254832000093302
40,diagnosis,2,0.0701056999969296,0.0053662999998778,87185,960122,0.078125,0.0074363000021548,0.8254832000093302
40,diagnosis,3,0.0679008000006433,0.0034558999905129,26905,960122,0.046875,0.0074363000021548,0.8254832000093302
40,diagnosis,4,0.0689374000066891,0.0021212999999988,38617,960122,0.03125,0.0074363000021548,0.8254832000093302
40,diagnosis,5,0.064731299993582,0.0021148999949218,138561,960122,0.078125,0.0074363000021548,0.8254832000093302
40,diagnosis,6,0.0734114999941084,0.0027393000054871,147481,960122,0.015625,0.0074363000021548,0.8254832000093302
40,diagnosis,7,0.0661976999981561,0.0021688999986508,35601,960122,0.046875,0.0074363000021548,0.8254832000093302
40,diagnosis,8,0.0836930999939795,0.0020866999984718,212401,960122,0.046875,0.0074363000021548,0.8254832000093302
40,diagnosis,9,0.0785843000048771,0.0043795000092359,101329,960122,0.03125,0.0074363000021548,0.8254832000093302
41,diagnosis,0,0.0673472999915247,0.0018045000033453,21041,962746,0.015625,0.0074531999998725,1.316520499996841
41,diagnosis,1,0.0604307999892625,0.0020164000015938,150625,962746,0.109375,0.0074531999998725,1.316520499996841
41,diagnosis,2,0.07067790000292,0.002405399995041,102993,962746,0.03125,0.0074531999998725,1.316520499996841
41,diagnosis,3,0.0570158000045921,0.0020307999948272,23449,962746,0.03125,0.0074531999998725,1.316520499996841
41,diagnosis,4,0.0523676999873714,0.0017358000040985,41497,962746,0.015625,0.0074531999998725,1.316520499996841
41,diagnosis,5,0.0665785999881336,0.002101499994751,132737,962746,0.046875,0.0074531999998725,1.316520499996841
41,diagnosis,6,0.1261722999915946,0.0018227999971713,134041,962746,0.0625,0.0074531999998725,1.316520499996841
41,diagnosis,7,0.3133052000048337,0.0029813000001013,30817,962746,0.03125,0.0074531999998725,1.316520499996841
41,diagnosis,8,0.2507801000028848,0.0025847999932011,201585,962746,0.109375,0.0074531999998725,1.316520499996841
41,diagnosis,9,0.1904607000033138,0.0052949999953852,109857,962746,0.078125,0.0074531999998725,1.316520499996841
42,diagnosis,0,0.0922785000002477,0.0052983000059612,18129,987962,0.03125,0.0074752999935299,1.6342669000005117
42,diagnosis,1,0.1467584000056376,0.0020079000096302,155201,987962,0.109375,0.0074752999935299,1.6342669000005117
42,diagnosis,2,0.1721199000021442,0.0032914000039454,98001,987962,0.0625,0.0074752999935299,1.6342669000005117
42,diagnosis,3,0.2705626000097254,0.0063137999968603,27289,987962,0.09375,0.0074752999935299,1.6342669000005117
42,diagnosis,4,0.2118075999896973,0.0061371999909169,39385,987962,0.03125,0.0074752999935299,1.6342669000005117
42,diagnosis,5,0.2384479000029387,0.0032085999991977,135025,987962,0.125,0.0074752999935299,1.6342669000005117
42,diagnosis,6,0.1027695999946445,0.0020653999963542,144217,987962,0.03125,0.0074752999935299,1.6342669000005117
42,diagnosis,7,0.1214773999963654,0.0055460000003222,33937,987962,0.046875,0.0074752999935299,1.6342669000005117
42,diagnosis,8,0.1047674000001279,0.0018736999918473,218641,987962,0.046875,0.0074752999935299,1.6342669000005117
42,diagnosis,9,0.1024502000072971,0.002024600005825,104033,987962,0.03125,0.0074752999935299,1.6342669000005117
43,diagnosis,0,0.093928300004336,0.0017982000135816,19793,950922,0.109375,0.0072187000041594,1.0339397999923676
43,diagnosis,1,0.101031400001375,0.0059990999870933,145425,950922,0.09375,0.0072187000041594,1.0339397999923676
43,diagnosis,2,0.0848289999994449,0.0019784999894909,92593,950922,0.0625,0.0072187000041594,1.0339397999923676
43,diagnosis,3,0.089926300002844,0.0060246000066399,26137,950922,0.03125,0.0072187000041594,1.0339397999923676
43,diagnosis,4,0.0793192999990424,0.001691600002232,40537,950922,0.03125,0.0072187000041594,1.0339397999923676
43,diagnosis,5,0.1220111000002361,0.0061979000020073,127329,950922,0.140625,0.0072187000041594,1.0339397999923676
43,diagnosis,6,0.0957956000056583,0.0059916000027442,136921,950922,0.03125,0.0072187000041594,1.0339397999923676
43,diagnosis,7,0.0965585999947507,0.0017572999931871,33105,950922,0.078125,0.0072187000041594,1.0339397999923676
43,diagnosis,8,0.0953253000043332,0.0064481000008527,212609,950922,0.171875,0.0072187000041594,1.0339397999923676
43,diagnosis,9,0.1075153999991016,0.0026951000036206,102369,950922,0.078125,0.0072187000041594,1.0339397999923676
44,diagnosis,0,0.084347500000149,0.0016554000030737,18545,980554,0.03125,0.0083245999994687,1.075700700006564
44,diagnosis,1,0.1135836000030394,0.0023507000005338,145217,980554,0.1875,0.0083245999994687,1.075700700006564
44,diagnosis,2,0.0901378999988082,0.0062297999975271,100705,980554,0.03125,0.0083245999994687,1.075700700006564
44,diagnosis,3,0.1108319000049959,0.0015944000042509,21721,980554,0.046875,0.0083245999994687,1.075700700006564
44,diagnosis,4,0.1015520999935688,0.005988899996737,39193,980554,0.109375,0.0083245999994687,1.075700700006564
44,diagnosis,5,0.1042147000116529,0.0058966999931726,141265,980554,0.109375,0.0083245999994687,1.075700700006564
44,diagnosis,6,0.0927542999997967,0.001850500004366,141529,980554,0.109375,0.0083245999994687,1.075700700006564
44,diagnosis,7,0.1151628999941749,0.001608100006706,39969,980554,0.046875,0.0083245999994687,1.075700700006564
44,diagnosis,8,0.1088675999926636,0.006355599995004,210737,980554,0.046875,0.0083245999994687,1.075700700006564
44,diagnosis,9,0.0862590999895474,0.0028015999996569,107569,980554,0.078125,0.0083245999994687,1.075700700006564
45,diagnosis,0,0.1000878999911947,0.0016875000001164,18961,945834,0.046875,0.0054621000017505,1.1165793999971356
45,diagnosis,1,0.113474199999473,0.00343409999914,150417,945834,0.140625,0.0054621000017505,1.1165793999971356
45,diagnosis,2,0.0940746000123908,0.0059830000100191,93425,945834,0.09375,0.0054621000017505,1.1165793999971356
45,diagnosis,3,0.0890261000022292,0.0016770000074757,27865,945834,0.015625,0.0054621000017505,1.1165793999971356
45,diagnosis,4,0.120995799996308,0.0027949999930569,39769,945834,0.125,0.0054621000017505,1.1165793999971356
45,diagnosis,5,0.11071290000109,0.0062122000090312,133153,945834,0.03125,0.0054621000017505,1.1165793999971356
45,diagnosis,6,0.1019202000024961,0.0029685999907087,129625,945834,0.0625,0.0054621000017505,1.1165793999971356
45,diagnosis,7,0.0943794999911915,0.0017941999976756,34561,945834,0.046875,0.0054621000017505,1.1165793999971356
45,diagnosis,8,0.1178738000016892,0.0063304000068455,207201,945834,0.0625,0.0054621000017505,1.1165793999971356
45,diagnosis,9,0.084666599999764,0.0048088999901665,96753,945834,0.0625,0.0054621000017505,1.1165793999971356
46,diagnosis,0,0.0860015000071143,0.0059392999974079,19169,945914,0.046875,0.0043907999934162,1.111186899986933
46,diagnosis,1,0.1075975999992806,0.0023772999993525,142721,945914,0.046875,0.0043907999934162,1.111186899986933
46,diagnosis,2,0.0973547999892616,0.0020499999955063,85937,945914,0.0625,0.0043907999934162,1.111186899986933
46,diagnosis,3,0.1147033999877749,0.0016417000006185,27097,945914,0.0625,0.0043907999934162,1.111186899986933
46,diagnosis,4,0.0992476000101305,0.001624399999855,40153,945914,0.0625,0.0043907999934162,1.111186899986933
46,diagnosis,5,0.0919237000052817,0.0057256000000052,137729,945914,0.0625,0.0043907999934162,1.111186899986933
46,diagnosis,6,0.1250536000006832,0.0018166000081691,131545,945914,0.03125,0.0043907999934162,1.111186899986933
46,diagnosis,7,0.1268342999974265,0.0060835000040242,33729,945914,0.046875,0.0043907999934162,1.111186899986933
46,diagnosis,8,0.1016087000025436,0.0064173999999184,208241,945914,0.0625,0.0043907999934162,1.111186899986933
46,diagnosis,9,0.100724200005061,0.0040205999976024,105489,945914,0.0625,0.0043907999934162,1.111186899986933
47,diagnosis,0,0.0772451999946497,0.0017223999893758,19377,981386,0.046875,0.0092386000033002,2.067434399999911
47,diagnosis,1,0.119645800004946,0.0041407999960938,149793,981386,0.15625,0.0092386000033002,2.067434399999911
47,diagnosis,2,0.2230079000000842,0.0017504999996162,106113,981386,0.0625,0.0092386000033002,2.067434399999911
47,diagnosis,3,1.053795200001332,0.0055007000046316,21913,981386,0.015625,0.0092386000033002,2.067434399999911
47,diagnosis,4,0.112827400007518,0.005902299992158,41305,981386,0.109375,0.0092386000033002,2.067434399999911
47,diagnosis,5,0.076283800008241,0.0017372000002069,139809,981386,0.0625,0.0092386000033002,2.067434399999911
47,diagnosis,6,0.0617802000051597,0.0026796000020112,129241,981386,0.046875,0.0092386000033002,2.067434399999911
47,diagnosis,7,0.0712539999949513,0.0018252000008942,34145,981386,0.09375,0.0092386000033002,2.067434399999911
47,diagnosis,8,0.1074716000002808,0.0035129000025335,217809,981386,0.140625,0.0092386000033002,2.067434399999911
47,diagnosis,9,0.0890398999908939,0.0021138000010978,107777,981386,0.140625,0.0092386000033002,2.067434399999911
48,diagnosis,0,0.0720950999966589,0.0059417000011308,20625,980954,0.046875,0.007973600004334,0.9534220000059576
48,diagnosis,1,0.1024192000040784,0.0065474000002723,145217,980954,0.0625,0.007973600004334,0.9534220000059576
48,diagnosis,2,0.0684600999957183,0.0017500999965704,103825,980954,0.0625,0.007973600004334,0.9534220000059576
48,diagnosis,3,0.1104365000064717,0.0017860999942058,25753,980954,0.046875,0.007973600004334,0.9534220000059576
48,diagnosis,4,0.0795736000000033,0.0025531999999657,43033,980954,0.0625,0.007973600004334,0.9534220000059576
48,diagnosis,5,0.0838776000018697,0.0017357000033371,146049,980954,0.046875,0.007973600004334,0.9534220000059576
48,diagnosis,6,0.0797714999935124,0.0031480000034207,143833,980954,0.046875,0.007973600004334,0.9534220000059576
48,diagnosis,7,0.0779204000136815,0.0055558000021846,31649,980954,0.0625,0.007973600004334,0.9534220000059576
48,diagnosis,8,0.0873396999959368,0.0027332000026945,203249,980954,0.09375,0.007973600004334,0.9534220000059576
48,diagnosis,9,0.1003528000001097,0.0018237000040244,103617,980954,0.0625,0.007973600004334,0.9534220000059576
49,diagnosis,0,0.0737345999950775,0.0016892999992705,18753,953962,0.046875,0.0045850000024074,0.8149198000028264
49,diagnosis,1,0.0746958999952767,0.003628699996625,151249,953962,0.03125,0.0045850000024074,0.8149198000028264
49,diagnosis,2,0.1028526000009151,0.0017399999924236,91761,953962,0.09375,0.0045850000024074,0.8149198000028264
49,diagnosis,3,0.0698325999983353,0.00477200000023,24601,953962,0.09375,0.0045850000024074,0.8149198000028264
49,diagnosis,4,0.0793787000002339,0.0017395000031683,40537,953962,0.03125,0.0045850000024074,0.8149198000028264
49,diagnosis,5,0.0875725999940186,0.0020954000065103,127329,953962,0.0625,0.0045850000024074,0.8149198000028264
49,diagnosis,6,0.067653899997822,0.0066427999990992,136921,953962,0.0625,0.0045850000024074,0.8149198000028264
49,diagnosis,7,0.066652299996349,0.0058879999996861,38097,953962,0.0625,0.0045850000024074,0.8149198000028264
49,diagnosis,8,0.0775217999907909,0.0046049000084167,202417,953962,0.046875,0.0045850000024074,0.8149198000028264
49,diagnosis,9,0.053502099995967,0.0041711999947438,108193,953962,0.109375,0.0045850000024074,0.8149198000028264
50,diagnosis,0,0.0527295999927446,0.0045985999895492,19169,975034,0.03125,0.0090105999988736,0.7599572999897646
50,diagnosis,1,0.0540704000013647,0.0038424999947892,152913,975034,0.03125,0.0090105999988736,0.7599572999897646
50,diagnosis,2,0.0535129000054439,0.0035307999933138,96753,975034,0.0625,0.0090105999988736,0.7599572999897646
50,diagnosis,3,0.0755523999978322,0.0026024000108009,24409,975034,0.046875,0.0090105999988736,0.7599572999897646
50,diagnosis,4,0.0611483999964548,0.0056404999922961,40537,975034,0.015625,0.0090105999988736,0.7599572999897646
50,diagnosis,5,0.0717887000064365,0.0049624999955995,127329,975034,0.046875,0.0090105999988736,0.7599572999897646
50,diagnosis,6,0.0676716000016313,0.0021855999948456,143833,975034,0.109375,0.0090105999988736,0.7599572999897646
50,diagnosis,7,0.0751134000020101,0.0059746999904746,32689,975034,0.046875,0.0090105999988736,0.7599572999897646
50,diagnosis,8,0.0856214999948861,0.0023463999968953,224465,975034,0.140625,0.0090105999988736,0.7599572999897646
50,diagnosis,9,0.0806838999997126,0.0017346999957226,98833,975034,0.0625,0.0090105999988736,0.7599572999897646
1,severity,0,0.2552482000028249,0.0021719000069424,265633,1097228,0.078125,0.0004138999938732,1.7708569999958854
1,severity,1,0.1825777000049129,0.0055801000125939,38065,1097228,0.0625,0.0004138999938732,1.7708569999958854
1,severity,2,0.1264914000057615,0.0018075999978464,102129,1097228,0.0625,0.0004138999938732,1.7708569999958854
1,severity,3,0.1616739000019151,0.0022141999943414,80305,1097228,0.03125,0.0004138999938732,1.7708569999958854
1,severity,4,0.2160478000005241,0.0026981999981217,110577,1097228,0.0625,0.0004138999938732,1.7708569999958854
1,severity,5,0.2343844999995781,0.0027494000096339,42817,1097228,0.09375,0.0004138999938732,1.7708569999958854
1,severity,6,0.171693199998117,0.0058560999896144,46865,1097228,0.078125,0.0004138999938732,1.7708569999958854
1,severity,7,0.1812115000066114,0.0017625999898882,79953,1097228,0.0625,0.0004138999938732,1.7708569999958854
1,severity,8,0.1026249999995343,0.0058121000038227,119025,1097228,0.03125,0.0004138999938732,1.7708569999958854
1,severity,9,0.0686162000056356,0.0020384999952511,213185,1097228,0.078125,0.0004138999938732,1.7708569999958854
2,severity,0,0.0698296000045957,0.0041314999980386,274961,1098460,0.015625,0.0002620000013848,0.7981604999949923
2,severity,1,0.0541972999926656,0.0051804000104311,39121,1098460,0.015625,0.0002620000013848,0.7981604999949923
2,severity,2,0.0650334000092698,0.0019409999949857,102481,1098460,0.0625,0.0002620000013848,0.7981604999949923
2,severity,3,0.1056692999991355,0.0034588999988045,79601,1098460,0.078125,0.0002620000013848,0.7981604999949923
2,severity,4,0.1029571000108262,0.0027865000010933,111105,1098460,0.078125,0.0002620000013848,0.7981604999949923
2,severity,5,0.0785764999891398,0.001608100006706,43521,1098460,0.03125,0.0002620000013848,0.7981604999949923
2,severity,6,0.0670267000095918,0.004948300003889,44577,1098460,0.03125,0.0002620000013848,0.7981604999949923
2,severity,7,0.0661006000009365,0.0016421000036643,77489,1098460,0.0625,0.0002620000013848,0.7981604999949923
2,severity,8,0.0596846999978879,0.0049405000027036,124129,1098460,0.0625,0.0002620000013848,0.7981604999949923
2,severity,9,0.0718175999936647,0.0033259999909205,202801,1098460,0.015625,0.0002620000013848,0.7981604999949923
3,severity,0,0.0791725000017322,0.0046196999901439,262113,1084908,0.015625,0.0009369000035803,0.8296850000042468
3,severity,1,0.0889946999959647,0.0015688000130467,38945,1084908,0.09375,0.0009369000035803,0.8296850000042468
3,severity,2,0.0746038999932352,0.0051953999936813,98257,1084908,0.046875,0.0009369000035803,0.8296850000042468
3,severity,3,0.0611115000065183,0.0033301999937975,76609,1084908,0.03125,0.0009369000035803,0.8296850000042468
3,severity,4,0.0720923000044422,0.0017370999994454,109169,1084908,0.046875,0.0009369000035803,0.8296850000042468
3,severity,5,0.092229200003203,0.0016476000018883,41937,1084908,0.078125,0.0009369000035803,0.8296850000042468
3,severity,6,0.0656444000051124,0.0057429000007687,46337,1084908,0.078125,0.0009369000035803,0.8296850000042468
3,severity,7,0.0878122999856714,0.0052329999889479,75905,1084908,0.015625,0.0009369000035803,0.8296850000042468
3,severity,8,0.0726813999935984,0.0031864999909885,124481,1084908,0.078125,0.0009369000035803,0.8296850000042468
3,severity,9,0.0692821999982697,0.0060783000080846,212481,1084908,0.03125,0.0009369000035803,0.8296850000042468
4,severity,0,0.0826992000074824,0.0033769000001484,274433,1117820,0.0625,0.0003360999980941,0.8188820000068517
4,severity,1,0.0750027000030968,0.0027620000037131,39473,1117820,0.0625,0.0003360999980941,0.8188820000068517
4,severity,2,0.0800643999973544,0.0035346999939065,103185,1117820,0.03125,0.0003360999980941,0.8188820000068517
4,severity,3,0.0642653999966569,0.0020139999978709,79073,1117820,0.0625,0.0003360999980941,0.8188820000068517
4,severity,4,0.063492999994196,0.0017951000045286,123953,1117820,0.0625,0.0003360999980941,0.8188820000068517
4,severity,5,0.0898693999915849,0.0036882999993395,44929,1117820,0.046875,0.0003360999980941,0.8188820000068517
4,severity,6,0.0639971000055084,0.0022910999978194,48625,1117820,0.0625,0.0003360999980941,0.8188820000068517
4,severity,7,0.0845088999922154,0.0053985000122338,75905,1117820,0.03125,0.0003360999980941,0.8188820000068517
4,severity,8,0.061513599997852,0.0028686000005109,124129,1117820,0.078125,0.0003360999980941,0.8188820000068517
4,severity,9,0.0728243999910773,0.001774899996235,205441,1117820,0.09375,0.0003360999980941,0.8188820000068517
5,severity,0,0.0708783999871229,0.0039167999930214,271617,1094060,0.109375,0.0003501000028336,0.7716118000098504
5,severity,1,0.0859966999996686,0.0017010000010486,36481,1094060,0.03125,0.0003501000028336,0.7716118000098504
5,severity,2,0.0698778000078164,0.0035861000069417,105121,1094060,0.0625,0.0003501000028336,0.7716118000098504
5,severity,3,0.0773054000019328,0.0051124999881722,77489,1094060,0.015625,0.0003501000028336,0.7716118000098504
5,severity,4,0.0677071999962208,0.0062443999922834,108641,1094060,0.09375,0.0003501000028336,0.7716118000098504
5,severity,5,0.1042434999981196,0.0017387999978382,40881,1094060,0.046875,0.0003501000028336,0.7716118000098504
5,severity,6,0.0647181999956956,0.0016230999899562,45105,1094060,0.0625,0.0003501000028336,0.7716118000098504
5,severity,7,0.0569487999891862,0.0042169999942416,75553,1094060,0.03125,0.0003501000028336,0.7716118000098504
5,severity,8,0.0614652999938698,0.0045324999955482,120433,1094060,0.046875,0.0003501000028336,0.7716118000098504
5,severity,9,0.058845299994573,0.0020613999950001,214065,1094060,0.109375,0.0003501000028336,0.7716118000098504
6,severity,0,0.0492168999917339,0.0049402000004192,271441,1078220,0.125,0.0007635000074515,0.8765468999918085
6,severity,1,0.0791065999947022,0.0054156999976839,37713,1078220,0.09375,0.0007635000074515,0.8765468999918085
6,severity,2,0.0723719999950844,0.0025406000058865,96673,1078220,0.0625,0.0007635000074515,0.8765468999918085
6,severity,3,0.0821797999960836,0.002454100002069,74849,1078220,0.03125,0.0007635000074515,0.8765468999918085
6,severity,4,0.0810659999988274,0.001696899998933,110225,1078220,0.09375,0.0007635000074515,0.8765468999918085
6,severity,5,0.0903726999968057,0.0017134999943664,43521,1078220,0.0625,0.0007635000074515,0.8765468999918085
6,severity,6,0.0848834999924292,0.0015913999959593,43345,1078220,0.078125,0.0007635000074515,0.8765468999918085
6,severity,7,0.0852222999965306,0.0024927000049501,73793,1078220,0.0625,0.0007635000074515,0.8765468999918085
6,severity,8,0.1034146000019973,0.0064694000029703,115505,1078220,0.078125,0.0007635000074515,0.8765468999918085
6,severity,9,0.0818512999976519,0.0017366999963996,212481,1078220,0.046875,0.0007635000074515,0.8765468999918085
7,severity,0,0.0685800999926868,0.0025117000041063,263169,1080556,0.0625,0.0008525000012014,0.8693697999988217
7,severity,1,0.0802836999937426,0.0022446999937528,38241,1080556,0.015625,0.0008525000012014,0.8693697999988217
7,severity,2,0.0728020000096876,0.0066197999985888,100017,1080556,0.09375,0.0008525000012014,0.8693697999988217
7,severity,3,0.0955867000011494,0.0021285000111674,75553,1080556,0.0625,0.0008525000012014,0.8693697999988217
7,severity,4,0.0755374000000301,0.0067799999960698,109873,1080556,0.03125,0.0008525000012014,0.8693697999988217
7,severity,5,0.0772320999967632,0.0016403000045102,43873,1080556,0.078125,0.0008525000012014,0.8693697999988217
7,severity,6,0.1107290999934775,0.001699100001133,48977,1080556,0.03125,0.0008525000012014,0.8693697999988217
7,severity,7,0.0766300999966915,0.001614899985725,75553,1080556,0.109375,0.0008525000012014,0.8693697999988217
7,severity,8,0.0737950000038836,0.0030553999968105,115681,1080556,0.046875,0.0008525000012014,0.8693697999988217
7,severity,9,0.0663077000062912,0.0026498999941395,210897,1080556,0.09375,0.0008525000012014,0.8693697999988217
8,severity,0,0.0713093000085791,0.005837499993504,270209,1116988,0.03125,0.0002077000099234,0.7668638000031933
8,severity,1,0.0711905999924056,0.0029242000018712,37009,1116988,0.03125,0.0002077000099234,0.7668638000031933
8,severity,2,0.0727940000069793,0.0016611999890301,103889,1116988,0.0625,0.0002077000099234,0.7668638000031933
8,severity,3,0.0780626999912783,0.0023278999869944,82065,1116988,0.078125,0.0002077000099234,0.7668638000031933
8,severity,4,0.09776590000547,0.0065884000068763,116033,1116988,0.0625,0.0002077000099234,0.7668638000031933
8,severity,5,0.0665985999949043,0.0015461000002687,43169,1116988,0.046875,0.0002077000099234,0.7668638000031933
8,severity,6,0.0592403000046033,0.0057918000093195,50385,1116988,0.046875,0.0002077000099234,0.7668638000031933
8,severity,7,0.0692420999985188,0.0043078000016976,79249,1116988,0.046875,0.0002077000099234,0.7668638000031933
8,severity,8,0.0674361999990651,0.0021052999945823,123425,1116988,0.09375,0.0002077000099234,0.7668638000031933
8,severity,9,0.0592714999947929,0.0033029000042006,212833,1116988,0.078125,0.0002077000099234,0.7668638000031933
9,severity,0,0.0626997000072151,0.0020226999913575,262113,1085132,0.09375,0.0009166999952867,0.8171495999995386
9,severity,1,0.0826145000028191,0.0018058999994536,39121,1085132,0.03125,0.0009166999952867,0.8171495999995386
9,severity,2,0.0680752000043867,0.0017247000068891,105297,1085132,0.046875,0.0009166999952867,0.8171495999995386
9,severity,3,0.0883807000063825,0.0029417000041576,77313,1085132,0.109375,0.0009166999952867,0.8171495999995386
9,severity,4,0.0655104000034043,0.0045015000068815,109873,1085132,0.0625,0.0009166999952867,0.8171495999995386
9,severity,5,0.080858100001933,0.0060145000024931,41761,1085132,0.015625,0.0009166999952867,0.8171495999995386
9,severity,6,0.0703178999974625,0.0054863999976078,50209,1085132,0.046875,0.0009166999952867,0.8171495999995386
9,severity,7,0.0777173000096809,0.0058282000100007,77313,1085132,0.015625,0.0009166999952867,0.8171495999995386
9,severity,8,0.0745769999921321,0.0046549000107916,120081,1085132,0.0625,0.0009166999952867,0.8171495999995386
9,severity,9,0.0729833999939728,0.0063724000065121,203329,1085132,0.03125,0.0009166999952867,0.8171495999995386
10,severity,0,0.0757749000040348,0.0028357999981381,276369,1096748,0.109375,0.0002482999989297,0.7412699999986216
10,severity,1,0.0556886999984271,0.0039938999980222,36657,1096748,0.078125,0.0002482999989297,0.7412699999986216
10,severity,2,0.0545748999866191,0.0042047000024467,102833,1096748,0.0625,0.0002482999989297,0.7412699999986216
10,severity,3,0.06779010000173,0.0016135000041685,76433,1096748,0.0625,0.0002482999989297,0.7412699999986216
10,severity,4,0.0654956000071251,0.0016680999979143,106177,1096748,0.078125,0.0002482999989297,0.7412699999986216
10,severity,5,0.0892649000015808,0.0017825000104494,45457,1096748,0.078125,0.0002482999989297,0.7412699999986216
10,severity,6,0.0588024000026052,0.0057628000067779,45633,1096748,0.0625,0.0002482999989297,0.7412699999986216
10,severity,7,0.0637965000059921,0.0016487000102642,76433,1096748,0.0625,0.0002482999989297,0.7412699999986216
10,severity,8,0.068428299986408,0.0016656000079819,123777,1096748,0.015625,0.0002482999989297,0.7412699999986216
10,severity,9,0.0729798000102164,0.0018410000047879,208257,1096748,0.046875,0.0002482999989297,0.7412699999986216
11,severity,0,0.094642299998668,0.0027319999935571,270913,1109068,0.125,0.0006761999975424,0.9000624999898719
11,severity,1,0.073220799997216,0.0059057999897049,41233,1109068,0.0625,0.0006761999975424,0.9000624999898719
11,severity,2,0.0741232000000309,0.0062480999913532,100897,1109068,0.046875,0.0006761999975424,0.9000624999898719
11,severity,3,0.0711416999984067,0.0020794000010937,78721,1109068,0.0625,0.0006761999975424,0.9000624999898719
11,severity,4,0.0796842999989166,0.0021280000073602,112337,1109068,0.046875,0.0006761999975424,0.9000624999898719
11,severity,5,0.1008050999953411,0.0034358999982941,44577,1109068,0.140625,0.0006761999975424,0.9000624999898719
11,severity,6,0.0677880000002915,0.005704399998649,49857,1109068,0.046875,0.0006761999975424,0.9000624999898719
11,severity,7,0.0699915000004693,0.0069103999994695,78193,1109068,0.0625,0.0006761999975424,0.9000624999898719
11,severity,8,0.1022649999940767,0.006153299997095,121841,1109068,0.0625,0.0006761999975424,0.9000624999898719
11,severity,9,0.0779631999903358,0.0024746999988565,211777,1109068,0.078125,0.0006761999975424,0.9000624999898719
12,severity,0,0.0667184000049019,0.0059603999980026,265105,1079148,0.0625,0.0003160000051138,0.815594500003499
12,severity,1,0.0777090999908978,0.0054802999948151,39649,1079148,0.046875,0.0003160000051138,0.815594500003499
12,severity,2,0.0815275999921141,0.0030829000024823,99313,1079148,0.015625,0.0003160000051138,0.815594500003499
12,severity,3,0.0735081000020727,0.0053527999989455,77313,1079148,0.03125,0.0003160000051138,0.815594500003499
12,severity,4,0.0825663000141503,0.0056781000021146,114449,1079148,0.0625,0.0003160000051138,0.815594500003499
12,severity,5,0.0811428000015439,0.001786799999536,40705,1079148,0.046875,0.0003160000051138,0.815594500003499
12,severity,6,0.0712980999960564,0.0032597000099485,44577,1079148,0.046875,0.0003160000051138,0.815594500003499
12,severity,7,0.070955999995931,0.0038054000033298,74673,1079148,0.0625,0.0003160000051138,0.815594500003499
12,severity,8,0.0684730000066338,0.0022844999912194,122017,1079148,0.078125,0.0003160000051138,0.815594500003499
12,severity,9,0.0770878000039374,0.0022024000063538,202625,1079148,0.03125,0.0003160000051138,0.815594500003499
13,severity,0,0.0760246999998344,0.0054253999987849,260001,1090236,0.09375,0.0010518000053707,1.6628256999974838
13,severity,1,0.0777627000061329,0.001996400009375,40353,1090236,0.046875,0.0010518000053707,1.6628256999974838
13,severity,2,0.0738803999993251,0.0042286999960197,101601,1090236,0.015625,0.0010518000053707,1.6628256999974838
13,severity,3,0.0722493999928701,0.0041356000001542,75553,1090236,0.0625,0.0010518000053707,1.6628256999974838
13,severity,4,0.0987052999989828,0.0017785999953048,110753,1090236,0.015625,0.0010518000053707,1.6628256999974838
13,severity,5,0.0735164999932749,0.0015958000003593,43345,1090236,0.046875,0.0010518000053707,1.6628256999974838
13,severity,6,0.0644985999970231,0.0021915999968769,42641,1090236,0.03125,0.0010518000053707,1.6628256999974838
13,severity,7,0.0776304999890271,0.0017118999967351,81537,1090236,0.046875,0.0010518000053707,1.6628256999974838
13,severity,8,0.1576270999939879,0.0023484000121243,121313,1090236,0.0,0.0010518000053707,1.6628256999974838
13,severity,9,0.8044337000028463,0.0062490999989677,214417,1090236,0.140625,0.0010518000053707,1.6628256999974838
14,severity,0,0.0556173000077251,0.0019881000043824,269153,1106252,0.0625,0.0010488000116311,0.7982920000067679
14,severity,1,0.0402724000014131,0.003021800002898,39121,1106252,0.03125,0.0010488000116311,0.7982920000067679
14,severity,2,0.0368024000053992,0.0055570999975316,105649,1106252,0.046875,0.0010488000116311,0.7982920000067679
14,severity,3,0.0444310000020777,0.0052848999912384,77841,1106252,0.046875,0.0010488000116311,0.7982920000067679
14,severity,4,0.0452289999957429,0.0066549000039231,117969,1106252,0.078125,0.0010488000116311,0.7982920000067679
14,severity,5,0.079563599996618,0.0051231000106781,42465,1106252,0.0625,0.0010488000116311,0.7982920000067679
14,severity,6,0.0936195999966003,0.0019941999926231,47217,1106252,0.015625,0.0010488000116311,0.7982920000067679
14,severity,7,0.1049426999961724,0.0060098999965703,79073,1106252,0.078125,0.0010488000116311,0.7982920000067679
14,severity,8,0.1087001999985659,0.0059534000029088,119201,1106252,0.078125,0.0010488000116311,0.7982920000067679
14,severity,9,0.1038265999959549,0.0057899000094039,209841,1106252,0.078125,0.0010488000116311,0.7982920000067679
15,severity,0,0.0581682999909389,0.0022396999993361,278657,1102028,0.03125,0.0006354000070132,0.7913283000088995
15,severity,1,0.066526899987366,0.0020151999924564,39121,1102028,0.046875,0.0006354000070132,0.7913283000088995
15,severity,2,0.0628147999959765,0.0020708999945782,105649,1102028,0.0625,0.0006354000070132,0.7913283000088995
15,severity,3,0.0662147000111872,0.0030104999896138,78721,1102028,0.078125,0.0006354000070132,0.7913283000088995
15,severity,4,0.0716734000016003,0.0021313000033842,109345,1102028,0.015625,0.0006354000070132,0.7913283000088995
15,severity,5,0.0706202000001212,0.0016810999950394,43697,1102028,0.0625,0.0006354000070132,0.7913283000088995
15,severity,6,0.0710130999941611,0.0022638999944319,48273,1102028,0.0625,0.0006354000070132,0.7913283000088995
15,severity,7,0.0799911000067368,0.0059138999931747,75729,1102028,0.046875,0.0006354000070132,0.7913283000088995
15,severity,8,0.0886331999936373,0.0061387999885482,121841,1102028,0.140625,0.0006354000070132,0.7913283000088995
15,severity,9,0.086197099997662,0.0056889000115916,202273,1102028,0.0625,0.0006354000070132,0.7913283000088995
16,severity,0,0.0524154000013368,0.0018376000080024,264401,1084428,0.03125,0.0006742999976268,0.9582858000067064
16,severity,1,0.0817957999970531,0.0016838000010466,37713,1084428,0.046875,0.0006742999976268,0.9582858000067064
16,severity,2,0.0865904999955091,0.0061865000025136,99137,1084428,0.109375,0.0006742999976268,0.9582858000067064
16,severity,3,0.0674597000033827,0.0016342000017175,76257,1084428,0.0625,0.0006742999976268,0.9582858000067064
16,severity,4,0.0919869000063045,0.0063337000028695,111281,1084428,0.046875,0.0006742999976268,0.9582858000067064
16,severity,5,0.092631599996821,0.0059024999936809,42817,1084428,0.046875,0.0006742999976268,0.9582858000067064
16,severity,6,0.077705200004857,0.0056921999930636,44401,1084428,0.03125,0.0006742999976268,0.9582858000067064
16,severity,7,0.142282199987676,0.0057966000022133,79953,1084428,0.03125,0.0006742999976268,0.9582858000067064
16,severity,8,0.0872705000074347,0.0062469999975292,117617,1084428,0.0625,0.0006742999976268,0.9582858000067064
16,severity,9,0.0856150000035995,0.0024667999969096,212129,1084428,0.046875,0.0006742999976268,0.9582858000067064
17,severity,0,0.0792806999961612,0.0064287999994121,262817,1091820,0.078125,0.0009912999958032,0.8199190000013914
17,severity,1,0.0815542999916942,0.0026625000027706,39121,1091820,0.046875,0.0009912999958032,0.8199190000013914
17,severity,2,0.0690799000003608,0.0058906000049319,100017,1091820,0.0,0.0009912999958032,0.8199190000013914
17,severity,3,0.1206707000092137,0.0018201999919256,75553,1091820,0.03125,0.0009912999958032,0.8199190000013914
17,severity,4,0.0674164999945787,0.0017328999965684,114625,1091820,0.046875,0.0009912999958032,0.8199190000013914
17,severity,5,0.0671909999946365,0.0020822999940719,44753,1091820,0.046875,0.0009912999958032,0.8199190000013914
17,severity,6,0.0596195999969495,0.0055935999989742,45985,1091820,0.109375,0.0009912999958032,0.8199190000013914
17,severity,7,0.0695436999958474,0.0019223999988753,78369,1091820,0.046875,0.0009912999958032,0.8199190000013914
17,severity,8,0.0637939000007463,0.0041785000066738,117441,1091820,0.03125,0.0009912999958032,0.8199190000013914
17,severity,9,0.0693682999990414,0.0055939999874681,214417,1091820,0.03125,0.0009912999958032,0.8199190000013914
18,severity,0,0.0766853000095579,0.0021861999994143,267041,1093404,0.0625,0.0003148999967379,0.8884749999997439
18,severity,1,0.060877399999299,0.0020149999909335,38417,1093404,0.09375,0.0003148999967379,0.8884749999997439
18,severity,2,0.0664744000096106,0.0016359000001102,97729,1093404,0.046875,0.0003148999967379,0.8884749999997439
18,severity,3,0.1043101000104798,0.0017316000012215,76081,1093404,0.078125,0.0003148999967379,0.8884749999997439
18,severity,4,0.1033196000062162,0.0062943999946583,106529,1093404,0.0625,0.0003148999967379,0.8884749999997439
18,severity,5,0.1196970000019064,0.0036690999986603,39825,1093404,0.09375,0.0003148999967379,0.8884749999997439
18,severity,6,0.06846600001154,0.0055301999964285,49329,1093404,0.03125,0.0003148999967379,0.8884749999997439
18,severity,7,0.0719195999990915,0.0035284000041428,80305,1093404,0.078125,0.0003148999967379,0.8884749999997439
18,severity,8,0.0680272000026889,0.0065471999987494,124129,1093404,0.078125,0.0003148999967379,0.8884749999997439
18,severity,9,0.0734814000024925,0.0029458999924827,215297,1093404,0.03125,0.0003148999967379,0.8884749999997439
19,severity,0,0.0761685999896144,0.0019193000043742,271089,1093228,0.046875,0.0005360999930417,0.8725393999920925
19,severity,1,0.0675540000083856,0.0056038000038824,37185,1093228,0.109375,0.0005360999930417,0.8725393999920925
19,severity,2,0.0723388000042177,0.0031298999965656,103009,1093228,0.078125,0.0005360999930417,0.8725393999920925
19,severity,3,0.0822000999905867,0.0016342000017175,77137,1093228,0.015625,0.0005360999930417,0.8725393999920925
19,severity,4,0.1002219000074546,0.001782399995136,116561,1093228,0.09375,0.0005360999930417,0.8725393999920925
19,severity,5,0.0961642000038409,0.0065959000057773,40705,1093228,0.03125,0.0005360999930417,0.8725393999920925
19,severity,6,0.0713819999946281,0.0058336999936727,47393,1093228,0.046875,0.0005360999930417,0.8725393999920925
19,severity,7,0.1047874000068986,0.0058434999955352,77841,1093228,0.078125,0.0005360999930417,0.8725393999920925
19,severity,8,0.071189599999343,0.0027805999998236,122545,1093228,0.0625,0.0005360999930417,0.8725393999920925
19,severity,9,0.0669348999945214,0.0053922000079182,201041,1093228,0.0625,0.0005360999930417,0.8725393999920925
20,severity,0,0.1722619999927701,0.0020517999946605,268801,1107836,0.109375,0.0002742999931797,0.9245232999965084
20,severity,1,0.2608679000113625,0.0022793000098317,35953,1107836,0.0625,0.0002742999931797,0.9245232999965084
20,severity,2,0.0369602999999187,0.005529000001843,107585,1107836,0.046875,0.0002742999931797,0.9245232999965084
20,severity,3,0.0513836000027367,0.0062978000059956,75025,1107836,0.0625,0.0002742999931797,0.9245232999965084
20,severity,4,0.0333907000022009,0.0043462000030558,115505,1107836,0.03125,0.0002742999931797,0.9245232999965084
20,severity,5,0.0298808000079588,0.003962999995565,44753,1107836,0.015625,0.0002742999931797,0.9245232999965084
20,severity,6,0.0349407000030623,0.0028301999991526,48625,1107836,0.03125,0.0002742999931797,0.9245232999965084
20,severity,7,0.034398300005705,0.003290199994808,77137,1107836,0.03125,0.0002742999931797,0.9245232999965084
20,severity,8,0.1539617999951588,0.0033644000068306,120433,1107836,0.046875,0.0002742999931797,0.9245232999965084
20,severity,9,0.0576113999995868,0.0018618000030983,215297,1107836,0.078125,0.0002742999931797,0.9245232999965084
21,severity,0,0.0180342999956337,0.0019461000047158,267745,1101148,0.046875,0.0009599000040907,0.561466900006053
21,severity,1,0.0160039999900618,0.0016086999967228,37537,1101148,0.0,0.0009599000040907,0.561466900006053
21,severity,2,0.0274169000040274,0.0035296999994898,99313,1101148,0.046875,0.0009599000040907,0.561466900006053
21,severity,3,0.0315127999929245,0.0036663000064436,73793,1101148,0.015625,0.0009599000040907,0.561466900006053
21,severity,4,0.0328145000094082,0.0018216000025859,114273,1101148,0.015625,0.0009599000040907,0.561466900006053
21,severity,5,0.0325783000007504,0.0016465999942738,42993,1101148,0.0625,0.0009599000040907,0.561466900006053
21,severity,6,0.0632639000104973,0.0016552999877603,41233,1101148,0.03125,0.0009599000040907,0.561466900006053
21,severity,7,0.1046501000091666,0.0017236999992746,80305,1101148,0.03125,0.0009599000040907,0.561466900006053
21,severity,8,0.1020862000004854,0.0073010999913094,121665,1101148,0.046875,0.0009599000040907,0.561466900006053
21,severity,9,0.0784890999930212,0.0020597999973688,223569,1101148,0.109375,0.0009599000040907,0.561466900006053
22,severity,0,0.0773795999994035,0.0024738000065553,273025,1104140,0.046875,0.0001991000026464,0.8727634999959264
22,severity,1,0.0957090999872889,0.0017273999983444,40177,1104140,0.046875,0.0001991000026464,0.8727634999959264
22,severity,2,0.0660997999948449,0.0058883000019704,103185,1104140,0.0625,0.0001991000026464,0.8727634999959264
22,severity,3,0.0916708000004291,0.0017584000015631,75377,1104140,0.0625,0.0001991000026464,0.8727634999959264
22,severity,4,0.0767219999979715,0.0020846999977948,111809,1104140,0.09375,0.0001991000026464,0.8727634999959264
22,severity,5,0.0729467000055592,0.005510699993465,42817,1104140,0.078125,0.0001991000026464,0.8727634999959264
22,severity,6,0.1035680999921169,0.0059468999970704,47041,1104140,0.078125,0.0001991000026464,0.8727634999959264
22,severity,7,0.060566000000108,0.0037199000071268,74321,1104140,0.078125,0.0001991000026464,0.8727634999959264
22,severity,8,0.0699848000076599,0.0052808000036748,122193,1104140,0.03125,0.0001991000026464,0.8727634999959264
22,severity,9,0.0796862999995937,0.0018947000062325,215473,1104140,0.078125,0.0001991000026464,0.8727634999959264
23,severity,0,0.0614656999969156,0.0036282999935792,274785,1103084,0.03125,0.0008192000095732,0.7971776000049431
23,severity,1,0.0774299999902723,0.001735899990308,38593,1103084,0.0625,0.0008192000095732,0.7971776000049431
23,severity,2,0.1028653000103076,0.0018692999874474,99841,1103084,0.078125,0.0008192000095732,0.7971776000049431
23,severity,3,0.0758652000076836,0.0024099000002024,79953,1103084,0.0625,0.0008192000095732,0.7971776000049431
23,severity,4,0.0723387000034563,0.0026571000053081,106177,1103084,0.03125,0.0008192000095732,0.7971776000049431
23,severity,5,0.063559800008079,0.0032200999994529,42113,1103084,0.046875,0.0008192000095732,0.7971776000049431
23,severity,6,0.0772322999982861,0.0028600000077858,49329,1103084,0.0625,0.0008192000095732,0.7971776000049431
23,severity,7,0.0668123999930685,0.0017233999969903,81889,1103084,0.078125,0.0008192000095732,0.7971776000049431
23,severity,8,0.0636611999943852,0.0060442999965744,119553,1103084,0.03125,0.0008192000095732,0.7971776000049431
23,severity,9,0.078793200009386,0.0031079000036697,212129,1103084,0.046875,0.0008192000095732,0.7971776000049431
24,severity,0,0.0683856999967247,0.0031041000038385,264753,1102204,0.09375,0.0010520000068936,0.7850460000045132
24,severity,1,0.0546520999923814,0.001638500005356,36657,1102204,0.03125,0.0010520000068936,0.7850460000045132
24,severity,2,0.0678721000003861,0.0018618999893078,100369,1102204,0.03125,0.0010520000068936,0.7850460000045132
24,severity,3,0.0701798000081908,0.0025029999960679,79953,1102204,0.046875,0.0010520000068936,0.7850460000045132
24,severity,4,0.0815344000002369,0.0017221000016434,113393,1102204,0.0625,0.0010520000068936,0.7850460000045132
24,severity,5,0.0885445000021718,0.0024141000030795,45809,1102204,0.03125,0.0010520000068936,0.7850460000045132
24,severity,6,0.0902491000015288,0.0060892000037711,47921,1102204,0.046875,0.0010520000068936,0.7850460000045132
24,severity,7,0.0615498999977717,0.005827799992403,81537,1102204,0.015625,0.0010520000068936,0.7850460000045132
24,severity,8,0.0607072000129846,0.0031377999985124,120785,1102204,0.09375,0.0010520000068936,0.7850460000045132
24,severity,9,0.0764207999891368,0.005452299999888,212305,1102204,0.09375,0.0010520000068936,0.7850460000045132
25,severity,0,0.0819080999935977,0.0067171999980928,265281,1089532,0.03125,0.0002582000015536,0.9003413000027649
25,severity,1,0.1337752999970689,0.0046514999994542,38241,1089532,0.09375,0.0002582000015536,0.9003413000027649
25,severity,2,0.091683999999077,0.0018304999975953,102305,1089532,0.015625,0.0002582000015536,0.9003413000027649
25,severity,3,0.091935900010867,0.0056402000045636,76785,1089532,0.03125,0.0002582000015536,0.9003413000027649
25,severity,4,0.0854305999964708,0.005818999998155,107761,1089532,0.046875,0.0002582000015536,0.9003413000027649
25,severity,5,0.0884303000057116,0.0019365999905858,39649,1089532,0.0625,0.0002582000015536,0.9003413000027649
25,severity,6,0.0765097999974386,0.0017851000011432,47217,1089532,0.03125,0.0002582000015536,0.9003413000027649
25,severity,7,0.0716843999980483,0.0023256999993463,80129,1089532,0.046875,0.0002582000015536,0.9003413000027649
25,severity,8,0.0531860000046435,0.0038390999980038,124481,1089532,0.078125,0.0002582000015536,0.9003413000027649
25,severity,9,0.0667893000063486,0.001802900005714,208961,1089532,0.046875,0.0002582000015536,0.9003413000027649
26,severity,0,0.0711037000000942,0.0052387000032467,262289,1077916,0.0625,0.0007369000086328,0.9073060999944572
26,severity,1,0.0705191000015474,0.0050561000098241,36657,1077916,0.0625,0.0007369000086328,0.9073060999944572
26,severity,2,0.065629099990474,0.0017829999997047,98785,1077916,0.0,0.0007369000086328,0.9073060999944572
26,severity,3,0.1036361999867949,0.0058430999924894,75729,1077916,0.0625,0.0007369000086328,0.9073060999944572
26,severity,4,0.0700615999958245,0.00218589999713,111809,1077916,0.078125,0.0007369000086328,0.9073060999944572
26,severity,5,0.0891612999985227,0.0025568999990355,43169,1077916,0.03125,0.0007369000086328,0.9073060999944572
26,severity,6,0.0728711999981897,0.0055006000038702,46689,1077916,0.046875,0.0007369000086328,0.9073060999944572
26,severity,7,0.0752340000035474,0.0042800999945029,79073,1077916,0.03125,0.0007369000086328,0.9073060999944572
26,severity,8,0.0956841000006534,0.0060798000049544,117617,1077916,0.0625,0.0007369000086328,0.9073060999944572
26,severity,9,0.1130549999943468,0.0059968999994453,207377,1077916,0.109375,0.0007369000086328,0.9073060999944572
27,severity,0,0.0806057000008877,0.0066033000039169,272497,1087068,0.0625,0.0003879999858327,1.989762000011979
27,severity,1,0.0870033000101102,0.0016982999950414,37713,1087068,0.03125,0.0003879999858327,1.989762000011979
27,severity,2,0.0638326000043889,0.0024059999996097,100721,1087068,0.0625,0.0003879999858327,1.989762000011979
27,severity,3,0.0833391999913146,0.0025783000019146,76081,1087068,0.046875,0.0003879999858327,1.989762000011979
27,severity,4,0.1985592999990331,0.0021643999934894,112161,1087068,0.046875,0.0003879999858327,1.989762000011979
27,severity,5,1.0474343999958364,0.0017708999948808,42993,1087068,0.0625,0.0003879999858327,1.989762000011979
27,severity,6,0.1029289000143762,0.0056417000014334,43345,1087068,0.046875,0.0003879999858327,1.989762000011979
27,severity,7,0.0831051999994088,0.0060814000025857,79425,1087068,0.046875,0.0003879999858327,1.989762000011979
27,severity,8,0.0985034000041196,0.0019270000047981,115505,1087068,0.03125,0.0003879999858327,1.989762000011979
27,severity,9,0.0792383999942103,0.0018817999953171,207905,1087068,0.078125,0.0003879999858327,1.989762000011979
28,severity,0,0.0734703999914927,0.0020675999985542,268097,1105548,0.046875,0.0002952000068034,1.0684966999979224
28,severity,1,0.092384999996284,0.0028187999996589,37889,1105548,0.015625,0.0002952000068034,1.0684966999979224
28,severity,2,0.0725861000100849,0.0016698999970685,105825,1105548,0.078125,0.0002952000068034,1.0684966999979224
28,severity,3,0.0855853000102797,0.0051530999917304,76433,1105548,0.09375,0.0002952000068034,1.0684966999979224
28,severity,4,0.1042989999987185,0.0017221999878529,113921,1105548,0.09375,0.0002952000068034,1.0684966999979224
28,severity,5,0.1247201999940443,0.0033444000000599,39649,1105548,0.0625,0.0002952000068034,1.0684966999979224
28,severity,6,0.1119979000068269,0.0065858000016305,47921,1105548,0.03125,0.0002952000068034,1.0684966999979224
28,severity,7,0.1176067000051261,0.0063305999938165,78897,1105548,0.078125,0.0002952000068034,1.0684966999979224
28,severity,8,0.1120452999894041,0.0066643000027397,122369,1105548,0.078125,0.0002952000068034,1.0684966999979224
28,severity,9,0.1109808999899542,0.0020974000071873,215825,1105548,0.046875,0.0002952000068034,1.0684966999979224
29,severity,0,0.0867077000002609,0.0066877999925054,263697,1102028,0.03125,0.0011774000013247,1.0614008999982616
29,severity,1,0.0895949999976437,0.0019167999998899,39121,1102028,0.0625,0.0011774000013247,1.0614008999982616
29,severity,2,0.0860775000037392,0.002202199990279,106705,1102028,0.03125,0.0011774000013247,1.0614008999982616
29,severity,3,0.0974720999947749,0.0016485999949509,82241,1102028,0.125,0.0011774000013247,1.0614008999982616
29,severity,4,0.1022674999985611,0.0016978999919956,113569,1102028,0.03125,0.0011774000013247,1.0614008999982616
29,severity,5,0.1236036000045714,0.0016583999968133,41057,1102028,0.0625,0.0011774000013247,1.0614008999982616
29,severity,6,0.1007817000063369,0.0058127999946009,48097,1102028,0.046875,0.0011774000013247,1.0614008999982616
29,severity,7,0.1229143000091426,0.0047326999920187,76609,1102028,0.03125,0.0011774000013247,1.0614008999982616
29,severity,8,0.0842596000002231,0.0064289000001735,121489,1102028,0.03125,0.0011774000013247,1.0614008999982616
29,severity,9,0.0989408999885199,0.0031220999953802,210721,1102028,0.078125,0.0011774000013247,1.0614008999982616
30,severity,0,0.1001015000074403,0.0064567000081297,264929,1082668,0.078125,0.0003125999937765,1.0554498999990756
30,severity,1,0.089906900000642,0.0016637000080663,38417,1082668,0.078125,0.0003125999937765,1.0554498999990756
30,severity,2,0.0873154000000795,0.0035039999929722,100193,1082668,0.046875,0.0003125999937765,1.0554498999990756
30,severity,3,0.1238636000052793,0.0022388999932445,82417,1082668,0.078125,0.0003125999937765,1.0554498999990756
30,severity,4,0.1117953999928431,0.003291300003184,107057,1082668,0.046875,0.0003125999937765,1.0554498999990756
30,severity,5,0.1159477000037441,0.001628999991226,44225,1082668,0.015625,0.0003125999937765,1.0554498999990756
30,severity,6,0.1111180000007152,0.0060267000080784,45809,1082668,0.03125,0.0003125999937765,1.0554498999990756
30,severity,7,0.0925846999889472,0.0025151000008918,79601,1082668,0.046875,0.0003125999937765,1.0554498999990756
30,severity,8,0.0744464000017615,0.0060208999930182,116385,1082668,0.09375,0.0003125999937765,1.0554498999990756
30,severity,9,0.0783343000075547,0.0018929999932879,204913,1082668,0.0625,0.0003125999937765,1.0554498999990756
31,severity,0,0.080319699991378,0.0028622999961953,270913,1094460,0.078125,0.0007193999917944,1.011970499996096
31,severity,1,0.0901622000092174,0.0016496000025654,38593,1094460,0.03125,0.0007193999917944,1.011970499996096
31,severity,2,0.0958284999942407,0.0062417000008281,96497,1094460,0.0625,0.0007193999917944,1.011970499996096
31,severity,3,0.1167636000027414,0.0016216999938478,78369,1094460,0.0625,0.0007193999917944,1.011970499996096
31,severity,4,0.1069502000027569,0.0018494999967515,104417,1094460,0.03125,0.0007193999917944,1.011970499996096
31,severity,5,0.106322599996929,0.0020761999912792,40705,1094460,0.046875,0.0007193999917944,1.011970499996096
31,severity,6,0.0925181999919004,0.0029314999992493,51617,1094460,0.03125,0.0007193999917944,1.011970499996096
31,severity,7,0.0941930999979376,0.0065969999996013,79777,1094460,0.046875,0.0007193999917944,1.011970499996096
31,severity,8,0.0832969000039156,0.0061411999922711,118497,1094460,0.046875,0.0007193999917944,1.011970499996096
31,severity,9,0.0877591999887954,0.0020221000013407,216353,1094460,0.046875,0.0007193999917944,1.011970499996096
32,severity,0,0.1031643000023905,0.0019491000130074,265281,1087244,0.015625,0.0006057000136934,2.120830300002126
32,severity,1,0.121986599988304,0.001906899997266,39297,1087244,0.09375,0.0006057000136934,2.120830300002126
32,severity,2,0.1547876999975415,0.0061890999932074,99841,1087244,0.015625,0.0006057000136934,2.120830300002126
32,severity,3,1.0455646000045815,0.0018720999942161,81537,1087244,0.0625,0.0006057000136934,2.120830300002126
32,severity,4,0.2375530999997863,0.0025498000031802,109521,1087244,0.078125,0.0006057000136934,2.120830300002126
32,severity,5,0.097498799994355,0.0031123999942792,45985,1087244,0.0625,0.0006057000136934,2.120830300002126
32,severity,6,0.0800531999993836,0.0031136000034166,44753,1087244,0.09375,0.0006057000136934,2.120830300002126
32,severity,7,0.0722969000053126,0.0056906999961938,76433,1087244,0.046875,0.0006057000136934,2.120830300002126
32,severity,8,0.0789613000088138,0.0016999999934341,113745,1087244,0.0625,0.0006057000136934,2.120830300002126
32,severity,9,0.069611500002793,0.0061821999988751,212129,1087244,0.078125,0.0006057000136934,2.120830300002126
33,severity,0,0.0668728000018745,0.0037967000098433,271089,1105900,0.109375,0.0013619999954244,0.8373754000058398
33,severity,1,0.0761182999995071,0.0028298000106588,36481,1105900,0.046875,0.0013619999954244,0.8373754000058398
33,severity,2,0.079721400004928,0.0060684999916702,103361,1105900,0.09375,0.0013619999954244,0.8373754000058398
33,severity,3,0.0811097999976482,0.0059852999984286,81713,1105900,0.046875,0.0013619999954244,0.8373754000058398
33,severity,4,0.0683925000048475,0.0061850000056438,113217,1105900,0.03125,0.0013619999954244,0.8373754000058398
33,severity,5,0.0861508999951183,0.0065107999980682,41761,1105900,0.046875,0.0013619999954244,0.8373754000058398
33,severity,6,0.0720085999928414,0.0054707000090274,50385,1105900,0.03125,0.0013619999954244,0.8373754000058398
33,severity,7,0.0800344000017503,0.0017929000023286,80129,1105900,0.046875,0.0013619999954244,0.8373754000058398
33,severity,8,0.0725720000045839,0.0020174999954178,120433,1105900,0.046875,0.0013619999954244,0.8373754000058398
33,severity,9,0.0738228999980492,0.0018187999958172,208609,1105900,0.03125,0.0013619999954244,0.8373754000058398
34,severity,0,0.1241444000042975,0.003258899989305,263873,1088476,0.109375,0.0003242999955546,0.8757575000054203
34,severity,1,0.0575515999953495,0.0016868999955477,38593,1088476,0.03125,0.0003242999955546,0.8757575000054203
34,severity,2,0.0558059000031789,0.0026591000059852,103185,1088476,0.09375,0.0003242999955546,0.8757575000054203
34,severity,3,0.0873637000040616,0.0018718000064836,75553,1088476,0.046875,0.0003242999955546,0.8757575000054203
34,severity,4,0.0779320999863557,0.0055358000099658,111457,1088476,0.109375,0.0003242999955546,0.8757575000054203
34,severity,5,0.0726897999993525,0.0040312999917659,41585,1088476,0.09375,0.0003242999955546,0.8757575000054203
34,severity,6,0.0787984000053256,0.0037465000059455,47921,1088476,0.015625,0.0003242999955546,0.8757575000054203
34,severity,7,0.0861479000013787,0.0063704000058351,76433,1088476,0.078125,0.0003242999955546,0.8757575000054203
34,severity,8,0.0858594999881461,0.0061808999889763,118849,1088476,0.0625,0.0003242999955546,0.8757575000054203
34,severity,9,0.072653099996387,0.001783500003512,212305,1088476,0.0625,0.0003242999955546,0.8757575000054203
35,severity,0,0.0700122000125702,0.0018530000088503,256305,1073868,0.046875,0.0009071999957086,0.7964645999891218
35,severity,1,0.0959069000091403,0.0016942000074777,37537,1073868,0.03125,0.0009071999957086,0.7964645999891218
35,severity,2,0.0700835000025108,0.0016982000088319,101601,1073868,0.03125,0.0009071999957086,0.7964645999891218
35,severity,3,0.0636527000024216,0.0041643000004114,78193,1073868,0.0625,0.0009071999957086,0.7964645999891218
35,severity,4,0.0691960999974981,0.0053062999941175,113921,1073868,0.078125,0.0009071999957086,0.7964645999891218
35,severity,5,0.0713390999881085,0.0039708999975118,44049,1073868,0.078125,0.0009071999957086,0.7964645999891218
35,severity,6,0.0798559999966528,0.0040823000017553,46513,1073868,0.03125,0.0009071999957086,0.7964645999891218
35,severity,7,0.0712345000065397,0.0027434000076027,76609,1073868,0.078125,0.0009071999957086,0.7964645999891218
35,severity,8,0.0604177999921375,0.0017959000106202,119377,1073868,0.0625,0.0009071999957086,0.7964645999891218
35,severity,9,0.0660553999914554,0.005784200009657,201041,1073868,0.0625,0.0009071999957086,0.7964645999891218
36,severity,0,0.0970987000036984,0.0028400000010151,273553,1093580,0.078125,0.0009520000021439,0.8483548000076553
36,severity,1,0.0771386999986134,0.0032454999891342,38593,1093580,0.046875,0.0009520000021439,0.8483548000076553
36,severity,2,0.0770636999950511,0.0046780999982729,98961,1093580,0.078125,0.0009520000021439,0.8483548000076553
36,severity,3,0.0665908000082708,0.0017587000038474,77489,1093580,0.078125,0.0009520000021439,0.8483548000076553
36,severity,4,0.0865008999971905,0.0044663000007858,105297,1093580,0.015625,0.0009520000021439,0.8483548000076553
36,severity,5,0.0628986000083386,0.0019474999862723,41585,1093580,0.03125,0.0009520000021439,0.8483548000076553
36,severity,6,0.0985819000052288,0.0030362999968929,49505,1093580,0.015625,0.0009520000021439,0.8483548000076553
36,severity,7,0.0746272999967914,0.0015996999864,80481,1093580,0.0625,0.0009520000021439,0.8483548000076553
36,severity,8,0.0598787000053562,0.0038435999886132,123425,1093580,0.0625,0.0009520000021439,0.8483548000076553
36,severity,9,0.0735899999999674,0.0060949000035179,205969,1093580,0.03125,0.0009520000021439,0.8483548000076553
37,severity,0,0.0804232000082265,0.0019086999964201,267041,1082316,0.015625,0.000640199999907,0.8249388999975054
37,severity,1,0.0870680000080028,0.0028255999932298,39649,1082316,0.0625,0.000640199999907,0.8249388999975054
37,severity,2,0.0871442000061506,0.0022008999949321,98081,1082316,0.046875,0.000640199999907,0.8249388999975054
37,severity,3,0.0681785999913699,0.0024536999990232,75553,1082316,0.03125,0.000640199999907,0.8249388999975054
37,severity,4,0.0677070000092499,0.0056657000095583,110401,1082316,0.046875,0.000640199999907,0.8249388999975054
37,severity,5,0.0715186000015819,0.0032421000069007,45985,1082316,0.046875,0.000640199999907,0.8249388999975054
37,severity,6,0.0952037999959429,0.0016535000031581,50561,1082316,0.078125,0.000640199999907,0.8249388999975054
37,severity,7,0.0672133999905781,0.0021916999976383,78193,1082316,0.03125,0.000640199999907,0.8249388999975054
37,severity,8,0.0693405000056373,0.0050521999946795,114449,1082316,0.046875,0.000640199999907,0.8249388999975054
37,severity,9,0.0722737000032793,0.0052774000068893,203681,1082316,0.09375,0.000640199999907,0.8249388999975054
38,severity,0,0.0451502999931108,0.0019637999939732,264049,1096044,0.046875,0.0009010999929159,1.5402086999965832
38,severity,1,0.0682388999994145,0.0057706999941729,36129,1096044,0.015625,0.0009010999929159,1.5402086999965832
38,severity,2,0.0798580000118818,0.0038815000007161,103361,1096044,0.046875,0.0009010999929159,1.5402086999965832
38,severity,3,0.1555930999893462,0.0042127999913645,78545,1096044,0.03125,0.0009010999929159,1.5402086999965832
38,severity,4,0.2485469000093871,0.0024440999986836,114097,1096044,0.015625,0.0009010999929159,1.5402086999965832
38,severity,5,0.2067695000005187,0.0062627000006614,47041,1096044,0.078125,0.0009010999929159,1.5402086999965832
38,severity,6,0.2153659000032348,0.0025650000025052,40705,1096044,0.03125,0.0009010999929159,1.5402086999965832
38,severity,7,0.2286577999911969,0.0060798000049544,74497,1096044,0.015625,0.0009010999929159,1.5402086999965832
38,severity,8,0.1170400999981211,0.0017793000006349,118321,1096044,0.046875,0.0009010999929159,1.5402086999965832
38,severity,9,0.1023792000050889,0.0023327999952016,220577,1096044,0.046875,0.0009010999929159,1.5402086999965832
39,severity,0,0.0655114999972283,0.0043601000070339,260001,1077916,0.03125,0.0003004000027431,0.8454399000038393
39,severity,1,0.0787135999999009,0.0058853999944403,38065,1077916,0.046875,0.0003004000027431,0.8454399000038393
39,severity,2,0.0715743000037036,0.0017308999958913,102305,1077916,0.046875,0.0003004000027431,0.8454399000038393
39,severity,3,0.091676500000176,0.0071450999967055,76785,1077916,0.078125,0.0003004000027431,0.8454399000038393
39,severity,4,0.073608199993032,0.0057234999985666,111105,1077916,0.0625,0.0003004000027431,0.8454399000038393
39,severity,5,0.0770629000035114,0.0060094000073149,43521,1077916,0.046875,0.0003004000027431,0.8454399000038393
39,severity,6,0.0720982000057119,0.0052552999986801,44225,1077916,0.046875,0.0003004000027431,0.8454399000038393
39,severity,7,0.0780757000029552,0.0017627000052016,76433,1077916,0.09375,0.0003004000027431,0.8454399000038393
39,severity,8,0.0891059999994468,0.0062849999958416,123425,1077916,0.046875,0.0003004000027431,0.8454399000038393
39,severity,9,0.0733815999992657,0.0059593000041786,203329,1077916,0.046875,0.0003004000027431,0.8454399000038393
40,severity,0,0.0505892999935895,0.0020969000033801,260881,1071932,0.03125,0.0005460000102175,0.7133849999954691
40,severity,1,0.0441703999968012,0.0047906000108923,39297,1071932,0.015625,0.0005460000102175,0.7133849999954691
40,severity,2,0.0760854999971343,0.0065168000000994,96145,1071932,0.046875,0.0005460000102175,0.7133849999954691
40,severity,3,0.0997948000003816,0.0016336999979102,73441,1071932,0.109375,0.0005460000102175,0.7133849999954691
40,severity,4,0.0697133000066969,0.0055531999969389,107057,1071932,0.03125,0.0005460000102175,0.7133849999954691
40,severity,5,0.0574049999995622,0.0028959000046597,41937,1071932,0.09375,0.0005460000102175,0.7133849999954691
40,severity,6,0.0604677999945124,0.0031331000063801,46865,1071932,0.0625,0.0005460000102175,0.7133849999954691
40,severity,7,0.0615690999984508,0.0016184000123757,78721,1071932,0.03125,0.0005460000102175,0.7133849999954691
40,severity,8,0.0645667999924626,0.0062999999936437,126945,1071932,0.0625,0.0005460000102175,0.7133849999954691
40,severity,9,0.0591331000032369,0.004486399993766,201921,1071932,0.03125,0.0005460000102175,0.7133849999954691
41,severity,0,0.0533760999969672,0.0019773000094573,270913,1084076,0.03125,0.0003663999959826,0.9380834000039612
41,severity,1,0.0665554000006523,0.001748900001985,37889,1084076,0.078125,0.0003663999959826,0.9380834000039612
41,severity,2,0.0859619000111706,0.0060842999955639,104945,1084076,0.046875,0.0003663999959826,0.9380834000039612
41,severity,3,0.0925083000038284,0.00175969999691,79073,1084076,0.03125,0.0003663999959826,0.9380834000039612
41,severity,4,0.0917506999976467,0.002632400006405,107057,1084076,0.0,0.0003663999959826,0.9380834000039612
41,severity,5,0.0895090999983949,0.0016777999990154,41585,1084076,0.09375,0.0003663999959826,0.9380834000039612
41,severity,6,0.0892141999938758,0.0058998000022256,38241,1084076,0.03125,0.0003663999959826,0.9380834000039612
41,severity,7,0.100323999999091,0.0046144000079948,79953,1084076,0.078125,0.0003663999959826,0.9380834000039612
41,severity,8,0.1075303000106941,0.0017341999919153,118321,1084076,0.109375,0.0003663999959826,0.9380834000039612
41,severity,9,0.087289300005068,0.0044009999983245,207377,1084076,0.109375,0.0003663999959826,0.9380834000039612
42,severity,0,0.0849943000066559,0.0065504000085638,272145,1100796,0.03125,0.0003900000010617,1.0644756999972742
42,severity,1,0.0784002000000327,0.0052794999937759,40881,1100796,0.03125,0.0003900000010617,1.0644756999972742
42,severity,2,0.0962238000065554,0.0027289999998174,105649,1100796,0.046875,0.0003900000010617,1.0644756999972742
42,severity,3,0.130443700007163,0.0029980999970575,74145,1100796,0.046875,0.0003900000010617,1.0644756999972742
42,severity,4,0.1183438000007299,0.0035773999989032,113745,1100796,0.109375,0.0003900000010617,1.0644756999972742
42,severity,5,0.1050715000019408,0.0067245999962324,40881,1100796,0.09375,0.0003900000010617,1.0644756999972742
42,severity,6,0.1191719000053126,0.0057813000021269,46689,1100796,0.046875,0.0003900000010617,1.0644756999972742
42,severity,7,0.1116194999922299,0.0038356000004569,75905,1100796,0.03125,0.0003900000010617,1.0644756999972742
42,severity,8,0.0685961999988649,0.0028060000040568,121313,1100796,0.0625,0.0003900000010617,1.0644756999972742
42,severity,9,0.0796195000002626,0.0019135000038659,210721,1100796,0.0625,0.0003900000010617,1.0644756999972742
43,severity,0,0.1130342999967979,0.0023249000078067,270561,1097804,0.078125,0.000930199996219,1.0213635999971302
43,severity,1,0.1098663000011583,0.0017074999923352,37361,1097804,0.078125,0.000930199996219,1.0213635999971302
43,severity,2,0.1144122999976389,0.0017380000062985,104769,1097804,0.0625,0.000930199996219,1.0213635999971302
43,severity,3,0.0874654000072041,0.0035460999934002,75553,1097804,0.0625,0.000930199996219,1.0213635999971302
43,severity,4,0.120903899995028,0.00289000000339,114097,1097804,0.0625,0.000930199996219,1.0213635999971302
43,severity,5,0.0921788000123342,0.0017432000022381,42817,1097804,0.0625,0.000930199996219,1.0213635999971302
43,severity,6,0.0715319000009913,0.0023007999989204,44401,1097804,0.015625,0.000930199996219,1.0213635999971302
43,severity,7,0.0653669000021182,0.0017041999963112,75553,1097804,0.03125,0.000930199996219,1.0213635999971302
43,severity,8,0.0826053999917348,0.0016681999986758,119905,1097804,0.015625,0.000930199996219,1.0213635999971302
43,severity,9,0.0921700999897439,0.0053093000024091,214065,1097804,0.0625,0.000930199996219,1.0213635999971302
44,severity,0,0.0756533999956445,0.0027217000024393,257537,1099916,0.09375,0.0003200999926775,1.4964786999917123
44,severity,1,0.0906101000000489,0.0023638999991817,40705,1099916,0.046875,0.0003200999926775,1.4964786999917123
44,severity,2,0.1150471000000834,0.0017054999916581,104417,1099916,0.046875,0.0003200999926775,1.4964786999917123
44,severity,3,0.1231679000047734,0.0020041999960085,81361,1099916,0.046875,0.0003200999926775,1.4964786999917123
44,severity,4,0.1686444999941159,0.0069851000007474,110401,1099916,0.046875,0.0003200999926775,1.4964786999917123
44,severity,5,0.2137576999957673,0.0017207999917445,45633,1099916,0.0625,0.0003200999926775,1.4964786999917123
44,severity,6,0.1792032000084873,0.0024316000053659,44753,1099916,0.09375,0.0003200999926775,1.4964786999917123
44,severity,7,0.1306251000060001,0.0017356000025756,78721,1099916,0.0625,0.0003200999926775,1.4964786999917123
44,severity,8,0.196292499997071,0.0017325000080745,118321,1099916,0.046875,0.0003200999926775,1.4964786999917123
44,severity,9,0.1343102999962866,0.0030300999933388,219345,1099916,0.125,0.0003200999926775,1.4964786999917123
45,severity,0,0.2022540999896591,0.0030128000071272,267217,1103964,0.109375,0.0004088999994564,1.163726200000383
45,severity,1,0.1738163999980315,0.0029750999965472,38945,1103964,0.09375,0.0004088999994564,1.163726200000383
45,severity,2,0.1349749999935738,0.0062068999977782,104945,1103964,0.046875,0.0004088999994564,1.163726200000383
45,severity,3,0.1486243000108515,0.0018340999959036,80481,1103964,0.015625,0.0004088999994564,1.163726200000383
45,severity,4,0.080071799995494,0.0028155000036349,113745,1103964,0.03125,0.0004088999994564,1.163726200000383
45,severity,5,0.0604128999984823,0.0015848000039113,42641,1103964,0.078125,0.0004088999994564,1.163726200000383
45,severity,6,0.0679993000085232,0.005657899993821,46161,1103964,0.046875,0.0004088999994564,1.163726200000383
45,severity,7,0.0862081000086618,0.0017513999919174,76257,1103964,0.109375,0.0004088999994564,1.163726200000383
45,severity,8,0.0806562000070698,0.0060631999949691,123249,1103964,0.015625,0.0004088999994564,1.163726200000383
45,severity,9,0.0735144000063883,0.0017760999908205,211601,1103964,0.125,0.0004088999994564,1.163726200000383
46,severity,0,0.0689351999899372,0.0057475000066915,273201,1078268,0.0625,0.0005073000065749,0.7577329000050668
46,severity,1,0.0543671999912476,0.0052004999888595,37361,1078268,0.03125,0.0005073000065749,0.7577329000050668
46,severity,2,0.0721535999909974,0.0057954000076279,98081,1078268,0.109375,0.0005073000065749,0.7577329000050668
46,severity,3,0.0675945999973919,0.006271000005654,78193,1078268,0.09375,0.0005073000065749,0.7577329000050668
46,severity,4,0.0530246000125771,0.0030846999870846,106881,1078268,0.03125,0.0005073000065749,0.7577329000050668
46,severity,5,0.0648966000007931,0.0018392999918432,39297,1078268,0.015625,0.0005073000065749,0.7577329000050668
46,severity,6,0.0798872000013943,0.0021908000053372,44929,1078268,0.046875,0.0005073000065749,0.7577329000050668
46,severity,7,0.0917708000051789,0.0022881999902892,77841,1078268,0.0625,0.0005073000065749,0.7577329000050668
46,severity,8,0.0847150000045076,0.0055459000141127,114097,1078268,0.0625,0.0005073000065749,0.7577329000050668
46,severity,9,0.0518445000052452,0.0033882999996421,209665,1078268,0.015625,0.0005073000065749,0.7577329000050668
47,severity,0,0.0626481999934185,0.0063754999864613,267569,1080204,0.0625,0.0009308000007877,0.8399520999955712
47,severity,1,0.0562931000022217,0.0016774000105215,37185,1080204,0.03125,0.0009308000007877,0.8399520999955712
47,severity,2,0.0779841000039596,0.0060187000053701,100721,1080204,0.109375,0.0009308000007877,0.8399520999955712
47,severity,3,0.0783339000045089,0.0032999999966705,82417,1080204,0.0625,0.0009308000007877,0.8399520999955712
47,severity,4,0.0749305999925127,0.0055310000025201,111105,1080204,0.078125,0.0009308000007877,0.8399520999955712
47,severity,5,0.0728245999926002,0.0063491000037174,43169,1080204,0.078125,0.0009308000007877,0.8399520999955712
47,severity,6,0.076943799998844,0.0040566999959992,47921,1080204,0.078125,0.0009308000007877,0.8399520999955712
47,severity,7,0.0945637999975588,0.0053516999905696,73265,1080204,0.046875,0.0009308000007877,0.8399520999955712
47,severity,8,0.0787030000064987,0.0049689000006765,124833,1080204,0.03125,0.0009308000007877,0.8399520999955712
47,severity,9,0.0872901999973692,0.0027551000093808,193297,1080204,0.046875,0.0009308000007877,0.8399520999955712
48,severity,0,0.0675750000082189,0.0018987000075867,266689,1110300,0.015625,0.0004997999931219,0.8442213999951491
48,severity,1,0.084155999997165,0.0022538000048371,37537,1110300,0.078125,0.0004997999931219,0.8442213999951491
48,severity,2,0.0841987000021617,0.0044310000084806,96497,1110300,0.0625,0.0004997999931219,0.8442213999951491
48,severity,3,0.0841408999986015,0.006351000003633,77665,1110300,0.015625,0.0004997999931219,0.8442213999951491
48,severity,4,0.0880849000095622,0.0017321000050287,116385,1110300,0.0625,0.0004997999931219,0.8442213999951491
48,severity,5,0.0759106999903451,0.0018853999936254,44049,1110300,0.046875,0.0004997999931219,0.8442213999951491
48,severity,6,0.0731157999980496,0.0016355000116163,47393,1110300,0.03125,0.0004997999931219,0.8442213999951491
48,severity,7,0.1010575000109383,0.002077700002701,77137,1110300,0.09375,0.0004997999931219,0.8442213999951491
48,severity,8,0.0697798000037437,0.0056496000033803,131697,1110300,0.03125,0.0004997999931219,0.8442213999951491
48,severity,9,0.0598995000036666,0.0018149999959859,216529,1110300,0.140625,0.0004997999931219,0.8442213999951491
49,severity,0,0.0650284999865107,0.0018279000069014,274257,1098332,0.078125,0.0003007999912369,0.7748247999988962
49,severity,1,0.0892128999985288,0.0017103999998653,41937,1098332,0.046875,0.0003007999912369,0.7748247999988962
49,severity,2,0.069411599994055,0.0019254000071668,99313,1098332,0.078125,0.0003007999912369,0.7748247999988962
49,severity,3,0.0608661000005668,0.0016697999963071,77841,1098332,0.03125,0.0003007999912369,0.7748247999988962
49,severity,4,0.0735075999982655,0.002003000001423,111633,1098332,0.03125,0.0003007999912369,0.7748247999988962
49,severity,5,0.0779634999926202,0.003565899998648,43345,1098332,0.078125,0.0003007999912369,0.7748247999988962
49,severity,6,0.0557306000118842,0.0047653999936301,44577,1098332,0.0625,0.0003007999912369,0.7748247999988962
49,severity,7,0.0871796999999787,0.0026842999941436,78017,1098332,0.0625,0.0003007999912369,0.7748247999988962
49,severity,8,0.0686304999981075,0.0057136999967042,116385,1098332,0.0625,0.0003007999912369,0.7748247999988962
49,severity,9,0.0715682999871205,0.001742499996908,212305,1098332,0.078125,0.0003007999912369,0.7748247999988962
50,severity,0,0.0659955000010086,0.0059473999863257,262113,1095868,0.09375,0.0002189000078942,1.1577751000004357
50,severity,1,0.0685241999890422,0.0031739999976707,38065,1095868,0.03125,0.0002189000078942,1.1577751000004357
50,severity,2,0.0646314000041456,0.0022995000035734,100897,1095868,0.03125,0.0002189000078942,1.1577751000004357
50,severity,3,0.0840704000002006,0.0040891999960877,75201,1095868,0.0625,0.0002189000078942,1.1577751000004357
50,severity,4,0.0765959999989718,0.0036955000105081,117441,1095868,0.0625,0.0002189000078942,1.1577751000004357
50,severity,5,0.100273299991386,0.0051075000083073,45457,1095868,0.046875,0.0002189000078942,1.1577751000004357
50,severity,6,0.0909871999901952,0.0057482000120216,45985,1095868,0.046875,0.0002189000078942,1.1577751000004357
50,severity,7,0.1393151999945985,0.0059936000034213,77665,1095868,0.078125,0.0002189000078942,1.1577751000004357
50,severity,8,0.212842000008095,0.001861299999291,120081,1095868,0.03125,0.0002189000078942,1.1577751000004357
50,severity,9,0.1704730999917956,0.0037659000081475,214241,1095868,0.078125,0.0002189000078942,1.1577751000004357
