OASISID,clinical_visit_day,mri_visit_day,gap_days,matched,reason,matching_rule
OAS30001,0,129.0,129.0,True,within tolerance,"nearest-day match, MRI_TOLERANCE_DAYS=365"
OAS30001,339,129.0,210.0,True,within tolerance,"nearest-day match, MRI_TOLERANCE_DAYS=365"
OAS30001,722,757.0,35.0,True,within tolerance,"nearest-day match, MRI_TOLERANCE_DAYS=365"
OAS30001,1106,757.0,349.0,True,within tolerance,"nearest-day match, MRI_TOLERANCE_DAYS=365"
OAS30001,1456,757.0,699.0,False,nearest MRI is 699 days away (exceeds 365-day tolerance),"nearest-day match, MRI_TOLERANCE_DAYS=365"
OAS30001,2699,2430.0,269.0,True,within tolerance,"nearest-day match, MRI_TOLERANCE_DAYS=365"
OAS30001,3025,3132.0,107.0,True,within tolerance,"nearest-day match, MRI_TOLERANCE_DAYS=365"
OAS30001,3332,3132.0,200.0,True,within tolerance,"nearest-day match, MRI_TOLERANCE_DAYS=365"
OAS30001,3675,3746.0,71.0,True,within tolerance,"nearest-day match, MRI_TOLERANCE_DAYS=365"
OAS30001,3977,3746.0,231.0,True,within tolerance,"nearest-day match, MRI_TOLERANCE_DAYS=365"
OAS30001,4349,4467.0,118.0,True,within tolerance,"nearest-day match, MRI_TOLERANCE_DAYS=365"
OAS30001,4823,4467.0,356.0,True,within tolerance,"nearest-day match, MRI_TOLERANCE_DAYS=365"
OAS30002,751,653.0,98.0,True,within tolerance,"nearest-day match, MRI_TOLERANCE_DAYS=365"
OAS30002,1169,1680.0,511.0,False,nearest MRI is 511 days away (exceeds 365-day tolerance),"nearest-day match, MRI_TOLERANCE_DAYS=365"
OAS30002,1508,1680.0,172.0,True,within tolerance,"nearest-day match, MRI_TOLERANCE_DAYS=365"
OAS30002,1850,1680.0,170.0,True,within tolerance,"nearest-day match, MRI_TOLERANCE_DAYS=365"
OAS30002,2263,2340.0,77.0,True,within tolerance,"nearest-day match, MRI_TOLERANCE_DAYS=365"
OAS30002,2961,2345.0,616.0,False,nearest MRI is 616 days away (exceeds 365-day tolerance),"nearest-day match, MRI_TOLERANCE_DAYS=365"
OAS30003,0,558.0,558.0,False,nearest MRI is 558 days away (exceeds 365-day tolerance),"nearest-day match, MRI_TOLERANCE_DAYS=365"
OAS30003,1083,558.0,525.0,False,nearest MRI is 525 days away (exceeds 365-day tolerance),"nearest-day match, MRI_TOLERANCE_DAYS=365"
OAS30003,2228,2669.0,441.0,False,nearest MRI is 441 days away (exceeds 365-day tolerance),"nearest-day match, MRI_TOLERANCE_DAYS=365"
OAS30003,2970,2682.0,288.0,True,within tolerance,"nearest-day match, MRI_TOLERANCE_DAYS=365"
OAS30003,3288,3320.0,32.0,True,within tolerance,"nearest-day match, MRI_TOLERANCE_DAYS=365"
OAS30003,3633,3731.0,98.0,True,within tolerance,"nearest-day match, MRI_TOLERANCE_DAYS=365"
OAS30003,4900,4954.0,54.0,True,within tolerance,"nearest-day match, MRI_TOLERANCE_DAYS=365"
OAS30003,5362,4954.0,408.0,False,nearest MRI is 408 days away (exceeds 365-day tolerance),"nearest-day match, MRI_TOLERANCE_DAYS=365"
OAS30003,5651,4954.0,697.0,False,nearest MRI is 697 days away (exceeds 365-day tolerance),"nearest-day match, MRI_TOLERANCE_DAYS=365"
OAS30004,1102,1101.0,1.0,True,within tolerance,"nearest-day match, MRI_TOLERANCE_DAYS=365"
OAS30004,2230,2229.0,1.0,True,within tolerance,"nearest-day match, MRI_TOLERANCE_DAYS=365"
OAS30004,3458,3457.0,1.0,True,within tolerance,"nearest-day match, MRI_TOLERANCE_DAYS=365"
OAS30004,4700,4700.0,0.0,True,within tolerance,"nearest-day match, MRI_TOLERANCE_DAYS=365"
OAS30004,5183,4700.0,483.0,False,nearest MRI is 483 days away (exceeds 365-day tolerance),"nearest-day match, MRI_TOLERANCE_DAYS=365"
OAS30005,1192,1274.0,82.0,True,within tolerance,"nearest-day match, MRI_TOLERANCE_DAYS=365"
OAS30005,2313,2377.0,64.0,True,within tolerance,"nearest-day match, MRI_TOLERANCE_DAYS=365"
OAS30005,3325,3453.0,128.0,True,within tolerance,"nearest-day match, MRI_TOLERANCE_DAYS=365"
OAS30005,4417,4620.0,203.0,True,within tolerance,"nearest-day match, MRI_TOLERANCE_DAYS=365"
OAS30006,0,166.0,166.0,True,within tolerance,"nearest-day match, MRI_TOLERANCE_DAYS=365"
OAS30006,1136,1308.0,172.0,True,within tolerance,"nearest-day match, MRI_TOLERANCE_DAYS=365"
OAS30006,1469,1308.0,161.0,True,within tolerance,"nearest-day match, MRI_TOLERANCE_DAYS=365"
OAS30006,1913,2341.0,428.0,False,nearest MRI is 428 days away (exceeds 365-day tolerance),"nearest-day match, MRI_TOLERANCE_DAYS=365"
OAS30006,2981,2342.0,639.0,False,nearest MRI is 639 days away (exceeds 365-day tolerance),"nearest-day match, MRI_TOLERANCE_DAYS=365"
OAS30006,3289,2342.0,947.0,False,nearest MRI is 947 days away (exceeds 365-day tolerance),"nearest-day match, MRI_TOLERANCE_DAYS=365"
OAS30006,3672,4440.0,768.0,False,nearest MRI is 768 days away (exceeds 365-day tolerance),"nearest-day match, MRI_TOLERANCE_DAYS=365"
OAS30006,3964,4440.0,476.0,False,nearest MRI is 476 days away (exceeds 365-day tolerance),"nearest-day match, MRI_TOLERANCE_DAYS=365"
OAS30006,4350,4440.0,90.0,True,within tolerance,"nearest-day match, MRI_TOLERANCE_DAYS=365"
OAS30006,4826,4440.0,386.0,False,nearest MRI is 386 days away (exceeds 365-day tolerance),"nearest-day match, MRI_TOLERANCE_DAYS=365"
OAS30006,5178,4440.0,738.0,False,nearest MRI is 738 days away (exceeds 365-day tolerance),"nearest-day match, MRI_TOLERANCE_DAYS=365"
OAS30007,0,61.0,61.0,True,within tolerance,"nearest-day match, MRI_TOLERANCE_DAYS=365"
OAS30007,356,61.0,295.0,True,within tolerance,"nearest-day match, MRI_TOLERANCE_DAYS=365"
OAS30007,648,61.0,587.0,False,nearest MRI is 587 days away (exceeds 365-day tolerance),"nearest-day match, MRI_TOLERANCE_DAYS=365"
OAS30007,1098,1641.0,543.0,False,nearest MRI is 543 days away (exceeds 365-day tolerance),"nearest-day match, MRI_TOLERANCE_DAYS=365"
OAS30007,1559,1641.0,82.0,True,within tolerance,"nearest-day match, MRI_TOLERANCE_DAYS=365"
OAS30007,1935,1981.0,46.0,True,within tolerance,"nearest-day match, MRI_TOLERANCE_DAYS=365"
OAS30007,2226,1981.0,245.0,True,within tolerance,"nearest-day match, MRI_TOLERANCE_DAYS=365"
OAS30007,2617,1981.0,636.0,False,nearest MRI is 636 days away (exceeds 365-day tolerance),"nearest-day match, MRI_TOLERANCE_DAYS=365"
OAS30007,2939,3807.0,868.0,False,nearest MRI is 868 days away (exceeds 365-day tolerance),"nearest-day match, MRI_TOLERANCE_DAYS=365"
OAS30007,3357,3807.0,450.0,False,nearest MRI is 450 days away (exceeds 365-day tolerance),"nearest-day match, MRI_TOLERANCE_DAYS=365"
OAS30007,3756,3807.0,51.0,True,within tolerance,"nearest-day match, MRI_TOLERANCE_DAYS=365"
OAS30007,4122,3807.0,315.0,True,within tolerance,"nearest-day match, MRI_TOLERANCE_DAYS=365"
OAS30007,4456,3807.0,649.0,False,nearest MRI is 649 days away (exceeds 365-day tolerance),"nearest-day match, MRI_TOLERANCE_DAYS=365"
OAS30008,0,61.0,61.0,True,within tolerance,"nearest-day match, MRI_TOLERANCE_DAYS=365"
OAS30009,0,148.0,148.0,True,within tolerance,"nearest-day match, MRI_TOLERANCE_DAYS=365"
OAS30009,1091,1210.0,119.0,True,within tolerance,"nearest-day match, MRI_TOLERANCE_DAYS=365"
OAS30009,4451,3534.0,917.0,False,nearest MRI is 917 days away (exceeds 365-day tolerance),"nearest-day match, MRI_TOLERANCE_DAYS=365"
OAS30010,636,68.0,568.0,False,nearest MRI is 568 days away (exceeds 365-day tolerance),"nearest-day match, MRI_TOLERANCE_DAYS=365"
OAS30011,0,55.0,55.0,True,within tolerance,"nearest-day match, MRI_TOLERANCE_DAYS=365"
OAS30011,455,55.0,400.0,False,nearest MRI is 400 days away (exceeds 365-day tolerance),"nearest-day match, MRI_TOLERANCE_DAYS=365"
OAS30011,860,55.0,805.0,False,nearest MRI is 805 days away (exceeds 365-day tolerance),"nearest-day match, MRI_TOLERANCE_DAYS=365"
OAS30011,1172,1671.0,499.0,False,nearest MRI is 499 days away (exceeds 365-day tolerance),"nearest-day match, MRI_TOLERANCE_DAYS=365"
OAS30012,0,124.0,124.0,True,within tolerance,"nearest-day match, MRI_TOLERANCE_DAYS=365"
OAS30012,359,581.0,222.0,True,within tolerance,"nearest-day match, MRI_TOLERANCE_DAYS=365"
OAS30013,0,102.0,102.0,True,within tolerance,"nearest-day match, MRI_TOLERANCE_DAYS=365"
OAS30013,390,102.0,288.0,True,within tolerance,"nearest-day match, MRI_TOLERANCE_DAYS=365"
OAS30013,752,1216.0,464.0,False,nearest MRI is 464 days away (exceeds 365-day tolerance),"nearest-day match, MRI_TOLERANCE_DAYS=365"
OAS30013,1089,1216.0,127.0,True,within tolerance,"nearest-day match, MRI_TOLERANCE_DAYS=365"
OAS30013,1384,1216.0,168.0,True,within tolerance,"nearest-day match, MRI_TOLERANCE_DAYS=365"
OAS30013,1818,1216.0,602.0,False,nearest MRI is 602 days away (exceeds 365-day tolerance),"nearest-day match, MRI_TOLERANCE_DAYS=365"
OAS30013,2268,1216.0,1052.0,False,nearest MRI is 1052 days away (exceeds 365-day tolerance),"nearest-day match, MRI_TOLERANCE_DAYS=365"
OAS30015,0,116.0,116.0,True,within tolerance,"nearest-day match, MRI_TOLERANCE_DAYS=365"
OAS30015,350,116.0,234.0,True,within tolerance,"nearest-day match, MRI_TOLERANCE_DAYS=365"
OAS30015,716,788.0,72.0,True,within tolerance,"nearest-day match, MRI_TOLERANCE_DAYS=365"
OAS30015,1479,1374.0,105.0,True,within tolerance,"nearest-day match, MRI_TOLERANCE_DAYS=365"
OAS30015,2720,2004.0,716.0,False,nearest MRI is 716 days away (exceeds 365-day tolerance),"nearest-day match, MRI_TOLERANCE_DAYS=365"
OAS30015,3088,2004.0,1084.0,False,nearest MRI is 1084 days away (exceeds 365-day tolerance),"nearest-day match, MRI_TOLERANCE_DAYS=365"
OAS30015,3899,2004.0,1895.0,False,nearest MRI is 1895 days away (exceeds 365-day tolerance),"nearest-day match, MRI_TOLERANCE_DAYS=365"
OAS30015,4329,2004.0,2325.0,False,nearest MRI is 2325 days away (exceeds 365-day tolerance),"nearest-day match, MRI_TOLERANCE_DAYS=365"
OAS30015,5145,2004.0,3141.0,False,nearest MRI is 3141 days away (exceeds 365-day tolerance),"nearest-day match, MRI_TOLERANCE_DAYS=365"
OAS30017,0,54.0,54.0,True,within tolerance,"nearest-day match, MRI_TOLERANCE_DAYS=365"
OAS30018,378,70.0,308.0,True,within tolerance,"nearest-day match, MRI_TOLERANCE_DAYS=365"
OAS30018,805,893.0,88.0,True,within tolerance,"nearest-day match, MRI_TOLERANCE_DAYS=365"
OAS30019,0,,,False,subject has zero MRI/FreeSurfer records,"nearest-day match, MRI_TOLERANCE_DAYS=365"
OAS30019,553,,,False,subject has zero MRI/FreeSurfer records,"nearest-day match, MRI_TOLERANCE_DAYS=365"
OAS30019,977,,,False,subject has zero MRI/FreeSurfer records,"nearest-day match, MRI_TOLERANCE_DAYS=365"
OAS30021,0,71.0,71.0,True,within tolerance,"nearest-day match, MRI_TOLERANCE_DAYS=365"
OAS30021,391,71.0,320.0,True,within tolerance,"nearest-day match, MRI_TOLERANCE_DAYS=365"
OAS30021,798,71.0,727.0,False,nearest MRI is 727 days away (exceeds 365-day tolerance),"nearest-day match, MRI_TOLERANCE_DAYS=365"
OAS30021,1238,71.0,1167.0,False,nearest MRI is 1167 days away (exceeds 365-day tolerance),"nearest-day match, MRI_TOLERANCE_DAYS=365"
OAS30021,1800,71.0,1729.0,False,nearest MRI is 1729 days away (exceeds 365-day tolerance),"nearest-day match, MRI_TOLERANCE_DAYS=365"
OAS30022,1149,1324.0,175.0,True,within tolerance,"nearest-day match, MRI_TOLERANCE_DAYS=365"
OAS30022,1906,1324.0,582.0,False,nearest MRI is 582 days away (exceeds 365-day tolerance),"nearest-day match, MRI_TOLERANCE_DAYS=365"
OAS30024,0,84.0,84.0,True,within tolerance,"nearest-day match, MRI_TOLERANCE_DAYS=365"
OAS30024,345,84.0,261.0,True,within tolerance,"nearest-day match, MRI_TOLERANCE_DAYS=365"
OAS30025,0,210.0,210.0,True,within tolerance,"nearest-day match, MRI_TOLERANCE_DAYS=365"
OAS30026,0,129.0,129.0,True,within tolerance,"nearest-day match, MRI_TOLERANCE_DAYS=365"
OAS30026,448,696.0,248.0,True,within tolerance,"nearest-day match, MRI_TOLERANCE_DAYS=365"
OAS30026,762,696.0,66.0,True,within tolerance,"nearest-day match, MRI_TOLERANCE_DAYS=365"
OAS30027,0,433.0,433.0,False,nearest MRI is 433 days away (exceeds 365-day tolerance),"nearest-day match, MRI_TOLERANCE_DAYS=365"
OAS30027,1196,1300.0,104.0,True,within tolerance,"nearest-day match, MRI_TOLERANCE_DAYS=365"
OAS30027,3395,2394.0,1001.0,False,nearest MRI is 1001 days away (exceeds 365-day tolerance),"nearest-day match, MRI_TOLERANCE_DAYS=365"
OAS30028,0,43.0,43.0,True,within tolerance,"nearest-day match, MRI_TOLERANCE_DAYS=365"
OAS30028,376,43.0,333.0,True,within tolerance,"nearest-day match, MRI_TOLERANCE_DAYS=365"
OAS30028,735,1260.0,525.0,False,nearest MRI is 525 days away (exceeds 365-day tolerance),"nearest-day match, MRI_TOLERANCE_DAYS=365"
OAS30028,1190,1260.0,70.0,True,within tolerance,"nearest-day match, MRI_TOLERANCE_DAYS=365"
OAS30028,1524,1260.0,264.0,True,within tolerance,"nearest-day match, MRI_TOLERANCE_DAYS=365"
OAS30028,1897,1847.0,50.0,True,within tolerance,"nearest-day match, MRI_TOLERANCE_DAYS=365"
OAS30028,2559,1847.0,712.0,False,nearest MRI is 712 days away (exceeds 365-day tolerance),"nearest-day match, MRI_TOLERANCE_DAYS=365"
OAS30028,2847,1847.0,1000.0,False,nearest MRI is 1000 days away (exceeds 365-day tolerance),"nearest-day match, MRI_TOLERANCE_DAYS=365"
OAS30028,3253,1847.0,1406.0,False,nearest MRI is 1406 days away (exceeds 365-day tolerance),"nearest-day match, MRI_TOLERANCE_DAYS=365"
OAS30029,0,131.0,131.0,True,within tolerance,"nearest-day match, MRI_TOLERANCE_DAYS=365"
OAS30029,375,131.0,244.0,True,within tolerance,"nearest-day match, MRI_TOLERANCE_DAYS=365"
OAS30029,866,131.0,735.0,False,nearest MRI is 735 days away (exceeds 365-day tolerance),"nearest-day match, MRI_TOLERANCE_DAYS=365"
OAS30029,1211,131.0,1080.0,False,nearest MRI is 1080 days away (exceeds 365-day tolerance),"nearest-day match, MRI_TOLERANCE_DAYS=365"
OAS30030,0,170.0,170.0,True,within tolerance,"nearest-day match, MRI_TOLERANCE_DAYS=365"
OAS30030,423,170.0,253.0,True,within tolerance,"nearest-day match, MRI_TOLERANCE_DAYS=365"
OAS30031,0,427.0,427.0,False,nearest MRI is 427 days away (exceeds 365-day tolerance),"nearest-day match, MRI_TOLERANCE_DAYS=365"
OAS30031,399,427.0,28.0,True,within tolerance,"nearest-day match, MRI_TOLERANCE_DAYS=365"
OAS30032,0,262.0,262.0,True,within tolerance,"nearest-day match, MRI_TOLERANCE_DAYS=365"
OAS30032,2460,1661.0,799.0,False,nearest MRI is 799 days away (exceeds 365-day tolerance),"nearest-day match, MRI_TOLERANCE_DAYS=365"
OAS30032,4756,3499.0,1257.0,False,nearest MRI is 1257 days away (exceeds 365-day tolerance),"nearest-day match, MRI_TOLERANCE_DAYS=365"
OAS30033,0,133.0,133.0,True,within tolerance,"nearest-day match, MRI_TOLERANCE_DAYS=365"
OAS30033,1187,1267.0,80.0,True,within tolerance,"nearest-day match, MRI_TOLERANCE_DAYS=365"
OAS30033,1679,1267.0,412.0,False,nearest MRI is 412 days away (exceeds 365-day tolerance),"nearest-day match, MRI_TOLERANCE_DAYS=365"
OAS30034,0,44.0,44.0,True,within tolerance,"nearest-day match, MRI_TOLERANCE_DAYS=365"
OAS30035,0,2218.0,2218.0,False,nearest MRI is 2218 days away (exceeds 365-day tolerance),"nearest-day match, MRI_TOLERANCE_DAYS=365"
OAS30035,384,2218.0,1834.0,False,nearest MRI is 1834 days away (exceeds 365-day tolerance),"nearest-day match, MRI_TOLERANCE_DAYS=365"
OAS30035,772,2218.0,1446.0,False,nearest MRI is 1446 days away (exceeds 365-day tolerance),"nearest-day match, MRI_TOLERANCE_DAYS=365"
OAS30035,1112,2218.0,1106.0,False,nearest MRI is 1106 days away (exceeds 365-day tolerance),"nearest-day match, MRI_TOLERANCE_DAYS=365"
OAS30035,1478,2218.0,740.0,False,nearest MRI is 740 days away (exceeds 365-day tolerance),"nearest-day match, MRI_TOLERANCE_DAYS=365"
OAS30035,1829,2218.0,389.0,False,nearest MRI is 389 days away (exceeds 365-day tolerance),"nearest-day match, MRI_TOLERANCE_DAYS=365"
OAS30035,2198,2218.0,20.0,True,within tolerance,"nearest-day match, MRI_TOLERANCE_DAYS=365"
OAS30035,2620,2218.0,402.0,False,nearest MRI is 402 days away (exceeds 365-day tolerance),"nearest-day match, MRI_TOLERANCE_DAYS=365"
OAS30035,2987,2218.0,769.0,False,nearest MRI is 769 days away (exceeds 365-day tolerance),"nearest-day match, MRI_TOLERANCE_DAYS=365"
OAS30035,3730,3850.0,120.0,True,within tolerance,"nearest-day match, MRI_TOLERANCE_DAYS=365"
OAS30035,4165,3850.0,315.0,True,within tolerance,"nearest-day match, MRI_TOLERANCE_DAYS=365"
OAS30036,0,59.0,59.0,True,within tolerance,"nearest-day match, MRI_TOLERANCE_DAYS=365"
OAS30036,375,59.0,316.0,True,within tolerance,"nearest-day match, MRI_TOLERANCE_DAYS=365"
OAS30036,758,1199.0,441.0,False,nearest MRI is 441 days away (exceeds 365-day tolerance),"nearest-day match, MRI_TOLERANCE_DAYS=365"
OAS30036,1159,1199.0,40.0,True,within tolerance,"nearest-day match, MRI_TOLERANCE_DAYS=365"
OAS30036,1486,1199.0,287.0,True,within tolerance,"nearest-day match, MRI_TOLERANCE_DAYS=365"
OAS30036,1836,1199.0,637.0,False,nearest MRI is 637 days away (exceeds 365-day tolerance),"nearest-day match, MRI_TOLERANCE_DAYS=365"
OAS30036,2403,1199.0,1204.0,False,nearest MRI is 1204 days away (exceeds 365-day tolerance),"nearest-day match, MRI_TOLERANCE_DAYS=365"
OAS30036,2699,1199.0,1500.0,False,nearest MRI is 1500 days away (exceeds 365-day tolerance),"nearest-day match, MRI_TOLERANCE_DAYS=365"
OAS30037,0,154.0,154.0,True,within tolerance,"nearest-day match, MRI_TOLERANCE_DAYS=365"
OAS30037,1251,1307.0,56.0,True,within tolerance,"nearest-day match, MRI_TOLERANCE_DAYS=365"
OAS30037,2247,2310.0,63.0,True,within tolerance,"nearest-day match, MRI_TOLERANCE_DAYS=365"
OAS30038,0,1214.0,1214.0,False,nearest MRI is 1214 days away (exceeds 365-day tolerance),"nearest-day match, MRI_TOLERANCE_DAYS=365"
OAS30038,1064,1214.0,150.0,True,within tolerance,"nearest-day match, MRI_TOLERANCE_DAYS=365"
OAS30038,2227,2242.0,15.0,True,within tolerance,"nearest-day match, MRI_TOLERANCE_DAYS=365"
OAS30038,3308,3376.0,68.0,True,within tolerance,"nearest-day match, MRI_TOLERANCE_DAYS=365"
OAS30038,3746,3376.0,370.0,False,nearest MRI is 370 days away (exceeds 365-day tolerance),"nearest-day match, MRI_TOLERANCE_DAYS=365"
OAS30038,4399,4495.0,96.0,True,within tolerance,"nearest-day match, MRI_TOLERANCE_DAYS=365"
OAS30038,4733,4495.0,238.0,True,within tolerance,"nearest-day match, MRI_TOLERANCE_DAYS=365"
OAS30038,5226,5769.0,543.0,False,nearest MRI is 543 days away (exceeds 365-day tolerance),"nearest-day match, MRI_TOLERANCE_DAYS=365"
OAS30038,6020,5770.0,250.0,True,within tolerance,"nearest-day match, MRI_TOLERANCE_DAYS=365"
OAS30038,6357,5770.0,587.0,False,nearest MRI is 587 days away (exceeds 365-day tolerance),"nearest-day match, MRI_TOLERANCE_DAYS=365"
OAS30038,6678,5770.0,908.0,False,nearest MRI is 908 days away (exceeds 365-day tolerance),"nearest-day match, MRI_TOLERANCE_DAYS=365"
OAS30039,0,103.0,103.0,True,within tolerance,"nearest-day match, MRI_TOLERANCE_DAYS=365"
OAS30039,406,103.0,303.0,True,within tolerance,"nearest-day match, MRI_TOLERANCE_DAYS=365"
OAS30039,696,1203.0,507.0,False,nearest MRI is 507 days away (exceeds 365-day tolerance),"nearest-day match, MRI_TOLERANCE_DAYS=365"
OAS30039,1057,1203.0,146.0,True,within tolerance,"nearest-day match, MRI_TOLERANCE_DAYS=365"
OAS30039,1489,1203.0,286.0,True,within tolerance,"nearest-day match, MRI_TOLERANCE_DAYS=365"
OAS30039,1875,1203.0,672.0,False,nearest MRI is 672 days away (exceeds 365-day tolerance),"nearest-day match, MRI_TOLERANCE_DAYS=365"
OAS30040,713,2899.0,2186.0,False,nearest MRI is 2186 days away (exceeds 365-day tolerance),"nearest-day match, MRI_TOLERANCE_DAYS=365"
OAS30040,1118,2899.0,1781.0,False,nearest MRI is 1781 days away (exceeds 365-day tolerance),"nearest-day match, MRI_TOLERANCE_DAYS=365"
OAS30040,1897,2899.0,1002.0,False,nearest MRI is 1002 days away (exceeds 365-day tolerance),"nearest-day match, MRI_TOLERANCE_DAYS=365"
OAS30040,2259,2899.0,640.0,False,nearest MRI is 640 days away (exceeds 365-day tolerance),"nearest-day match, MRI_TOLERANCE_DAYS=365"
OAS30040,3556,2899.0,657.0,False,nearest MRI is 657 days away (exceeds 365-day tolerance),"nearest-day match, MRI_TOLERANCE_DAYS=365"
OAS30040,3919,4230.0,311.0,True,within tolerance,"nearest-day match, MRI_TOLERANCE_DAYS=365"
OAS30040,4398,4230.0,168.0,True,within tolerance,"nearest-day match, MRI_TOLERANCE_DAYS=365"
OAS30041,0,6548.0,6548.0,False,nearest MRI is 6548 days away (exceeds 365-day tolerance),"nearest-day match, MRI_TOLERANCE_DAYS=365"
OAS30041,366,6548.0,6182.0,False,nearest MRI is 6182 days away (exceeds 365-day tolerance),"nearest-day match, MRI_TOLERANCE_DAYS=365"
OAS30041,725,6548.0,5823.0,False,nearest MRI is 5823 days away (exceeds 365-day tolerance),"nearest-day match, MRI_TOLERANCE_DAYS=365"
OAS30041,1094,6548.0,5454.0,False,nearest MRI is 5454 days away (exceeds 365-day tolerance),"nearest-day match, MRI_TOLERANCE_DAYS=365"
OAS30041,1885,6548.0,4663.0,False,nearest MRI is 4663 days away (exceeds 365-day tolerance),"nearest-day match, MRI_TOLERANCE_DAYS=365"
OAS30041,2265,6548.0,4283.0,False,nearest MRI is 4283 days away (exceeds 365-day tolerance),"nearest-day match, MRI_TOLERANCE_DAYS=365"
OAS30041,2902,6548.0,3646.0,False,nearest MRI is 3646 days away (exceeds 365-day tolerance),"nearest-day match, MRI_TOLERANCE_DAYS=365"
OAS30041,4000,6548.0,2548.0,False,nearest MRI is 2548 days away (exceeds 365-day tolerance),"nearest-day match, MRI_TOLERANCE_DAYS=365"
OAS30041,5229,6548.0,1319.0,False,nearest MRI is 1319 days away (exceeds 365-day tolerance),"nearest-day match, MRI_TOLERANCE_DAYS=365"
OAS30041,5959,6548.0,589.0,False,nearest MRI is 589 days away (exceeds 365-day tolerance),"nearest-day match, MRI_TOLERANCE_DAYS=365"
OAS30041,6336,6548.0,212.0,True,within tolerance,"nearest-day match, MRI_TOLERANCE_DAYS=365"
OAS30041,6785,6548.0,237.0,True,within tolerance,"nearest-day match, MRI_TOLERANCE_DAYS=365"
OAS30042,406,67.0,339.0,True,within tolerance,"nearest-day match, MRI_TOLERANCE_DAYS=365"
OAS30042,768,1264.0,496.0,False,nearest MRI is 496 days away (exceeds 365-day tolerance),"nearest-day match, MRI_TOLERANCE_DAYS=365"
OAS30042,1140,1264.0,124.0,True,within tolerance,"nearest-day match, MRI_TOLERANCE_DAYS=365"
OAS30042,1491,1264.0,227.0,True,within tolerance,"nearest-day match, MRI_TOLERANCE_DAYS=365"
OAS30042,1944,1264.0,680.0,False,nearest MRI is 680 days away (exceeds 365-day tolerance),"nearest-day match, MRI_TOLERANCE_DAYS=365"
OAS30043,0,145.0,145.0,True,within tolerance,"nearest-day match, MRI_TOLERANCE_DAYS=365"
OAS30044,0,54.0,54.0,True,within tolerance,"nearest-day match, MRI_TOLERANCE_DAYS=365"
OAS30044,2459,1319.0,1140.0,False,nearest MRI is 1140 days away (exceeds 365-day tolerance),"nearest-day match, MRI_TOLERANCE_DAYS=365"
OAS30046,0,72.0,72.0,True,within tolerance,"nearest-day match, MRI_TOLERANCE_DAYS=365"
OAS30046,352,72.0,280.0,True,within tolerance,"nearest-day match, MRI_TOLERANCE_DAYS=365"
OAS30046,758,848.0,90.0,True,within tolerance,"nearest-day match, MRI_TOLERANCE_DAYS=365"
OAS30046,1190,848.0,342.0,True,within tolerance,"nearest-day match, MRI_TOLERANCE_DAYS=365"
OAS30046,1533,1968.0,435.0,False,nearest MRI is 435 days away (exceeds 365-day tolerance),"nearest-day match, MRI_TOLERANCE_DAYS=365"
OAS30046,2276,1968.0,308.0,True,within tolerance,"nearest-day match, MRI_TOLERANCE_DAYS=365"
OAS30046,2601,1968.0,633.0,False,nearest MRI is 633 days away (exceeds 365-day tolerance),"nearest-day match, MRI_TOLERANCE_DAYS=365"
OAS30048,0,983.0,983.0,False,nearest MRI is 983 days away (exceeds 365-day tolerance),"nearest-day match, MRI_TOLERANCE_DAYS=365"
OAS30048,2225,2292.0,67.0,True,within tolerance,"nearest-day match, MRI_TOLERANCE_DAYS=365"
OAS30048,3783,3731.0,52.0,True,within tolerance,"nearest-day match, MRI_TOLERANCE_DAYS=365"
OAS30048,4098,4459.0,361.0,True,within tolerance,"nearest-day match, MRI_TOLERANCE_DAYS=365"
OAS30048,4369,4459.0,90.0,True,within tolerance,"nearest-day match, MRI_TOLERANCE_DAYS=365"
OAS30048,4808,4459.0,349.0,True,within tolerance,"nearest-day match, MRI_TOLERANCE_DAYS=365"
OAS30048,5082,5643.0,561.0,False,nearest MRI is 561 days away (exceeds 365-day tolerance),"nearest-day match, MRI_TOLERANCE_DAYS=365"
OAS30048,6071,5643.0,428.0,False,nearest MRI is 428 days away (exceeds 365-day tolerance),"nearest-day match, MRI_TOLERANCE_DAYS=365"
OAS30049,0,13.0,13.0,True,within tolerance,"nearest-day match, MRI_TOLERANCE_DAYS=365"
OAS30049,745,13.0,732.0,False,nearest MRI is 732 days away (exceeds 365-day tolerance),"nearest-day match, MRI_TOLERANCE_DAYS=365"
OAS30049,1276,1633.0,357.0,True,within tolerance,"nearest-day match, MRI_TOLERANCE_DAYS=365"
OAS30049,1567,1633.0,66.0,True,within tolerance,"nearest-day match, MRI_TOLERANCE_DAYS=365"
OAS30049,1991,1633.0,358.0,True,within tolerance,"nearest-day match, MRI_TOLERANCE_DAYS=365"
OAS30049,2318,2933.0,615.0,False,nearest MRI is 615 days away (exceeds 365-day tolerance),"nearest-day match, MRI_TOLERANCE_DAYS=365"
OAS30049,2704,2933.0,229.0,True,within tolerance,"nearest-day match, MRI_TOLERANCE_DAYS=365"
OAS30049,3040,2933.0,107.0,True,within tolerance,"nearest-day match, MRI_TOLERANCE_DAYS=365"
OAS30049,3395,2933.0,462.0,False,nearest MRI is 462 days away (exceeds 365-day tolerance),"nearest-day match, MRI_TOLERANCE_DAYS=365"
OAS30050,0,110.0,110.0,True,within tolerance,"nearest-day match, MRI_TOLERANCE_DAYS=365"
OAS30050,480,110.0,370.0,False,nearest MRI is 370 days away (exceeds 365-day tolerance),"nearest-day match, MRI_TOLERANCE_DAYS=365"
OAS30050,1418,1530.0,112.0,True,within tolerance,"nearest-day match, MRI_TOLERANCE_DAYS=365"
OAS30050,2664,1530.0,1134.0,False,nearest MRI is 1134 days away (exceeds 365-day tolerance),"nearest-day match, MRI_TOLERANCE_DAYS=365"
OAS30050,3101,1530.0,1571.0,False,nearest MRI is 1571 days away (exceeds 365-day tolerance),"nearest-day match, MRI_TOLERANCE_DAYS=365"
OAS30051,0,200.0,200.0,True,within tolerance,"nearest-day match, MRI_TOLERANCE_DAYS=365"
OAS30051,363,200.0,163.0,True,within tolerance,"nearest-day match, MRI_TOLERANCE_DAYS=365"
OAS30051,1210,1286.0,76.0,True,within tolerance,"nearest-day match, MRI_TOLERANCE_DAYS=365"
OAS30051,1616,1286.0,330.0,True,within tolerance,"nearest-day match, MRI_TOLERANCE_DAYS=365"
OAS30052,0,693.0,693.0,False,nearest MRI is 693 days away (exceeds 365-day tolerance),"nearest-day match, MRI_TOLERANCE_DAYS=365"
OAS30052,379,693.0,314.0,True,within tolerance,"nearest-day match, MRI_TOLERANCE_DAYS=365"
OAS30052,728,693.0,35.0,True,within tolerance,"nearest-day match, MRI_TOLERANCE_DAYS=365"
OAS30052,1099,1296.0,197.0,True,within tolerance,"nearest-day match, MRI_TOLERANCE_DAYS=365"
OAS30052,1512,1296.0,216.0,True,within tolerance,"nearest-day match, MRI_TOLERANCE_DAYS=365"
OAS30052,1861,1296.0,565.0,False,nearest MRI is 565 days away (exceeds 365-day tolerance),"nearest-day match, MRI_TOLERANCE_DAYS=365"
OAS30052,2244,2709.0,465.0,False,nearest MRI is 465 days away (exceeds 365-day tolerance),"nearest-day match, MRI_TOLERANCE_DAYS=365"
OAS30052,2650,2709.0,59.0,True,within tolerance,"nearest-day match, MRI_TOLERANCE_DAYS=365"
OAS30052,3028,2737.0,291.0,True,within tolerance,"nearest-day match, MRI_TOLERANCE_DAYS=365"
OAS30052,3332,2737.0,595.0,False,nearest MRI is 595 days away (exceeds 365-day tolerance),"nearest-day match, MRI_TOLERANCE_DAYS=365"
OAS30052,3690,4235.0,545.0,False,nearest MRI is 545 days away (exceeds 365-day tolerance),"nearest-day match, MRI_TOLERANCE_DAYS=365"
OAS30052,4187,4235.0,48.0,True,within tolerance,"nearest-day match, MRI_TOLERANCE_DAYS=365"
OAS30052,4590,4235.0,355.0,True,within tolerance,"nearest-day match, MRI_TOLERANCE_DAYS=365"
OAS30052,4929,4235.0,694.0,False,nearest MRI is 694 days away (exceeds 365-day tolerance),"nearest-day match, MRI_TOLERANCE_DAYS=365"
OAS30052,5244,4235.0,1009.0,False,nearest MRI is 1009 days away (exceeds 365-day tolerance),"nearest-day match, MRI_TOLERANCE_DAYS=365"
OAS30052,5627,4235.0,1392.0,False,nearest MRI is 1392 days away (exceeds 365-day tolerance),"nearest-day match, MRI_TOLERANCE_DAYS=365"
OAS30053,1074,428.0,646.0,False,nearest MRI is 646 days away (exceeds 365-day tolerance),"nearest-day match, MRI_TOLERANCE_DAYS=365"
OAS30053,1835,428.0,1407.0,False,nearest MRI is 1407 days away (exceeds 365-day tolerance),"nearest-day match, MRI_TOLERANCE_DAYS=365"
OAS30055,0,65.0,65.0,True,within tolerance,"nearest-day match, MRI_TOLERANCE_DAYS=365"
OAS30055,750,566.0,184.0,True,within tolerance,"nearest-day match, MRI_TOLERANCE_DAYS=365"
OAS30055,1203,566.0,637.0,False,nearest MRI is 637 days away (exceeds 365-day tolerance),"nearest-day match, MRI_TOLERANCE_DAYS=365"
OAS30057,0,75.0,75.0,True,within tolerance,"nearest-day match, MRI_TOLERANCE_DAYS=365"
OAS30057,382,75.0,307.0,True,within tolerance,"nearest-day match, MRI_TOLERANCE_DAYS=365"
OAS30057,691,75.0,616.0,False,nearest MRI is 616 days away (exceeds 365-day tolerance),"nearest-day match, MRI_TOLERANCE_DAYS=365"
OAS30057,1209,75.0,1134.0,False,nearest MRI is 1134 days away (exceeds 365-day tolerance),"nearest-day match, MRI_TOLERANCE_DAYS=365"
OAS30058,386,,,False,subject has zero MRI/FreeSurfer records,"nearest-day match, MRI_TOLERANCE_DAYS=365"
OAS30058,805,,,False,subject has zero MRI/FreeSurfer records,"nearest-day match, MRI_TOLERANCE_DAYS=365"
OAS30058,1250,,,False,subject has zero MRI/FreeSurfer records,"nearest-day match, MRI_TOLERANCE_DAYS=365"
OAS30058,1582,,,False,subject has zero MRI/FreeSurfer records,"nearest-day match, MRI_TOLERANCE_DAYS=365"
OAS30058,1950,,,False,subject has zero MRI/FreeSurfer records,"nearest-day match, MRI_TOLERANCE_DAYS=365"
OAS30058,2311,,,False,subject has zero MRI/FreeSurfer records,"nearest-day match, MRI_TOLERANCE_DAYS=365"
OAS30058,2739,,,False,subject has zero MRI/FreeSurfer records,"nearest-day match, MRI_TOLERANCE_DAYS=365"
OAS30058,3119,,,False,subject has zero MRI/FreeSurfer records,"nearest-day match, MRI_TOLERANCE_DAYS=365"
OAS30058,3447,,,False,subject has zero MRI/FreeSurfer records,"nearest-day match, MRI_TOLERANCE_DAYS=365"
OAS30058,3844,,,False,subject has zero MRI/FreeSurfer records,"nearest-day match, MRI_TOLERANCE_DAYS=365"
OAS30058,4166,,,False,subject has zero MRI/FreeSurfer records,"nearest-day match, MRI_TOLERANCE_DAYS=365"
OAS30058,4547,,,False,subject has zero MRI/FreeSurfer records,"nearest-day match, MRI_TOLERANCE_DAYS=365"
OAS30058,5076,,,False,subject has zero MRI/FreeSurfer records,"nearest-day match, MRI_TOLERANCE_DAYS=365"
OAS30058,5432,,,False,subject has zero MRI/FreeSurfer records,"nearest-day match, MRI_TOLERANCE_DAYS=365"
OAS30059,0,230.0,230.0,True,within tolerance,"nearest-day match, MRI_TOLERANCE_DAYS=365"
OAS30060,0,74.0,74.0,True,within tolerance,"nearest-day match, MRI_TOLERANCE_DAYS=365"
OAS30060,352,74.0,278.0,True,within tolerance,"nearest-day match, MRI_TOLERANCE_DAYS=365"
OAS30060,742,74.0,668.0,False,nearest MRI is 668 days away (exceeds 365-day tolerance),"nearest-day match, MRI_TOLERANCE_DAYS=365"
OAS30060,1086,74.0,1012.0,False,nearest MRI is 1012 days away (exceeds 365-day tolerance),"nearest-day match, MRI_TOLERANCE_DAYS=365"
OAS30060,1424,74.0,1350.0,False,nearest MRI is 1350 days away (exceeds 365-day tolerance),"nearest-day match, MRI_TOLERANCE_DAYS=365"
OAS30060,1796,74.0,1722.0,False,nearest MRI is 1722 days away (exceeds 365-day tolerance),"nearest-day match, MRI_TOLERANCE_DAYS=365"
OAS30060,2321,74.0,2247.0,False,nearest MRI is 2247 days away (exceeds 365-day tolerance),"nearest-day match, MRI_TOLERANCE_DAYS=365"
OAS30060,3266,74.0,3192.0,False,nearest MRI is 3192 days away (exceeds 365-day tolerance),"nearest-day match, MRI_TOLERANCE_DAYS=365"
OAS30060,3963,74.0,3889.0,False,nearest MRI is 3889 days away (exceeds 365-day tolerance),"nearest-day match, MRI_TOLERANCE_DAYS=365"
OAS30060,4376,74.0,4302.0,False,nearest MRI is 4302 days away (exceeds 365-day tolerance),"nearest-day match, MRI_TOLERANCE_DAYS=365"
OAS30060,4817,74.0,4743.0,False,nearest MRI is 4743 days away (exceeds 365-day tolerance),"nearest-day match, MRI_TOLERANCE_DAYS=365"
OAS30061,0,35.0,35.0,True,within tolerance,"nearest-day match, MRI_TOLERANCE_DAYS=365"
OAS30061,1260,35.0,1225.0,False,nearest MRI is 1225 days away (exceeds 365-day tolerance),"nearest-day match, MRI_TOLERANCE_DAYS=365"
OAS30061,1560,35.0,1525.0,False,nearest MRI is 1525 days away (exceeds 365-day tolerance),"nearest-day match, MRI_TOLERANCE_DAYS=365"
OAS30062,0,87.0,87.0,True,within tolerance,"nearest-day match, MRI_TOLERANCE_DAYS=365"
OAS30062,1113,1134.0,21.0,True,within tolerance,"nearest-day match, MRI_TOLERANCE_DAYS=365"
OAS30062,2228,1745.0,483.0,False,nearest MRI is 483 days away (exceeds 365-day tolerance),"nearest-day match, MRI_TOLERANCE_DAYS=365"
OAS30062,3416,3432.0,16.0,True,within tolerance,"nearest-day match, MRI_TOLERANCE_DAYS=365"
OAS30062,4432,4447.0,15.0,True,within tolerance,"nearest-day match, MRI_TOLERANCE_DAYS=365"
OAS30062,5483,4447.0,1036.0,False,nearest MRI is 1036 days away (exceeds 365-day tolerance),"nearest-day match, MRI_TOLERANCE_DAYS=365"
OAS30063,0,,,False,subject has zero MRI/FreeSurfer records,"nearest-day match, MRI_TOLERANCE_DAYS=365"
OAS30064,0,687.0,687.0,False,nearest MRI is 687 days away (exceeds 365-day tolerance),"nearest-day match, MRI_TOLERANCE_DAYS=365"
OAS30064,718,687.0,31.0,True,within tolerance,"nearest-day match, MRI_TOLERANCE_DAYS=365"
OAS30065,0,548.0,548.0,False,nearest MRI is 548 days away (exceeds 365-day tolerance),"nearest-day match, MRI_TOLERANCE_DAYS=365"
OAS30065,391,548.0,157.0,True,within tolerance,"nearest-day match, MRI_TOLERANCE_DAYS=365"
OAS30065,757,548.0,209.0,True,within tolerance,"nearest-day match, MRI_TOLERANCE_DAYS=365"
OAS30065,1189,548.0,641.0,False,nearest MRI is 641 days away (exceeds 365-day tolerance),"nearest-day match, MRI_TOLERANCE_DAYS=365"
OAS30065,1569,2009.0,440.0,False,nearest MRI is 440 days away (exceeds 365-day tolerance),"nearest-day match, MRI_TOLERANCE_DAYS=365"
OAS30065,2295,2009.0,286.0,True,within tolerance,"nearest-day match, MRI_TOLERANCE_DAYS=365"
OAS30065,2668,2009.0,659.0,False,nearest MRI is 659 days away (exceeds 365-day tolerance),"nearest-day match, MRI_TOLERANCE_DAYS=365"
OAS30065,3242,2009.0,1233.0,False,nearest MRI is 1233 days away (exceeds 365-day tolerance),"nearest-day match, MRI_TOLERANCE_DAYS=365"
OAS30065,3696,2009.0,1687.0,False,nearest MRI is 1687 days away (exceeds 365-day tolerance),"nearest-day match, MRI_TOLERANCE_DAYS=365"
OAS30066,1151,524.0,627.0,False,nearest MRI is 627 days away (exceeds 365-day tolerance),"nearest-day match, MRI_TOLERANCE_DAYS=365"
OAS30066,1477,2006.0,529.0,False,nearest MRI is 529 days away (exceeds 365-day tolerance),"nearest-day match, MRI_TOLERANCE_DAYS=365"
OAS30066,2203,2006.0,197.0,True,within tolerance,"nearest-day match, MRI_TOLERANCE_DAYS=365"
OAS30066,2937,2740.0,197.0,True,within tolerance,"nearest-day match, MRI_TOLERANCE_DAYS=365"
OAS30067,0,57.0,57.0,True,within tolerance,"nearest-day match, MRI_TOLERANCE_DAYS=365"
OAS30068,363,,,False,subject has zero MRI/FreeSurfer records,"nearest-day match, MRI_TOLERANCE_DAYS=365"
OAS30068,691,,,False,subject has zero MRI/FreeSurfer records,"nearest-day match, MRI_TOLERANCE_DAYS=365"
OAS30068,1173,,,False,subject has zero MRI/FreeSurfer records,"nearest-day match, MRI_TOLERANCE_DAYS=365"
OAS30068,1546,,,False,subject has zero MRI/FreeSurfer records,"nearest-day match, MRI_TOLERANCE_DAYS=365"
OAS30070,0,70.0,70.0,True,within tolerance,"nearest-day match, MRI_TOLERANCE_DAYS=365"
OAS30071,0,18.0,18.0,True,within tolerance,"nearest-day match, MRI_TOLERANCE_DAYS=365"
OAS30071,852,1627.0,775.0,False,nearest MRI is 775 days away (exceeds 365-day tolerance),"nearest-day match, MRI_TOLERANCE_DAYS=365"
OAS30071,1536,1627.0,91.0,True,within tolerance,"nearest-day match, MRI_TOLERANCE_DAYS=365"
OAS30071,1922,1627.0,295.0,True,within tolerance,"nearest-day match, MRI_TOLERANCE_DAYS=365"
OAS30071,2349,1627.0,722.0,False,nearest MRI is 722 days away (exceeds 365-day tolerance),"nearest-day match, MRI_TOLERANCE_DAYS=365"
OAS30072,0,218.0,218.0,True,within tolerance,"nearest-day match, MRI_TOLERANCE_DAYS=365"
OAS30072,414,218.0,196.0,True,within tolerance,"nearest-day match, MRI_TOLERANCE_DAYS=365"
OAS30072,875,1379.0,504.0,False,nearest MRI is 504 days away (exceeds 365-day tolerance),"nearest-day match, MRI_TOLERANCE_DAYS=365"
OAS30072,1247,1379.0,132.0,True,within tolerance,"nearest-day match, MRI_TOLERANCE_DAYS=365"
OAS30072,1598,1379.0,219.0,True,within tolerance,"nearest-day match, MRI_TOLERANCE_DAYS=365"
OAS30072,1960,2219.0,259.0,True,within tolerance,"nearest-day match, MRI_TOLERANCE_DAYS=365"
OAS30072,2317,2219.0,98.0,True,within tolerance,"nearest-day match, MRI_TOLERANCE_DAYS=365"
OAS30073,0,33.0,33.0,True,within tolerance,"nearest-day match, MRI_TOLERANCE_DAYS=365"
OAS30073,1500,1587.0,87.0,True,within tolerance,"nearest-day match, MRI_TOLERANCE_DAYS=365"
OAS30073,1904,2042.0,138.0,True,within tolerance,"nearest-day match, MRI_TOLERANCE_DAYS=365"
OAS30073,2331,2042.0,289.0,True,within tolerance,"nearest-day match, MRI_TOLERANCE_DAYS=365"
OAS30073,2751,2851.0,100.0,True,within tolerance,"nearest-day match, MRI_TOLERANCE_DAYS=365"
OAS30073,3241,2851.0,390.0,False,nearest MRI is 390 days away (exceeds 365-day tolerance),"nearest-day match, MRI_TOLERANCE_DAYS=365"
OAS30073,3670,3670.0,0.0,True,within tolerance,"nearest-day match, MRI_TOLERANCE_DAYS=365"
OAS30073,4071,4456.0,385.0,False,nearest MRI is 385 days away (exceeds 365-day tolerance),"nearest-day match, MRI_TOLERANCE_DAYS=365"
OAS30073,4455,4456.0,1.0,True,within tolerance,"nearest-day match, MRI_TOLERANCE_DAYS=365"
OAS30074,0,49.0,49.0,True,within tolerance,"nearest-day match, MRI_TOLERANCE_DAYS=365"
OAS30074,1136,1871.0,735.0,False,nearest MRI is 735 days away (exceeds 365-day tolerance),"nearest-day match, MRI_TOLERANCE_DAYS=365"
OAS30074,1729,1871.0,142.0,True,within tolerance,"nearest-day match, MRI_TOLERANCE_DAYS=365"
OAS30074,4038,2812.0,1226.0,False,nearest MRI is 1226 days away (exceeds 365-day tolerance),"nearest-day match, MRI_TOLERANCE_DAYS=365"
OAS30074,4452,2812.0,1640.0,False,nearest MRI is 1640 days away (exceeds 365-day tolerance),"nearest-day match, MRI_TOLERANCE_DAYS=365"
OAS30075,0,143.0,143.0,True,within tolerance,"nearest-day match, MRI_TOLERANCE_DAYS=365"
OAS30075,2685,967.0,1718.0,False,nearest MRI is 1718 days away (exceeds 365-day tolerance),"nearest-day match, MRI_TOLERANCE_DAYS=365"
OAS30076,0,534.0,534.0,False,nearest MRI is 534 days away (exceeds 365-day tolerance),"nearest-day match, MRI_TOLERANCE_DAYS=365"
OAS30076,418,534.0,116.0,True,within tolerance,"nearest-day match, MRI_TOLERANCE_DAYS=365"
OAS30076,792,534.0,258.0,True,within tolerance,"nearest-day match, MRI_TOLERANCE_DAYS=365"
OAS30076,2658,1735.0,923.0,False,nearest MRI is 923 days away (exceeds 365-day tolerance),"nearest-day match, MRI_TOLERANCE_DAYS=365"
OAS30076,2966,1735.0,1231.0,False,nearest MRI is 1231 days away (exceeds 365-day tolerance),"nearest-day match, MRI_TOLERANCE_DAYS=365"
OAS30077,343,944.0,601.0,False,nearest MRI is 601 days away (exceeds 365-day tolerance),"nearest-day match, MRI_TOLERANCE_DAYS=365"
OAS30077,1113,944.0,169.0,True,within tolerance,"nearest-day match, MRI_TOLERANCE_DAYS=365"
OAS30077,1468,944.0,524.0,False,nearest MRI is 524 days away (exceeds 365-day tolerance),"nearest-day match, MRI_TOLERANCE_DAYS=365"
OAS30077,1833,944.0,889.0,False,nearest MRI is 889 days away (exceeds 365-day tolerance),"nearest-day match, MRI_TOLERANCE_DAYS=365"
OAS30077,2196,944.0,1252.0,False,nearest MRI is 1252 days away (exceeds 365-day tolerance),"nearest-day match, MRI_TOLERANCE_DAYS=365"
OAS30078,844,210.0,634.0,False,nearest MRI is 634 days away (exceeds 365-day tolerance),"nearest-day match, MRI_TOLERANCE_DAYS=365"
OAS30079,0,19.0,19.0,True,within tolerance,"nearest-day match, MRI_TOLERANCE_DAYS=365"
OAS30079,1135,1833.0,698.0,False,nearest MRI is 698 days away (exceeds 365-day tolerance),"nearest-day match, MRI_TOLERANCE_DAYS=365"
OAS30079,2616,2668.0,52.0,True,within tolerance,"nearest-day match, MRI_TOLERANCE_DAYS=365"
OAS30079,3389,3410.0,21.0,True,within tolerance,"nearest-day match, MRI_TOLERANCE_DAYS=365"
OAS30079,4478,4523.0,45.0,True,within tolerance,"nearest-day match, MRI_TOLERANCE_DAYS=365"
OAS30080,0,48.0,48.0,True,within tolerance,"nearest-day match, MRI_TOLERANCE_DAYS=365"
OAS30080,1262,1318.0,56.0,True,within tolerance,"nearest-day match, MRI_TOLERANCE_DAYS=365"
OAS30080,1793,1318.0,475.0,False,nearest MRI is 475 days away (exceeds 365-day tolerance),"nearest-day match, MRI_TOLERANCE_DAYS=365"
OAS30080,2176,2281.0,105.0,True,within tolerance,"nearest-day match, MRI_TOLERANCE_DAYS=365"
OAS30080,2725,2281.0,444.0,False,nearest MRI is 444 days away (exceeds 365-day tolerance),"nearest-day match, MRI_TOLERANCE_DAYS=365"
OAS30080,3027,2281.0,746.0,False,nearest MRI is 746 days away (exceeds 365-day tolerance),"nearest-day match, MRI_TOLERANCE_DAYS=365"
OAS30082,1086,1700.0,614.0,False,nearest MRI is 614 days away (exceeds 365-day tolerance),"nearest-day match, MRI_TOLERANCE_DAYS=365"
OAS30083,0,465.0,465.0,False,nearest MRI is 465 days away (exceeds 365-day tolerance),"nearest-day match, MRI_TOLERANCE_DAYS=365"
OAS30083,360,465.0,105.0,True,within tolerance,"nearest-day match, MRI_TOLERANCE_DAYS=365"
OAS30083,1084,465.0,619.0,False,nearest MRI is 619 days away (exceeds 365-day tolerance),"nearest-day match, MRI_TOLERANCE_DAYS=365"
OAS30083,1441,465.0,976.0,False,nearest MRI is 976 days away (exceeds 365-day tolerance),"nearest-day match, MRI_TOLERANCE_DAYS=365"
OAS30083,2653,2882.0,229.0,True,within tolerance,"nearest-day match, MRI_TOLERANCE_DAYS=365"
OAS30083,3062,2882.0,180.0,True,within tolerance,"nearest-day match, MRI_TOLERANCE_DAYS=365"
OAS30083,3403,3827.0,424.0,False,nearest MRI is 424 days away (exceeds 365-day tolerance),"nearest-day match, MRI_TOLERANCE_DAYS=365"
OAS30083,3744,3827.0,83.0,True,within tolerance,"nearest-day match, MRI_TOLERANCE_DAYS=365"
OAS30083,4128,3827.0,301.0,True,within tolerance,"nearest-day match, MRI_TOLERANCE_DAYS=365"
OAS30083,4511,3827.0,684.0,False,nearest MRI is 684 days away (exceeds 365-day tolerance),"nearest-day match, MRI_TOLERANCE_DAYS=365"
OAS30083,4922,3827.0,1095.0,False,nearest MRI is 1095 days away (exceeds 365-day tolerance),"nearest-day match, MRI_TOLERANCE_DAYS=365"
OAS30083,5200,3827.0,1373.0,False,nearest MRI is 1373 days away (exceeds 365-day tolerance),"nearest-day match, MRI_TOLERANCE_DAYS=365"
OAS30084,0,470.0,470.0,False,nearest MRI is 470 days away (exceeds 365-day tolerance),"nearest-day match, MRI_TOLERANCE_DAYS=365"
OAS30084,385,470.0,85.0,True,within tolerance,"nearest-day match, MRI_TOLERANCE_DAYS=365"
OAS30084,738,470.0,268.0,True,within tolerance,"nearest-day match, MRI_TOLERANCE_DAYS=365"
OAS30084,1465,1360.0,105.0,True,within tolerance,"nearest-day match, MRI_TOLERANCE_DAYS=365"
OAS30085,0,1566.0,1566.0,False,nearest MRI is 1566 days away (exceeds 365-day tolerance),"nearest-day match, MRI_TOLERANCE_DAYS=365"
OAS30085,356,1566.0,1210.0,False,nearest MRI is 1210 days away (exceeds 365-day tolerance),"nearest-day match, MRI_TOLERANCE_DAYS=365"
OAS30085,826,1566.0,740.0,False,nearest MRI is 740 days away (exceeds 365-day tolerance),"nearest-day match, MRI_TOLERANCE_DAYS=365"
OAS30085,1565,1566.0,1.0,True,within tolerance,"nearest-day match, MRI_TOLERANCE_DAYS=365"
OAS30085,1944,1566.0,378.0,False,nearest MRI is 378 days away (exceeds 365-day tolerance),"nearest-day match, MRI_TOLERANCE_DAYS=365"
OAS30086,0,,,False,subject has zero MRI/FreeSurfer records,"nearest-day match, MRI_TOLERANCE_DAYS=365"
OAS30086,428,,,False,subject has zero MRI/FreeSurfer records,"nearest-day match, MRI_TOLERANCE_DAYS=365"
OAS30087,0,260.0,260.0,True,within tolerance,"nearest-day match, MRI_TOLERANCE_DAYS=365"
OAS30087,366,260.0,106.0,True,within tolerance,"nearest-day match, MRI_TOLERANCE_DAYS=365"
OAS30088,0,93.0,93.0,True,within tolerance,"nearest-day match, MRI_TOLERANCE_DAYS=365"
OAS30088,443,93.0,350.0,True,within tolerance,"nearest-day match, MRI_TOLERANCE_DAYS=365"
OAS30088,2634,93.0,2541.0,False,nearest MRI is 2541 days away (exceeds 365-day tolerance),"nearest-day match, MRI_TOLERANCE_DAYS=365"
OAS30089,0,1.0,1.0,True,within tolerance,"nearest-day match, MRI_TOLERANCE_DAYS=365"
OAS30090,0,118.0,118.0,True,within tolerance,"nearest-day match, MRI_TOLERANCE_DAYS=365"
OAS30090,2548,2676.0,128.0,True,within tolerance,"nearest-day match, MRI_TOLERANCE_DAYS=365"
OAS30091,0,92.0,92.0,True,within tolerance,"nearest-day match, MRI_TOLERANCE_DAYS=365"
OAS30091,371,92.0,279.0,True,within tolerance,"nearest-day match, MRI_TOLERANCE_DAYS=365"
OAS30091,762,92.0,670.0,False,nearest MRI is 670 days away (exceeds 365-day tolerance),"nearest-day match, MRI_TOLERANCE_DAYS=365"
OAS30091,1280,92.0,1188.0,False,nearest MRI is 1188 days away (exceeds 365-day tolerance),"nearest-day match, MRI_TOLERANCE_DAYS=365"
OAS30092,1123,636.0,487.0,False,nearest MRI is 487 days away (exceeds 365-day tolerance),"nearest-day match, MRI_TOLERANCE_DAYS=365"
OAS30093,0,56.0,56.0,True,within tolerance,"nearest-day match, MRI_TOLERANCE_DAYS=365"
OAS30093,1143,1192.0,49.0,True,within tolerance,"nearest-day match, MRI_TOLERANCE_DAYS=365"
OAS30094,0,140.0,140.0,True,within tolerance,"nearest-day match, MRI_TOLERANCE_DAYS=365"
OAS30094,408,140.0,268.0,True,within tolerance,"nearest-day match, MRI_TOLERANCE_DAYS=365"
OAS30095,0,33.0,33.0,True,within tolerance,"nearest-day match, MRI_TOLERANCE_DAYS=365"
OAS30096,0,24.0,24.0,True,within tolerance,"nearest-day match, MRI_TOLERANCE_DAYS=365"
OAS30096,379,24.0,355.0,True,within tolerance,"nearest-day match, MRI_TOLERANCE_DAYS=365"
OAS30096,762,24.0,738.0,False,nearest MRI is 738 days away (exceeds 365-day tolerance),"nearest-day match, MRI_TOLERANCE_DAYS=365"
OAS30096,1164,24.0,1140.0,False,nearest MRI is 1140 days away (exceeds 365-day tolerance),"nearest-day match, MRI_TOLERANCE_DAYS=365"
OAS30096,1487,2948.0,1461.0,False,nearest MRI is 1461 days away (exceeds 365-day tolerance),"nearest-day match, MRI_TOLERANCE_DAYS=365"
OAS30096,1833,2948.0,1115.0,False,nearest MRI is 1115 days away (exceeds 365-day tolerance),"nearest-day match, MRI_TOLERANCE_DAYS=365"
OAS30096,2218,2948.0,730.0,False,nearest MRI is 730 days away (exceeds 365-day tolerance),"nearest-day match, MRI_TOLERANCE_DAYS=365"
OAS30096,2563,2948.0,385.0,False,nearest MRI is 385 days away (exceeds 365-day tolerance),"nearest-day match, MRI_TOLERANCE_DAYS=365"
OAS30096,2925,2948.0,23.0,True,within tolerance,"nearest-day match, MRI_TOLERANCE_DAYS=365"
OAS30096,3291,2948.0,343.0,True,within tolerance,"nearest-day match, MRI_TOLERANCE_DAYS=365"
OAS30097,463,504.0,41.0,True,within tolerance,"nearest-day match, MRI_TOLERANCE_DAYS=365"
OAS30097,1191,504.0,687.0,False,nearest MRI is 687 days away (exceeds 365-day tolerance),"nearest-day match, MRI_TOLERANCE_DAYS=365"
OAS30097,2002,2551.0,549.0,False,nearest MRI is 549 days away (exceeds 365-day tolerance),"nearest-day match, MRI_TOLERANCE_DAYS=365"
OAS30097,3614,3787.0,173.0,True,within tolerance,"nearest-day match, MRI_TOLERANCE_DAYS=365"
OAS30098,0,36.0,36.0,True,within tolerance,"nearest-day match, MRI_TOLERANCE_DAYS=365"
OAS30099,777,32.0,745.0,False,nearest MRI is 745 days away (exceeds 365-day tolerance),"nearest-day match, MRI_TOLERANCE_DAYS=365"
OAS30099,1127,32.0,1095.0,False,nearest MRI is 1095 days away (exceeds 365-day tolerance),"nearest-day match, MRI_TOLERANCE_DAYS=365"
OAS30099,1890,32.0,1858.0,False,nearest MRI is 1858 days away (exceeds 365-day tolerance),"nearest-day match, MRI_TOLERANCE_DAYS=365"
OAS30099,2254,32.0,2222.0,False,nearest MRI is 2222 days away (exceeds 365-day tolerance),"nearest-day match, MRI_TOLERANCE_DAYS=365"
OAS30099,2636,32.0,2604.0,False,nearest MRI is 2604 days away (exceeds 365-day tolerance),"nearest-day match, MRI_TOLERANCE_DAYS=365"
OAS30100,0,,,False,subject has zero MRI/FreeSurfer records,"nearest-day match, MRI_TOLERANCE_DAYS=365"
OAS30101,0,101.0,101.0,True,within tolerance,"nearest-day match, MRI_TOLERANCE_DAYS=365"
OAS30101,350,101.0,249.0,True,within tolerance,"nearest-day match, MRI_TOLERANCE_DAYS=365"
OAS30101,1088,919.0,169.0,True,within tolerance,"nearest-day match, MRI_TOLERANCE_DAYS=365"
OAS30101,1444,919.0,525.0,False,nearest MRI is 525 days away (exceeds 365-day tolerance),"nearest-day match, MRI_TOLERANCE_DAYS=365"
OAS30101,1863,2650.0,787.0,False,nearest MRI is 787 days away (exceeds 365-day tolerance),"nearest-day match, MRI_TOLERANCE_DAYS=365"
OAS30101,2236,2650.0,414.0,False,nearest MRI is 414 days away (exceeds 365-day tolerance),"nearest-day match, MRI_TOLERANCE_DAYS=365"
OAS30101,2633,2650.0,17.0,True,within tolerance,"nearest-day match, MRI_TOLERANCE_DAYS=365"
OAS30101,3005,2650.0,355.0,True,within tolerance,"nearest-day match, MRI_TOLERANCE_DAYS=365"
OAS30101,3293,2650.0,643.0,False,nearest MRI is 643 days away (exceeds 365-day tolerance),"nearest-day match, MRI_TOLERANCE_DAYS=365"
OAS30101,3707,2650.0,1057.0,False,nearest MRI is 1057 days away (exceeds 365-day tolerance),"nearest-day match, MRI_TOLERANCE_DAYS=365"
OAS30101,4440,2650.0,1790.0,False,nearest MRI is 1790 days away (exceeds 365-day tolerance),"nearest-day match, MRI_TOLERANCE_DAYS=365"
OAS30101,4763,2650.0,2113.0,False,nearest MRI is 2113 days away (exceeds 365-day tolerance),"nearest-day match, MRI_TOLERANCE_DAYS=365"
OAS30102,0,24.0,24.0,True,within tolerance,"nearest-day match, MRI_TOLERANCE_DAYS=365"
OAS30102,637,24.0,613.0,False,nearest MRI is 613 days away (exceeds 365-day tolerance),"nearest-day match, MRI_TOLERANCE_DAYS=365"
OAS30102,1886,1505.0,381.0,False,nearest MRI is 381 days away (exceeds 365-day tolerance),"nearest-day match, MRI_TOLERANCE_DAYS=365"
OAS30103,0,3306.0,3306.0,False,nearest MRI is 3306 days away (exceeds 365-day tolerance),"nearest-day match, MRI_TOLERANCE_DAYS=365"
OAS30103,383,3306.0,2923.0,False,nearest MRI is 2923 days away (exceeds 365-day tolerance),"nearest-day match, MRI_TOLERANCE_DAYS=365"
OAS30103,790,3306.0,2516.0,False,nearest MRI is 2516 days away (exceeds 365-day tolerance),"nearest-day match, MRI_TOLERANCE_DAYS=365"
OAS30103,1133,3306.0,2173.0,False,nearest MRI is 2173 days away (exceeds 365-day tolerance),"nearest-day match, MRI_TOLERANCE_DAYS=365"
OAS30103,2123,3306.0,1183.0,False,nearest MRI is 1183 days away (exceeds 365-day tolerance),"nearest-day match, MRI_TOLERANCE_DAYS=365"
OAS30103,2554,3306.0,752.0,False,nearest MRI is 752 days away (exceeds 365-day tolerance),"nearest-day match, MRI_TOLERANCE_DAYS=365"
OAS30103,3107,3306.0,199.0,True,within tolerance,"nearest-day match, MRI_TOLERANCE_DAYS=365"
OAS30103,3825,4255.0,430.0,False,nearest MRI is 430 days away (exceeds 365-day tolerance),"nearest-day match, MRI_TOLERANCE_DAYS=365"
OAS30103,4174,4255.0,81.0,True,within tolerance,"nearest-day match, MRI_TOLERANCE_DAYS=365"
OAS30103,4549,4255.0,294.0,True,within tolerance,"nearest-day match, MRI_TOLERANCE_DAYS=365"
OAS30103,4965,4255.0,710.0,False,nearest MRI is 710 days away (exceeds 365-day tolerance),"nearest-day match, MRI_TOLERANCE_DAYS=365"
OAS30103,5777,4255.0,1522.0,False,nearest MRI is 1522 days away (exceeds 365-day tolerance),"nearest-day match, MRI_TOLERANCE_DAYS=365"
OAS30103,6159,7334.0,1175.0,False,nearest MRI is 1175 days away (exceeds 365-day tolerance),"nearest-day match, MRI_TOLERANCE_DAYS=365"
OAS30103,6723,7334.0,611.0,False,nearest MRI is 611 days away (exceeds 365-day tolerance),"nearest-day match, MRI_TOLERANCE_DAYS=365"
OAS30103,7144,7334.0,190.0,True,within tolerance,"nearest-day match, MRI_TOLERANCE_DAYS=365"
OAS30103,7509,7334.0,175.0,True,within tolerance,"nearest-day match, MRI_TOLERANCE_DAYS=365"
OAS30103,7881,7334.0,547.0,False,nearest MRI is 547 days away (exceeds 365-day tolerance),"nearest-day match, MRI_TOLERANCE_DAYS=365"
OAS30103,8252,7334.0,918.0,False,nearest MRI is 918 days away (exceeds 365-day tolerance),"nearest-day match, MRI_TOLERANCE_DAYS=365"
OAS30103,8633,7334.0,1299.0,False,nearest MRI is 1299 days away (exceeds 365-day tolerance),"nearest-day match, MRI_TOLERANCE_DAYS=365"
OAS30104,0,328.0,328.0,True,within tolerance,"nearest-day match, MRI_TOLERANCE_DAYS=365"
OAS30104,488,328.0,160.0,True,within tolerance,"nearest-day match, MRI_TOLERANCE_DAYS=365"
OAS30104,841,328.0,513.0,False,nearest MRI is 513 days away (exceeds 365-day tolerance),"nearest-day match, MRI_TOLERANCE_DAYS=365"
OAS30104,1189,328.0,861.0,False,nearest MRI is 861 days away (exceeds 365-day tolerance),"nearest-day match, MRI_TOLERANCE_DAYS=365"
OAS30104,1609,328.0,1281.0,False,nearest MRI is 1281 days away (exceeds 365-day tolerance),"nearest-day match, MRI_TOLERANCE_DAYS=365"
OAS30104,2140,328.0,1812.0,False,nearest MRI is 1812 days away (exceeds 365-day tolerance),"nearest-day match, MRI_TOLERANCE_DAYS=365"
OAS30104,2626,328.0,2298.0,False,nearest MRI is 2298 days away (exceeds 365-day tolerance),"nearest-day match, MRI_TOLERANCE_DAYS=365"
OAS30104,2995,328.0,2667.0,False,nearest MRI is 2667 days away (exceeds 365-day tolerance),"nearest-day match, MRI_TOLERANCE_DAYS=365"
OAS30104,3455,328.0,3127.0,False,nearest MRI is 3127 days away (exceeds 365-day tolerance),"nearest-day match, MRI_TOLERANCE_DAYS=365"
OAS30104,3827,328.0,3499.0,False,nearest MRI is 3499 days away (exceeds 365-day tolerance),"nearest-day match, MRI_TOLERANCE_DAYS=365"
OAS30104,4128,328.0,3800.0,False,nearest MRI is 3800 days away (exceeds 365-day tolerance),"nearest-day match, MRI_TOLERANCE_DAYS=365"
OAS30104,4484,328.0,4156.0,False,nearest MRI is 4156 days away (exceeds 365-day tolerance),"nearest-day match, MRI_TOLERANCE_DAYS=365"
OAS30105,386,56.0,330.0,True,within tolerance,"nearest-day match, MRI_TOLERANCE_DAYS=365"
OAS30105,701,1228.0,527.0,False,nearest MRI is 527 days away (exceeds 365-day tolerance),"nearest-day match, MRI_TOLERANCE_DAYS=365"
OAS30105,1170,1228.0,58.0,True,within tolerance,"nearest-day match, MRI_TOLERANCE_DAYS=365"
OAS30105,1466,1228.0,238.0,True,within tolerance,"nearest-day match, MRI_TOLERANCE_DAYS=365"
OAS30106,0,2982.0,2982.0,False,nearest MRI is 2982 days away (exceeds 365-day tolerance),"nearest-day match, MRI_TOLERANCE_DAYS=365"
OAS30106,790,2982.0,2192.0,False,nearest MRI is 2192 days away (exceeds 365-day tolerance),"nearest-day match, MRI_TOLERANCE_DAYS=365"
OAS30106,1273,2982.0,1709.0,False,nearest MRI is 1709 days away (exceeds 365-day tolerance),"nearest-day match, MRI_TOLERANCE_DAYS=365"
OAS30106,1856,2982.0,1126.0,False,nearest MRI is 1126 days away (exceeds 365-day tolerance),"nearest-day match, MRI_TOLERANCE_DAYS=365"
OAS30106,2237,2982.0,745.0,False,nearest MRI is 745 days away (exceeds 365-day tolerance),"nearest-day match, MRI_TOLERANCE_DAYS=365"
OAS30106,2650,2982.0,332.0,True,within tolerance,"nearest-day match, MRI_TOLERANCE_DAYS=365"
OAS30106,3016,2982.0,34.0,True,within tolerance,"nearest-day match, MRI_TOLERANCE_DAYS=365"
OAS30106,3387,2982.0,405.0,False,nearest MRI is 405 days away (exceeds 365-day tolerance),"nearest-day match, MRI_TOLERANCE_DAYS=365"
OAS30106,3764,2982.0,782.0,False,nearest MRI is 782 days away (exceeds 365-day tolerance),"nearest-day match, MRI_TOLERANCE_DAYS=365"
OAS30106,4087,4675.0,588.0,False,nearest MRI is 588 days away (exceeds 365-day tolerance),"nearest-day match, MRI_TOLERANCE_DAYS=365"
OAS30106,4437,4675.0,238.0,True,within tolerance,"nearest-day match, MRI_TOLERANCE_DAYS=365"
OAS30106,4803,4675.0,128.0,True,within tolerance,"nearest-day match, MRI_TOLERANCE_DAYS=365"
OAS30106,5979,4675.0,1304.0,False,nearest MRI is 1304 days away (exceeds 365-day tolerance),"nearest-day match, MRI_TOLERANCE_DAYS=365"
OAS30106,6328,4675.0,1653.0,False,nearest MRI is 1653 days away (exceeds 365-day tolerance),"nearest-day match, MRI_TOLERANCE_DAYS=365"
OAS30107,0,387.0,387.0,False,nearest MRI is 387 days away (exceeds 365-day tolerance),"nearest-day match, MRI_TOLERANCE_DAYS=365"
OAS30107,881,940.0,59.0,True,within tolerance,"nearest-day match, MRI_TOLERANCE_DAYS=365"
OAS30107,1288,940.0,348.0,True,within tolerance,"nearest-day match, MRI_TOLERANCE_DAYS=365"
OAS30107,2004,2765.0,761.0,False,nearest MRI is 761 days away (exceeds 365-day tolerance),"nearest-day match, MRI_TOLERANCE_DAYS=365"
OAS30108,0,168.0,168.0,True,within tolerance,"nearest-day match, MRI_TOLERANCE_DAYS=365"
OAS30108,1563,1062.0,501.0,False,nearest MRI is 501 days away (exceeds 365-day tolerance),"nearest-day match, MRI_TOLERANCE_DAYS=365"
OAS30108,1981,2066.0,85.0,True,within tolerance,"nearest-day match, MRI_TOLERANCE_DAYS=365"
OAS30108,2739,2066.0,673.0,False,nearest MRI is 673 days away (exceeds 365-day tolerance),"nearest-day match, MRI_TOLERANCE_DAYS=365"
OAS30108,3124,2066.0,1058.0,False,nearest MRI is 1058 days away (exceeds 365-day tolerance),"nearest-day match, MRI_TOLERANCE_DAYS=365"
OAS30108,3467,2066.0,1401.0,False,nearest MRI is 1401 days away (exceeds 365-day tolerance),"nearest-day match, MRI_TOLERANCE_DAYS=365"
OAS30108,3901,2066.0,1835.0,False,nearest MRI is 1835 days away (exceeds 365-day tolerance),"nearest-day match, MRI_TOLERANCE_DAYS=365"
OAS30108,4247,2066.0,2181.0,False,nearest MRI is 2181 days away (exceeds 365-day tolerance),"nearest-day match, MRI_TOLERANCE_DAYS=365"
OAS30109,0,270.0,270.0,True,within tolerance,"nearest-day match, MRI_TOLERANCE_DAYS=365"
OAS30109,1102,997.0,105.0,True,within tolerance,"nearest-day match, MRI_TOLERANCE_DAYS=365"
OAS30109,1455,997.0,458.0,False,nearest MRI is 458 days away (exceeds 365-day tolerance),"nearest-day match, MRI_TOLERANCE_DAYS=365"
OAS30109,1839,2310.0,471.0,False,nearest MRI is 471 days away (exceeds 365-day tolerance),"nearest-day match, MRI_TOLERANCE_DAYS=365"
OAS30109,2237,2310.0,73.0,True,within tolerance,"nearest-day match, MRI_TOLERANCE_DAYS=365"
OAS30109,2630,2320.0,310.0,True,within tolerance,"nearest-day match, MRI_TOLERANCE_DAYS=365"
OAS30109,3000,2320.0,680.0,False,nearest MRI is 680 days away (exceeds 365-day tolerance),"nearest-day match, MRI_TOLERANCE_DAYS=365"
OAS30109,3304,2320.0,984.0,False,nearest MRI is 984 days away (exceeds 365-day tolerance),"nearest-day match, MRI_TOLERANCE_DAYS=365"
OAS30109,3843,4518.0,675.0,False,nearest MRI is 675 days away (exceeds 365-day tolerance),"nearest-day match, MRI_TOLERANCE_DAYS=365"
OAS30109,4175,4518.0,343.0,True,within tolerance,"nearest-day match, MRI_TOLERANCE_DAYS=365"
OAS30110,0,155.0,155.0,True,within tolerance,"nearest-day match, MRI_TOLERANCE_DAYS=365"
OAS30111,0,385.0,385.0,False,nearest MRI is 385 days away (exceeds 365-day tolerance),"nearest-day match, MRI_TOLERANCE_DAYS=365"
OAS30111,923,385.0,538.0,False,nearest MRI is 538 days away (exceeds 365-day tolerance),"nearest-day match, MRI_TOLERANCE_DAYS=365"
OAS30112,0,91.0,91.0,True,within tolerance,"nearest-day match, MRI_TOLERANCE_DAYS=365"
OAS30112,2331,1196.0,1135.0,False,nearest MRI is 1135 days away (exceeds 365-day tolerance),"nearest-day match, MRI_TOLERANCE_DAYS=365"
OAS30113,0,894.0,894.0,False,nearest MRI is 894 days away (exceeds 365-day tolerance),"nearest-day match, MRI_TOLERANCE_DAYS=365"
OAS30113,2217,2280.0,63.0,True,within tolerance,"nearest-day match, MRI_TOLERANCE_DAYS=365"
OAS30113,4361,4437.0,76.0,True,within tolerance,"nearest-day match, MRI_TOLERANCE_DAYS=365"
OAS30113,4794,4437.0,357.0,True,within tolerance,"nearest-day match, MRI_TOLERANCE_DAYS=365"
OAS30113,5154,5558.0,404.0,False,nearest MRI is 404 days away (exceeds 365-day tolerance),"nearest-day match, MRI_TOLERANCE_DAYS=365"
OAS30113,5504,5558.0,54.0,True,within tolerance,"nearest-day match, MRI_TOLERANCE_DAYS=365"
OAS30113,5938,5592.0,346.0,True,within tolerance,"nearest-day match, MRI_TOLERANCE_DAYS=365"
OAS30114,0,86.0,86.0,True,within tolerance,"nearest-day match, MRI_TOLERANCE_DAYS=365"
OAS30115,0,138.0,138.0,True,within tolerance,"nearest-day match, MRI_TOLERANCE_DAYS=365"
OAS30115,1522,1660.0,138.0,True,within tolerance,"nearest-day match, MRI_TOLERANCE_DAYS=365"
OAS30115,1895,1660.0,235.0,True,within tolerance,"nearest-day match, MRI_TOLERANCE_DAYS=365"
OAS30116,0,17.0,17.0,True,within tolerance,"nearest-day match, MRI_TOLERANCE_DAYS=365"
OAS30117,0,2034.0,2034.0,False,nearest MRI is 2034 days away (exceeds 365-day tolerance),"nearest-day match, MRI_TOLERANCE_DAYS=365"
OAS30117,382,2034.0,1652.0,False,nearest MRI is 1652 days away (exceeds 365-day tolerance),"nearest-day match, MRI_TOLERANCE_DAYS=365"
OAS30117,755,2034.0,1279.0,False,nearest MRI is 1279 days away (exceeds 365-day tolerance),"nearest-day match, MRI_TOLERANCE_DAYS=365"
OAS30117,1106,2034.0,928.0,False,nearest MRI is 928 days away (exceeds 365-day tolerance),"nearest-day match, MRI_TOLERANCE_DAYS=365"
OAS30117,1509,2034.0,525.0,False,nearest MRI is 525 days away (exceeds 365-day tolerance),"nearest-day match, MRI_TOLERANCE_DAYS=365"
OAS30117,1873,2034.0,161.0,True,within tolerance,"nearest-day match, MRI_TOLERANCE_DAYS=365"
OAS30117,2225,2034.0,191.0,True,within tolerance,"nearest-day match, MRI_TOLERANCE_DAYS=365"
OAS30117,2941,2034.0,907.0,False,nearest MRI is 907 days away (exceeds 365-day tolerance),"nearest-day match, MRI_TOLERANCE_DAYS=365"
OAS30117,4050,4155.0,105.0,True,within tolerance,"nearest-day match, MRI_TOLERANCE_DAYS=365"
OAS30117,4401,4155.0,246.0,True,within tolerance,"nearest-day match, MRI_TOLERANCE_DAYS=365"
OAS30117,4915,5243.0,328.0,True,within tolerance,"nearest-day match, MRI_TOLERANCE_DAYS=365"
OAS30117,5208,5243.0,35.0,True,within tolerance,"nearest-day match, MRI_TOLERANCE_DAYS=365"
OAS30117,5585,5243.0,342.0,True,within tolerance,"nearest-day match, MRI_TOLERANCE_DAYS=365"
OAS30117,5984,5243.0,741.0,False,nearest MRI is 741 days away (exceeds 365-day tolerance),"nearest-day match, MRI_TOLERANCE_DAYS=365"
OAS30117,6360,5243.0,1117.0,False,nearest MRI is 1117 days away (exceeds 365-day tolerance),"nearest-day match, MRI_TOLERANCE_DAYS=365"
OAS30118,1210,1663.0,453.0,False,nearest MRI is 453 days away (exceeds 365-day tolerance),"nearest-day match, MRI_TOLERANCE_DAYS=365"
OAS30118,1597,1663.0,66.0,True,within tolerance,"nearest-day match, MRI_TOLERANCE_DAYS=365"
OAS30118,2308,1663.0,645.0,False,nearest MRI is 645 days away (exceeds 365-day tolerance),"nearest-day match, MRI_TOLERANCE_DAYS=365"
OAS30119,1167,1209.0,42.0,True,within tolerance,"nearest-day match, MRI_TOLERANCE_DAYS=365"
OAS30119,1581,1209.0,372.0,False,nearest MRI is 372 days away (exceeds 365-day tolerance),"nearest-day match, MRI_TOLERANCE_DAYS=365"
OAS30119,2617,2415.0,202.0,True,within tolerance,"nearest-day match, MRI_TOLERANCE_DAYS=365"
OAS30120,0,784.0,784.0,False,nearest MRI is 784 days away (exceeds 365-day tolerance),"nearest-day match, MRI_TOLERANCE_DAYS=365"
OAS30120,501,784.0,283.0,True,within tolerance,"nearest-day match, MRI_TOLERANCE_DAYS=365"
OAS30121,0,768.0,768.0,False,nearest MRI is 768 days away (exceeds 365-day tolerance),"nearest-day match, MRI_TOLERANCE_DAYS=365"
OAS30121,521,768.0,247.0,True,within tolerance,"nearest-day match, MRI_TOLERANCE_DAYS=365"
OAS30121,2268,2392.0,124.0,True,within tolerance,"nearest-day match, MRI_TOLERANCE_DAYS=365"
OAS30121,2733,2392.0,341.0,True,within tolerance,"nearest-day match, MRI_TOLERANCE_DAYS=365"
OAS30121,3777,2392.0,1385.0,False,nearest MRI is 1385 days away (exceeds 365-day tolerance),"nearest-day match, MRI_TOLERANCE_DAYS=365"
OAS30121,4577,2392.0,2185.0,False,nearest MRI is 2185 days away (exceeds 365-day tolerance),"nearest-day match, MRI_TOLERANCE_DAYS=365"
OAS30121,4953,2392.0,2561.0,False,nearest MRI is 2561 days away (exceeds 365-day tolerance),"nearest-day match, MRI_TOLERANCE_DAYS=365"
OAS30121,5620,2392.0,3228.0,False,nearest MRI is 3228 days away (exceeds 365-day tolerance),"nearest-day match, MRI_TOLERANCE_DAYS=365"
OAS30121,6010,2392.0,3618.0,False,nearest MRI is 3618 days away (exceeds 365-day tolerance),"nearest-day match, MRI_TOLERANCE_DAYS=365"
OAS30121,6369,2392.0,3977.0,False,nearest MRI is 3977 days away (exceeds 365-day tolerance),"nearest-day match, MRI_TOLERANCE_DAYS=365"
OAS30121,6739,2392.0,4347.0,False,nearest MRI is 4347 days away (exceeds 365-day tolerance),"nearest-day match, MRI_TOLERANCE_DAYS=365"
OAS30121,7152,2392.0,4760.0,False,nearest MRI is 4760 days away (exceeds 365-day tolerance),"nearest-day match, MRI_TOLERANCE_DAYS=365"
OAS30122,0,136.0,136.0,True,within tolerance,"nearest-day match, MRI_TOLERANCE_DAYS=365"
OAS30122,400,136.0,264.0,True,within tolerance,"nearest-day match, MRI_TOLERANCE_DAYS=365"
OAS30122,773,136.0,637.0,False,nearest MRI is 637 days away (exceeds 365-day tolerance),"nearest-day match, MRI_TOLERANCE_DAYS=365"
OAS30122,1739,136.0,1603.0,False,nearest MRI is 1603 days away (exceeds 365-day tolerance),"nearest-day match, MRI_TOLERANCE_DAYS=365"
OAS30122,2087,136.0,1951.0,False,nearest MRI is 1951 days away (exceeds 365-day tolerance),"nearest-day match, MRI_TOLERANCE_DAYS=365"
OAS30123,428,122.0,306.0,True,within tolerance,"nearest-day match, MRI_TOLERANCE_DAYS=365"
OAS30123,899,122.0,777.0,False,nearest MRI is 777 days away (exceeds 365-day tolerance),"nearest-day match, MRI_TOLERANCE_DAYS=365"
OAS30123,1282,122.0,1160.0,False,nearest MRI is 1160 days away (exceeds 365-day tolerance),"nearest-day match, MRI_TOLERANCE_DAYS=365"
OAS30124,0,,,False,subject has zero MRI/FreeSurfer records,"nearest-day match, MRI_TOLERANCE_DAYS=365"
OAS30124,372,,,False,subject has zero MRI/FreeSurfer records,"nearest-day match, MRI_TOLERANCE_DAYS=365"
OAS30125,384,201.0,183.0,True,within tolerance,"nearest-day match, MRI_TOLERANCE_DAYS=365"
OAS30125,764,201.0,563.0,False,nearest MRI is 563 days away (exceeds 365-day tolerance),"nearest-day match, MRI_TOLERANCE_DAYS=365"
OAS30126,0,1105.0,1105.0,False,nearest MRI is 1105 days away (exceeds 365-day tolerance),"nearest-day match, MRI_TOLERANCE_DAYS=365"
OAS30126,2303,2361.0,58.0,True,within tolerance,"nearest-day match, MRI_TOLERANCE_DAYS=365"
OAS30126,3297,3465.0,168.0,True,within tolerance,"nearest-day match, MRI_TOLERANCE_DAYS=365"
OAS30126,3683,3465.0,218.0,True,within tolerance,"nearest-day match, MRI_TOLERANCE_DAYS=365"
OAS30126,4067,3465.0,602.0,False,nearest MRI is 602 days away (exceeds 365-day tolerance),"nearest-day match, MRI_TOLERANCE_DAYS=365"
OAS30126,4457,3465.0,992.0,False,nearest MRI is 992 days away (exceeds 365-day tolerance),"nearest-day match, MRI_TOLERANCE_DAYS=365"
OAS30126,5153,3465.0,1688.0,False,nearest MRI is 1688 days away (exceeds 365-day tolerance),"nearest-day match, MRI_TOLERANCE_DAYS=365"
OAS30127,0,98.0,98.0,True,within tolerance,"nearest-day match, MRI_TOLERANCE_DAYS=365"
OAS30127,819,837.0,18.0,True,within tolerance,"nearest-day match, MRI_TOLERANCE_DAYS=365"
OAS30127,1110,837.0,273.0,True,within tolerance,"nearest-day match, MRI_TOLERANCE_DAYS=365"
OAS30127,1453,837.0,616.0,False,nearest MRI is 616 days away (exceeds 365-day tolerance),"nearest-day match, MRI_TOLERANCE_DAYS=365"
OAS30127,1763,2279.0,516.0,False,nearest MRI is 516 days away (exceeds 365-day tolerance),"nearest-day match, MRI_TOLERANCE_DAYS=365"
OAS30127,2176,2279.0,103.0,True,within tolerance,"nearest-day match, MRI_TOLERANCE_DAYS=365"
OAS30127,2586,2279.0,307.0,True,within tolerance,"nearest-day match, MRI_TOLERANCE_DAYS=365"
OAS30128,0,44.0,44.0,True,within tolerance,"nearest-day match, MRI_TOLERANCE_DAYS=365"
OAS30128,351,44.0,307.0,True,within tolerance,"nearest-day match, MRI_TOLERANCE_DAYS=365"
OAS30128,716,44.0,672.0,False,nearest MRI is 672 days away (exceeds 365-day tolerance),"nearest-day match, MRI_TOLERANCE_DAYS=365"
OAS30128,1113,44.0,1069.0,False,nearest MRI is 1069 days away (exceeds 365-day tolerance),"nearest-day match, MRI_TOLERANCE_DAYS=365"
OAS30129,0,55.0,55.0,True,within tolerance,"nearest-day match, MRI_TOLERANCE_DAYS=365"
OAS30129,385,55.0,330.0,True,within tolerance,"nearest-day match, MRI_TOLERANCE_DAYS=365"
OAS30129,764,1271.0,507.0,False,nearest MRI is 507 days away (exceeds 365-day tolerance),"nearest-day match, MRI_TOLERANCE_DAYS=365"
OAS30129,1085,1271.0,186.0,True,within tolerance,"nearest-day match, MRI_TOLERANCE_DAYS=365"
OAS30129,1588,1272.0,316.0,True,within tolerance,"nearest-day match, MRI_TOLERANCE_DAYS=365"
OAS30129,1869,1272.0,597.0,False,nearest MRI is 597 days away (exceeds 365-day tolerance),"nearest-day match, MRI_TOLERANCE_DAYS=365"
OAS30131,0,86.0,86.0,True,within tolerance,"nearest-day match, MRI_TOLERANCE_DAYS=365"
OAS30131,1122,632.0,490.0,False,nearest MRI is 490 days away (exceeds 365-day tolerance),"nearest-day match, MRI_TOLERANCE_DAYS=365"
OAS30131,2342,1901.0,441.0,False,nearest MRI is 441 days away (exceeds 365-day tolerance),"nearest-day match, MRI_TOLERANCE_DAYS=365"
OAS30131,4441,1901.0,2540.0,False,nearest MRI is 2540 days away (exceeds 365-day tolerance),"nearest-day match, MRI_TOLERANCE_DAYS=365"
OAS30131,5553,1901.0,3652.0,False,nearest MRI is 3652 days away (exceeds 365-day tolerance),"nearest-day match, MRI_TOLERANCE_DAYS=365"
OAS30132,371,63.0,308.0,True,within tolerance,"nearest-day match, MRI_TOLERANCE_DAYS=365"
OAS30132,1121,1392.0,271.0,True,within tolerance,"nearest-day match, MRI_TOLERANCE_DAYS=365"
OAS30132,1525,1392.0,133.0,True,within tolerance,"nearest-day match, MRI_TOLERANCE_DAYS=365"
OAS30132,3298,2288.0,1010.0,False,nearest MRI is 1010 days away (exceeds 365-day tolerance),"nearest-day match, MRI_TOLERANCE_DAYS=365"
OAS30133,464,505.0,41.0,True,within tolerance,"nearest-day match, MRI_TOLERANCE_DAYS=365"
OAS30133,1333,505.0,828.0,False,nearest MRI is 828 days away (exceeds 365-day tolerance),"nearest-day match, MRI_TOLERANCE_DAYS=365"
OAS30134,0,80.0,80.0,True,within tolerance,"nearest-day match, MRI_TOLERANCE_DAYS=365"
OAS30134,325,80.0,245.0,True,within tolerance,"nearest-day match, MRI_TOLERANCE_DAYS=365"
OAS30134,773,80.0,693.0,False,nearest MRI is 693 days away (exceeds 365-day tolerance),"nearest-day match, MRI_TOLERANCE_DAYS=365"
OAS30134,1114,1642.0,528.0,False,nearest MRI is 528 days away (exceeds 365-day tolerance),"nearest-day match, MRI_TOLERANCE_DAYS=365"
OAS30134,1487,1642.0,155.0,True,within tolerance,"nearest-day match, MRI_TOLERANCE_DAYS=365"
OAS30134,2028,1642.0,386.0,False,nearest MRI is 386 days away (exceeds 365-day tolerance),"nearest-day match, MRI_TOLERANCE_DAYS=365"
OAS30134,2381,2927.0,546.0,False,nearest MRI is 546 days away (exceeds 365-day tolerance),"nearest-day match, MRI_TOLERANCE_DAYS=365"
OAS30134,2794,2927.0,133.0,True,within tolerance,"nearest-day match, MRI_TOLERANCE_DAYS=365"
OAS30134,3126,2927.0,199.0,True,within tolerance,"nearest-day match, MRI_TOLERANCE_DAYS=365"
OAS30134,3839,2927.0,912.0,False,nearest MRI is 912 days away (exceeds 365-day tolerance),"nearest-day match, MRI_TOLERANCE_DAYS=365"
OAS30135,0,190.0,190.0,True,within tolerance,"nearest-day match, MRI_TOLERANCE_DAYS=365"
OAS30135,352,341.0,11.0,True,within tolerance,"nearest-day match, MRI_TOLERANCE_DAYS=365"
OAS30135,2263,2357.0,94.0,True,within tolerance,"nearest-day match, MRI_TOLERANCE_DAYS=365"
OAS30135,2669,2799.0,130.0,True,within tolerance,"nearest-day match, MRI_TOLERANCE_DAYS=365"
OAS30135,2984,2931.0,53.0,True,within tolerance,"nearest-day match, MRI_TOLERANCE_DAYS=365"
OAS30135,3395,2931.0,464.0,False,nearest MRI is 464 days away (exceeds 365-day tolerance),"nearest-day match, MRI_TOLERANCE_DAYS=365"
OAS30135,3774,2931.0,843.0,False,nearest MRI is 843 days away (exceeds 365-day tolerance),"nearest-day match, MRI_TOLERANCE_DAYS=365"
OAS30135,4073,2931.0,1142.0,False,nearest MRI is 1142 days away (exceeds 365-day tolerance),"nearest-day match, MRI_TOLERANCE_DAYS=365"
OAS30136,0,63.0,63.0,True,within tolerance,"nearest-day match, MRI_TOLERANCE_DAYS=365"
OAS30136,1797,63.0,1734.0,False,nearest MRI is 1734 days away (exceeds 365-day tolerance),"nearest-day match, MRI_TOLERANCE_DAYS=365"
OAS30137,0,3165.0,3165.0,False,nearest MRI is 3165 days away (exceeds 365-day tolerance),"nearest-day match, MRI_TOLERANCE_DAYS=365"
OAS30137,1771,3165.0,1394.0,False,nearest MRI is 1394 days away (exceeds 365-day tolerance),"nearest-day match, MRI_TOLERANCE_DAYS=365"
OAS30137,2542,3165.0,623.0,False,nearest MRI is 623 days away (exceeds 365-day tolerance),"nearest-day match, MRI_TOLERANCE_DAYS=365"
OAS30137,2899,3165.0,266.0,True,within tolerance,"nearest-day match, MRI_TOLERANCE_DAYS=365"
OAS30137,3801,3907.0,106.0,True,within tolerance,"nearest-day match, MRI_TOLERANCE_DAYS=365"
OAS30137,4130,4208.0,78.0,True,within tolerance,"nearest-day match, MRI_TOLERANCE_DAYS=365"
OAS30137,4459,4525.0,66.0,True,within tolerance,"nearest-day match, MRI_TOLERANCE_DAYS=365"
OAS30137,5222,5772.0,550.0,False,nearest MRI is 550 days away (exceeds 365-day tolerance),"nearest-day match, MRI_TOLERANCE_DAYS=365"
OAS30137,5994,5772.0,222.0,True,within tolerance,"nearest-day match, MRI_TOLERANCE_DAYS=365"
OAS30137,6339,5772.0,567.0,False,nearest MRI is 567 days away (exceeds 365-day tolerance),"nearest-day match, MRI_TOLERANCE_DAYS=365"
OAS30138,0,74.0,74.0,True,within tolerance,"nearest-day match, MRI_TOLERANCE_DAYS=365"
OAS30139,0,101.0,101.0,True,within tolerance,"nearest-day match, MRI_TOLERANCE_DAYS=365"
OAS30139,449,101.0,348.0,True,within tolerance,"nearest-day match, MRI_TOLERANCE_DAYS=365"
OAS30139,1213,1702.0,489.0,False,nearest MRI is 489 days away (exceeds 365-day tolerance),"nearest-day match, MRI_TOLERANCE_DAYS=365"
OAS30139,1605,1702.0,97.0,True,within tolerance,"nearest-day match, MRI_TOLERANCE_DAYS=365"
OAS30139,2085,1702.0,383.0,False,nearest MRI is 383 days away (exceeds 365-day tolerance),"nearest-day match, MRI_TOLERANCE_DAYS=365"
OAS30139,2793,1702.0,1091.0,False,nearest MRI is 1091 days away (exceeds 365-day tolerance),"nearest-day match, MRI_TOLERANCE_DAYS=365"
OAS30139,3198,1702.0,1496.0,False,nearest MRI is 1496 days away (exceeds 365-day tolerance),"nearest-day match, MRI_TOLERANCE_DAYS=365"
OAS30139,3496,1702.0,1794.0,False,nearest MRI is 1794 days away (exceeds 365-day tolerance),"nearest-day match, MRI_TOLERANCE_DAYS=365"
OAS30140,0,172.0,172.0,True,within tolerance,"nearest-day match, MRI_TOLERANCE_DAYS=365"
OAS30140,378,172.0,206.0,True,within tolerance,"nearest-day match, MRI_TOLERANCE_DAYS=365"
OAS30140,1277,172.0,1105.0,False,nearest MRI is 1105 days away (exceeds 365-day tolerance),"nearest-day match, MRI_TOLERANCE_DAYS=365"
OAS30141,0,544.0,544.0,False,nearest MRI is 544 days away (exceeds 365-day tolerance),"nearest-day match, MRI_TOLERANCE_DAYS=365"
OAS30141,391,544.0,153.0,True,within tolerance,"nearest-day match, MRI_TOLERANCE_DAYS=365"
OAS30141,887,544.0,343.0,True,within tolerance,"nearest-day match, MRI_TOLERANCE_DAYS=365"
OAS30141,1275,1306.0,31.0,True,within tolerance,"nearest-day match, MRI_TOLERANCE_DAYS=365"
OAS30141,1720,1306.0,414.0,False,nearest MRI is 414 days away (exceeds 365-day tolerance),"nearest-day match, MRI_TOLERANCE_DAYS=365"
OAS30141,2105,2512.0,407.0,False,nearest MRI is 407 days away (exceeds 365-day tolerance),"nearest-day match, MRI_TOLERANCE_DAYS=365"
OAS30141,2463,2512.0,49.0,True,within tolerance,"nearest-day match, MRI_TOLERANCE_DAYS=365"
OAS30141,2811,2512.0,299.0,True,within tolerance,"nearest-day match, MRI_TOLERANCE_DAYS=365"
OAS30141,3338,2512.0,826.0,False,nearest MRI is 826 days away (exceeds 365-day tolerance),"nearest-day match, MRI_TOLERANCE_DAYS=365"
OAS30142,0,75.0,75.0,True,within tolerance,"nearest-day match, MRI_TOLERANCE_DAYS=365"
OAS30142,329,75.0,254.0,True,within tolerance,"nearest-day match, MRI_TOLERANCE_DAYS=365"
OAS30142,2055,1279.0,776.0,False,nearest MRI is 776 days away (exceeds 365-day tolerance),"nearest-day match, MRI_TOLERANCE_DAYS=365"
OAS30142,2469,1279.0,1190.0,False,nearest MRI is 1190 days away (exceeds 365-day tolerance),"nearest-day match, MRI_TOLERANCE_DAYS=365"
OAS30142,3244,1279.0,1965.0,False,nearest MRI is 1965 days away (exceeds 365-day tolerance),"nearest-day match, MRI_TOLERANCE_DAYS=365"
OAS30143,0,2235.0,2235.0,False,nearest MRI is 2235 days away (exceeds 365-day tolerance),"nearest-day match, MRI_TOLERANCE_DAYS=365"
OAS30143,1081,2235.0,1154.0,False,nearest MRI is 1154 days away (exceeds 365-day tolerance),"nearest-day match, MRI_TOLERANCE_DAYS=365"
OAS30143,2218,2235.0,17.0,True,within tolerance,"nearest-day match, MRI_TOLERANCE_DAYS=365"
OAS30143,2571,2235.0,336.0,True,within tolerance,"nearest-day match, MRI_TOLERANCE_DAYS=365"
OAS30143,2977,3507.0,530.0,False,nearest MRI is 530 days away (exceeds 365-day tolerance),"nearest-day match, MRI_TOLERANCE_DAYS=365"
OAS30143,3359,3507.0,148.0,True,within tolerance,"nearest-day match, MRI_TOLERANCE_DAYS=365"
OAS30143,3754,3856.0,102.0,True,within tolerance,"nearest-day match, MRI_TOLERANCE_DAYS=365"
OAS30143,4060,4041.0,19.0,True,within tolerance,"nearest-day match, MRI_TOLERANCE_DAYS=365"
OAS30144,1429,1204.0,225.0,True,within tolerance,"nearest-day match, MRI_TOLERANCE_DAYS=365"
OAS30145,0,3506.0,3506.0,False,nearest MRI is 3506 days away (exceeds 365-day tolerance),"nearest-day match, MRI_TOLERANCE_DAYS=365"
OAS30145,384,3506.0,3122.0,False,nearest MRI is 3122 days away (exceeds 365-day tolerance),"nearest-day match, MRI_TOLERANCE_DAYS=365"
OAS30145,761,3506.0,2745.0,False,nearest MRI is 2745 days away (exceeds 365-day tolerance),"nearest-day match, MRI_TOLERANCE_DAYS=365"
OAS30145,2022,3506.0,1484.0,False,nearest MRI is 1484 days away (exceeds 365-day tolerance),"nearest-day match, MRI_TOLERANCE_DAYS=365"
OAS30145,2575,3506.0,931.0,False,nearest MRI is 931 days away (exceeds 365-day tolerance),"nearest-day match, MRI_TOLERANCE_DAYS=365"
OAS30145,3386,3506.0,120.0,True,within tolerance,"nearest-day match, MRI_TOLERANCE_DAYS=365"
OAS30145,3770,3506.0,264.0,True,within tolerance,"nearest-day match, MRI_TOLERANCE_DAYS=365"
OAS30145,4130,4247.0,117.0,True,within tolerance,"nearest-day match, MRI_TOLERANCE_DAYS=365"
OAS30146,798,1042.0,244.0,True,within tolerance,"nearest-day match, MRI_TOLERANCE_DAYS=365"
OAS30146,2190,2309.0,119.0,True,within tolerance,"nearest-day match, MRI_TOLERANCE_DAYS=365"
OAS30147,0,48.0,48.0,True,within tolerance,"nearest-day match, MRI_TOLERANCE_DAYS=365"
OAS30149,459,51.0,408.0,False,nearest MRI is 408 days away (exceeds 365-day tolerance),"nearest-day match, MRI_TOLERANCE_DAYS=365"
OAS30149,812,1240.0,428.0,False,nearest MRI is 428 days away (exceeds 365-day tolerance),"nearest-day match, MRI_TOLERANCE_DAYS=365"
OAS30149,1164,1240.0,76.0,True,within tolerance,"nearest-day match, MRI_TOLERANCE_DAYS=365"
OAS30149,1458,1240.0,218.0,True,within tolerance,"nearest-day match, MRI_TOLERANCE_DAYS=365"
OAS30149,1975,1240.0,735.0,False,nearest MRI is 735 days away (exceeds 365-day tolerance),"nearest-day match, MRI_TOLERANCE_DAYS=365"
OAS30149,2374,1240.0,1134.0,False,nearest MRI is 1134 days away (exceeds 365-day tolerance),"nearest-day match, MRI_TOLERANCE_DAYS=365"
OAS30149,2747,1240.0,1507.0,False,nearest MRI is 1507 days away (exceeds 365-day tolerance),"nearest-day match, MRI_TOLERANCE_DAYS=365"
OAS30150,0,100.0,100.0,True,within tolerance,"nearest-day match, MRI_TOLERANCE_DAYS=365"
OAS30150,352,100.0,252.0,True,within tolerance,"nearest-day match, MRI_TOLERANCE_DAYS=365"
OAS30150,1098,100.0,998.0,False,nearest MRI is 998 days away (exceeds 365-day tolerance),"nearest-day match, MRI_TOLERANCE_DAYS=365"
OAS30150,1923,100.0,1823.0,False,nearest MRI is 1823 days away (exceeds 365-day tolerance),"nearest-day match, MRI_TOLERANCE_DAYS=365"
OAS30151,0,64.0,64.0,True,within tolerance,"nearest-day match, MRI_TOLERANCE_DAYS=365"
OAS30151,441,64.0,377.0,False,nearest MRI is 377 days away (exceeds 365-day tolerance),"nearest-day match, MRI_TOLERANCE_DAYS=365"
OAS30151,749,64.0,685.0,False,nearest MRI is 685 days away (exceeds 365-day tolerance),"nearest-day match, MRI_TOLERANCE_DAYS=365"
OAS30151,1149,64.0,1085.0,False,nearest MRI is 1085 days away (exceeds 365-day tolerance),"nearest-day match, MRI_TOLERANCE_DAYS=365"
OAS30151,1522,64.0,1458.0,False,nearest MRI is 1458 days away (exceeds 365-day tolerance),"nearest-day match, MRI_TOLERANCE_DAYS=365"
OAS30152,0,111.0,111.0,True,within tolerance,"nearest-day match, MRI_TOLERANCE_DAYS=365"
OAS30152,367,111.0,256.0,True,within tolerance,"nearest-day match, MRI_TOLERANCE_DAYS=365"
OAS30152,1242,111.0,1131.0,False,nearest MRI is 1131 days away (exceeds 365-day tolerance),"nearest-day match, MRI_TOLERANCE_DAYS=365"
OAS30152,1783,111.0,1672.0,False,nearest MRI is 1672 days away (exceeds 365-day tolerance),"nearest-day match, MRI_TOLERANCE_DAYS=365"
OAS30152,2170,111.0,2059.0,False,nearest MRI is 2059 days away (exceeds 365-day tolerance),"nearest-day match, MRI_TOLERANCE_DAYS=365"
OAS30152,2527,111.0,2416.0,False,nearest MRI is 2416 days away (exceeds 365-day tolerance),"nearest-day match, MRI_TOLERANCE_DAYS=365"
OAS30152,3065,111.0,2954.0,False,nearest MRI is 2954 days away (exceeds 365-day tolerance),"nearest-day match, MRI_TOLERANCE_DAYS=365"
OAS30152,3416,111.0,3305.0,False,nearest MRI is 3305 days away (exceeds 365-day tolerance),"nearest-day match, MRI_TOLERANCE_DAYS=365"
OAS30152,3773,111.0,3662.0,False,nearest MRI is 3662 days away (exceeds 365-day tolerance),"nearest-day match, MRI_TOLERANCE_DAYS=365"
OAS30153,0,2220.0,2220.0,False,nearest MRI is 2220 days away (exceeds 365-day tolerance),"nearest-day match, MRI_TOLERANCE_DAYS=365"
OAS30153,671,2220.0,1549.0,False,nearest MRI is 1549 days away (exceeds 365-day tolerance),"nearest-day match, MRI_TOLERANCE_DAYS=365"
OAS30153,1025,2220.0,1195.0,False,nearest MRI is 1195 days away (exceeds 365-day tolerance),"nearest-day match, MRI_TOLERANCE_DAYS=365"
OAS30153,1460,2220.0,760.0,False,nearest MRI is 760 days away (exceeds 365-day tolerance),"nearest-day match, MRI_TOLERANCE_DAYS=365"
OAS30153,2190,2220.0,30.0,True,within tolerance,"nearest-day match, MRI_TOLERANCE_DAYS=365"
OAS30153,2552,2220.0,332.0,True,within tolerance,"nearest-day match, MRI_TOLERANCE_DAYS=365"
OAS30154,0,,,False,subject has zero MRI/FreeSurfer records,"nearest-day match, MRI_TOLERANCE_DAYS=365"
OAS30154,358,,,False,subject has zero MRI/FreeSurfer records,"nearest-day match, MRI_TOLERANCE_DAYS=365"
OAS30154,727,,,False,subject has zero MRI/FreeSurfer records,"nearest-day match, MRI_TOLERANCE_DAYS=365"
OAS30154,1128,,,False,subject has zero MRI/FreeSurfer records,"nearest-day match, MRI_TOLERANCE_DAYS=365"
OAS30154,1626,,,False,subject has zero MRI/FreeSurfer records,"nearest-day match, MRI_TOLERANCE_DAYS=365"
OAS30154,2521,,,False,subject has zero MRI/FreeSurfer records,"nearest-day match, MRI_TOLERANCE_DAYS=365"
OAS30154,2953,,,False,subject has zero MRI/FreeSurfer records,"nearest-day match, MRI_TOLERANCE_DAYS=365"
OAS30154,3636,,,False,subject has zero MRI/FreeSurfer records,"nearest-day match, MRI_TOLERANCE_DAYS=365"
OAS30154,4082,,,False,subject has zero MRI/FreeSurfer records,"nearest-day match, MRI_TOLERANCE_DAYS=365"
OAS30155,0,785.0,785.0,False,nearest MRI is 785 days away (exceeds 365-day tolerance),"nearest-day match, MRI_TOLERANCE_DAYS=365"
OAS30155,364,785.0,421.0,False,nearest MRI is 421 days away (exceeds 365-day tolerance),"nearest-day match, MRI_TOLERANCE_DAYS=365"
OAS30155,720,785.0,65.0,True,within tolerance,"nearest-day match, MRI_TOLERANCE_DAYS=365"
OAS30155,1148,785.0,363.0,True,within tolerance,"nearest-day match, MRI_TOLERANCE_DAYS=365"
OAS30155,1447,1934.0,487.0,False,nearest MRI is 487 days away (exceeds 365-day tolerance),"nearest-day match, MRI_TOLERANCE_DAYS=365"
OAS30155,1821,1934.0,113.0,True,within tolerance,"nearest-day match, MRI_TOLERANCE_DAYS=365"
OAS30155,2248,1934.0,314.0,True,within tolerance,"nearest-day match, MRI_TOLERANCE_DAYS=365"
OAS30155,2596,1934.0,662.0,False,nearest MRI is 662 days away (exceeds 365-day tolerance),"nearest-day match, MRI_TOLERANCE_DAYS=365"
OAS30156,334,503.0,169.0,True,within tolerance,"nearest-day match, MRI_TOLERANCE_DAYS=365"
OAS30156,672,503.0,169.0,True,within tolerance,"nearest-day match, MRI_TOLERANCE_DAYS=365"
OAS30156,1027,503.0,524.0,False,nearest MRI is 524 days away (exceeds 365-day tolerance),"nearest-day match, MRI_TOLERANCE_DAYS=365"
OAS30156,2148,503.0,1645.0,False,nearest MRI is 1645 days away (exceeds 365-day tolerance),"nearest-day match, MRI_TOLERANCE_DAYS=365"
OAS30156,2992,503.0,2489.0,False,nearest MRI is 2489 days away (exceeds 365-day tolerance),"nearest-day match, MRI_TOLERANCE_DAYS=365"
OAS30157,349,889.0,540.0,False,nearest MRI is 540 days away (exceeds 365-day tolerance),"nearest-day match, MRI_TOLERANCE_DAYS=365"
OAS30157,712,889.0,177.0,True,within tolerance,"nearest-day match, MRI_TOLERANCE_DAYS=365"
OAS30157,1252,1428.0,176.0,True,within tolerance,"nearest-day match, MRI_TOLERANCE_DAYS=365"
OAS30157,1677,1428.0,249.0,True,within tolerance,"nearest-day match, MRI_TOLERANCE_DAYS=365"
OAS30157,3848,2674.0,1174.0,False,nearest MRI is 1174 days away (exceeds 365-day tolerance),"nearest-day match, MRI_TOLERANCE_DAYS=365"
OAS30157,4229,2674.0,1555.0,False,nearest MRI is 1555 days away (exceeds 365-day tolerance),"nearest-day match, MRI_TOLERANCE_DAYS=365"
OAS30157,4523,2674.0,1849.0,False,nearest MRI is 1849 days away (exceeds 365-day tolerance),"nearest-day match, MRI_TOLERANCE_DAYS=365"
OAS30158,0,2467.0,2467.0,False,nearest MRI is 2467 days away (exceeds 365-day tolerance),"nearest-day match, MRI_TOLERANCE_DAYS=365"
OAS30158,724,2467.0,1743.0,False,nearest MRI is 1743 days away (exceeds 365-day tolerance),"nearest-day match, MRI_TOLERANCE_DAYS=365"
OAS30158,2109,2467.0,358.0,True,within tolerance,"nearest-day match, MRI_TOLERANCE_DAYS=365"
OAS30159,0,110.0,110.0,True,within tolerance,"nearest-day match, MRI_TOLERANCE_DAYS=365"
OAS30160,0,99.0,99.0,True,within tolerance,"nearest-day match, MRI_TOLERANCE_DAYS=365"
OAS30160,810,751.0,59.0,True,within tolerance,"nearest-day match, MRI_TOLERANCE_DAYS=365"
OAS30160,1154,751.0,403.0,False,nearest MRI is 403 days away (exceeds 365-day tolerance),"nearest-day match, MRI_TOLERANCE_DAYS=365"
OAS30160,1535,751.0,784.0,False,nearest MRI is 784 days away (exceeds 365-day tolerance),"nearest-day match, MRI_TOLERANCE_DAYS=365"
OAS30160,1959,2392.0,433.0,False,nearest MRI is 433 days away (exceeds 365-day tolerance),"nearest-day match, MRI_TOLERANCE_DAYS=365"
OAS30160,2364,2392.0,28.0,True,within tolerance,"nearest-day match, MRI_TOLERANCE_DAYS=365"
OAS30160,2715,2392.0,323.0,True,within tolerance,"nearest-day match, MRI_TOLERANCE_DAYS=365"
OAS30160,3416,3534.0,118.0,True,within tolerance,"nearest-day match, MRI_TOLERANCE_DAYS=365"
OAS30160,3680,3534.0,146.0,True,within tolerance,"nearest-day match, MRI_TOLERANCE_DAYS=365"
OAS30160,4121,3534.0,587.0,False,nearest MRI is 587 days away (exceeds 365-day tolerance),"nearest-day match, MRI_TOLERANCE_DAYS=365"
OAS30160,4485,3534.0,951.0,False,nearest MRI is 951 days away (exceeds 365-day tolerance),"nearest-day match, MRI_TOLERANCE_DAYS=365"
OAS30161,0,297.0,297.0,True,within tolerance,"nearest-day match, MRI_TOLERANCE_DAYS=365"
OAS30163,0,91.0,91.0,True,within tolerance,"nearest-day match, MRI_TOLERANCE_DAYS=365"
OAS30164,0,233.0,233.0,True,within tolerance,"nearest-day match, MRI_TOLERANCE_DAYS=365"
OAS30164,336,233.0,103.0,True,within tolerance,"nearest-day match, MRI_TOLERANCE_DAYS=365"
OAS30164,709,233.0,476.0,False,nearest MRI is 476 days away (exceeds 365-day tolerance),"nearest-day match, MRI_TOLERANCE_DAYS=365"
OAS30164,1066,233.0,833.0,False,nearest MRI is 833 days away (exceeds 365-day tolerance),"nearest-day match, MRI_TOLERANCE_DAYS=365"
OAS30164,1423,233.0,1190.0,False,nearest MRI is 1190 days away (exceeds 365-day tolerance),"nearest-day match, MRI_TOLERANCE_DAYS=365"
OAS30164,1834,233.0,1601.0,False,nearest MRI is 1601 days away (exceeds 365-day tolerance),"nearest-day match, MRI_TOLERANCE_DAYS=365"
OAS30164,2342,233.0,2109.0,False,nearest MRI is 2109 days away (exceeds 365-day tolerance),"nearest-day match, MRI_TOLERANCE_DAYS=365"
OAS30164,3053,233.0,2820.0,False,nearest MRI is 2820 days away (exceeds 365-day tolerance),"nearest-day match, MRI_TOLERANCE_DAYS=365"
OAS30164,3713,233.0,3480.0,False,nearest MRI is 3480 days away (exceeds 365-day tolerance),"nearest-day match, MRI_TOLERANCE_DAYS=365"
OAS30164,4026,233.0,3793.0,False,nearest MRI is 3793 days away (exceeds 365-day tolerance),"nearest-day match, MRI_TOLERANCE_DAYS=365"
OAS30164,4460,233.0,4227.0,False,nearest MRI is 4227 days away (exceeds 365-day tolerance),"nearest-day match, MRI_TOLERANCE_DAYS=365"
OAS30164,4868,233.0,4635.0,False,nearest MRI is 4635 days away (exceeds 365-day tolerance),"nearest-day match, MRI_TOLERANCE_DAYS=365"
OAS30164,5182,233.0,4949.0,False,nearest MRI is 4949 days away (exceeds 365-day tolerance),"nearest-day match, MRI_TOLERANCE_DAYS=365"
OAS30165,0,563.0,563.0,False,nearest MRI is 563 days away (exceeds 365-day tolerance),"nearest-day match, MRI_TOLERANCE_DAYS=365"
OAS30165,831,563.0,268.0,True,within tolerance,"nearest-day match, MRI_TOLERANCE_DAYS=365"
OAS30165,1503,1763.0,260.0,True,within tolerance,"nearest-day match, MRI_TOLERANCE_DAYS=365"
OAS30167,0,111.0,111.0,True,within tolerance,"nearest-day match, MRI_TOLERANCE_DAYS=365"
OAS30167,392,111.0,281.0,True,within tolerance,"nearest-day match, MRI_TOLERANCE_DAYS=365"
OAS30167,867,111.0,756.0,False,nearest MRI is 756 days away (exceeds 365-day tolerance),"nearest-day match, MRI_TOLERANCE_DAYS=365"
OAS30167,1191,111.0,1080.0,False,nearest MRI is 1080 days away (exceeds 365-day tolerance),"nearest-day match, MRI_TOLERANCE_DAYS=365"
OAS30167,1532,111.0,1421.0,False,nearest MRI is 1421 days away (exceeds 365-day tolerance),"nearest-day match, MRI_TOLERANCE_DAYS=365"
OAS30167,2274,111.0,2163.0,False,nearest MRI is 2163 days away (exceeds 365-day tolerance),"nearest-day match, MRI_TOLERANCE_DAYS=365"
OAS30167,2648,111.0,2537.0,False,nearest MRI is 2537 days away (exceeds 365-day tolerance),"nearest-day match, MRI_TOLERANCE_DAYS=365"
OAS30167,2999,111.0,2888.0,False,nearest MRI is 2888 days away (exceeds 365-day tolerance),"nearest-day match, MRI_TOLERANCE_DAYS=365"
OAS30168,1100,1268.0,168.0,True,within tolerance,"nearest-day match, MRI_TOLERANCE_DAYS=365"
OAS30169,0,282.0,282.0,True,within tolerance,"nearest-day match, MRI_TOLERANCE_DAYS=365"
OAS30170,364,5.0,359.0,True,within tolerance,"nearest-day match, MRI_TOLERANCE_DAYS=365"
OAS30171,0,139.0,139.0,True,within tolerance,"nearest-day match, MRI_TOLERANCE_DAYS=365"
OAS30171,383,139.0,244.0,True,within tolerance,"nearest-day match, MRI_TOLERANCE_DAYS=365"
OAS30171,1508,139.0,1369.0,False,nearest MRI is 1369 days away (exceeds 365-day tolerance),"nearest-day match, MRI_TOLERANCE_DAYS=365"
OAS30171,1893,139.0,1754.0,False,nearest MRI is 1754 days away (exceeds 365-day tolerance),"nearest-day match, MRI_TOLERANCE_DAYS=365"
OAS30173,0,1188.0,1188.0,False,nearest MRI is 1188 days away (exceeds 365-day tolerance),"nearest-day match, MRI_TOLERANCE_DAYS=365"
OAS30173,1074,1188.0,114.0,True,within tolerance,"nearest-day match, MRI_TOLERANCE_DAYS=365"
OAS30173,1869,1188.0,681.0,False,nearest MRI is 681 days away (exceeds 365-day tolerance),"nearest-day match, MRI_TOLERANCE_DAYS=365"
OAS30173,2567,3030.0,463.0,False,nearest MRI is 463 days away (exceeds 365-day tolerance),"nearest-day match, MRI_TOLERANCE_DAYS=365"
OAS30173,2971,3030.0,59.0,True,within tolerance,"nearest-day match, MRI_TOLERANCE_DAYS=365"
OAS30173,3358,3030.0,328.0,True,within tolerance,"nearest-day match, MRI_TOLERANCE_DAYS=365"
OAS30173,3762,3841.0,79.0,True,within tolerance,"nearest-day match, MRI_TOLERANCE_DAYS=365"
OAS30173,4087,3841.0,246.0,True,within tolerance,"nearest-day match, MRI_TOLERANCE_DAYS=365"
OAS30173,4604,3841.0,763.0,False,nearest MRI is 763 days away (exceeds 365-day tolerance),"nearest-day match, MRI_TOLERANCE_DAYS=365"
OAS30173,5311,3841.0,1470.0,False,nearest MRI is 1470 days away (exceeds 365-day tolerance),"nearest-day match, MRI_TOLERANCE_DAYS=365"
OAS30173,6148,3841.0,2307.0,False,nearest MRI is 2307 days away (exceeds 365-day tolerance),"nearest-day match, MRI_TOLERANCE_DAYS=365"
OAS30174,0,582.0,582.0,False,nearest MRI is 582 days away (exceeds 365-day tolerance),"nearest-day match, MRI_TOLERANCE_DAYS=365"
OAS30174,395,582.0,187.0,True,within tolerance,"nearest-day match, MRI_TOLERANCE_DAYS=365"
OAS30174,1094,582.0,512.0,False,nearest MRI is 512 days away (exceeds 365-day tolerance),"nearest-day match, MRI_TOLERANCE_DAYS=365"
OAS30174,1460,582.0,878.0,False,nearest MRI is 878 days away (exceeds 365-day tolerance),"nearest-day match, MRI_TOLERANCE_DAYS=365"
OAS30174,1824,582.0,1242.0,False,nearest MRI is 1242 days away (exceeds 365-day tolerance),"nearest-day match, MRI_TOLERANCE_DAYS=365"
OAS30174,3178,582.0,2596.0,False,nearest MRI is 2596 days away (exceeds 365-day tolerance),"nearest-day match, MRI_TOLERANCE_DAYS=365"
OAS30175,0,349.0,349.0,True,within tolerance,"nearest-day match, MRI_TOLERANCE_DAYS=365"
OAS30175,381,349.0,32.0,True,within tolerance,"nearest-day match, MRI_TOLERANCE_DAYS=365"
OAS30175,1871,1091.0,780.0,False,nearest MRI is 780 days away (exceeds 365-day tolerance),"nearest-day match, MRI_TOLERANCE_DAYS=365"
OAS30175,2890,3219.0,329.0,True,within tolerance,"nearest-day match, MRI_TOLERANCE_DAYS=365"
OAS30176,3,0.0,3.0,True,within tolerance,"nearest-day match, MRI_TOLERANCE_DAYS=365"
OAS30176,477,0.0,477.0,False,nearest MRI is 477 days away (exceeds 365-day tolerance),"nearest-day match, MRI_TOLERANCE_DAYS=365"
OAS30176,1141,0.0,1141.0,False,nearest MRI is 1141 days away (exceeds 365-day tolerance),"nearest-day match, MRI_TOLERANCE_DAYS=365"
OAS30176,2724,0.0,2724.0,False,nearest MRI is 2724 days away (exceeds 365-day tolerance),"nearest-day match, MRI_TOLERANCE_DAYS=365"
OAS30178,0,49.0,49.0,True,within tolerance,"nearest-day match, MRI_TOLERANCE_DAYS=365"
OAS30178,1205,1384.0,179.0,True,within tolerance,"nearest-day match, MRI_TOLERANCE_DAYS=365"
OAS30178,2714,2794.0,80.0,True,within tolerance,"nearest-day match, MRI_TOLERANCE_DAYS=365"
OAS30178,3043,2794.0,249.0,True,within tolerance,"nearest-day match, MRI_TOLERANCE_DAYS=365"
OAS30178,3381,3500.0,119.0,True,within tolerance,"nearest-day match, MRI_TOLERANCE_DAYS=365"
OAS30178,3759,3500.0,259.0,True,within tolerance,"nearest-day match, MRI_TOLERANCE_DAYS=365"
OAS30178,4241,4730.0,489.0,False,nearest MRI is 489 days away (exceeds 365-day tolerance),"nearest-day match, MRI_TOLERANCE_DAYS=365"
OAS30178,4662,4730.0,68.0,True,within tolerance,"nearest-day match, MRI_TOLERANCE_DAYS=365"
OAS30178,5208,4730.0,478.0,False,nearest MRI is 478 days away (exceeds 365-day tolerance),"nearest-day match, MRI_TOLERANCE_DAYS=365"
OAS30179,0,61.0,61.0,True,within tolerance,"nearest-day match, MRI_TOLERANCE_DAYS=365"
OAS30179,487,61.0,426.0,False,nearest MRI is 426 days away (exceeds 365-day tolerance),"nearest-day match, MRI_TOLERANCE_DAYS=365"
OAS30179,1149,61.0,1088.0,False,nearest MRI is 1088 days away (exceeds 365-day tolerance),"nearest-day match, MRI_TOLERANCE_DAYS=365"
OAS30179,1455,61.0,1394.0,False,nearest MRI is 1394 days away (exceeds 365-day tolerance),"nearest-day match, MRI_TOLERANCE_DAYS=365"
OAS30179,1859,61.0,1798.0,False,nearest MRI is 1798 days away (exceeds 365-day tolerance),"nearest-day match, MRI_TOLERANCE_DAYS=365"
OAS30180,0,51.0,51.0,True,within tolerance,"nearest-day match, MRI_TOLERANCE_DAYS=365"
OAS30180,736,51.0,685.0,False,nearest MRI is 685 days away (exceeds 365-day tolerance),"nearest-day match, MRI_TOLERANCE_DAYS=365"
OAS30181,0,58.0,58.0,True,within tolerance,"nearest-day match, MRI_TOLERANCE_DAYS=365"
OAS30181,429,58.0,371.0,False,nearest MRI is 371 days away (exceeds 365-day tolerance),"nearest-day match, MRI_TOLERANCE_DAYS=365"
OAS30181,772,1227.0,455.0,False,nearest MRI is 455 days away (exceeds 365-day tolerance),"nearest-day match, MRI_TOLERANCE_DAYS=365"
OAS30181,1122,1227.0,105.0,True,within tolerance,"nearest-day match, MRI_TOLERANCE_DAYS=365"
OAS30181,1871,1227.0,644.0,False,nearest MRI is 644 days away (exceeds 365-day tolerance),"nearest-day match, MRI_TOLERANCE_DAYS=365"
OAS30182,0,94.0,94.0,True,within tolerance,"nearest-day match, MRI_TOLERANCE_DAYS=365"
OAS30182,2218,2289.0,71.0,True,within tolerance,"nearest-day match, MRI_TOLERANCE_DAYS=365"
OAS30183,0,82.0,82.0,True,within tolerance,"nearest-day match, MRI_TOLERANCE_DAYS=365"
OAS30184,0,169.0,169.0,True,within tolerance,"nearest-day match, MRI_TOLERANCE_DAYS=365"
OAS30184,355,169.0,186.0,True,within tolerance,"nearest-day match, MRI_TOLERANCE_DAYS=365"
OAS30184,698,876.0,178.0,True,within tolerance,"nearest-day match, MRI_TOLERANCE_DAYS=365"
OAS30184,1489,876.0,613.0,False,nearest MRI is 613 days away (exceeds 365-day tolerance),"nearest-day match, MRI_TOLERANCE_DAYS=365"
OAS30184,3065,3157.0,92.0,True,within tolerance,"nearest-day match, MRI_TOLERANCE_DAYS=365"
OAS30184,4363,3157.0,1206.0,False,nearest MRI is 1206 days away (exceeds 365-day tolerance),"nearest-day match, MRI_TOLERANCE_DAYS=365"
OAS30185,0,3787.0,3787.0,False,nearest MRI is 3787 days away (exceeds 365-day tolerance),"nearest-day match, MRI_TOLERANCE_DAYS=365"
OAS30185,349,3787.0,3438.0,False,nearest MRI is 3438 days away (exceeds 365-day tolerance),"nearest-day match, MRI_TOLERANCE_DAYS=365"
OAS30185,687,3787.0,3100.0,False,nearest MRI is 3100 days away (exceeds 365-day tolerance),"nearest-day match, MRI_TOLERANCE_DAYS=365"
OAS30185,1093,3787.0,2694.0,False,nearest MRI is 2694 days away (exceeds 365-day tolerance),"nearest-day match, MRI_TOLERANCE_DAYS=365"
OAS30185,1435,3787.0,2352.0,False,nearest MRI is 2352 days away (exceeds 365-day tolerance),"nearest-day match, MRI_TOLERANCE_DAYS=365"
OAS30185,1839,3787.0,1948.0,False,nearest MRI is 1948 days away (exceeds 365-day tolerance),"nearest-day match, MRI_TOLERANCE_DAYS=365"
OAS30185,2197,3787.0,1590.0,False,nearest MRI is 1590 days away (exceeds 365-day tolerance),"nearest-day match, MRI_TOLERANCE_DAYS=365"
OAS30185,3634,3787.0,153.0,True,within tolerance,"nearest-day match, MRI_TOLERANCE_DAYS=365"
OAS30185,4100,3787.0,313.0,True,within tolerance,"nearest-day match, MRI_TOLERANCE_DAYS=365"
OAS30185,4485,4551.0,66.0,True,within tolerance,"nearest-day match, MRI_TOLERANCE_DAYS=365"
OAS30185,5145,4551.0,594.0,False,nearest MRI is 594 days away (exceeds 365-day tolerance),"nearest-day match, MRI_TOLERANCE_DAYS=365"
OAS30185,5948,6000.0,52.0,True,within tolerance,"nearest-day match, MRI_TOLERANCE_DAYS=365"
OAS30185,6256,6000.0,256.0,True,within tolerance,"nearest-day match, MRI_TOLERANCE_DAYS=365"
OAS30185,6628,6000.0,628.0,False,nearest MRI is 628 days away (exceeds 365-day tolerance),"nearest-day match, MRI_TOLERANCE_DAYS=365"
OAS30187,0,70.0,70.0,True,within tolerance,"nearest-day match, MRI_TOLERANCE_DAYS=365"
OAS30187,369,70.0,299.0,True,within tolerance,"nearest-day match, MRI_TOLERANCE_DAYS=365"
OAS30187,817,1210.0,393.0,False,nearest MRI is 393 days away (exceeds 365-day tolerance),"nearest-day match, MRI_TOLERANCE_DAYS=365"
OAS30187,1159,1210.0,51.0,True,within tolerance,"nearest-day match, MRI_TOLERANCE_DAYS=365"
OAS30187,1657,1210.0,447.0,False,nearest MRI is 447 days away (exceeds 365-day tolerance),"nearest-day match, MRI_TOLERANCE_DAYS=365"
OAS30187,2134,1210.0,924.0,False,nearest MRI is 924 days away (exceeds 365-day tolerance),"nearest-day match, MRI_TOLERANCE_DAYS=365"
OAS30188,3475,3844.0,369.0,False,nearest MRI is 369 days away (exceeds 365-day tolerance),"nearest-day match, MRI_TOLERANCE_DAYS=365"
OAS30188,5579,3844.0,1735.0,False,nearest MRI is 1735 days away (exceeds 365-day tolerance),"nearest-day match, MRI_TOLERANCE_DAYS=365"
OAS30189,456,72.0,384.0,False,nearest MRI is 384 days away (exceeds 365-day tolerance),"nearest-day match, MRI_TOLERANCE_DAYS=365"
OAS30189,771,1220.0,449.0,False,nearest MRI is 449 days away (exceeds 365-day tolerance),"nearest-day match, MRI_TOLERANCE_DAYS=365"
OAS30189,1109,1220.0,111.0,True,within tolerance,"nearest-day match, MRI_TOLERANCE_DAYS=365"
OAS30190,0,82.0,82.0,True,within tolerance,"nearest-day match, MRI_TOLERANCE_DAYS=365"
OAS30191,1075,1136.0,61.0,True,within tolerance,"nearest-day match, MRI_TOLERANCE_DAYS=365"
OAS30191,2272,2352.0,80.0,True,within tolerance,"nearest-day match, MRI_TOLERANCE_DAYS=365"
OAS30191,2682,2352.0,330.0,True,within tolerance,"nearest-day match, MRI_TOLERANCE_DAYS=365"
OAS30191,3069,2352.0,717.0,False,nearest MRI is 717 days away (exceeds 365-day tolerance),"nearest-day match, MRI_TOLERANCE_DAYS=365"
OAS30191,3376,2352.0,1024.0,False,nearest MRI is 1024 days away (exceeds 365-day tolerance),"nearest-day match, MRI_TOLERANCE_DAYS=365"
OAS30191,3992,2352.0,1640.0,False,nearest MRI is 1640 days away (exceeds 365-day tolerance),"nearest-day match, MRI_TOLERANCE_DAYS=365"
OAS30192,1291,1409.0,118.0,True,within tolerance,"nearest-day match, MRI_TOLERANCE_DAYS=365"
OAS30193,0,43.0,43.0,True,within tolerance,"nearest-day match, MRI_TOLERANCE_DAYS=365"
OAS30193,721,43.0,678.0,False,nearest MRI is 678 days away (exceeds 365-day tolerance),"nearest-day match, MRI_TOLERANCE_DAYS=365"
OAS30193,1981,1611.0,370.0,False,nearest MRI is 370 days away (exceeds 365-day tolerance),"nearest-day match, MRI_TOLERANCE_DAYS=365"
OAS30193,2191,1611.0,580.0,False,nearest MRI is 580 days away (exceeds 365-day tolerance),"nearest-day match, MRI_TOLERANCE_DAYS=365"
OAS30193,3403,1611.0,1792.0,False,nearest MRI is 1792 days away (exceeds 365-day tolerance),"nearest-day match, MRI_TOLERANCE_DAYS=365"
OAS30194,367,5837.0,5470.0,False,nearest MRI is 5470 days away (exceeds 365-day tolerance),"nearest-day match, MRI_TOLERANCE_DAYS=365"
OAS30194,728,5837.0,5109.0,False,nearest MRI is 5109 days away (exceeds 365-day tolerance),"nearest-day match, MRI_TOLERANCE_DAYS=365"
OAS30194,1046,5837.0,4791.0,False,nearest MRI is 4791 days away (exceeds 365-day tolerance),"nearest-day match, MRI_TOLERANCE_DAYS=365"
OAS30194,1819,5837.0,4018.0,False,nearest MRI is 4018 days away (exceeds 365-day tolerance),"nearest-day match, MRI_TOLERANCE_DAYS=365"
OAS30194,2261,5837.0,3576.0,False,nearest MRI is 3576 days away (exceeds 365-day tolerance),"nearest-day match, MRI_TOLERANCE_DAYS=365"
OAS30194,2568,5837.0,3269.0,False,nearest MRI is 3269 days away (exceeds 365-day tolerance),"nearest-day match, MRI_TOLERANCE_DAYS=365"
OAS30194,2908,5837.0,2929.0,False,nearest MRI is 2929 days away (exceeds 365-day tolerance),"nearest-day match, MRI_TOLERANCE_DAYS=365"
OAS30194,3266,5837.0,2571.0,False,nearest MRI is 2571 days away (exceeds 365-day tolerance),"nearest-day match, MRI_TOLERANCE_DAYS=365"
OAS30194,3643,5837.0,2194.0,False,nearest MRI is 2194 days away (exceeds 365-day tolerance),"nearest-day match, MRI_TOLERANCE_DAYS=365"
OAS30194,4018,5837.0,1819.0,False,nearest MRI is 1819 days away (exceeds 365-day tolerance),"nearest-day match, MRI_TOLERANCE_DAYS=365"
OAS30194,4378,5837.0,1459.0,False,nearest MRI is 1459 days away (exceeds 365-day tolerance),"nearest-day match, MRI_TOLERANCE_DAYS=365"
OAS30194,4745,5837.0,1092.0,False,nearest MRI is 1092 days away (exceeds 365-day tolerance),"nearest-day match, MRI_TOLERANCE_DAYS=365"
OAS30194,5113,5837.0,724.0,False,nearest MRI is 724 days away (exceeds 365-day tolerance),"nearest-day match, MRI_TOLERANCE_DAYS=365"
OAS30194,5478,5837.0,359.0,True,within tolerance,"nearest-day match, MRI_TOLERANCE_DAYS=365"
OAS30194,5849,5837.0,12.0,True,within tolerance,"nearest-day match, MRI_TOLERANCE_DAYS=365"
OAS30194,6213,6419.0,206.0,True,within tolerance,"nearest-day match, MRI_TOLERANCE_DAYS=365"
OAS30194,6572,6605.0,33.0,True,within tolerance,"nearest-day match, MRI_TOLERANCE_DAYS=365"
OAS30194,6943,6605.0,338.0,True,within tolerance,"nearest-day match, MRI_TOLERANCE_DAYS=365"
OAS30194,7410,7432.0,22.0,True,within tolerance,"nearest-day match, MRI_TOLERANCE_DAYS=365"
OAS30194,7749,7432.0,317.0,True,within tolerance,"nearest-day match, MRI_TOLERANCE_DAYS=365"
OAS30194,8042,7432.0,610.0,False,nearest MRI is 610 days away (exceeds 365-day tolerance),"nearest-day match, MRI_TOLERANCE_DAYS=365"
OAS30194,8413,8874.0,461.0,False,nearest MRI is 461 days away (exceeds 365-day tolerance),"nearest-day match, MRI_TOLERANCE_DAYS=365"
OAS30194,8827,8874.0,47.0,True,within tolerance,"nearest-day match, MRI_TOLERANCE_DAYS=365"
OAS30194,9229,9317.0,88.0,True,within tolerance,"nearest-day match, MRI_TOLERANCE_DAYS=365"
OAS30194,9558,9443.0,115.0,True,within tolerance,"nearest-day match, MRI_TOLERANCE_DAYS=365"
OAS30194,9938,9443.0,495.0,False,nearest MRI is 495 days away (exceeds 365-day tolerance),"nearest-day match, MRI_TOLERANCE_DAYS=365"
OAS30195,0,193.0,193.0,True,within tolerance,"nearest-day match, MRI_TOLERANCE_DAYS=365"
OAS30195,364,193.0,171.0,True,within tolerance,"nearest-day match, MRI_TOLERANCE_DAYS=365"
OAS30195,770,193.0,577.0,False,nearest MRI is 577 days away (exceeds 365-day tolerance),"nearest-day match, MRI_TOLERANCE_DAYS=365"
OAS30195,1099,1596.0,497.0,False,nearest MRI is 497 days away (exceeds 365-day tolerance),"nearest-day match, MRI_TOLERANCE_DAYS=365"
OAS30195,1519,1596.0,77.0,True,within tolerance,"nearest-day match, MRI_TOLERANCE_DAYS=365"
OAS30195,1946,1596.0,350.0,True,within tolerance,"nearest-day match, MRI_TOLERANCE_DAYS=365"
OAS30195,2245,1596.0,649.0,False,nearest MRI is 649 days away (exceeds 365-day tolerance),"nearest-day match, MRI_TOLERANCE_DAYS=365"
OAS30197,0,115.0,115.0,True,within tolerance,"nearest-day match, MRI_TOLERANCE_DAYS=365"
OAS30198,0,,,False,subject has zero MRI/FreeSurfer records,"nearest-day match, MRI_TOLERANCE_DAYS=365"
OAS30201,0,77.0,77.0,True,within tolerance,"nearest-day match, MRI_TOLERANCE_DAYS=365"
OAS30202,0,175.0,175.0,True,within tolerance,"nearest-day match, MRI_TOLERANCE_DAYS=365"
OAS30202,435,175.0,260.0,True,within tolerance,"nearest-day match, MRI_TOLERANCE_DAYS=365"
OAS30202,1181,175.0,1006.0,False,nearest MRI is 1006 days away (exceeds 365-day tolerance),"nearest-day match, MRI_TOLERANCE_DAYS=365"
OAS30203,0,203.0,203.0,True,within tolerance,"nearest-day match, MRI_TOLERANCE_DAYS=365"
OAS30203,484,203.0,281.0,True,within tolerance,"nearest-day match, MRI_TOLERANCE_DAYS=365"
OAS30203,2160,2881.0,721.0,False,nearest MRI is 721 days away (exceeds 365-day tolerance),"nearest-day match, MRI_TOLERANCE_DAYS=365"
OAS30203,2534,2881.0,347.0,True,within tolerance,"nearest-day match, MRI_TOLERANCE_DAYS=365"
OAS30203,2968,2881.0,87.0,True,within tolerance,"nearest-day match, MRI_TOLERANCE_DAYS=365"
OAS30203,3367,2881.0,486.0,False,nearest MRI is 486 days away (exceeds 365-day tolerance),"nearest-day match, MRI_TOLERANCE_DAYS=365"
OAS30205,0,61.0,61.0,True,within tolerance,"nearest-day match, MRI_TOLERANCE_DAYS=365"
OAS30205,773,61.0,712.0,False,nearest MRI is 712 days away (exceeds 365-day tolerance),"nearest-day match, MRI_TOLERANCE_DAYS=365"
OAS30205,1125,61.0,1064.0,False,nearest MRI is 1064 days away (exceeds 365-day tolerance),"nearest-day match, MRI_TOLERANCE_DAYS=365"
OAS30205,1460,61.0,1399.0,False,nearest MRI is 1399 days away (exceeds 365-day tolerance),"nearest-day match, MRI_TOLERANCE_DAYS=365"
OAS30205,1837,61.0,1776.0,False,nearest MRI is 1776 days away (exceeds 365-day tolerance),"nearest-day match, MRI_TOLERANCE_DAYS=365"
OAS30205,2665,61.0,2604.0,False,nearest MRI is 2604 days away (exceeds 365-day tolerance),"nearest-day match, MRI_TOLERANCE_DAYS=365"
OAS30205,3024,61.0,2963.0,False,nearest MRI is 2963 days away (exceeds 365-day tolerance),"nearest-day match, MRI_TOLERANCE_DAYS=365"
OAS30206,0,306.0,306.0,True,within tolerance,"nearest-day match, MRI_TOLERANCE_DAYS=365"
OAS30206,421,306.0,115.0,True,within tolerance,"nearest-day match, MRI_TOLERANCE_DAYS=365"
OAS30206,688,1036.0,348.0,True,within tolerance,"nearest-day match, MRI_TOLERANCE_DAYS=365"
OAS30206,1114,1036.0,78.0,True,within tolerance,"nearest-day match, MRI_TOLERANCE_DAYS=365"
OAS30206,1420,1036.0,384.0,False,nearest MRI is 384 days away (exceeds 365-day tolerance),"nearest-day match, MRI_TOLERANCE_DAYS=365"
OAS30206,1806,2303.0,497.0,False,nearest MRI is 497 days away (exceeds 365-day tolerance),"nearest-day match, MRI_TOLERANCE_DAYS=365"
OAS30206,2263,2303.0,40.0,True,within tolerance,"nearest-day match, MRI_TOLERANCE_DAYS=365"
OAS30206,2654,2303.0,351.0,True,within tolerance,"nearest-day match, MRI_TOLERANCE_DAYS=365"
OAS30206,2939,3024.0,85.0,True,within tolerance,"nearest-day match, MRI_TOLERANCE_DAYS=365"
OAS30206,3299,3024.0,275.0,True,within tolerance,"nearest-day match, MRI_TOLERANCE_DAYS=365"
OAS30206,4026,3024.0,1002.0,False,nearest MRI is 1002 days away (exceeds 365-day tolerance),"nearest-day match, MRI_TOLERANCE_DAYS=365"
OAS30206,4481,3024.0,1457.0,False,nearest MRI is 1457 days away (exceeds 365-day tolerance),"nearest-day match, MRI_TOLERANCE_DAYS=365"
OAS30206,4804,3024.0,1780.0,False,nearest MRI is 1780 days away (exceeds 365-day tolerance),"nearest-day match, MRI_TOLERANCE_DAYS=365"
OAS30206,5180,3024.0,2156.0,False,nearest MRI is 2156 days away (exceeds 365-day tolerance),"nearest-day match, MRI_TOLERANCE_DAYS=365"
OAS30207,2758,2812.0,54.0,True,within tolerance,"nearest-day match, MRI_TOLERANCE_DAYS=365"
OAS30207,3461,2812.0,649.0,False,nearest MRI is 649 days away (exceeds 365-day tolerance),"nearest-day match, MRI_TOLERANCE_DAYS=365"
OAS30207,3853,2812.0,1041.0,False,nearest MRI is 1041 days away (exceeds 365-day tolerance),"nearest-day match, MRI_TOLERANCE_DAYS=365"
OAS30208,0,436.0,436.0,False,nearest MRI is 436 days away (exceeds 365-day tolerance),"nearest-day match, MRI_TOLERANCE_DAYS=365"
OAS30208,379,436.0,57.0,True,within tolerance,"nearest-day match, MRI_TOLERANCE_DAYS=365"
OAS30208,1604,1703.0,99.0,True,within tolerance,"nearest-day match, MRI_TOLERANCE_DAYS=365"
OAS30208,3780,3143.0,637.0,False,nearest MRI is 637 days away (exceeds 365-day tolerance),"nearest-day match, MRI_TOLERANCE_DAYS=365"
OAS30209,0,609.0,609.0,False,nearest MRI is 609 days away (exceeds 365-day tolerance),"nearest-day match, MRI_TOLERANCE_DAYS=365"
OAS30209,728,609.0,119.0,True,within tolerance,"nearest-day match, MRI_TOLERANCE_DAYS=365"
OAS30209,1061,609.0,452.0,False,nearest MRI is 452 days away (exceeds 365-day tolerance),"nearest-day match, MRI_TOLERANCE_DAYS=365"
OAS30209,1873,1976.0,103.0,True,within tolerance,"nearest-day match, MRI_TOLERANCE_DAYS=365"
OAS30210,0,47.0,47.0,True,within tolerance,"nearest-day match, MRI_TOLERANCE_DAYS=365"
OAS30211,0,46.0,46.0,True,within tolerance,"nearest-day match, MRI_TOLERANCE_DAYS=365"
OAS30212,0,91.0,91.0,True,within tolerance,"nearest-day match, MRI_TOLERANCE_DAYS=365"
OAS30212,748,753.0,5.0,True,within tolerance,"nearest-day match, MRI_TOLERANCE_DAYS=365"
OAS30212,1105,753.0,352.0,True,within tolerance,"nearest-day match, MRI_TOLERANCE_DAYS=365"
OAS30212,1460,753.0,707.0,False,nearest MRI is 707 days away (exceeds 365-day tolerance),"nearest-day match, MRI_TOLERANCE_DAYS=365"
OAS30212,1924,3043.0,1119.0,False,nearest MRI is 1119 days away (exceeds 365-day tolerance),"nearest-day match, MRI_TOLERANCE_DAYS=365"
OAS30212,2288,3043.0,755.0,False,nearest MRI is 755 days away (exceeds 365-day tolerance),"nearest-day match, MRI_TOLERANCE_DAYS=365"
OAS30212,2940,3043.0,103.0,True,within tolerance,"nearest-day match, MRI_TOLERANCE_DAYS=365"
OAS30212,3358,3043.0,315.0,True,within tolerance,"nearest-day match, MRI_TOLERANCE_DAYS=365"
OAS30212,3688,3043.0,645.0,False,nearest MRI is 645 days away (exceeds 365-day tolerance),"nearest-day match, MRI_TOLERANCE_DAYS=365"
OAS30212,3994,3043.0,951.0,False,nearest MRI is 951 days away (exceeds 365-day tolerance),"nearest-day match, MRI_TOLERANCE_DAYS=365"
OAS30212,4437,3043.0,1394.0,False,nearest MRI is 1394 days away (exceeds 365-day tolerance),"nearest-day match, MRI_TOLERANCE_DAYS=365"
OAS30213,0,41.0,41.0,True,within tolerance,"nearest-day match, MRI_TOLERANCE_DAYS=365"
OAS30213,1379,41.0,1338.0,False,nearest MRI is 1338 days away (exceeds 365-day tolerance),"nearest-day match, MRI_TOLERANCE_DAYS=365"
OAS30214,0,4464.0,4464.0,False,nearest MRI is 4464 days away (exceeds 365-day tolerance),"nearest-day match, MRI_TOLERANCE_DAYS=365"
OAS30214,775,4464.0,3689.0,False,nearest MRI is 3689 days away (exceeds 365-day tolerance),"nearest-day match, MRI_TOLERANCE_DAYS=365"
OAS30214,1182,4464.0,3282.0,False,nearest MRI is 3282 days away (exceeds 365-day tolerance),"nearest-day match, MRI_TOLERANCE_DAYS=365"
OAS30214,1550,4464.0,2914.0,False,nearest MRI is 2914 days away (exceeds 365-day tolerance),"nearest-day match, MRI_TOLERANCE_DAYS=365"
OAS30214,3293,4464.0,1171.0,False,nearest MRI is 1171 days away (exceeds 365-day tolerance),"nearest-day match, MRI_TOLERANCE_DAYS=365"
OAS30214,3841,4464.0,623.0,False,nearest MRI is 623 days away (exceeds 365-day tolerance),"nearest-day match, MRI_TOLERANCE_DAYS=365"
OAS30214,4632,4464.0,168.0,True,within tolerance,"nearest-day match, MRI_TOLERANCE_DAYS=365"
OAS30214,5060,4464.0,596.0,False,nearest MRI is 596 days away (exceeds 365-day tolerance),"nearest-day match, MRI_TOLERANCE_DAYS=365"
OAS30216,0,2849.0,2849.0,False,nearest MRI is 2849 days away (exceeds 365-day tolerance),"nearest-day match, MRI_TOLERANCE_DAYS=365"
OAS30216,404,2849.0,2445.0,False,nearest MRI is 2445 days away (exceeds 365-day tolerance),"nearest-day match, MRI_TOLERANCE_DAYS=365"
OAS30216,979,2849.0,1870.0,False,nearest MRI is 1870 days away (exceeds 365-day tolerance),"nearest-day match, MRI_TOLERANCE_DAYS=365"
OAS30216,1839,2849.0,1010.0,False,nearest MRI is 1010 days away (exceeds 365-day tolerance),"nearest-day match, MRI_TOLERANCE_DAYS=365"
OAS30216,2231,2849.0,618.0,False,nearest MRI is 618 days away (exceeds 365-day tolerance),"nearest-day match, MRI_TOLERANCE_DAYS=365"
OAS30216,2633,2849.0,216.0,True,within tolerance,"nearest-day match, MRI_TOLERANCE_DAYS=365"
OAS30216,2982,2849.0,133.0,True,within tolerance,"nearest-day match, MRI_TOLERANCE_DAYS=365"
OAS30216,3347,3830.0,483.0,False,nearest MRI is 483 days away (exceeds 365-day tolerance),"nearest-day match, MRI_TOLERANCE_DAYS=365"
OAS30216,3728,3830.0,102.0,True,within tolerance,"nearest-day match, MRI_TOLERANCE_DAYS=365"
OAS30216,4046,3830.0,216.0,True,within tolerance,"nearest-day match, MRI_TOLERANCE_DAYS=365"
OAS30216,4422,3830.0,592.0,False,nearest MRI is 592 days away (exceeds 365-day tolerance),"nearest-day match, MRI_TOLERANCE_DAYS=365"
OAS30216,4809,3830.0,979.0,False,nearest MRI is 979 days away (exceeds 365-day tolerance),"nearest-day match, MRI_TOLERANCE_DAYS=365"
OAS30216,5200,3830.0,1370.0,False,nearest MRI is 1370 days away (exceeds 365-day tolerance),"nearest-day match, MRI_TOLERANCE_DAYS=365"
OAS30216,5627,3830.0,1797.0,False,nearest MRI is 1797 days away (exceeds 365-day tolerance),"nearest-day match, MRI_TOLERANCE_DAYS=365"
OAS30216,5905,3830.0,2075.0,False,nearest MRI is 2075 days away (exceeds 365-day tolerance),"nearest-day match, MRI_TOLERANCE_DAYS=365"
OAS30216,6297,3830.0,2467.0,False,nearest MRI is 2467 days away (exceeds 365-day tolerance),"nearest-day match, MRI_TOLERANCE_DAYS=365"
OAS30216,6728,3830.0,2898.0,False,nearest MRI is 2898 days away (exceeds 365-day tolerance),"nearest-day match, MRI_TOLERANCE_DAYS=365"
OAS30216,7092,3830.0,3262.0,False,nearest MRI is 3262 days away (exceeds 365-day tolerance),"nearest-day match, MRI_TOLERANCE_DAYS=365"
OAS30216,7446,3830.0,3616.0,False,nearest MRI is 3616 days away (exceeds 365-day tolerance),"nearest-day match, MRI_TOLERANCE_DAYS=365"
OAS30216,7798,3830.0,3968.0,False,nearest MRI is 3968 days away (exceeds 365-day tolerance),"nearest-day match, MRI_TOLERANCE_DAYS=365"
OAS30216,8153,3830.0,4323.0,False,nearest MRI is 4323 days away (exceeds 365-day tolerance),"nearest-day match, MRI_TOLERANCE_DAYS=365"
OAS30217,0,77.0,77.0,True,within tolerance,"nearest-day match, MRI_TOLERANCE_DAYS=365"
OAS30218,0,92.0,92.0,True,within tolerance,"nearest-day match, MRI_TOLERANCE_DAYS=365"
OAS30218,390,92.0,298.0,True,within tolerance,"nearest-day match, MRI_TOLERANCE_DAYS=365"
OAS30218,714,841.0,127.0,True,within tolerance,"nearest-day match, MRI_TOLERANCE_DAYS=365"
OAS30218,1132,841.0,291.0,True,within tolerance,"nearest-day match, MRI_TOLERANCE_DAYS=365"
OAS30218,1569,841.0,728.0,False,nearest MRI is 728 days away (exceeds 365-day tolerance),"nearest-day match, MRI_TOLERANCE_DAYS=365"
OAS30218,1937,841.0,1096.0,False,nearest MRI is 1096 days away (exceeds 365-day tolerance),"nearest-day match, MRI_TOLERANCE_DAYS=365"
OAS30218,2218,841.0,1377.0,False,nearest MRI is 1377 days away (exceeds 365-day tolerance),"nearest-day match, MRI_TOLERANCE_DAYS=365"
OAS30218,2567,841.0,1726.0,False,nearest MRI is 1726 days away (exceeds 365-day tolerance),"nearest-day match, MRI_TOLERANCE_DAYS=365"
OAS30218,2945,841.0,2104.0,False,nearest MRI is 2104 days away (exceeds 365-day tolerance),"nearest-day match, MRI_TOLERANCE_DAYS=365"
OAS30219,0,64.0,64.0,True,within tolerance,"nearest-day match, MRI_TOLERANCE_DAYS=365"
OAS30219,1183,1184.0,1.0,True,within tolerance,"nearest-day match, MRI_TOLERANCE_DAYS=365"
OAS30219,2186,2184.0,2.0,True,within tolerance,"nearest-day match, MRI_TOLERANCE_DAYS=365"
OAS30219,2555,2184.0,371.0,False,nearest MRI is 371 days away (exceeds 365-day tolerance),"nearest-day match, MRI_TOLERANCE_DAYS=365"
OAS30219,2886,2184.0,702.0,False,nearest MRI is 702 days away (exceeds 365-day tolerance),"nearest-day match, MRI_TOLERANCE_DAYS=365"
OAS30220,0,104.0,104.0,True,within tolerance,"nearest-day match, MRI_TOLERANCE_DAYS=365"
OAS30220,1066,1165.0,99.0,True,within tolerance,"nearest-day match, MRI_TOLERANCE_DAYS=365"
OAS30220,1458,1165.0,293.0,True,within tolerance,"nearest-day match, MRI_TOLERANCE_DAYS=365"
OAS30220,1745,2246.0,501.0,False,nearest MRI is 501 days away (exceeds 365-day tolerance),"nearest-day match, MRI_TOLERANCE_DAYS=365"
OAS30220,2160,2246.0,86.0,True,within tolerance,"nearest-day match, MRI_TOLERANCE_DAYS=365"
OAS30220,2532,2246.0,286.0,True,within tolerance,"nearest-day match, MRI_TOLERANCE_DAYS=365"
OAS30221,0,79.0,79.0,True,within tolerance,"nearest-day match, MRI_TOLERANCE_DAYS=365"
OAS30221,2323,2358.0,35.0,True,within tolerance,"nearest-day match, MRI_TOLERANCE_DAYS=365"
OAS30221,2751,2358.0,393.0,False,nearest MRI is 393 days away (exceeds 365-day tolerance),"nearest-day match, MRI_TOLERANCE_DAYS=365"
OAS30222,0,1000.0,1000.0,False,nearest MRI is 1000 days away (exceeds 365-day tolerance),"nearest-day match, MRI_TOLERANCE_DAYS=365"
OAS30223,1984,1235.0,749.0,False,nearest MRI is 749 days away (exceeds 365-day tolerance),"nearest-day match, MRI_TOLERANCE_DAYS=365"
OAS30224,364,556.0,192.0,True,within tolerance,"nearest-day match, MRI_TOLERANCE_DAYS=365"
OAS30225,0,482.0,482.0,False,nearest MRI is 482 days away (exceeds 365-day tolerance),"nearest-day match, MRI_TOLERANCE_DAYS=365"
OAS30225,405,482.0,77.0,True,within tolerance,"nearest-day match, MRI_TOLERANCE_DAYS=365"
OAS30225,847,482.0,365.0,True,within tolerance,"nearest-day match, MRI_TOLERANCE_DAYS=365"
OAS30225,1958,482.0,1476.0,False,nearest MRI is 1476 days away (exceeds 365-day tolerance),"nearest-day match, MRI_TOLERANCE_DAYS=365"
OAS30225,2307,482.0,1825.0,False,nearest MRI is 1825 days away (exceeds 365-day tolerance),"nearest-day match, MRI_TOLERANCE_DAYS=365"
OAS30226,0,183.0,183.0,True,within tolerance,"nearest-day match, MRI_TOLERANCE_DAYS=365"
OAS30226,756,183.0,573.0,False,nearest MRI is 573 days away (exceeds 365-day tolerance),"nearest-day match, MRI_TOLERANCE_DAYS=365"
OAS30226,1071,183.0,888.0,False,nearest MRI is 888 days away (exceeds 365-day tolerance),"nearest-day match, MRI_TOLERANCE_DAYS=365"
OAS30227,1,0.0,1.0,True,within tolerance,"nearest-day match, MRI_TOLERANCE_DAYS=365"
OAS30228,0,90.0,90.0,True,within tolerance,"nearest-day match, MRI_TOLERANCE_DAYS=365"
OAS30228,1147,1211.0,64.0,True,within tolerance,"nearest-day match, MRI_TOLERANCE_DAYS=365"
OAS30228,1498,1211.0,287.0,True,within tolerance,"nearest-day match, MRI_TOLERANCE_DAYS=365"
OAS30228,1901,1211.0,690.0,False,nearest MRI is 690 days away (exceeds 365-day tolerance),"nearest-day match, MRI_TOLERANCE_DAYS=365"
OAS30229,0,101.0,101.0,True,within tolerance,"nearest-day match, MRI_TOLERANCE_DAYS=365"
OAS30229,424,101.0,323.0,True,within tolerance,"nearest-day match, MRI_TOLERANCE_DAYS=365"
OAS30229,1096,101.0,995.0,False,nearest MRI is 995 days away (exceeds 365-day tolerance),"nearest-day match, MRI_TOLERANCE_DAYS=365"
OAS30229,1439,101.0,1338.0,False,nearest MRI is 1338 days away (exceeds 365-day tolerance),"nearest-day match, MRI_TOLERANCE_DAYS=365"
OAS30231,4689,3630.0,1059.0,False,nearest MRI is 1059 days away (exceeds 365-day tolerance),"nearest-day match, MRI_TOLERANCE_DAYS=365"
OAS30232,0,120.0,120.0,True,within tolerance,"nearest-day match, MRI_TOLERANCE_DAYS=365"
OAS30232,444,695.0,251.0,True,within tolerance,"nearest-day match, MRI_TOLERANCE_DAYS=365"
OAS30232,815,695.0,120.0,True,within tolerance,"nearest-day match, MRI_TOLERANCE_DAYS=365"
OAS30232,1173,695.0,478.0,False,nearest MRI is 478 days away (exceeds 365-day tolerance),"nearest-day match, MRI_TOLERANCE_DAYS=365"
OAS30232,1578,2324.0,746.0,False,nearest MRI is 746 days away (exceeds 365-day tolerance),"nearest-day match, MRI_TOLERANCE_DAYS=365"
OAS30232,2006,2324.0,318.0,True,within tolerance,"nearest-day match, MRI_TOLERANCE_DAYS=365"
OAS30232,2325,2324.0,1.0,True,within tolerance,"nearest-day match, MRI_TOLERANCE_DAYS=365"
OAS30232,2592,2324.0,268.0,True,within tolerance,"nearest-day match, MRI_TOLERANCE_DAYS=365"
OAS30233,0,3867.0,3867.0,False,nearest MRI is 3867 days away (exceeds 365-day tolerance),"nearest-day match, MRI_TOLERANCE_DAYS=365"
OAS30233,2880,3867.0,987.0,False,nearest MRI is 987 days away (exceeds 365-day tolerance),"nearest-day match, MRI_TOLERANCE_DAYS=365"
OAS30233,3243,3867.0,624.0,False,nearest MRI is 624 days away (exceeds 365-day tolerance),"nearest-day match, MRI_TOLERANCE_DAYS=365"
OAS30233,3680,3867.0,187.0,True,within tolerance,"nearest-day match, MRI_TOLERANCE_DAYS=365"
OAS30233,4041,3867.0,174.0,True,within tolerance,"nearest-day match, MRI_TOLERANCE_DAYS=365"
OAS30233,4450,3867.0,583.0,False,nearest MRI is 583 days away (exceeds 365-day tolerance),"nearest-day match, MRI_TOLERANCE_DAYS=365"
OAS30233,4787,5295.0,508.0,False,nearest MRI is 508 days away (exceeds 365-day tolerance),"nearest-day match, MRI_TOLERANCE_DAYS=365"
OAS30233,5189,5295.0,106.0,True,within tolerance,"nearest-day match, MRI_TOLERANCE_DAYS=365"
OAS30234,0,1119.0,1119.0,False,nearest MRI is 1119 days away (exceeds 365-day tolerance),"nearest-day match, MRI_TOLERANCE_DAYS=365"
OAS30234,655,1119.0,464.0,False,nearest MRI is 464 days away (exceeds 365-day tolerance),"nearest-day match, MRI_TOLERANCE_DAYS=365"
OAS30234,991,1119.0,128.0,True,within tolerance,"nearest-day match, MRI_TOLERANCE_DAYS=365"
OAS30234,1915,2098.0,183.0,True,within tolerance,"nearest-day match, MRI_TOLERANCE_DAYS=365"
OAS30234,2663,2098.0,565.0,False,nearest MRI is 565 days away (exceeds 365-day tolerance),"nearest-day match, MRI_TOLERANCE_DAYS=365"
OAS30235,0,139.0,139.0,True,within tolerance,"nearest-day match, MRI_TOLERANCE_DAYS=365"
OAS30235,1108,1175.0,67.0,True,within tolerance,"nearest-day match, MRI_TOLERANCE_DAYS=365"
OAS30236,0,88.0,88.0,True,within tolerance,"nearest-day match, MRI_TOLERANCE_DAYS=365"
OAS30237,790,1353.0,563.0,False,nearest MRI is 563 days away (exceeds 365-day tolerance),"nearest-day match, MRI_TOLERANCE_DAYS=365"
OAS30237,1898,1353.0,545.0,False,nearest MRI is 545 days away (exceeds 365-day tolerance),"nearest-day match, MRI_TOLERANCE_DAYS=365"
OAS30237,2704,1353.0,1351.0,False,nearest MRI is 1351 days away (exceeds 365-day tolerance),"nearest-day match, MRI_TOLERANCE_DAYS=365"
OAS30237,3447,1353.0,2094.0,False,nearest MRI is 2094 days away (exceeds 365-day tolerance),"nearest-day match, MRI_TOLERANCE_DAYS=365"
OAS30238,931,37.0,894.0,False,nearest MRI is 894 days away (exceeds 365-day tolerance),"nearest-day match, MRI_TOLERANCE_DAYS=365"
OAS30239,0,175.0,175.0,True,within tolerance,"nearest-day match, MRI_TOLERANCE_DAYS=365"
OAS30240,0,865.0,865.0,False,nearest MRI is 865 days away (exceeds 365-day tolerance),"nearest-day match, MRI_TOLERANCE_DAYS=365"
OAS30240,2270,1871.0,399.0,False,nearest MRI is 399 days away (exceeds 365-day tolerance),"nearest-day match, MRI_TOLERANCE_DAYS=365"
OAS30240,2604,1871.0,733.0,False,nearest MRI is 733 days away (exceeds 365-day tolerance),"nearest-day match, MRI_TOLERANCE_DAYS=365"
OAS30240,2969,3483.0,514.0,False,nearest MRI is 514 days away (exceeds 365-day tolerance),"nearest-day match, MRI_TOLERANCE_DAYS=365"
OAS30240,3406,3483.0,77.0,True,within tolerance,"nearest-day match, MRI_TOLERANCE_DAYS=365"
OAS30240,4131,4197.0,66.0,True,within tolerance,"nearest-day match, MRI_TOLERANCE_DAYS=365"
OAS30240,4445,4197.0,248.0,True,within tolerance,"nearest-day match, MRI_TOLERANCE_DAYS=365"
OAS30240,4806,4844.0,38.0,True,within tolerance,"nearest-day match, MRI_TOLERANCE_DAYS=365"
OAS30240,5525,5621.0,96.0,True,within tolerance,"nearest-day match, MRI_TOLERANCE_DAYS=365"
OAS30240,5968,5621.0,347.0,True,within tolerance,"nearest-day match, MRI_TOLERANCE_DAYS=365"
OAS30240,6294,5621.0,673.0,False,nearest MRI is 673 days away (exceeds 365-day tolerance),"nearest-day match, MRI_TOLERANCE_DAYS=365"
OAS30241,0,170.0,170.0,True,within tolerance,"nearest-day match, MRI_TOLERANCE_DAYS=365"
OAS30241,1127,1203.0,76.0,True,within tolerance,"nearest-day match, MRI_TOLERANCE_DAYS=365"
OAS30241,4450,4514.0,64.0,True,within tolerance,"nearest-day match, MRI_TOLERANCE_DAYS=365"
OAS30241,5579,4514.0,1065.0,False,nearest MRI is 1065 days away (exceeds 365-day tolerance),"nearest-day match, MRI_TOLERANCE_DAYS=365"
OAS30242,0,137.0,137.0,True,within tolerance,"nearest-day match, MRI_TOLERANCE_DAYS=365"
OAS30242,1007,1138.0,131.0,True,within tolerance,"nearest-day match, MRI_TOLERANCE_DAYS=365"
OAS30242,1389,1138.0,251.0,True,within tolerance,"nearest-day match, MRI_TOLERANCE_DAYS=365"
OAS30242,1824,1138.0,686.0,False,nearest MRI is 686 days away (exceeds 365-day tolerance),"nearest-day match, MRI_TOLERANCE_DAYS=365"
OAS30244,0,104.0,104.0,True,within tolerance,"nearest-day match, MRI_TOLERANCE_DAYS=365"
OAS30244,625,104.0,521.0,False,nearest MRI is 521 days away (exceeds 365-day tolerance),"nearest-day match, MRI_TOLERANCE_DAYS=365"
OAS30244,1360,1526.0,166.0,True,within tolerance,"nearest-day match, MRI_TOLERANCE_DAYS=365"
OAS30245,0,58.0,58.0,True,within tolerance,"nearest-day match, MRI_TOLERANCE_DAYS=365"
OAS30245,1093,1548.0,455.0,False,nearest MRI is 455 days away (exceeds 365-day tolerance),"nearest-day match, MRI_TOLERANCE_DAYS=365"
OAS30245,1452,1548.0,96.0,True,within tolerance,"nearest-day match, MRI_TOLERANCE_DAYS=365"
OAS30245,1884,1548.0,336.0,True,within tolerance,"nearest-day match, MRI_TOLERANCE_DAYS=365"
OAS30246,0,119.0,119.0,True,within tolerance,"nearest-day match, MRI_TOLERANCE_DAYS=365"
OAS30246,473,746.0,273.0,True,within tolerance,"nearest-day match, MRI_TOLERANCE_DAYS=365"
OAS30246,862,746.0,116.0,True,within tolerance,"nearest-day match, MRI_TOLERANCE_DAYS=365"
OAS30246,1219,1591.0,372.0,False,nearest MRI is 372 days away (exceeds 365-day tolerance),"nearest-day match, MRI_TOLERANCE_DAYS=365"
OAS30246,1593,1591.0,2.0,True,within tolerance,"nearest-day match, MRI_TOLERANCE_DAYS=365"
OAS30246,1976,2354.0,378.0,False,nearest MRI is 378 days away (exceeds 365-day tolerance),"nearest-day match, MRI_TOLERANCE_DAYS=365"
OAS30246,2317,2354.0,37.0,True,within tolerance,"nearest-day match, MRI_TOLERANCE_DAYS=365"
OAS30246,3007,2354.0,653.0,False,nearest MRI is 653 days away (exceeds 365-day tolerance),"nearest-day match, MRI_TOLERANCE_DAYS=365"
OAS30246,3760,2354.0,1406.0,False,nearest MRI is 1406 days away (exceeds 365-day tolerance),"nearest-day match, MRI_TOLERANCE_DAYS=365"
OAS30246,4112,2354.0,1758.0,False,nearest MRI is 1758 days away (exceeds 365-day tolerance),"nearest-day match, MRI_TOLERANCE_DAYS=365"
OAS30246,4491,2354.0,2137.0,False,nearest MRI is 2137 days away (exceeds 365-day tolerance),"nearest-day match, MRI_TOLERANCE_DAYS=365"
OAS30247,0,168.0,168.0,True,within tolerance,"nearest-day match, MRI_TOLERANCE_DAYS=365"
OAS30247,1134,844.0,290.0,True,within tolerance,"nearest-day match, MRI_TOLERANCE_DAYS=365"
OAS30247,1458,844.0,614.0,False,nearest MRI is 614 days away (exceeds 365-day tolerance),"nearest-day match, MRI_TOLERANCE_DAYS=365"
OAS30248,469,78.0,391.0,False,nearest MRI is 391 days away (exceeds 365-day tolerance),"nearest-day match, MRI_TOLERANCE_DAYS=365"
OAS30248,805,1191.0,386.0,False,nearest MRI is 386 days away (exceeds 365-day tolerance),"nearest-day match, MRI_TOLERANCE_DAYS=365"
OAS30248,1144,1191.0,47.0,True,within tolerance,"nearest-day match, MRI_TOLERANCE_DAYS=365"
OAS30248,1471,1191.0,280.0,True,within tolerance,"nearest-day match, MRI_TOLERANCE_DAYS=365"
OAS30248,1898,2017.0,119.0,True,within tolerance,"nearest-day match, MRI_TOLERANCE_DAYS=365"
OAS30248,2278,2017.0,261.0,True,within tolerance,"nearest-day match, MRI_TOLERANCE_DAYS=365"
OAS30248,2670,2017.0,653.0,False,nearest MRI is 653 days away (exceeds 365-day tolerance),"nearest-day match, MRI_TOLERANCE_DAYS=365"
OAS30249,0,91.0,91.0,True,within tolerance,"nearest-day match, MRI_TOLERANCE_DAYS=365"
OAS30249,1090,1238.0,148.0,True,within tolerance,"nearest-day match, MRI_TOLERANCE_DAYS=365"
OAS30249,2324,1952.0,372.0,False,nearest MRI is 372 days away (exceeds 365-day tolerance),"nearest-day match, MRI_TOLERANCE_DAYS=365"
OAS30249,3353,3431.0,78.0,True,within tolerance,"nearest-day match, MRI_TOLERANCE_DAYS=365"
OAS30249,4397,4416.0,19.0,True,within tolerance,"nearest-day match, MRI_TOLERANCE_DAYS=365"
OAS30249,5523,5650.0,127.0,True,within tolerance,"nearest-day match, MRI_TOLERANCE_DAYS=365"
OAS30249,5878,5650.0,228.0,True,within tolerance,"nearest-day match, MRI_TOLERANCE_DAYS=365"
OAS30250,0,389.0,389.0,False,nearest MRI is 389 days away (exceeds 365-day tolerance),"nearest-day match, MRI_TOLERANCE_DAYS=365"
OAS30250,371,389.0,18.0,True,within tolerance,"nearest-day match, MRI_TOLERANCE_DAYS=365"
OAS30250,718,389.0,329.0,True,within tolerance,"nearest-day match, MRI_TOLERANCE_DAYS=365"
OAS30250,1187,1233.0,46.0,True,within tolerance,"nearest-day match, MRI_TOLERANCE_DAYS=365"
OAS30250,2188,1722.0,466.0,False,nearest MRI is 466 days away (exceeds 365-day tolerance),"nearest-day match, MRI_TOLERANCE_DAYS=365"
OAS30250,2562,3004.0,442.0,False,nearest MRI is 442 days away (exceeds 365-day tolerance),"nearest-day match, MRI_TOLERANCE_DAYS=365"
OAS30250,2985,3004.0,19.0,True,within tolerance,"nearest-day match, MRI_TOLERANCE_DAYS=365"
OAS30250,3279,3004.0,275.0,True,within tolerance,"nearest-day match, MRI_TOLERANCE_DAYS=365"
OAS30250,3727,3004.0,723.0,False,nearest MRI is 723 days away (exceeds 365-day tolerance),"nearest-day match, MRI_TOLERANCE_DAYS=365"
OAS30250,4105,3004.0,1101.0,False,nearest MRI is 1101 days away (exceeds 365-day tolerance),"nearest-day match, MRI_TOLERANCE_DAYS=365"
OAS30251,0,220.0,220.0,True,within tolerance,"nearest-day match, MRI_TOLERANCE_DAYS=365"
OAS30251,374,220.0,154.0,True,within tolerance,"nearest-day match, MRI_TOLERANCE_DAYS=365"
OAS30251,749,220.0,529.0,False,nearest MRI is 529 days away (exceeds 365-day tolerance),"nearest-day match, MRI_TOLERANCE_DAYS=365"
OAS30251,1478,2067.0,589.0,False,nearest MRI is 589 days away (exceeds 365-day tolerance),"nearest-day match, MRI_TOLERANCE_DAYS=365"
OAS30251,1949,2067.0,118.0,True,within tolerance,"nearest-day match, MRI_TOLERANCE_DAYS=365"
OAS30251,2341,2067.0,274.0,True,within tolerance,"nearest-day match, MRI_TOLERANCE_DAYS=365"
OAS30251,2874,2954.0,80.0,True,within tolerance,"nearest-day match, MRI_TOLERANCE_DAYS=365"
OAS30251,3390,2954.0,436.0,False,nearest MRI is 436 days away (exceeds 365-day tolerance),"nearest-day match, MRI_TOLERANCE_DAYS=365"
OAS30252,0,119.0,119.0,True,within tolerance,"nearest-day match, MRI_TOLERANCE_DAYS=365"
OAS30252,710,119.0,591.0,False,nearest MRI is 591 days away (exceeds 365-day tolerance),"nearest-day match, MRI_TOLERANCE_DAYS=365"
OAS30252,1137,119.0,1018.0,False,nearest MRI is 1018 days away (exceeds 365-day tolerance),"nearest-day match, MRI_TOLERANCE_DAYS=365"
OAS30253,0,2541.0,2541.0,False,nearest MRI is 2541 days away (exceeds 365-day tolerance),"nearest-day match, MRI_TOLERANCE_DAYS=365"
OAS30253,1235,2541.0,1306.0,False,nearest MRI is 1306 days away (exceeds 365-day tolerance),"nearest-day match, MRI_TOLERANCE_DAYS=365"
OAS30253,2250,2541.0,291.0,True,within tolerance,"nearest-day match, MRI_TOLERANCE_DAYS=365"
OAS30253,4425,4746.0,321.0,True,within tolerance,"nearest-day match, MRI_TOLERANCE_DAYS=365"
OAS30253,4963,4746.0,217.0,True,within tolerance,"nearest-day match, MRI_TOLERANCE_DAYS=365"
OAS30253,5313,4746.0,567.0,False,nearest MRI is 567 days away (exceeds 365-day tolerance),"nearest-day match, MRI_TOLERANCE_DAYS=365"
OAS30253,5782,4746.0,1036.0,False,nearest MRI is 1036 days away (exceeds 365-day tolerance),"nearest-day match, MRI_TOLERANCE_DAYS=365"
OAS30254,0,57.0,57.0,True,within tolerance,"nearest-day match, MRI_TOLERANCE_DAYS=365"
OAS30255,0,19.0,19.0,True,within tolerance,"nearest-day match, MRI_TOLERANCE_DAYS=365"
OAS30255,378,19.0,359.0,True,within tolerance,"nearest-day match, MRI_TOLERANCE_DAYS=365"
OAS30256,1,0.0,1.0,True,within tolerance,"nearest-day match, MRI_TOLERANCE_DAYS=365"
OAS30256,1180,1284.0,104.0,True,within tolerance,"nearest-day match, MRI_TOLERANCE_DAYS=365"
OAS30256,2271,2368.0,97.0,True,within tolerance,"nearest-day match, MRI_TOLERANCE_DAYS=365"
OAS30256,3467,3588.0,121.0,True,within tolerance,"nearest-day match, MRI_TOLERANCE_DAYS=365"
OAS30257,388,610.0,222.0,True,within tolerance,"nearest-day match, MRI_TOLERANCE_DAYS=365"
OAS30257,750,610.0,140.0,True,within tolerance,"nearest-day match, MRI_TOLERANCE_DAYS=365"
OAS30257,1119,610.0,509.0,False,nearest MRI is 509 days away (exceeds 365-day tolerance),"nearest-day match, MRI_TOLERANCE_DAYS=365"
OAS30257,1499,1938.0,439.0,False,nearest MRI is 439 days away (exceeds 365-day tolerance),"nearest-day match, MRI_TOLERANCE_DAYS=365"
OAS30257,1862,1938.0,76.0,True,within tolerance,"nearest-day match, MRI_TOLERANCE_DAYS=365"
OAS30257,2227,1938.0,289.0,True,within tolerance,"nearest-day match, MRI_TOLERANCE_DAYS=365"
OAS30257,2666,1938.0,728.0,False,nearest MRI is 728 days away (exceeds 365-day tolerance),"nearest-day match, MRI_TOLERANCE_DAYS=365"
OAS30257,3278,3773.0,495.0,False,nearest MRI is 495 days away (exceeds 365-day tolerance),"nearest-day match, MRI_TOLERANCE_DAYS=365"
OAS30257,4004,3773.0,231.0,True,within tolerance,"nearest-day match, MRI_TOLERANCE_DAYS=365"
OAS30257,4319,3773.0,546.0,False,nearest MRI is 546 days away (exceeds 365-day tolerance),"nearest-day match, MRI_TOLERANCE_DAYS=365"
OAS30257,4682,3773.0,909.0,False,nearest MRI is 909 days away (exceeds 365-day tolerance),"nearest-day match, MRI_TOLERANCE_DAYS=365"
OAS30258,0,487.0,487.0,False,nearest MRI is 487 days away (exceeds 365-day tolerance),"nearest-day match, MRI_TOLERANCE_DAYS=365"
OAS30258,347,487.0,140.0,True,within tolerance,"nearest-day match, MRI_TOLERANCE_DAYS=365"
OAS30258,1596,1225.0,371.0,False,nearest MRI is 371 days away (exceeds 365-day tolerance),"nearest-day match, MRI_TOLERANCE_DAYS=365"
OAS30258,2598,1225.0,1373.0,False,nearest MRI is 1373 days away (exceeds 365-day tolerance),"nearest-day match, MRI_TOLERANCE_DAYS=365"
OAS30258,2962,1225.0,1737.0,False,nearest MRI is 1737 days away (exceeds 365-day tolerance),"nearest-day match, MRI_TOLERANCE_DAYS=365"
OAS30258,4491,1225.0,3266.0,False,nearest MRI is 3266 days away (exceeds 365-day tolerance),"nearest-day match, MRI_TOLERANCE_DAYS=365"
OAS30259,1,0.0,1.0,True,within tolerance,"nearest-day match, MRI_TOLERANCE_DAYS=365"
OAS30259,420,679.0,259.0,True,within tolerance,"nearest-day match, MRI_TOLERANCE_DAYS=365"
OAS30261,0,785.0,785.0,False,nearest MRI is 785 days away (exceeds 365-day tolerance),"nearest-day match, MRI_TOLERANCE_DAYS=365"
OAS30261,414,785.0,371.0,False,nearest MRI is 371 days away (exceeds 365-day tolerance),"nearest-day match, MRI_TOLERANCE_DAYS=365"
OAS30261,762,785.0,23.0,True,within tolerance,"nearest-day match, MRI_TOLERANCE_DAYS=365"
OAS30261,1120,785.0,335.0,True,within tolerance,"nearest-day match, MRI_TOLERANCE_DAYS=365"
OAS30261,1454,1892.0,438.0,False,nearest MRI is 438 days away (exceeds 365-day tolerance),"nearest-day match, MRI_TOLERANCE_DAYS=365"
OAS30261,2261,1892.0,369.0,False,nearest MRI is 369 days away (exceeds 365-day tolerance),"nearest-day match, MRI_TOLERANCE_DAYS=365"
OAS30261,2639,1892.0,747.0,False,nearest MRI is 747 days away (exceeds 365-day tolerance),"nearest-day match, MRI_TOLERANCE_DAYS=365"
OAS30261,3002,1892.0,1110.0,False,nearest MRI is 1110 days away (exceeds 365-day tolerance),"nearest-day match, MRI_TOLERANCE_DAYS=365"
OAS30261,3319,1892.0,1427.0,False,nearest MRI is 1427 days away (exceeds 365-day tolerance),"nearest-day match, MRI_TOLERANCE_DAYS=365"
OAS30261,3683,1892.0,1791.0,False,nearest MRI is 1791 days away (exceeds 365-day tolerance),"nearest-day match, MRI_TOLERANCE_DAYS=365"
OAS30262,642,839.0,197.0,True,within tolerance,"nearest-day match, MRI_TOLERANCE_DAYS=365"
OAS30262,1030,839.0,191.0,True,within tolerance,"nearest-day match, MRI_TOLERANCE_DAYS=365"
OAS30262,1451,1868.0,417.0,False,nearest MRI is 417 days away (exceeds 365-day tolerance),"nearest-day match, MRI_TOLERANCE_DAYS=365"
OAS30262,1807,1868.0,61.0,True,within tolerance,"nearest-day match, MRI_TOLERANCE_DAYS=365"
OAS30263,0,129.0,129.0,True,within tolerance,"nearest-day match, MRI_TOLERANCE_DAYS=365"
OAS30263,355,129.0,226.0,True,within tolerance,"nearest-day match, MRI_TOLERANCE_DAYS=365"
OAS30263,749,970.0,221.0,True,within tolerance,"nearest-day match, MRI_TOLERANCE_DAYS=365"
OAS30263,1168,970.0,198.0,True,within tolerance,"nearest-day match, MRI_TOLERANCE_DAYS=365"
OAS30263,1505,970.0,535.0,False,nearest MRI is 535 days away (exceeds 365-day tolerance),"nearest-day match, MRI_TOLERANCE_DAYS=365"
OAS30263,1902,2483.0,581.0,False,nearest MRI is 581 days away (exceeds 365-day tolerance),"nearest-day match, MRI_TOLERANCE_DAYS=365"
OAS30263,3052,2483.0,569.0,False,nearest MRI is 569 days away (exceeds 365-day tolerance),"nearest-day match, MRI_TOLERANCE_DAYS=365"
OAS30263,4612,4709.0,97.0,True,within tolerance,"nearest-day match, MRI_TOLERANCE_DAYS=365"
OAS30264,0,466.0,466.0,False,nearest MRI is 466 days away (exceeds 365-day tolerance),"nearest-day match, MRI_TOLERANCE_DAYS=365"
OAS30264,816,466.0,350.0,True,within tolerance,"nearest-day match, MRI_TOLERANCE_DAYS=365"
OAS30264,1132,466.0,666.0,False,nearest MRI is 666 days away (exceeds 365-day tolerance),"nearest-day match, MRI_TOLERANCE_DAYS=365"
OAS30264,1561,466.0,1095.0,False,nearest MRI is 1095 days away (exceeds 365-day tolerance),"nearest-day match, MRI_TOLERANCE_DAYS=365"
OAS30264,1937,466.0,1471.0,False,nearest MRI is 1471 days away (exceeds 365-day tolerance),"nearest-day match, MRI_TOLERANCE_DAYS=365"
OAS30264,2281,466.0,1815.0,False,nearest MRI is 1815 days away (exceeds 365-day tolerance),"nearest-day match, MRI_TOLERANCE_DAYS=365"
OAS30264,2645,466.0,2179.0,False,nearest MRI is 2179 days away (exceeds 365-day tolerance),"nearest-day match, MRI_TOLERANCE_DAYS=365"
OAS30265,0,192.0,192.0,True,within tolerance,"nearest-day match, MRI_TOLERANCE_DAYS=365"
OAS30266,0,486.0,486.0,False,nearest MRI is 486 days away (exceeds 365-day tolerance),"nearest-day match, MRI_TOLERANCE_DAYS=365"
OAS30267,0,43.0,43.0,True,within tolerance,"nearest-day match, MRI_TOLERANCE_DAYS=365"
OAS30267,456,43.0,413.0,False,nearest MRI is 413 days away (exceeds 365-day tolerance),"nearest-day match, MRI_TOLERANCE_DAYS=365"
OAS30269,0,52.0,52.0,True,within tolerance,"nearest-day match, MRI_TOLERANCE_DAYS=365"
OAS30269,737,52.0,685.0,False,nearest MRI is 685 days away (exceeds 365-day tolerance),"nearest-day match, MRI_TOLERANCE_DAYS=365"
OAS30269,3279,52.0,3227.0,False,nearest MRI is 3227 days away (exceeds 365-day tolerance),"nearest-day match, MRI_TOLERANCE_DAYS=365"
OAS30269,3712,52.0,3660.0,False,nearest MRI is 3660 days away (exceeds 365-day tolerance),"nearest-day match, MRI_TOLERANCE_DAYS=365"
OAS30270,0,70.0,70.0,True,within tolerance,"nearest-day match, MRI_TOLERANCE_DAYS=365"
OAS30270,443,70.0,373.0,False,nearest MRI is 373 days away (exceeds 365-day tolerance),"nearest-day match, MRI_TOLERANCE_DAYS=365"
OAS30270,880,70.0,810.0,False,nearest MRI is 810 days away (exceeds 365-day tolerance),"nearest-day match, MRI_TOLERANCE_DAYS=365"
OAS30270,1268,70.0,1198.0,False,nearest MRI is 1198 days away (exceeds 365-day tolerance),"nearest-day match, MRI_TOLERANCE_DAYS=365"
OAS30270,1604,70.0,1534.0,False,nearest MRI is 1534 days away (exceeds 365-day tolerance),"nearest-day match, MRI_TOLERANCE_DAYS=365"
OAS30270,1940,70.0,1870.0,False,nearest MRI is 1870 days away (exceeds 365-day tolerance),"nearest-day match, MRI_TOLERANCE_DAYS=365"
OAS30272,0,57.0,57.0,True,within tolerance,"nearest-day match, MRI_TOLERANCE_DAYS=365"
OAS30272,1114,57.0,1057.0,False,nearest MRI is 1057 days away (exceeds 365-day tolerance),"nearest-day match, MRI_TOLERANCE_DAYS=365"
OAS30272,1497,2456.0,959.0,False,nearest MRI is 959 days away (exceeds 365-day tolerance),"nearest-day match, MRI_TOLERANCE_DAYS=365"
OAS30272,2318,2456.0,138.0,True,within tolerance,"nearest-day match, MRI_TOLERANCE_DAYS=365"
OAS30272,2612,2456.0,156.0,True,within tolerance,"nearest-day match, MRI_TOLERANCE_DAYS=365"
OAS30272,3004,3087.0,83.0,True,within tolerance,"nearest-day match, MRI_TOLERANCE_DAYS=365"
OAS30272,3408,3087.0,321.0,True,within tolerance,"nearest-day match, MRI_TOLERANCE_DAYS=365"
OAS30272,3830,3087.0,743.0,False,nearest MRI is 743 days away (exceeds 365-day tolerance),"nearest-day match, MRI_TOLERANCE_DAYS=365"
OAS30272,4531,3087.0,1444.0,False,nearest MRI is 1444 days away (exceeds 365-day tolerance),"nearest-day match, MRI_TOLERANCE_DAYS=365"
OAS30273,0,77.0,77.0,True,within tolerance,"nearest-day match, MRI_TOLERANCE_DAYS=365"
OAS30273,1443,1591.0,148.0,True,within tolerance,"nearest-day match, MRI_TOLERANCE_DAYS=365"
OAS30273,1809,1591.0,218.0,True,within tolerance,"nearest-day match, MRI_TOLERANCE_DAYS=365"
OAS30273,2290,2304.0,14.0,True,within tolerance,"nearest-day match, MRI_TOLERANCE_DAYS=365"
OAS30274,0,605.0,605.0,False,nearest MRI is 605 days away (exceeds 365-day tolerance),"nearest-day match, MRI_TOLERANCE_DAYS=365"
OAS30274,2283,3332.0,1049.0,False,nearest MRI is 1049 days away (exceeds 365-day tolerance),"nearest-day match, MRI_TOLERANCE_DAYS=365"
OAS30274,3308,3332.0,24.0,True,within tolerance,"nearest-day match, MRI_TOLERANCE_DAYS=365"
OAS30275,364,280.0,84.0,True,within tolerance,"nearest-day match, MRI_TOLERANCE_DAYS=365"
OAS30275,721,1006.0,285.0,True,within tolerance,"nearest-day match, MRI_TOLERANCE_DAYS=365"
OAS30275,1484,1006.0,478.0,False,nearest MRI is 478 days away (exceeds 365-day tolerance),"nearest-day match, MRI_TOLERANCE_DAYS=365"
OAS30276,0,1200.0,1200.0,False,nearest MRI is 1200 days away (exceeds 365-day tolerance),"nearest-day match, MRI_TOLERANCE_DAYS=365"
OAS30276,2342,2405.0,63.0,True,within tolerance,"nearest-day match, MRI_TOLERANCE_DAYS=365"
OAS30276,3213,3217.0,4.0,True,within tolerance,"nearest-day match, MRI_TOLERANCE_DAYS=365"
OAS30276,3580,3217.0,363.0,True,within tolerance,"nearest-day match, MRI_TOLERANCE_DAYS=365"
OAS30276,3881,3217.0,664.0,False,nearest MRI is 664 days away (exceeds 365-day tolerance),"nearest-day match, MRI_TOLERANCE_DAYS=365"
OAS30276,4281,3217.0,1064.0,False,nearest MRI is 1064 days away (exceeds 365-day tolerance),"nearest-day match, MRI_TOLERANCE_DAYS=365"
OAS30276,4661,3217.0,1444.0,False,nearest MRI is 1444 days away (exceeds 365-day tolerance),"nearest-day match, MRI_TOLERANCE_DAYS=365"
OAS30277,2439,198.0,2241.0,False,nearest MRI is 2241 days away (exceeds 365-day tolerance),"nearest-day match, MRI_TOLERANCE_DAYS=365"
OAS30277,2965,198.0,2767.0,False,nearest MRI is 2767 days away (exceeds 365-day tolerance),"nearest-day match, MRI_TOLERANCE_DAYS=365"
OAS30277,3333,198.0,3135.0,False,nearest MRI is 3135 days away (exceeds 365-day tolerance),"nearest-day match, MRI_TOLERANCE_DAYS=365"
OAS30280,0,85.0,85.0,True,within tolerance,"nearest-day match, MRI_TOLERANCE_DAYS=365"
OAS30280,357,85.0,272.0,True,within tolerance,"nearest-day match, MRI_TOLERANCE_DAYS=365"
OAS30280,2638,1647.0,991.0,False,nearest MRI is 991 days away (exceeds 365-day tolerance),"nearest-day match, MRI_TOLERANCE_DAYS=365"
OAS30280,3100,1647.0,1453.0,False,nearest MRI is 1453 days away (exceeds 365-day tolerance),"nearest-day match, MRI_TOLERANCE_DAYS=365"
OAS30280,3976,1647.0,2329.0,False,nearest MRI is 2329 days away (exceeds 365-day tolerance),"nearest-day match, MRI_TOLERANCE_DAYS=365"
OAS30280,4368,1647.0,2721.0,False,nearest MRI is 2721 days away (exceeds 365-day tolerance),"nearest-day match, MRI_TOLERANCE_DAYS=365"
OAS30281,0,42.0,42.0,True,within tolerance,"nearest-day match, MRI_TOLERANCE_DAYS=365"
OAS30282,0,40.0,40.0,True,within tolerance,"nearest-day match, MRI_TOLERANCE_DAYS=365"
OAS30282,390,40.0,350.0,True,within tolerance,"nearest-day match, MRI_TOLERANCE_DAYS=365"
OAS30282,770,40.0,730.0,False,nearest MRI is 730 days away (exceeds 365-day tolerance),"nearest-day match, MRI_TOLERANCE_DAYS=365"
OAS30283,389,64.0,325.0,True,within tolerance,"nearest-day match, MRI_TOLERANCE_DAYS=365"
OAS30283,797,797.0,0.0,True,within tolerance,"nearest-day match, MRI_TOLERANCE_DAYS=365"
OAS30283,1740,2660.0,920.0,False,nearest MRI is 920 days away (exceeds 365-day tolerance),"nearest-day match, MRI_TOLERANCE_DAYS=365"
OAS30283,2185,2660.0,475.0,False,nearest MRI is 475 days away (exceeds 365-day tolerance),"nearest-day match, MRI_TOLERANCE_DAYS=365"
OAS30283,2583,2660.0,77.0,True,within tolerance,"nearest-day match, MRI_TOLERANCE_DAYS=365"
OAS30283,2941,2660.0,281.0,True,within tolerance,"nearest-day match, MRI_TOLERANCE_DAYS=365"
OAS30283,3310,3342.0,32.0,True,within tolerance,"nearest-day match, MRI_TOLERANCE_DAYS=365"
OAS30283,3660,3737.0,77.0,True,within tolerance,"nearest-day match, MRI_TOLERANCE_DAYS=365"
OAS30283,4066,3737.0,329.0,True,within tolerance,"nearest-day match, MRI_TOLERANCE_DAYS=365"
OAS30284,0,94.0,94.0,True,within tolerance,"nearest-day match, MRI_TOLERANCE_DAYS=365"
OAS30284,1155,1633.0,478.0,False,nearest MRI is 478 days away (exceeds 365-day tolerance),"nearest-day match, MRI_TOLERANCE_DAYS=365"
OAS30284,2553,1633.0,920.0,False,nearest MRI is 920 days away (exceeds 365-day tolerance),"nearest-day match, MRI_TOLERANCE_DAYS=365"
OAS30284,4485,4667.0,182.0,True,within tolerance,"nearest-day match, MRI_TOLERANCE_DAYS=365"
OAS30284,5897,4667.0,1230.0,False,nearest MRI is 1230 days away (exceeds 365-day tolerance),"nearest-day match, MRI_TOLERANCE_DAYS=365"
OAS30285,0,55.0,55.0,True,within tolerance,"nearest-day match, MRI_TOLERANCE_DAYS=365"
OAS30285,1103,55.0,1048.0,False,nearest MRI is 1048 days away (exceeds 365-day tolerance),"nearest-day match, MRI_TOLERANCE_DAYS=365"
OAS30285,2280,55.0,2225.0,False,nearest MRI is 2225 days away (exceeds 365-day tolerance),"nearest-day match, MRI_TOLERANCE_DAYS=365"
OAS30285,3252,55.0,3197.0,False,nearest MRI is 3197 days away (exceeds 365-day tolerance),"nearest-day match, MRI_TOLERANCE_DAYS=365"
OAS30285,4512,55.0,4457.0,False,nearest MRI is 4457 days away (exceeds 365-day tolerance),"nearest-day match, MRI_TOLERANCE_DAYS=365"
OAS30286,0,47.0,47.0,True,within tolerance,"nearest-day match, MRI_TOLERANCE_DAYS=365"
OAS30286,498,47.0,451.0,False,nearest MRI is 451 days away (exceeds 365-day tolerance),"nearest-day match, MRI_TOLERANCE_DAYS=365"
OAS30287,0,890.0,890.0,False,nearest MRI is 890 days away (exceeds 365-day tolerance),"nearest-day match, MRI_TOLERANCE_DAYS=365"
OAS30287,331,890.0,559.0,False,nearest MRI is 559 days away (exceeds 365-day tolerance),"nearest-day match, MRI_TOLERANCE_DAYS=365"
OAS30287,722,890.0,168.0,True,within tolerance,"nearest-day match, MRI_TOLERANCE_DAYS=365"
OAS30287,1127,890.0,237.0,True,within tolerance,"nearest-day match, MRI_TOLERANCE_DAYS=365"
OAS30287,1580,890.0,690.0,False,nearest MRI is 690 days away (exceeds 365-day tolerance),"nearest-day match, MRI_TOLERANCE_DAYS=365"
OAS30288,15,897.0,882.0,False,nearest MRI is 882 days away (exceeds 365-day tolerance),"nearest-day match, MRI_TOLERANCE_DAYS=365"
OAS30288,1137,897.0,240.0,True,within tolerance,"nearest-day match, MRI_TOLERANCE_DAYS=365"
OAS30288,2263,897.0,1366.0,False,nearest MRI is 1366 days away (exceeds 365-day tolerance),"nearest-day match, MRI_TOLERANCE_DAYS=365"
OAS30288,4391,4509.0,118.0,True,within tolerance,"nearest-day match, MRI_TOLERANCE_DAYS=365"
OAS30288,5497,4509.0,988.0,False,nearest MRI is 988 days away (exceeds 365-day tolerance),"nearest-day match, MRI_TOLERANCE_DAYS=365"
OAS30288,6273,4509.0,1764.0,False,nearest MRI is 1764 days away (exceeds 365-day tolerance),"nearest-day match, MRI_TOLERANCE_DAYS=365"
OAS30291,747,78.0,669.0,False,nearest MRI is 669 days away (exceeds 365-day tolerance),"nearest-day match, MRI_TOLERANCE_DAYS=365"
OAS30291,1132,1979.0,847.0,False,nearest MRI is 847 days away (exceeds 365-day tolerance),"nearest-day match, MRI_TOLERANCE_DAYS=365"
OAS30291,1901,1979.0,78.0,True,within tolerance,"nearest-day match, MRI_TOLERANCE_DAYS=365"
OAS30291,2248,1979.0,269.0,True,within tolerance,"nearest-day match, MRI_TOLERANCE_DAYS=365"
OAS30291,2763,3148.0,385.0,False,nearest MRI is 385 days away (exceeds 365-day tolerance),"nearest-day match, MRI_TOLERANCE_DAYS=365"
OAS30291,3077,3148.0,71.0,True,within tolerance,"nearest-day match, MRI_TOLERANCE_DAYS=365"
OAS30291,3375,3148.0,227.0,True,within tolerance,"nearest-day match, MRI_TOLERANCE_DAYS=365"
OAS30293,1201,1221.0,20.0,True,within tolerance,"nearest-day match, MRI_TOLERANCE_DAYS=365"
OAS30293,2493,1221.0,1272.0,False,nearest MRI is 1272 days away (exceeds 365-day tolerance),"nearest-day match, MRI_TOLERANCE_DAYS=365"
OAS30294,454,462.0,8.0,True,within tolerance,"nearest-day match, MRI_TOLERANCE_DAYS=365"
OAS30296,0,69.0,69.0,True,within tolerance,"nearest-day match, MRI_TOLERANCE_DAYS=365"
OAS30296,475,69.0,406.0,False,nearest MRI is 406 days away (exceeds 365-day tolerance),"nearest-day match, MRI_TOLERANCE_DAYS=365"
OAS30296,847,69.0,778.0,False,nearest MRI is 778 days away (exceeds 365-day tolerance),"nearest-day match, MRI_TOLERANCE_DAYS=365"
OAS30297,0,105.0,105.0,True,within tolerance,"nearest-day match, MRI_TOLERANCE_DAYS=365"
OAS30297,1345,1712.0,367.0,False,nearest MRI is 367 days away (exceeds 365-day tolerance),"nearest-day match, MRI_TOLERANCE_DAYS=365"
OAS30297,2262,2331.0,69.0,True,within tolerance,"nearest-day match, MRI_TOLERANCE_DAYS=365"
OAS30298,0,292.0,292.0,True,within tolerance,"nearest-day match, MRI_TOLERANCE_DAYS=365"
OAS30298,329,292.0,37.0,True,within tolerance,"nearest-day match, MRI_TOLERANCE_DAYS=365"
OAS30298,797,292.0,505.0,False,nearest MRI is 505 days away (exceeds 365-day tolerance),"nearest-day match, MRI_TOLERANCE_DAYS=365"
OAS30299,0,119.0,119.0,True,within tolerance,"nearest-day match, MRI_TOLERANCE_DAYS=365"
OAS30299,1185,119.0,1066.0,False,nearest MRI is 1066 days away (exceeds 365-day tolerance),"nearest-day match, MRI_TOLERANCE_DAYS=365"
OAS30300,0,100.0,100.0,True,within tolerance,"nearest-day match, MRI_TOLERANCE_DAYS=365"
OAS30302,0,262.0,262.0,True,within tolerance,"nearest-day match, MRI_TOLERANCE_DAYS=365"
OAS30302,418,262.0,156.0,True,within tolerance,"nearest-day match, MRI_TOLERANCE_DAYS=365"
OAS30302,780,262.0,518.0,False,nearest MRI is 518 days away (exceeds 365-day tolerance),"nearest-day match, MRI_TOLERANCE_DAYS=365"
OAS30302,1152,262.0,890.0,False,nearest MRI is 890 days away (exceeds 365-day tolerance),"nearest-day match, MRI_TOLERANCE_DAYS=365"
OAS30302,1700,262.0,1438.0,False,nearest MRI is 1438 days away (exceeds 365-day tolerance),"nearest-day match, MRI_TOLERANCE_DAYS=365"
OAS30303,0,910.0,910.0,False,nearest MRI is 910 days away (exceeds 365-day tolerance),"nearest-day match, MRI_TOLERANCE_DAYS=365"
OAS30303,371,910.0,539.0,False,nearest MRI is 539 days away (exceeds 365-day tolerance),"nearest-day match, MRI_TOLERANCE_DAYS=365"
OAS30303,736,910.0,174.0,True,within tolerance,"nearest-day match, MRI_TOLERANCE_DAYS=365"
OAS30303,1127,910.0,217.0,True,within tolerance,"nearest-day match, MRI_TOLERANCE_DAYS=365"
OAS30303,1477,1948.0,471.0,False,nearest MRI is 471 days away (exceeds 365-day tolerance),"nearest-day match, MRI_TOLERANCE_DAYS=365"
OAS30303,1834,1948.0,114.0,True,within tolerance,"nearest-day match, MRI_TOLERANCE_DAYS=365"
OAS30303,2226,1948.0,278.0,True,within tolerance,"nearest-day match, MRI_TOLERANCE_DAYS=365"
OAS30303,2583,2650.0,67.0,True,within tolerance,"nearest-day match, MRI_TOLERANCE_DAYS=365"
OAS30303,2940,2650.0,290.0,True,within tolerance,"nearest-day match, MRI_TOLERANCE_DAYS=365"
OAS30303,3319,2650.0,669.0,False,nearest MRI is 669 days away (exceeds 365-day tolerance),"nearest-day match, MRI_TOLERANCE_DAYS=365"
OAS30303,3655,2650.0,1005.0,False,nearest MRI is 1005 days away (exceeds 365-day tolerance),"nearest-day match, MRI_TOLERANCE_DAYS=365"
OAS30303,4043,2650.0,1393.0,False,nearest MRI is 1393 days away (exceeds 365-day tolerance),"nearest-day match, MRI_TOLERANCE_DAYS=365"
OAS30303,4369,2650.0,1719.0,False,nearest MRI is 1719 days away (exceeds 365-day tolerance),"nearest-day match, MRI_TOLERANCE_DAYS=365"
OAS30303,4739,2650.0,2089.0,False,nearest MRI is 2089 days away (exceeds 365-day tolerance),"nearest-day match, MRI_TOLERANCE_DAYS=365"
OAS30303,5124,2650.0,2474.0,False,nearest MRI is 2474 days away (exceeds 365-day tolerance),"nearest-day match, MRI_TOLERANCE_DAYS=365"
OAS30303,5460,2650.0,2810.0,False,nearest MRI is 2810 days away (exceeds 365-day tolerance),"nearest-day match, MRI_TOLERANCE_DAYS=365"
OAS30303,5824,2650.0,3174.0,False,nearest MRI is 3174 days away (exceeds 365-day tolerance),"nearest-day match, MRI_TOLERANCE_DAYS=365"
OAS30303,6412,2650.0,3762.0,False,nearest MRI is 3762 days away (exceeds 365-day tolerance),"nearest-day match, MRI_TOLERANCE_DAYS=365"
OAS30303,6744,2650.0,4094.0,False,nearest MRI is 4094 days away (exceeds 365-day tolerance),"nearest-day match, MRI_TOLERANCE_DAYS=365"
OAS30304,0,27.0,27.0,True,within tolerance,"nearest-day match, MRI_TOLERANCE_DAYS=365"
OAS30304,385,27.0,358.0,True,within tolerance,"nearest-day match, MRI_TOLERANCE_DAYS=365"
OAS30304,736,1272.0,536.0,False,nearest MRI is 536 days away (exceeds 365-day tolerance),"nearest-day match, MRI_TOLERANCE_DAYS=365"
OAS30304,1148,1272.0,124.0,True,within tolerance,"nearest-day match, MRI_TOLERANCE_DAYS=365"
OAS30304,1468,1272.0,196.0,True,within tolerance,"nearest-day match, MRI_TOLERANCE_DAYS=365"
OAS30305,0,245.0,245.0,True,within tolerance,"nearest-day match, MRI_TOLERANCE_DAYS=365"
OAS30306,0,28.0,28.0,True,within tolerance,"nearest-day match, MRI_TOLERANCE_DAYS=365"
OAS30306,507,473.0,34.0,True,within tolerance,"nearest-day match, MRI_TOLERANCE_DAYS=365"
OAS30307,375,32.0,343.0,True,within tolerance,"nearest-day match, MRI_TOLERANCE_DAYS=365"
OAS30307,1530,2362.0,832.0,False,nearest MRI is 832 days away (exceeds 365-day tolerance),"nearest-day match, MRI_TOLERANCE_DAYS=365"
OAS30307,1880,2362.0,482.0,False,nearest MRI is 482 days away (exceeds 365-day tolerance),"nearest-day match, MRI_TOLERANCE_DAYS=365"
OAS30307,2264,2362.0,98.0,True,within tolerance,"nearest-day match, MRI_TOLERANCE_DAYS=365"
OAS30307,2650,2362.0,288.0,True,within tolerance,"nearest-day match, MRI_TOLERANCE_DAYS=365"
OAS30307,3314,2362.0,952.0,False,nearest MRI is 952 days away (exceeds 365-day tolerance),"nearest-day match, MRI_TOLERANCE_DAYS=365"
OAS30307,4082,2362.0,1720.0,False,nearest MRI is 1720 days away (exceeds 365-day tolerance),"nearest-day match, MRI_TOLERANCE_DAYS=365"
OAS30308,0,4.0,4.0,True,within tolerance,"nearest-day match, MRI_TOLERANCE_DAYS=365"
OAS30308,1191,423.0,768.0,False,nearest MRI is 768 days away (exceeds 365-day tolerance),"nearest-day match, MRI_TOLERANCE_DAYS=365"
OAS30309,0,94.0,94.0,True,within tolerance,"nearest-day match, MRI_TOLERANCE_DAYS=365"
OAS30310,0,191.0,191.0,True,within tolerance,"nearest-day match, MRI_TOLERANCE_DAYS=365"
OAS30311,0,127.0,127.0,True,within tolerance,"nearest-day match, MRI_TOLERANCE_DAYS=365"
OAS30311,453,127.0,326.0,True,within tolerance,"nearest-day match, MRI_TOLERANCE_DAYS=365"
OAS30312,0,68.0,68.0,True,within tolerance,"nearest-day match, MRI_TOLERANCE_DAYS=365"
OAS30312,391,68.0,323.0,True,within tolerance,"nearest-day match, MRI_TOLERANCE_DAYS=365"
OAS30313,0,48.0,48.0,True,within tolerance,"nearest-day match, MRI_TOLERANCE_DAYS=365"
OAS30313,799,48.0,751.0,False,nearest MRI is 751 days away (exceeds 365-day tolerance),"nearest-day match, MRI_TOLERANCE_DAYS=365"
OAS30314,401,6379.0,5978.0,False,nearest MRI is 5978 days away (exceeds 365-day tolerance),"nearest-day match, MRI_TOLERANCE_DAYS=365"
OAS30314,808,6379.0,5571.0,False,nearest MRI is 5571 days away (exceeds 365-day tolerance),"nearest-day match, MRI_TOLERANCE_DAYS=365"
OAS30314,1136,6379.0,5243.0,False,nearest MRI is 5243 days away (exceeds 365-day tolerance),"nearest-day match, MRI_TOLERANCE_DAYS=365"
OAS30314,1533,6379.0,4846.0,False,nearest MRI is 4846 days away (exceeds 365-day tolerance),"nearest-day match, MRI_TOLERANCE_DAYS=365"
OAS30314,2555,6379.0,3824.0,False,nearest MRI is 3824 days away (exceeds 365-day tolerance),"nearest-day match, MRI_TOLERANCE_DAYS=365"
OAS30314,3178,6379.0,3201.0,False,nearest MRI is 3201 days away (exceeds 365-day tolerance),"nearest-day match, MRI_TOLERANCE_DAYS=365"
OAS30314,3908,6379.0,2471.0,False,nearest MRI is 2471 days away (exceeds 365-day tolerance),"nearest-day match, MRI_TOLERANCE_DAYS=365"
OAS30314,4272,6379.0,2107.0,False,nearest MRI is 2107 days away (exceeds 365-day tolerance),"nearest-day match, MRI_TOLERANCE_DAYS=365"
OAS30314,4727,6379.0,1652.0,False,nearest MRI is 1652 days away (exceeds 365-day tolerance),"nearest-day match, MRI_TOLERANCE_DAYS=365"
OAS30314,5166,6379.0,1213.0,False,nearest MRI is 1213 days away (exceeds 365-day tolerance),"nearest-day match, MRI_TOLERANCE_DAYS=365"
OAS30314,5558,6379.0,821.0,False,nearest MRI is 821 days away (exceeds 365-day tolerance),"nearest-day match, MRI_TOLERANCE_DAYS=365"
OAS30314,5923,6379.0,456.0,False,nearest MRI is 456 days away (exceeds 365-day tolerance),"nearest-day match, MRI_TOLERANCE_DAYS=365"
OAS30314,6287,6379.0,92.0,True,within tolerance,"nearest-day match, MRI_TOLERANCE_DAYS=365"
OAS30314,6954,7000.0,46.0,True,within tolerance,"nearest-day match, MRI_TOLERANCE_DAYS=365"
OAS30314,7678,7814.0,136.0,True,within tolerance,"nearest-day match, MRI_TOLERANCE_DAYS=365"
OAS30314,8070,7814.0,256.0,True,within tolerance,"nearest-day match, MRI_TOLERANCE_DAYS=365"
OAS30314,8395,7814.0,581.0,False,nearest MRI is 581 days away (exceeds 365-day tolerance),"nearest-day match, MRI_TOLERANCE_DAYS=365"
OAS30314,8786,7814.0,972.0,False,nearest MRI is 972 days away (exceeds 365-day tolerance),"nearest-day match, MRI_TOLERANCE_DAYS=365"
OAS30314,9158,7814.0,1344.0,False,nearest MRI is 1344 days away (exceeds 365-day tolerance),"nearest-day match, MRI_TOLERANCE_DAYS=365"
OAS30314,9540,7814.0,1726.0,False,nearest MRI is 1726 days away (exceeds 365-day tolerance),"nearest-day match, MRI_TOLERANCE_DAYS=365"
OAS30314,9919,7814.0,2105.0,False,nearest MRI is 2105 days away (exceeds 365-day tolerance),"nearest-day match, MRI_TOLERANCE_DAYS=365"
OAS30314,10243,7814.0,2429.0,False,nearest MRI is 2429 days away (exceeds 365-day tolerance),"nearest-day match, MRI_TOLERANCE_DAYS=365"
OAS30315,0,,,False,subject has zero MRI/FreeSurfer records,"nearest-day match, MRI_TOLERANCE_DAYS=365"
OAS30315,370,,,False,subject has zero MRI/FreeSurfer records,"nearest-day match, MRI_TOLERANCE_DAYS=365"
OAS30315,777,,,False,subject has zero MRI/FreeSurfer records,"nearest-day match, MRI_TOLERANCE_DAYS=365"
OAS30315,1133,,,False,subject has zero MRI/FreeSurfer records,"nearest-day match, MRI_TOLERANCE_DAYS=365"
OAS30316,0,18.0,18.0,True,within tolerance,"nearest-day match, MRI_TOLERANCE_DAYS=365"
OAS30316,431,18.0,413.0,False,nearest MRI is 413 days away (exceeds 365-day tolerance),"nearest-day match, MRI_TOLERANCE_DAYS=365"
OAS30316,1127,18.0,1109.0,False,nearest MRI is 1109 days away (exceeds 365-day tolerance),"nearest-day match, MRI_TOLERANCE_DAYS=365"
OAS30316,1495,18.0,1477.0,False,nearest MRI is 1477 days away (exceeds 365-day tolerance),"nearest-day match, MRI_TOLERANCE_DAYS=365"
OAS30317,480,88.0,392.0,False,nearest MRI is 392 days away (exceeds 365-day tolerance),"nearest-day match, MRI_TOLERANCE_DAYS=365"
OAS30317,893,88.0,805.0,False,nearest MRI is 805 days away (exceeds 365-day tolerance),"nearest-day match, MRI_TOLERANCE_DAYS=365"
OAS30317,2327,88.0,2239.0,False,nearest MRI is 2239 days away (exceeds 365-day tolerance),"nearest-day match, MRI_TOLERANCE_DAYS=365"
OAS30318,2393,2975.0,582.0,False,nearest MRI is 582 days away (exceeds 365-day tolerance),"nearest-day match, MRI_TOLERANCE_DAYS=365"
OAS30318,2858,2975.0,117.0,True,within tolerance,"nearest-day match, MRI_TOLERANCE_DAYS=365"
OAS30318,3226,3298.0,72.0,True,within tolerance,"nearest-day match, MRI_TOLERANCE_DAYS=365"
OAS30318,3564,3298.0,266.0,True,within tolerance,"nearest-day match, MRI_TOLERANCE_DAYS=365"
OAS30318,4313,3298.0,1015.0,False,nearest MRI is 1015 days away (exceeds 365-day tolerance),"nearest-day match, MRI_TOLERANCE_DAYS=365"
OAS30318,4940,3298.0,1642.0,False,nearest MRI is 1642 days away (exceeds 365-day tolerance),"nearest-day match, MRI_TOLERANCE_DAYS=365"
OAS30319,0,43.0,43.0,True,within tolerance,"nearest-day match, MRI_TOLERANCE_DAYS=365"
OAS30319,1218,43.0,1175.0,False,nearest MRI is 1175 days away (exceeds 365-day tolerance),"nearest-day match, MRI_TOLERANCE_DAYS=365"
OAS30320,746,136.0,610.0,False,nearest MRI is 610 days away (exceeds 365-day tolerance),"nearest-day match, MRI_TOLERANCE_DAYS=365"
OAS30320,1203,1740.0,537.0,False,nearest MRI is 537 days away (exceeds 365-day tolerance),"nearest-day match, MRI_TOLERANCE_DAYS=365"
OAS30320,2334,1740.0,594.0,False,nearest MRI is 594 days away (exceeds 365-day tolerance),"nearest-day match, MRI_TOLERANCE_DAYS=365"
OAS30320,3107,1740.0,1367.0,False,nearest MRI is 1367 days away (exceeds 365-day tolerance),"nearest-day match, MRI_TOLERANCE_DAYS=365"
OAS30321,0,75.0,75.0,True,within tolerance,"nearest-day match, MRI_TOLERANCE_DAYS=365"
OAS30321,383,75.0,308.0,True,within tolerance,"nearest-day match, MRI_TOLERANCE_DAYS=365"
OAS30321,713,75.0,638.0,False,nearest MRI is 638 days away (exceeds 365-day tolerance),"nearest-day match, MRI_TOLERANCE_DAYS=365"
OAS30321,1091,1988.0,897.0,False,nearest MRI is 897 days away (exceeds 365-day tolerance),"nearest-day match, MRI_TOLERANCE_DAYS=365"
OAS30321,1471,1988.0,517.0,False,nearest MRI is 517 days away (exceeds 365-day tolerance),"nearest-day match, MRI_TOLERANCE_DAYS=365"
OAS30321,2207,1988.0,219.0,True,within tolerance,"nearest-day match, MRI_TOLERANCE_DAYS=365"
OAS30321,2926,3003.0,77.0,True,within tolerance,"nearest-day match, MRI_TOLERANCE_DAYS=365"
OAS30321,3277,3003.0,274.0,True,within tolerance,"nearest-day match, MRI_TOLERANCE_DAYS=365"
OAS30321,3635,3003.0,632.0,False,nearest MRI is 632 days away (exceeds 365-day tolerance),"nearest-day match, MRI_TOLERANCE_DAYS=365"
OAS30321,4082,3003.0,1079.0,False,nearest MRI is 1079 days away (exceeds 365-day tolerance),"nearest-day match, MRI_TOLERANCE_DAYS=365"
OAS30321,4408,3003.0,1405.0,False,nearest MRI is 1405 days away (exceeds 365-day tolerance),"nearest-day match, MRI_TOLERANCE_DAYS=365"
OAS30322,0,173.0,173.0,True,within tolerance,"nearest-day match, MRI_TOLERANCE_DAYS=365"
OAS30322,378,173.0,205.0,True,within tolerance,"nearest-day match, MRI_TOLERANCE_DAYS=365"
OAS30322,770,645.0,125.0,True,within tolerance,"nearest-day match, MRI_TOLERANCE_DAYS=365"
OAS30322,1162,1630.0,468.0,False,nearest MRI is 468 days away (exceeds 365-day tolerance),"nearest-day match, MRI_TOLERANCE_DAYS=365"
OAS30322,1512,1630.0,118.0,True,within tolerance,"nearest-day match, MRI_TOLERANCE_DAYS=365"
OAS30322,1834,1630.0,204.0,True,within tolerance,"nearest-day match, MRI_TOLERANCE_DAYS=365"
OAS30322,2240,1630.0,610.0,False,nearest MRI is 610 days away (exceeds 365-day tolerance),"nearest-day match, MRI_TOLERANCE_DAYS=365"
OAS30322,2575,1630.0,945.0,False,nearest MRI is 945 days away (exceeds 365-day tolerance),"nearest-day match, MRI_TOLERANCE_DAYS=365"
OAS30322,2940,3851.0,911.0,False,nearest MRI is 911 days away (exceeds 365-day tolerance),"nearest-day match, MRI_TOLERANCE_DAYS=365"
OAS30322,3383,3851.0,468.0,False,nearest MRI is 468 days away (exceeds 365-day tolerance),"nearest-day match, MRI_TOLERANCE_DAYS=365"
OAS30322,3761,3851.0,90.0,True,within tolerance,"nearest-day match, MRI_TOLERANCE_DAYS=365"
OAS30322,4088,3851.0,237.0,True,within tolerance,"nearest-day match, MRI_TOLERANCE_DAYS=365"
OAS30322,4417,3851.0,566.0,False,nearest MRI is 566 days away (exceeds 365-day tolerance),"nearest-day match, MRI_TOLERANCE_DAYS=365"
OAS30322,4760,5194.0,434.0,False,nearest MRI is 434 days away (exceeds 365-day tolerance),"nearest-day match, MRI_TOLERANCE_DAYS=365"
OAS30322,5110,5194.0,84.0,True,within tolerance,"nearest-day match, MRI_TOLERANCE_DAYS=365"
OAS30322,5574,5194.0,380.0,False,nearest MRI is 380 days away (exceeds 365-day tolerance),"nearest-day match, MRI_TOLERANCE_DAYS=365"
OAS30322,5923,5194.0,729.0,False,nearest MRI is 729 days away (exceeds 365-day tolerance),"nearest-day match, MRI_TOLERANCE_DAYS=365"
OAS30322,6278,5194.0,1084.0,False,nearest MRI is 1084 days away (exceeds 365-day tolerance),"nearest-day match, MRI_TOLERANCE_DAYS=365"
OAS30323,0,836.0,836.0,False,nearest MRI is 836 days away (exceeds 365-day tolerance),"nearest-day match, MRI_TOLERANCE_DAYS=365"
OAS30323,451,836.0,385.0,False,nearest MRI is 385 days away (exceeds 365-day tolerance),"nearest-day match, MRI_TOLERANCE_DAYS=365"
OAS30324,475,119.0,356.0,True,within tolerance,"nearest-day match, MRI_TOLERANCE_DAYS=365"
OAS30324,866,959.0,93.0,True,within tolerance,"nearest-day match, MRI_TOLERANCE_DAYS=365"
OAS30324,1313,959.0,354.0,True,within tolerance,"nearest-day match, MRI_TOLERANCE_DAYS=365"
OAS30324,1624,959.0,665.0,False,nearest MRI is 665 days away (exceeds 365-day tolerance),"nearest-day match, MRI_TOLERANCE_DAYS=365"
OAS30324,2073,2433.0,360.0,True,within tolerance,"nearest-day match, MRI_TOLERANCE_DAYS=365"
OAS30324,2449,2433.0,16.0,True,within tolerance,"nearest-day match, MRI_TOLERANCE_DAYS=365"
OAS30324,3070,2433.0,637.0,False,nearest MRI is 637 days away (exceeds 365-day tolerance),"nearest-day match, MRI_TOLERANCE_DAYS=365"
OAS30325,0,32.0,32.0,True,within tolerance,"nearest-day match, MRI_TOLERANCE_DAYS=365"
OAS30326,0,189.0,189.0,True,within tolerance,"nearest-day match, MRI_TOLERANCE_DAYS=365"
OAS30326,350,189.0,161.0,True,within tolerance,"nearest-day match, MRI_TOLERANCE_DAYS=365"
OAS30326,735,189.0,546.0,False,nearest MRI is 546 days away (exceeds 365-day tolerance),"nearest-day match, MRI_TOLERANCE_DAYS=365"
OAS30326,1106,189.0,917.0,False,nearest MRI is 917 days away (exceeds 365-day tolerance),"nearest-day match, MRI_TOLERANCE_DAYS=365"
OAS30327,0,281.0,281.0,True,within tolerance,"nearest-day match, MRI_TOLERANCE_DAYS=365"
OAS30328,0,105.0,105.0,True,within tolerance,"nearest-day match, MRI_TOLERANCE_DAYS=365"
OAS30328,379,470.0,91.0,True,within tolerance,"nearest-day match, MRI_TOLERANCE_DAYS=365"
OAS30328,798,470.0,328.0,True,within tolerance,"nearest-day match, MRI_TOLERANCE_DAYS=365"
OAS30328,1076,1274.0,198.0,True,within tolerance,"nearest-day match, MRI_TOLERANCE_DAYS=365"
OAS30328,1468,1274.0,194.0,True,within tolerance,"nearest-day match, MRI_TOLERANCE_DAYS=365"
OAS30329,0,376.0,376.0,False,nearest MRI is 376 days away (exceeds 365-day tolerance),"nearest-day match, MRI_TOLERANCE_DAYS=365"
OAS30329,553,376.0,177.0,True,within tolerance,"nearest-day match, MRI_TOLERANCE_DAYS=365"
OAS30329,977,376.0,601.0,False,nearest MRI is 601 days away (exceeds 365-day tolerance),"nearest-day match, MRI_TOLERANCE_DAYS=365"
OAS30331,0,2229.0,2229.0,False,nearest MRI is 2229 days away (exceeds 365-day tolerance),"nearest-day match, MRI_TOLERANCE_DAYS=365"
OAS30331,383,2229.0,1846.0,False,nearest MRI is 1846 days away (exceeds 365-day tolerance),"nearest-day match, MRI_TOLERANCE_DAYS=365"
OAS30331,740,2229.0,1489.0,False,nearest MRI is 1489 days away (exceeds 365-day tolerance),"nearest-day match, MRI_TOLERANCE_DAYS=365"
OAS30331,1510,2229.0,719.0,False,nearest MRI is 719 days away (exceeds 365-day tolerance),"nearest-day match, MRI_TOLERANCE_DAYS=365"
OAS30331,2679,2824.0,145.0,True,within tolerance,"nearest-day match, MRI_TOLERANCE_DAYS=365"
OAS30331,3064,2824.0,240.0,True,within tolerance,"nearest-day match, MRI_TOLERANCE_DAYS=365"
OAS30331,4183,4694.0,511.0,False,nearest MRI is 511 days away (exceeds 365-day tolerance),"nearest-day match, MRI_TOLERANCE_DAYS=365"
OAS30331,4618,4694.0,76.0,True,within tolerance,"nearest-day match, MRI_TOLERANCE_DAYS=365"
OAS30332,0,91.0,91.0,True,within tolerance,"nearest-day match, MRI_TOLERANCE_DAYS=365"
OAS30333,1154,2005.0,851.0,False,nearest MRI is 851 days away (exceeds 365-day tolerance),"nearest-day match, MRI_TOLERANCE_DAYS=365"
OAS30333,1927,2005.0,78.0,True,within tolerance,"nearest-day match, MRI_TOLERANCE_DAYS=365"
OAS30333,2761,2891.0,130.0,True,within tolerance,"nearest-day match, MRI_TOLERANCE_DAYS=365"
OAS30333,3397,2985.0,412.0,False,nearest MRI is 412 days away (exceeds 365-day tolerance),"nearest-day match, MRI_TOLERANCE_DAYS=365"
OAS30333,3790,4277.0,487.0,False,nearest MRI is 487 days away (exceeds 365-day tolerance),"nearest-day match, MRI_TOLERANCE_DAYS=365"
OAS30333,4221,4277.0,56.0,True,within tolerance,"nearest-day match, MRI_TOLERANCE_DAYS=365"
OAS30334,0,,,False,subject has zero MRI/FreeSurfer records,"nearest-day match, MRI_TOLERANCE_DAYS=365"
OAS30334,594,,,False,subject has zero MRI/FreeSurfer records,"nearest-day match, MRI_TOLERANCE_DAYS=365"
OAS30335,0,109.0,109.0,True,within tolerance,"nearest-day match, MRI_TOLERANCE_DAYS=365"
OAS30335,370,109.0,261.0,True,within tolerance,"nearest-day match, MRI_TOLERANCE_DAYS=365"
OAS30335,717,693.0,24.0,True,within tolerance,"nearest-day match, MRI_TOLERANCE_DAYS=365"
OAS30335,1074,693.0,381.0,False,nearest MRI is 381 days away (exceeds 365-day tolerance),"nearest-day match, MRI_TOLERANCE_DAYS=365"
OAS30335,1839,1482.0,357.0,True,within tolerance,"nearest-day match, MRI_TOLERANCE_DAYS=365"
OAS30335,3679,3812.0,133.0,True,within tolerance,"nearest-day match, MRI_TOLERANCE_DAYS=365"
OAS30335,4025,3812.0,213.0,True,within tolerance,"nearest-day match, MRI_TOLERANCE_DAYS=365"
OAS30335,4403,3812.0,591.0,False,nearest MRI is 591 days away (exceeds 365-day tolerance),"nearest-day match, MRI_TOLERANCE_DAYS=365"
OAS30335,4732,3812.0,920.0,False,nearest MRI is 920 days away (exceeds 365-day tolerance),"nearest-day match, MRI_TOLERANCE_DAYS=365"
OAS30336,755,1264.0,509.0,False,nearest MRI is 509 days away (exceeds 365-day tolerance),"nearest-day match, MRI_TOLERANCE_DAYS=365"
OAS30336,1104,1264.0,160.0,True,within tolerance,"nearest-day match, MRI_TOLERANCE_DAYS=365"
OAS30336,1469,1264.0,205.0,True,within tolerance,"nearest-day match, MRI_TOLERANCE_DAYS=365"
OAS30336,1833,1264.0,569.0,False,nearest MRI is 569 days away (exceeds 365-day tolerance),"nearest-day match, MRI_TOLERANCE_DAYS=365"
OAS30337,0,64.0,64.0,True,within tolerance,"nearest-day match, MRI_TOLERANCE_DAYS=365"
OAS30337,365,64.0,301.0,True,within tolerance,"nearest-day match, MRI_TOLERANCE_DAYS=365"
OAS30337,740,1204.0,464.0,False,nearest MRI is 464 days away (exceeds 365-day tolerance),"nearest-day match, MRI_TOLERANCE_DAYS=365"
OAS30337,1078,1204.0,126.0,True,within tolerance,"nearest-day match, MRI_TOLERANCE_DAYS=365"
OAS30337,1548,1204.0,344.0,True,within tolerance,"nearest-day match, MRI_TOLERANCE_DAYS=365"
OAS30337,1904,1204.0,700.0,False,nearest MRI is 700 days away (exceeds 365-day tolerance),"nearest-day match, MRI_TOLERANCE_DAYS=365"
OAS30339,362,66.0,296.0,True,within tolerance,"nearest-day match, MRI_TOLERANCE_DAYS=365"
OAS30340,0,70.0,70.0,True,within tolerance,"nearest-day match, MRI_TOLERANCE_DAYS=365"
OAS30340,372,70.0,302.0,True,within tolerance,"nearest-day match, MRI_TOLERANCE_DAYS=365"
OAS30340,848,70.0,778.0,False,nearest MRI is 778 days away (exceeds 365-day tolerance),"nearest-day match, MRI_TOLERANCE_DAYS=365"
OAS30341,0,25.0,25.0,True,within tolerance,"nearest-day match, MRI_TOLERANCE_DAYS=365"
OAS30341,412,25.0,387.0,False,nearest MRI is 387 days away (exceeds 365-day tolerance),"nearest-day match, MRI_TOLERANCE_DAYS=365"
OAS30341,818,25.0,793.0,False,nearest MRI is 793 days away (exceeds 365-day tolerance),"nearest-day match, MRI_TOLERANCE_DAYS=365"
OAS30342,0,1.0,1.0,True,within tolerance,"nearest-day match, MRI_TOLERANCE_DAYS=365"
OAS30342,366,429.0,63.0,True,within tolerance,"nearest-day match, MRI_TOLERANCE_DAYS=365"
OAS30342,783,429.0,354.0,True,within tolerance,"nearest-day match, MRI_TOLERANCE_DAYS=365"
OAS30342,1134,429.0,705.0,False,nearest MRI is 705 days away (exceeds 365-day tolerance),"nearest-day match, MRI_TOLERANCE_DAYS=365"
OAS30343,0,2141.0,2141.0,False,nearest MRI is 2141 days away (exceeds 365-day tolerance),"nearest-day match, MRI_TOLERANCE_DAYS=365"
OAS30343,1139,2141.0,1002.0,False,nearest MRI is 1002 days away (exceeds 365-day tolerance),"nearest-day match, MRI_TOLERANCE_DAYS=365"
OAS30343,1538,2141.0,603.0,False,nearest MRI is 603 days away (exceeds 365-day tolerance),"nearest-day match, MRI_TOLERANCE_DAYS=365"
OAS30343,2203,2141.0,62.0,True,within tolerance,"nearest-day match, MRI_TOLERANCE_DAYS=365"
OAS30343,2531,2820.0,289.0,True,within tolerance,"nearest-day match, MRI_TOLERANCE_DAYS=365"
OAS30343,2897,2820.0,77.0,True,within tolerance,"nearest-day match, MRI_TOLERANCE_DAYS=365"
OAS30343,3269,2820.0,449.0,False,nearest MRI is 449 days away (exceeds 365-day tolerance),"nearest-day match, MRI_TOLERANCE_DAYS=365"
OAS30343,3633,4178.0,545.0,False,nearest MRI is 545 days away (exceeds 365-day tolerance),"nearest-day match, MRI_TOLERANCE_DAYS=365"
OAS30343,4021,4178.0,157.0,True,within tolerance,"nearest-day match, MRI_TOLERANCE_DAYS=365"
OAS30343,4387,4178.0,209.0,True,within tolerance,"nearest-day match, MRI_TOLERANCE_DAYS=365"
OAS30343,4731,4900.0,169.0,True,within tolerance,"nearest-day match, MRI_TOLERANCE_DAYS=365"
OAS30343,5137,4900.0,237.0,True,within tolerance,"nearest-day match, MRI_TOLERANCE_DAYS=365"
OAS30343,5536,4900.0,636.0,False,nearest MRI is 636 days away (exceeds 365-day tolerance),"nearest-day match, MRI_TOLERANCE_DAYS=365"
OAS30343,6278,4900.0,1378.0,False,nearest MRI is 1378 days away (exceeds 365-day tolerance),"nearest-day match, MRI_TOLERANCE_DAYS=365"
OAS30343,6620,4900.0,1720.0,False,nearest MRI is 1720 days away (exceeds 365-day tolerance),"nearest-day match, MRI_TOLERANCE_DAYS=365"
OAS30343,7006,4900.0,2106.0,False,nearest MRI is 2106 days away (exceeds 365-day tolerance),"nearest-day match, MRI_TOLERANCE_DAYS=365"
OAS30343,7335,4900.0,2435.0,False,nearest MRI is 2435 days away (exceeds 365-day tolerance),"nearest-day match, MRI_TOLERANCE_DAYS=365"
OAS30343,7719,4900.0,2819.0,False,nearest MRI is 2819 days away (exceeds 365-day tolerance),"nearest-day match, MRI_TOLERANCE_DAYS=365"
OAS30343,8467,4900.0,3567.0,False,nearest MRI is 3567 days away (exceeds 365-day tolerance),"nearest-day match, MRI_TOLERANCE_DAYS=365"
OAS30344,0,49.0,49.0,True,within tolerance,"nearest-day match, MRI_TOLERANCE_DAYS=365"
OAS30344,753,1052.0,299.0,True,within tolerance,"nearest-day match, MRI_TOLERANCE_DAYS=365"
OAS30344,1227,1052.0,175.0,True,within tolerance,"nearest-day match, MRI_TOLERANCE_DAYS=365"
OAS30344,1974,1052.0,922.0,False,nearest MRI is 922 days away (exceeds 365-day tolerance),"nearest-day match, MRI_TOLERANCE_DAYS=365"
OAS30347,0,2615.0,2615.0,False,nearest MRI is 2615 days away (exceeds 365-day tolerance),"nearest-day match, MRI_TOLERANCE_DAYS=365"
OAS30347,378,2615.0,2237.0,False,nearest MRI is 2237 days away (exceeds 365-day tolerance),"nearest-day match, MRI_TOLERANCE_DAYS=365"
OAS30347,630,2615.0,1985.0,False,nearest MRI is 1985 days away (exceeds 365-day tolerance),"nearest-day match, MRI_TOLERANCE_DAYS=365"
OAS30347,1098,2615.0,1517.0,False,nearest MRI is 1517 days away (exceeds 365-day tolerance),"nearest-day match, MRI_TOLERANCE_DAYS=365"
OAS30347,1470,2615.0,1145.0,False,nearest MRI is 1145 days away (exceeds 365-day tolerance),"nearest-day match, MRI_TOLERANCE_DAYS=365"
OAS30347,1848,2615.0,767.0,False,nearest MRI is 767 days away (exceeds 365-day tolerance),"nearest-day match, MRI_TOLERANCE_DAYS=365"
OAS30347,2175,2615.0,440.0,False,nearest MRI is 440 days away (exceeds 365-day tolerance),"nearest-day match, MRI_TOLERANCE_DAYS=365"
OAS30347,2546,2615.0,69.0,True,within tolerance,"nearest-day match, MRI_TOLERANCE_DAYS=365"
OAS30347,2919,3101.0,182.0,True,within tolerance,"nearest-day match, MRI_TOLERANCE_DAYS=365"
OAS30347,3373,3101.0,272.0,True,within tolerance,"nearest-day match, MRI_TOLERANCE_DAYS=365"
OAS30347,3632,3101.0,531.0,False,nearest MRI is 531 days away (exceeds 365-day tolerance),"nearest-day match, MRI_TOLERANCE_DAYS=365"
OAS30348,371,77.0,294.0,True,within tolerance,"nearest-day match, MRI_TOLERANCE_DAYS=365"
OAS30348,726,77.0,649.0,False,nearest MRI is 649 days away (exceeds 365-day tolerance),"nearest-day match, MRI_TOLERANCE_DAYS=365"
OAS30348,1209,77.0,1132.0,False,nearest MRI is 1132 days away (exceeds 365-day tolerance),"nearest-day match, MRI_TOLERANCE_DAYS=365"
OAS30348,1505,77.0,1428.0,False,nearest MRI is 1428 days away (exceeds 365-day tolerance),"nearest-day match, MRI_TOLERANCE_DAYS=365"
OAS30349,0,699.0,699.0,False,nearest MRI is 699 days away (exceeds 365-day tolerance),"nearest-day match, MRI_TOLERANCE_DAYS=365"
OAS30349,469,699.0,230.0,True,within tolerance,"nearest-day match, MRI_TOLERANCE_DAYS=365"
OAS30349,824,699.0,125.0,True,within tolerance,"nearest-day match, MRI_TOLERANCE_DAYS=365"
OAS30349,1272,699.0,573.0,False,nearest MRI is 573 days away (exceeds 365-day tolerance),"nearest-day match, MRI_TOLERANCE_DAYS=365"
OAS30349,1622,699.0,923.0,False,nearest MRI is 923 days away (exceeds 365-day tolerance),"nearest-day match, MRI_TOLERANCE_DAYS=365"
OAS30349,1958,699.0,1259.0,False,nearest MRI is 1259 days away (exceeds 365-day tolerance),"nearest-day match, MRI_TOLERANCE_DAYS=365"
OAS30349,2322,3241.0,919.0,False,nearest MRI is 919 days away (exceeds 365-day tolerance),"nearest-day match, MRI_TOLERANCE_DAYS=365"
OAS30349,2758,3241.0,483.0,False,nearest MRI is 483 days away (exceeds 365-day tolerance),"nearest-day match, MRI_TOLERANCE_DAYS=365"
OAS30349,3204,3241.0,37.0,True,within tolerance,"nearest-day match, MRI_TOLERANCE_DAYS=365"
OAS30349,3598,3241.0,357.0,True,within tolerance,"nearest-day match, MRI_TOLERANCE_DAYS=365"
OAS30349,4317,3241.0,1076.0,False,nearest MRI is 1076 days away (exceeds 365-day tolerance),"nearest-day match, MRI_TOLERANCE_DAYS=365"
OAS30350,0,18.0,18.0,True,within tolerance,"nearest-day match, MRI_TOLERANCE_DAYS=365"
OAS30350,355,509.0,154.0,True,within tolerance,"nearest-day match, MRI_TOLERANCE_DAYS=365"
OAS30351,0,37.0,37.0,True,within tolerance,"nearest-day match, MRI_TOLERANCE_DAYS=365"
OAS30351,2976,2542.0,434.0,False,nearest MRI is 434 days away (exceeds 365-day tolerance),"nearest-day match, MRI_TOLERANCE_DAYS=365"
OAS30352,0,99.0,99.0,True,within tolerance,"nearest-day match, MRI_TOLERANCE_DAYS=365"
OAS30352,397,99.0,298.0,True,within tolerance,"nearest-day match, MRI_TOLERANCE_DAYS=365"
OAS30352,838,99.0,739.0,False,nearest MRI is 739 days away (exceeds 365-day tolerance),"nearest-day match, MRI_TOLERANCE_DAYS=365"
OAS30353,0,963.0,963.0,False,nearest MRI is 963 days away (exceeds 365-day tolerance),"nearest-day match, MRI_TOLERANCE_DAYS=365"
OAS30353,1417,963.0,454.0,False,nearest MRI is 454 days away (exceeds 365-day tolerance),"nearest-day match, MRI_TOLERANCE_DAYS=365"
OAS30353,2229,2635.0,406.0,False,nearest MRI is 406 days away (exceeds 365-day tolerance),"nearest-day match, MRI_TOLERANCE_DAYS=365"
OAS30353,3420,3421.0,1.0,True,within tolerance,"nearest-day match, MRI_TOLERANCE_DAYS=365"
OAS30353,4449,4450.0,1.0,True,within tolerance,"nearest-day match, MRI_TOLERANCE_DAYS=365"
OAS30355,0,48.0,48.0,True,within tolerance,"nearest-day match, MRI_TOLERANCE_DAYS=365"
OAS30355,481,861.0,380.0,False,nearest MRI is 380 days away (exceeds 365-day tolerance),"nearest-day match, MRI_TOLERANCE_DAYS=365"
OAS30355,782,861.0,79.0,True,within tolerance,"nearest-day match, MRI_TOLERANCE_DAYS=365"
OAS30355,1149,861.0,288.0,True,within tolerance,"nearest-day match, MRI_TOLERANCE_DAYS=365"
OAS30355,2066,861.0,1205.0,False,nearest MRI is 1205 days away (exceeds 365-day tolerance),"nearest-day match, MRI_TOLERANCE_DAYS=365"
OAS30355,2438,861.0,1577.0,False,nearest MRI is 1577 days away (exceeds 365-day tolerance),"nearest-day match, MRI_TOLERANCE_DAYS=365"
OAS30355,2770,861.0,1909.0,False,nearest MRI is 1909 days away (exceeds 365-day tolerance),"nearest-day match, MRI_TOLERANCE_DAYS=365"
OAS30356,0,714.0,714.0,False,nearest MRI is 714 days away (exceeds 365-day tolerance),"nearest-day match, MRI_TOLERANCE_DAYS=365"
OAS30356,607,714.0,107.0,True,within tolerance,"nearest-day match, MRI_TOLERANCE_DAYS=365"
OAS30357,0,521.0,521.0,False,nearest MRI is 521 days away (exceeds 365-day tolerance),"nearest-day match, MRI_TOLERANCE_DAYS=365"
OAS30357,818,535.0,283.0,True,within tolerance,"nearest-day match, MRI_TOLERANCE_DAYS=365"
OAS30357,1158,1195.0,37.0,True,within tolerance,"nearest-day match, MRI_TOLERANCE_DAYS=365"
OAS30357,1539,1820.0,281.0,True,within tolerance,"nearest-day match, MRI_TOLERANCE_DAYS=365"
OAS30358,0,367.0,367.0,False,nearest MRI is 367 days away (exceeds 365-day tolerance),"nearest-day match, MRI_TOLERANCE_DAYS=365"
OAS30359,0,69.0,69.0,True,within tolerance,"nearest-day match, MRI_TOLERANCE_DAYS=365"
OAS30359,2262,69.0,2193.0,False,nearest MRI is 2193 days away (exceeds 365-day tolerance),"nearest-day match, MRI_TOLERANCE_DAYS=365"
OAS30360,1406,1407.0,1.0,True,within tolerance,"nearest-day match, MRI_TOLERANCE_DAYS=365"
OAS30361,0,1457.0,1457.0,False,nearest MRI is 1457 days away (exceeds 365-day tolerance),"nearest-day match, MRI_TOLERANCE_DAYS=365"
OAS30361,926,1457.0,531.0,False,nearest MRI is 531 days away (exceeds 365-day tolerance),"nearest-day match, MRI_TOLERANCE_DAYS=365"
OAS30361,1346,1457.0,111.0,True,within tolerance,"nearest-day match, MRI_TOLERANCE_DAYS=365"
OAS30361,1689,1457.0,232.0,True,within tolerance,"nearest-day match, MRI_TOLERANCE_DAYS=365"
OAS30361,2060,2151.0,91.0,True,within tolerance,"nearest-day match, MRI_TOLERANCE_DAYS=365"
OAS30361,2420,2151.0,269.0,True,within tolerance,"nearest-day match, MRI_TOLERANCE_DAYS=365"
OAS30361,2879,3275.0,396.0,False,nearest MRI is 396 days away (exceeds 365-day tolerance),"nearest-day match, MRI_TOLERANCE_DAYS=365"
OAS30361,3922,3275.0,647.0,False,nearest MRI is 647 days away (exceeds 365-day tolerance),"nearest-day match, MRI_TOLERANCE_DAYS=365"
OAS30362,0,32.0,32.0,True,within tolerance,"nearest-day match, MRI_TOLERANCE_DAYS=365"
OAS30362,425,32.0,393.0,False,nearest MRI is 393 days away (exceeds 365-day tolerance),"nearest-day match, MRI_TOLERANCE_DAYS=365"
OAS30362,1214,32.0,1182.0,False,nearest MRI is 1182 days away (exceeds 365-day tolerance),"nearest-day match, MRI_TOLERANCE_DAYS=365"
OAS30363,0,87.0,87.0,True,within tolerance,"nearest-day match, MRI_TOLERANCE_DAYS=365"
OAS30363,1863,2626.0,763.0,False,nearest MRI is 763 days away (exceeds 365-day tolerance),"nearest-day match, MRI_TOLERANCE_DAYS=365"
OAS30364,0,110.0,110.0,True,within tolerance,"nearest-day match, MRI_TOLERANCE_DAYS=365"
OAS30364,860,110.0,750.0,False,nearest MRI is 750 days away (exceeds 365-day tolerance),"nearest-day match, MRI_TOLERANCE_DAYS=365"
OAS30364,1545,110.0,1435.0,False,nearest MRI is 1435 days away (exceeds 365-day tolerance),"nearest-day match, MRI_TOLERANCE_DAYS=365"
OAS30365,0,5600.0,5600.0,False,nearest MRI is 5600 days away (exceeds 365-day tolerance),"nearest-day match, MRI_TOLERANCE_DAYS=365"
OAS30365,369,5600.0,5231.0,False,nearest MRI is 5231 days away (exceeds 365-day tolerance),"nearest-day match, MRI_TOLERANCE_DAYS=365"
OAS30365,704,5600.0,4896.0,False,nearest MRI is 4896 days away (exceeds 365-day tolerance),"nearest-day match, MRI_TOLERANCE_DAYS=365"
OAS30365,1184,5600.0,4416.0,False,nearest MRI is 4416 days away (exceeds 365-day tolerance),"nearest-day match, MRI_TOLERANCE_DAYS=365"
OAS30365,1552,5600.0,4048.0,False,nearest MRI is 4048 days away (exceeds 365-day tolerance),"nearest-day match, MRI_TOLERANCE_DAYS=365"
OAS30365,1953,5600.0,3647.0,False,nearest MRI is 3647 days away (exceeds 365-day tolerance),"nearest-day match, MRI_TOLERANCE_DAYS=365"
OAS30365,2322,5600.0,3278.0,False,nearest MRI is 3278 days away (exceeds 365-day tolerance),"nearest-day match, MRI_TOLERANCE_DAYS=365"
OAS30365,2650,5600.0,2950.0,False,nearest MRI is 2950 days away (exceeds 365-day tolerance),"nearest-day match, MRI_TOLERANCE_DAYS=365"
OAS30365,3029,5600.0,2571.0,False,nearest MRI is 2571 days away (exceeds 365-day tolerance),"nearest-day match, MRI_TOLERANCE_DAYS=365"
OAS30365,3410,5600.0,2190.0,False,nearest MRI is 2190 days away (exceeds 365-day tolerance),"nearest-day match, MRI_TOLERANCE_DAYS=365"
OAS30365,4151,5600.0,1449.0,False,nearest MRI is 1449 days away (exceeds 365-day tolerance),"nearest-day match, MRI_TOLERANCE_DAYS=365"
OAS30365,4467,5600.0,1133.0,False,nearest MRI is 1133 days away (exceeds 365-day tolerance),"nearest-day match, MRI_TOLERANCE_DAYS=365"
OAS30365,4829,5600.0,771.0,False,nearest MRI is 771 days away (exceeds 365-day tolerance),"nearest-day match, MRI_TOLERANCE_DAYS=365"
OAS30365,5205,5600.0,395.0,False,nearest MRI is 395 days away (exceeds 365-day tolerance),"nearest-day match, MRI_TOLERANCE_DAYS=365"
OAS30365,5572,5600.0,28.0,True,within tolerance,"nearest-day match, MRI_TOLERANCE_DAYS=365"
OAS30365,5951,6199.0,248.0,True,within tolerance,"nearest-day match, MRI_TOLERANCE_DAYS=365"
OAS30365,6636,6199.0,437.0,False,nearest MRI is 437 days away (exceeds 365-day tolerance),"nearest-day match, MRI_TOLERANCE_DAYS=365"
OAS30365,6992,6199.0,793.0,False,nearest MRI is 793 days away (exceeds 365-day tolerance),"nearest-day match, MRI_TOLERANCE_DAYS=365"
OAS30365,7358,6199.0,1159.0,False,nearest MRI is 1159 days away (exceeds 365-day tolerance),"nearest-day match, MRI_TOLERANCE_DAYS=365"
OAS30365,7720,6199.0,1521.0,False,nearest MRI is 1521 days away (exceeds 365-day tolerance),"nearest-day match, MRI_TOLERANCE_DAYS=365"
OAS30365,8098,6199.0,1899.0,False,nearest MRI is 1899 days away (exceeds 365-day tolerance),"nearest-day match, MRI_TOLERANCE_DAYS=365"
OAS30367,0,55.0,55.0,True,within tolerance,"nearest-day match, MRI_TOLERANCE_DAYS=365"
OAS30367,1205,1540.0,335.0,True,within tolerance,"nearest-day match, MRI_TOLERANCE_DAYS=365"
OAS30367,2218,2009.0,209.0,True,within tolerance,"nearest-day match, MRI_TOLERANCE_DAYS=365"
OAS30367,3338,3394.0,56.0,True,within tolerance,"nearest-day match, MRI_TOLERANCE_DAYS=365"
OAS30367,4059,4337.0,278.0,True,within tolerance,"nearest-day match, MRI_TOLERANCE_DAYS=365"
OAS30367,4327,4337.0,10.0,True,within tolerance,"nearest-day match, MRI_TOLERANCE_DAYS=365"
OAS30367,4731,4337.0,394.0,False,nearest MRI is 394 days away (exceeds 365-day tolerance),"nearest-day match, MRI_TOLERANCE_DAYS=365"
OAS30367,5048,5611.0,563.0,False,nearest MRI is 563 days away (exceeds 365-day tolerance),"nearest-day match, MRI_TOLERANCE_DAYS=365"
OAS30367,5577,5611.0,34.0,True,within tolerance,"nearest-day match, MRI_TOLERANCE_DAYS=365"
OAS30367,6284,5611.0,673.0,False,nearest MRI is 673 days away (exceeds 365-day tolerance),"nearest-day match, MRI_TOLERANCE_DAYS=365"
OAS30368,0,56.0,56.0,True,within tolerance,"nearest-day match, MRI_TOLERANCE_DAYS=365"
OAS30368,1086,56.0,1030.0,False,nearest MRI is 1030 days away (exceeds 365-day tolerance),"nearest-day match, MRI_TOLERANCE_DAYS=365"
OAS30368,2289,2379.0,90.0,True,within tolerance,"nearest-day match, MRI_TOLERANCE_DAYS=365"
OAS30368,3281,2750.0,531.0,False,nearest MRI is 531 days away (exceeds 365-day tolerance),"nearest-day match, MRI_TOLERANCE_DAYS=365"
OAS30368,3604,3990.0,386.0,False,nearest MRI is 386 days away (exceeds 365-day tolerance),"nearest-day match, MRI_TOLERANCE_DAYS=365"
OAS30368,4080,3990.0,90.0,True,within tolerance,"nearest-day match, MRI_TOLERANCE_DAYS=365"
OAS30368,4452,3990.0,462.0,False,nearest MRI is 462 days away (exceeds 365-day tolerance),"nearest-day match, MRI_TOLERANCE_DAYS=365"
OAS30368,4807,3990.0,817.0,False,nearest MRI is 817 days away (exceeds 365-day tolerance),"nearest-day match, MRI_TOLERANCE_DAYS=365"
OAS30369,0,2819.0,2819.0,False,nearest MRI is 2819 days away (exceeds 365-day tolerance),"nearest-day match, MRI_TOLERANCE_DAYS=365"
OAS30369,463,2819.0,2356.0,False,nearest MRI is 2356 days away (exceeds 365-day tolerance),"nearest-day match, MRI_TOLERANCE_DAYS=365"
OAS30369,754,2819.0,2065.0,False,nearest MRI is 2065 days away (exceeds 365-day tolerance),"nearest-day match, MRI_TOLERANCE_DAYS=365"
OAS30369,1400,2819.0,1419.0,False,nearest MRI is 1419 days away (exceeds 365-day tolerance),"nearest-day match, MRI_TOLERANCE_DAYS=365"
OAS30369,1820,2819.0,999.0,False,nearest MRI is 999 days away (exceeds 365-day tolerance),"nearest-day match, MRI_TOLERANCE_DAYS=365"
OAS30369,2343,2819.0,476.0,False,nearest MRI is 476 days away (exceeds 365-day tolerance),"nearest-day match, MRI_TOLERANCE_DAYS=365"
OAS30369,2674,2819.0,145.0,True,within tolerance,"nearest-day match, MRI_TOLERANCE_DAYS=365"
OAS30369,3204,2819.0,385.0,False,nearest MRI is 385 days away (exceeds 365-day tolerance),"nearest-day match, MRI_TOLERANCE_DAYS=365"
OAS30369,3555,4058.0,503.0,False,nearest MRI is 503 days away (exceeds 365-day tolerance),"nearest-day match, MRI_TOLERANCE_DAYS=365"
OAS30369,3943,4058.0,115.0,True,within tolerance,"nearest-day match, MRI_TOLERANCE_DAYS=365"
OAS30369,4327,4058.0,269.0,True,within tolerance,"nearest-day match, MRI_TOLERANCE_DAYS=365"
OAS30369,4654,4921.0,267.0,True,within tolerance,"nearest-day match, MRI_TOLERANCE_DAYS=365"
OAS30369,5006,4921.0,85.0,True,within tolerance,"nearest-day match, MRI_TOLERANCE_DAYS=365"
OAS30369,5390,4921.0,469.0,False,nearest MRI is 469 days away (exceeds 365-day tolerance),"nearest-day match, MRI_TOLERANCE_DAYS=365"
OAS30369,5803,5872.0,69.0,True,within tolerance,"nearest-day match, MRI_TOLERANCE_DAYS=365"
OAS30369,6179,6215.0,36.0,True,within tolerance,"nearest-day match, MRI_TOLERANCE_DAYS=365"
OAS30369,6543,6215.0,328.0,True,within tolerance,"nearest-day match, MRI_TOLERANCE_DAYS=365"
OAS30369,6896,6992.0,96.0,True,within tolerance,"nearest-day match, MRI_TOLERANCE_DAYS=365"
OAS30369,7265,6992.0,273.0,True,within tolerance,"nearest-day match, MRI_TOLERANCE_DAYS=365"
OAS30369,7589,6992.0,597.0,False,nearest MRI is 597 days away (exceeds 365-day tolerance),"nearest-day match, MRI_TOLERANCE_DAYS=365"
OAS30369,8034,6992.0,1042.0,False,nearest MRI is 1042 days away (exceeds 365-day tolerance),"nearest-day match, MRI_TOLERANCE_DAYS=365"
OAS30370,0,141.0,141.0,True,within tolerance,"nearest-day match, MRI_TOLERANCE_DAYS=365"
OAS30371,0,338.0,338.0,True,within tolerance,"nearest-day match, MRI_TOLERANCE_DAYS=365"
OAS30371,371,338.0,33.0,True,within tolerance,"nearest-day match, MRI_TOLERANCE_DAYS=365"
OAS30371,799,981.0,182.0,True,within tolerance,"nearest-day match, MRI_TOLERANCE_DAYS=365"
OAS30371,1140,981.0,159.0,True,within tolerance,"nearest-day match, MRI_TOLERANCE_DAYS=365"
OAS30371,1555,1400.0,155.0,True,within tolerance,"nearest-day match, MRI_TOLERANCE_DAYS=365"
OAS30371,1863,1400.0,463.0,False,nearest MRI is 463 days away (exceeds 365-day tolerance),"nearest-day match, MRI_TOLERANCE_DAYS=365"
OAS30371,2176,1400.0,776.0,False,nearest MRI is 776 days away (exceeds 365-day tolerance),"nearest-day match, MRI_TOLERANCE_DAYS=365"
OAS30371,2498,1400.0,1098.0,False,nearest MRI is 1098 days away (exceeds 365-day tolerance),"nearest-day match, MRI_TOLERANCE_DAYS=365"
OAS30371,2956,1400.0,1556.0,False,nearest MRI is 1556 days away (exceeds 365-day tolerance),"nearest-day match, MRI_TOLERANCE_DAYS=365"
OAS30371,3362,1400.0,1962.0,False,nearest MRI is 1962 days away (exceeds 365-day tolerance),"nearest-day match, MRI_TOLERANCE_DAYS=365"
OAS30371,3731,1400.0,2331.0,False,nearest MRI is 2331 days away (exceeds 365-day tolerance),"nearest-day match, MRI_TOLERANCE_DAYS=365"
OAS30372,0,3464.0,3464.0,False,nearest MRI is 3464 days away (exceeds 365-day tolerance),"nearest-day match, MRI_TOLERANCE_DAYS=365"
OAS30372,3423,3464.0,41.0,True,within tolerance,"nearest-day match, MRI_TOLERANCE_DAYS=365"
OAS30372,4425,4514.0,89.0,True,within tolerance,"nearest-day match, MRI_TOLERANCE_DAYS=365"
OAS30373,0,48.0,48.0,True,within tolerance,"nearest-day match, MRI_TOLERANCE_DAYS=365"
OAS30373,375,48.0,327.0,True,within tolerance,"nearest-day match, MRI_TOLERANCE_DAYS=365"
OAS30373,1111,1211.0,100.0,True,within tolerance,"nearest-day match, MRI_TOLERANCE_DAYS=365"
OAS30374,0,84.0,84.0,True,within tolerance,"nearest-day match, MRI_TOLERANCE_DAYS=365"
OAS30374,520,84.0,436.0,False,nearest MRI is 436 days away (exceeds 365-day tolerance),"nearest-day match, MRI_TOLERANCE_DAYS=365"
OAS30374,1113,84.0,1029.0,False,nearest MRI is 1029 days away (exceeds 365-day tolerance),"nearest-day match, MRI_TOLERANCE_DAYS=365"
OAS30375,0,5792.0,5792.0,False,nearest MRI is 5792 days away (exceeds 365-day tolerance),"nearest-day match, MRI_TOLERANCE_DAYS=365"
OAS30375,427,5792.0,5365.0,False,nearest MRI is 5365 days away (exceeds 365-day tolerance),"nearest-day match, MRI_TOLERANCE_DAYS=365"
OAS30375,2967,5792.0,2825.0,False,nearest MRI is 2825 days away (exceeds 365-day tolerance),"nearest-day match, MRI_TOLERANCE_DAYS=365"
OAS30375,4109,5792.0,1683.0,False,nearest MRI is 1683 days away (exceeds 365-day tolerance),"nearest-day match, MRI_TOLERANCE_DAYS=365"
OAS30375,4487,5792.0,1305.0,False,nearest MRI is 1305 days away (exceeds 365-day tolerance),"nearest-day match, MRI_TOLERANCE_DAYS=365"
OAS30375,5731,5792.0,61.0,True,within tolerance,"nearest-day match, MRI_TOLERANCE_DAYS=365"
OAS30375,6802,6879.0,77.0,True,within tolerance,"nearest-day match, MRI_TOLERANCE_DAYS=365"
OAS30375,7186,6879.0,307.0,True,within tolerance,"nearest-day match, MRI_TOLERANCE_DAYS=365"
OAS30375,7578,6879.0,699.0,False,nearest MRI is 699 days away (exceeds 365-day tolerance),"nearest-day match, MRI_TOLERANCE_DAYS=365"
OAS30375,8621,6879.0,1742.0,False,nearest MRI is 1742 days away (exceeds 365-day tolerance),"nearest-day match, MRI_TOLERANCE_DAYS=365"
OAS30375,8964,6879.0,2085.0,False,nearest MRI is 2085 days away (exceeds 365-day tolerance),"nearest-day match, MRI_TOLERANCE_DAYS=365"
OAS30376,0,82.0,82.0,True,within tolerance,"nearest-day match, MRI_TOLERANCE_DAYS=365"
OAS30376,1049,82.0,967.0,False,nearest MRI is 967 days away (exceeds 365-day tolerance),"nearest-day match, MRI_TOLERANCE_DAYS=365"
OAS30377,0,48.0,48.0,True,within tolerance,"nearest-day match, MRI_TOLERANCE_DAYS=365"
OAS30377,1445,48.0,1397.0,False,nearest MRI is 1397 days away (exceeds 365-day tolerance),"nearest-day match, MRI_TOLERANCE_DAYS=365"
OAS30378,0,204.0,204.0,True,within tolerance,"nearest-day match, MRI_TOLERANCE_DAYS=365"
OAS30378,337,204.0,133.0,True,within tolerance,"nearest-day match, MRI_TOLERANCE_DAYS=365"
OAS30378,1219,204.0,1015.0,False,nearest MRI is 1015 days away (exceeds 365-day tolerance),"nearest-day match, MRI_TOLERANCE_DAYS=365"
OAS30379,0,1169.0,1169.0,False,nearest MRI is 1169 days away (exceeds 365-day tolerance),"nearest-day match, MRI_TOLERANCE_DAYS=365"
OAS30379,655,1169.0,514.0,False,nearest MRI is 514 days away (exceeds 365-day tolerance),"nearest-day match, MRI_TOLERANCE_DAYS=365"
OAS30379,991,1169.0,178.0,True,within tolerance,"nearest-day match, MRI_TOLERANCE_DAYS=365"
OAS30379,1915,2106.0,191.0,True,within tolerance,"nearest-day match, MRI_TOLERANCE_DAYS=365"
OAS30379,2663,2106.0,557.0,False,nearest MRI is 557 days away (exceeds 365-day tolerance),"nearest-day match, MRI_TOLERANCE_DAYS=365"
OAS30379,3472,2106.0,1366.0,False,nearest MRI is 1366 days away (exceeds 365-day tolerance),"nearest-day match, MRI_TOLERANCE_DAYS=365"
OAS30381,2278,1158.0,1120.0,False,nearest MRI is 1120 days away (exceeds 365-day tolerance),"nearest-day match, MRI_TOLERANCE_DAYS=365"
OAS30381,3346,1158.0,2188.0,False,nearest MRI is 2188 days away (exceeds 365-day tolerance),"nearest-day match, MRI_TOLERANCE_DAYS=365"
OAS30381,5337,1158.0,4179.0,False,nearest MRI is 4179 days away (exceeds 365-day tolerance),"nearest-day match, MRI_TOLERANCE_DAYS=365"
OAS30382,0,51.0,51.0,True,within tolerance,"nearest-day match, MRI_TOLERANCE_DAYS=365"
OAS30382,350,51.0,299.0,True,within tolerance,"nearest-day match, MRI_TOLERANCE_DAYS=365"
OAS30382,715,1199.0,484.0,False,nearest MRI is 484 days away (exceeds 365-day tolerance),"nearest-day match, MRI_TOLERANCE_DAYS=365"
OAS30382,1136,1199.0,63.0,True,within tolerance,"nearest-day match, MRI_TOLERANCE_DAYS=365"
OAS30382,1535,1199.0,336.0,True,within tolerance,"nearest-day match, MRI_TOLERANCE_DAYS=365"
OAS30382,1869,1199.0,670.0,False,nearest MRI is 670 days away (exceeds 365-day tolerance),"nearest-day match, MRI_TOLERANCE_DAYS=365"
OAS30382,2141,1199.0,942.0,False,nearest MRI is 942 days away (exceeds 365-day tolerance),"nearest-day match, MRI_TOLERANCE_DAYS=365"
OAS30382,2418,1199.0,1219.0,False,nearest MRI is 1219 days away (exceeds 365-day tolerance),"nearest-day match, MRI_TOLERANCE_DAYS=365"
OAS30382,2828,1199.0,1629.0,False,nearest MRI is 1629 days away (exceeds 365-day tolerance),"nearest-day match, MRI_TOLERANCE_DAYS=365"
OAS30382,3180,1199.0,1981.0,False,nearest MRI is 1981 days away (exceeds 365-day tolerance),"nearest-day match, MRI_TOLERANCE_DAYS=365"
OAS30382,3559,1199.0,2360.0,False,nearest MRI is 2360 days away (exceeds 365-day tolerance),"nearest-day match, MRI_TOLERANCE_DAYS=365"
OAS30383,0,134.0,134.0,True,within tolerance,"nearest-day match, MRI_TOLERANCE_DAYS=365"
OAS30383,960,134.0,826.0,False,nearest MRI is 826 days away (exceeds 365-day tolerance),"nearest-day match, MRI_TOLERANCE_DAYS=365"
OAS30383,1366,134.0,1232.0,False,nearest MRI is 1232 days away (exceeds 365-day tolerance),"nearest-day match, MRI_TOLERANCE_DAYS=365"
OAS30383,1884,134.0,1750.0,False,nearest MRI is 1750 days away (exceeds 365-day tolerance),"nearest-day match, MRI_TOLERANCE_DAYS=365"
OAS30384,0,108.0,108.0,True,within tolerance,"nearest-day match, MRI_TOLERANCE_DAYS=365"
OAS30385,378,112.0,266.0,True,within tolerance,"nearest-day match, MRI_TOLERANCE_DAYS=365"
OAS30385,665,112.0,553.0,False,nearest MRI is 553 days away (exceeds 365-day tolerance),"nearest-day match, MRI_TOLERANCE_DAYS=365"
OAS30385,1073,112.0,961.0,False,nearest MRI is 961 days away (exceeds 365-day tolerance),"nearest-day match, MRI_TOLERANCE_DAYS=365"
OAS30386,0,55.0,55.0,True,within tolerance,"nearest-day match, MRI_TOLERANCE_DAYS=365"
OAS30386,482,55.0,427.0,False,nearest MRI is 427 days away (exceeds 365-day tolerance),"nearest-day match, MRI_TOLERANCE_DAYS=365"
OAS30387,0,616.0,616.0,False,nearest MRI is 616 days away (exceeds 365-day tolerance),"nearest-day match, MRI_TOLERANCE_DAYS=365"
OAS30387,749,616.0,133.0,True,within tolerance,"nearest-day match, MRI_TOLERANCE_DAYS=365"
OAS30387,1134,616.0,518.0,False,nearest MRI is 518 days away (exceeds 365-day tolerance),"nearest-day match, MRI_TOLERANCE_DAYS=365"
OAS30387,1588,1832.0,244.0,True,within tolerance,"nearest-day match, MRI_TOLERANCE_DAYS=365"
OAS30387,1911,1832.0,79.0,True,within tolerance,"nearest-day match, MRI_TOLERANCE_DAYS=365"
OAS30387,2316,1832.0,484.0,False,nearest MRI is 484 days away (exceeds 365-day tolerance),"nearest-day match, MRI_TOLERANCE_DAYS=365"
OAS30387,2725,3401.0,676.0,False,nearest MRI is 676 days away (exceeds 365-day tolerance),"nearest-day match, MRI_TOLERANCE_DAYS=365"
OAS30387,3009,3401.0,392.0,False,nearest MRI is 392 days away (exceeds 365-day tolerance),"nearest-day match, MRI_TOLERANCE_DAYS=365"
OAS30387,3358,3401.0,43.0,True,within tolerance,"nearest-day match, MRI_TOLERANCE_DAYS=365"
OAS30387,3689,3401.0,288.0,True,within tolerance,"nearest-day match, MRI_TOLERANCE_DAYS=365"
OAS30387,4115,3401.0,714.0,False,nearest MRI is 714 days away (exceeds 365-day tolerance),"nearest-day match, MRI_TOLERANCE_DAYS=365"
OAS30388,0,73.0,73.0,True,within tolerance,"nearest-day match, MRI_TOLERANCE_DAYS=365"
OAS30388,779,73.0,706.0,False,nearest MRI is 706 days away (exceeds 365-day tolerance),"nearest-day match, MRI_TOLERANCE_DAYS=365"
OAS30388,1462,73.0,1389.0,False,nearest MRI is 1389 days away (exceeds 365-day tolerance),"nearest-day match, MRI_TOLERANCE_DAYS=365"
OAS30390,0,346.0,346.0,True,within tolerance,"nearest-day match, MRI_TOLERANCE_DAYS=365"
OAS30390,2313,2428.0,115.0,True,within tolerance,"nearest-day match, MRI_TOLERANCE_DAYS=365"
OAS30390,4385,2428.0,1957.0,False,nearest MRI is 1957 days away (exceeds 365-day tolerance),"nearest-day match, MRI_TOLERANCE_DAYS=365"
OAS30391,416,192.0,224.0,True,within tolerance,"nearest-day match, MRI_TOLERANCE_DAYS=365"
OAS30391,793,192.0,601.0,False,nearest MRI is 601 days away (exceeds 365-day tolerance),"nearest-day match, MRI_TOLERANCE_DAYS=365"
OAS30391,1144,192.0,952.0,False,nearest MRI is 952 days away (exceeds 365-day tolerance),"nearest-day match, MRI_TOLERANCE_DAYS=365"
OAS30391,1479,192.0,1287.0,False,nearest MRI is 1287 days away (exceeds 365-day tolerance),"nearest-day match, MRI_TOLERANCE_DAYS=365"
OAS30391,1939,192.0,1747.0,False,nearest MRI is 1747 days away (exceeds 365-day tolerance),"nearest-day match, MRI_TOLERANCE_DAYS=365"
OAS30391,2268,192.0,2076.0,False,nearest MRI is 2076 days away (exceeds 365-day tolerance),"nearest-day match, MRI_TOLERANCE_DAYS=365"
OAS30391,2590,192.0,2398.0,False,nearest MRI is 2398 days away (exceeds 365-day tolerance),"nearest-day match, MRI_TOLERANCE_DAYS=365"
OAS30392,0,730.0,730.0,False,nearest MRI is 730 days away (exceeds 365-day tolerance),"nearest-day match, MRI_TOLERANCE_DAYS=365"
OAS30392,361,730.0,369.0,False,nearest MRI is 369 days away (exceeds 365-day tolerance),"nearest-day match, MRI_TOLERANCE_DAYS=365"
OAS30392,1235,1682.0,447.0,False,nearest MRI is 447 days away (exceeds 365-day tolerance),"nearest-day match, MRI_TOLERANCE_DAYS=365"
OAS30392,1620,1682.0,62.0,True,within tolerance,"nearest-day match, MRI_TOLERANCE_DAYS=365"
OAS30392,1951,1682.0,269.0,True,within tolerance,"nearest-day match, MRI_TOLERANCE_DAYS=365"
OAS30392,2705,3145.0,440.0,False,nearest MRI is 440 days away (exceeds 365-day tolerance),"nearest-day match, MRI_TOLERANCE_DAYS=365"
OAS30392,3086,3145.0,59.0,True,within tolerance,"nearest-day match, MRI_TOLERANCE_DAYS=365"
OAS30392,3391,3145.0,246.0,True,within tolerance,"nearest-day match, MRI_TOLERANCE_DAYS=365"
OAS30392,3761,3145.0,616.0,False,nearest MRI is 616 days away (exceeds 365-day tolerance),"nearest-day match, MRI_TOLERANCE_DAYS=365"
OAS30392,4723,3145.0,1578.0,False,nearest MRI is 1578 days away (exceeds 365-day tolerance),"nearest-day match, MRI_TOLERANCE_DAYS=365"
OAS30392,5210,3145.0,2065.0,False,nearest MRI is 2065 days away (exceeds 365-day tolerance),"nearest-day match, MRI_TOLERANCE_DAYS=365"
OAS30393,0,6201.0,6201.0,False,nearest MRI is 6201 days away (exceeds 365-day tolerance),"nearest-day match, MRI_TOLERANCE_DAYS=365"
OAS30393,791,6201.0,5410.0,False,nearest MRI is 5410 days away (exceeds 365-day tolerance),"nearest-day match, MRI_TOLERANCE_DAYS=365"
OAS30393,1103,6201.0,5098.0,False,nearest MRI is 5098 days away (exceeds 365-day tolerance),"nearest-day match, MRI_TOLERANCE_DAYS=365"
OAS30393,1442,6201.0,4759.0,False,nearest MRI is 4759 days away (exceeds 365-day tolerance),"nearest-day match, MRI_TOLERANCE_DAYS=365"
OAS30393,1881,6201.0,4320.0,False,nearest MRI is 4320 days away (exceeds 365-day tolerance),"nearest-day match, MRI_TOLERANCE_DAYS=365"
OAS30393,2246,6201.0,3955.0,False,nearest MRI is 3955 days away (exceeds 365-day tolerance),"nearest-day match, MRI_TOLERANCE_DAYS=365"
OAS30393,2594,6201.0,3607.0,False,nearest MRI is 3607 days away (exceeds 365-day tolerance),"nearest-day match, MRI_TOLERANCE_DAYS=365"
OAS30393,3107,6201.0,3094.0,False,nearest MRI is 3094 days away (exceeds 365-day tolerance),"nearest-day match, MRI_TOLERANCE_DAYS=365"
OAS30393,3421,6201.0,2780.0,False,nearest MRI is 2780 days away (exceeds 365-day tolerance),"nearest-day match, MRI_TOLERANCE_DAYS=365"
OAS30393,4057,6201.0,2144.0,False,nearest MRI is 2144 days away (exceeds 365-day tolerance),"nearest-day match, MRI_TOLERANCE_DAYS=365"
OAS30393,4379,6201.0,1822.0,False,nearest MRI is 1822 days away (exceeds 365-day tolerance),"nearest-day match, MRI_TOLERANCE_DAYS=365"
OAS30393,4742,6201.0,1459.0,False,nearest MRI is 1459 days away (exceeds 365-day tolerance),"nearest-day match, MRI_TOLERANCE_DAYS=365"
OAS30393,5108,6201.0,1093.0,False,nearest MRI is 1093 days away (exceeds 365-day tolerance),"nearest-day match, MRI_TOLERANCE_DAYS=365"
OAS30393,5478,6201.0,723.0,False,nearest MRI is 723 days away (exceeds 365-day tolerance),"nearest-day match, MRI_TOLERANCE_DAYS=365"
OAS30393,5856,6201.0,345.0,True,within tolerance,"nearest-day match, MRI_TOLERANCE_DAYS=365"
OAS30393,6222,6201.0,21.0,True,within tolerance,"nearest-day match, MRI_TOLERANCE_DAYS=365"
OAS30393,6580,6803.0,223.0,True,within tolerance,"nearest-day match, MRI_TOLERANCE_DAYS=365"
OAS30393,6934,6803.0,131.0,True,within tolerance,"nearest-day match, MRI_TOLERANCE_DAYS=365"
OAS30393,7285,7726.0,441.0,False,nearest MRI is 441 days away (exceeds 365-day tolerance),"nearest-day match, MRI_TOLERANCE_DAYS=365"
OAS30393,7671,7726.0,55.0,True,within tolerance,"nearest-day match, MRI_TOLERANCE_DAYS=365"
OAS30393,8133,7726.0,407.0,False,nearest MRI is 407 days away (exceeds 365-day tolerance),"nearest-day match, MRI_TOLERANCE_DAYS=365"
OAS30393,8481,8651.0,170.0,True,within tolerance,"nearest-day match, MRI_TOLERANCE_DAYS=365"
OAS30393,8859,8651.0,208.0,True,within tolerance,"nearest-day match, MRI_TOLERANCE_DAYS=365"
OAS30393,9267,8651.0,616.0,False,nearest MRI is 616 days away (exceeds 365-day tolerance),"nearest-day match, MRI_TOLERANCE_DAYS=365"
OAS30393,9644,8651.0,993.0,False,nearest MRI is 993 days away (exceeds 365-day tolerance),"nearest-day match, MRI_TOLERANCE_DAYS=365"
OAS30393,9965,8651.0,1314.0,False,nearest MRI is 1314 days away (exceeds 365-day tolerance),"nearest-day match, MRI_TOLERANCE_DAYS=365"
OAS30393,10325,8651.0,1674.0,False,nearest MRI is 1674 days away (exceeds 365-day tolerance),"nearest-day match, MRI_TOLERANCE_DAYS=365"
OAS30393,10660,8651.0,2009.0,False,nearest MRI is 2009 days away (exceeds 365-day tolerance),"nearest-day match, MRI_TOLERANCE_DAYS=365"
OAS30394,0,39.0,39.0,True,within tolerance,"nearest-day match, MRI_TOLERANCE_DAYS=365"
OAS30395,0,2.0,2.0,True,within tolerance,"nearest-day match, MRI_TOLERANCE_DAYS=365"
OAS30395,1101,1241.0,140.0,True,within tolerance,"nearest-day match, MRI_TOLERANCE_DAYS=365"
OAS30395,2257,1241.0,1016.0,False,nearest MRI is 1016 days away (exceeds 365-day tolerance),"nearest-day match, MRI_TOLERANCE_DAYS=365"
OAS30396,0,37.0,37.0,True,within tolerance,"nearest-day match, MRI_TOLERANCE_DAYS=365"
OAS30396,801,37.0,764.0,False,nearest MRI is 764 days away (exceeds 365-day tolerance),"nearest-day match, MRI_TOLERANCE_DAYS=365"
OAS30397,477,43.0,434.0,False,nearest MRI is 434 days away (exceeds 365-day tolerance),"nearest-day match, MRI_TOLERANCE_DAYS=365"
OAS30398,1170,51.0,1119.0,False,nearest MRI is 1119 days away (exceeds 365-day tolerance),"nearest-day match, MRI_TOLERANCE_DAYS=365"
OAS30399,0,380.0,380.0,False,nearest MRI is 380 days away (exceeds 365-day tolerance),"nearest-day match, MRI_TOLERANCE_DAYS=365"
OAS30399,353,380.0,27.0,True,within tolerance,"nearest-day match, MRI_TOLERANCE_DAYS=365"
OAS30399,781,380.0,401.0,False,nearest MRI is 401 days away (exceeds 365-day tolerance),"nearest-day match, MRI_TOLERANCE_DAYS=365"
OAS30399,1184,1220.0,36.0,True,within tolerance,"nearest-day match, MRI_TOLERANCE_DAYS=365"
OAS30399,1508,1220.0,288.0,True,within tolerance,"nearest-day match, MRI_TOLERANCE_DAYS=365"
OAS30399,2234,2293.0,59.0,True,within tolerance,"nearest-day match, MRI_TOLERANCE_DAYS=365"
OAS30399,2656,2293.0,363.0,True,within tolerance,"nearest-day match, MRI_TOLERANCE_DAYS=365"
OAS30400,0,70.0,70.0,True,within tolerance,"nearest-day match, MRI_TOLERANCE_DAYS=365"
OAS30400,1073,1134.0,61.0,True,within tolerance,"nearest-day match, MRI_TOLERANCE_DAYS=365"
OAS30401,0,106.0,106.0,True,within tolerance,"nearest-day match, MRI_TOLERANCE_DAYS=365"
OAS30401,385,106.0,279.0,True,within tolerance,"nearest-day match, MRI_TOLERANCE_DAYS=365"
OAS30401,784,106.0,678.0,False,nearest MRI is 678 days away (exceeds 365-day tolerance),"nearest-day match, MRI_TOLERANCE_DAYS=365"
OAS30402,0,15.0,15.0,True,within tolerance,"nearest-day match, MRI_TOLERANCE_DAYS=365"
OAS30402,1064,1085.0,21.0,True,within tolerance,"nearest-day match, MRI_TOLERANCE_DAYS=365"
OAS30402,1426,1645.0,219.0,True,within tolerance,"nearest-day match, MRI_TOLERANCE_DAYS=365"
OAS30402,1940,1645.0,295.0,True,within tolerance,"nearest-day match, MRI_TOLERANCE_DAYS=365"
OAS30402,2385,2442.0,57.0,True,within tolerance,"nearest-day match, MRI_TOLERANCE_DAYS=365"
OAS30402,2756,2442.0,314.0,True,within tolerance,"nearest-day match, MRI_TOLERANCE_DAYS=365"
OAS30403,4429,2868.0,1561.0,False,nearest MRI is 1561 days away (exceeds 365-day tolerance),"nearest-day match, MRI_TOLERANCE_DAYS=365"
OAS30404,0,104.0,104.0,True,within tolerance,"nearest-day match, MRI_TOLERANCE_DAYS=365"
OAS30404,396,104.0,292.0,True,within tolerance,"nearest-day match, MRI_TOLERANCE_DAYS=365"
OAS30404,764,104.0,660.0,False,nearest MRI is 660 days away (exceeds 365-day tolerance),"nearest-day match, MRI_TOLERANCE_DAYS=365"
OAS30404,1057,104.0,953.0,False,nearest MRI is 953 days away (exceeds 365-day tolerance),"nearest-day match, MRI_TOLERANCE_DAYS=365"
OAS30404,1509,104.0,1405.0,False,nearest MRI is 1405 days away (exceeds 365-day tolerance),"nearest-day match, MRI_TOLERANCE_DAYS=365"
OAS30405,0,1883.0,1883.0,False,nearest MRI is 1883 days away (exceeds 365-day tolerance),"nearest-day match, MRI_TOLERANCE_DAYS=365"
OAS30405,418,1883.0,1465.0,False,nearest MRI is 1465 days away (exceeds 365-day tolerance),"nearest-day match, MRI_TOLERANCE_DAYS=365"
OAS30405,1889,1883.0,6.0,True,within tolerance,"nearest-day match, MRI_TOLERANCE_DAYS=365"
OAS30405,2221,1883.0,338.0,True,within tolerance,"nearest-day match, MRI_TOLERANCE_DAYS=365"
OAS30405,3051,1883.0,1168.0,False,nearest MRI is 1168 days away (exceeds 365-day tolerance),"nearest-day match, MRI_TOLERANCE_DAYS=365"
OAS30406,0,84.0,84.0,True,within tolerance,"nearest-day match, MRI_TOLERANCE_DAYS=365"
OAS30406,363,84.0,279.0,True,within tolerance,"nearest-day match, MRI_TOLERANCE_DAYS=365"
OAS30406,764,84.0,680.0,False,nearest MRI is 680 days away (exceeds 365-day tolerance),"nearest-day match, MRI_TOLERANCE_DAYS=365"
OAS30406,1261,84.0,1177.0,False,nearest MRI is 1177 days away (exceeds 365-day tolerance),"nearest-day match, MRI_TOLERANCE_DAYS=365"
OAS30406,1962,84.0,1878.0,False,nearest MRI is 1878 days away (exceeds 365-day tolerance),"nearest-day match, MRI_TOLERANCE_DAYS=365"
OAS30407,0,61.0,61.0,True,within tolerance,"nearest-day match, MRI_TOLERANCE_DAYS=365"
OAS30407,383,61.0,322.0,True,within tolerance,"nearest-day match, MRI_TOLERANCE_DAYS=365"
OAS30407,768,1267.0,499.0,False,nearest MRI is 499 days away (exceeds 365-day tolerance),"nearest-day match, MRI_TOLERANCE_DAYS=365"
OAS30407,1181,1267.0,86.0,True,within tolerance,"nearest-day match, MRI_TOLERANCE_DAYS=365"
OAS30407,1654,1267.0,387.0,False,nearest MRI is 387 days away (exceeds 365-day tolerance),"nearest-day match, MRI_TOLERANCE_DAYS=365"
OAS30407,2014,1267.0,747.0,False,nearest MRI is 747 days away (exceeds 365-day tolerance),"nearest-day match, MRI_TOLERANCE_DAYS=365"
OAS30407,2353,2862.0,509.0,False,nearest MRI is 509 days away (exceeds 365-day tolerance),"nearest-day match, MRI_TOLERANCE_DAYS=365"
OAS30407,2687,2862.0,175.0,True,within tolerance,"nearest-day match, MRI_TOLERANCE_DAYS=365"
OAS30407,3108,2862.0,246.0,True,within tolerance,"nearest-day match, MRI_TOLERANCE_DAYS=365"
OAS30407,3495,2862.0,633.0,False,nearest MRI is 633 days away (exceeds 365-day tolerance),"nearest-day match, MRI_TOLERANCE_DAYS=365"
OAS30407,3852,2862.0,990.0,False,nearest MRI is 990 days away (exceeds 365-day tolerance),"nearest-day match, MRI_TOLERANCE_DAYS=365"
OAS30407,4200,2862.0,1338.0,False,nearest MRI is 1338 days away (exceeds 365-day tolerance),"nearest-day match, MRI_TOLERANCE_DAYS=365"
OAS30408,0,1193.0,1193.0,False,nearest MRI is 1193 days away (exceeds 365-day tolerance),"nearest-day match, MRI_TOLERANCE_DAYS=365"
OAS30408,964,1193.0,229.0,True,within tolerance,"nearest-day match, MRI_TOLERANCE_DAYS=365"
OAS30410,1049,34.0,1015.0,False,nearest MRI is 1015 days away (exceeds 365-day tolerance),"nearest-day match, MRI_TOLERANCE_DAYS=365"
OAS30411,2943,3011.0,68.0,True,within tolerance,"nearest-day match, MRI_TOLERANCE_DAYS=365"
OAS30411,4329,4368.0,39.0,True,within tolerance,"nearest-day match, MRI_TOLERANCE_DAYS=365"
OAS30411,5489,5564.0,75.0,True,within tolerance,"nearest-day match, MRI_TOLERANCE_DAYS=365"
OAS30412,0,6024.0,6024.0,False,nearest MRI is 6024 days away (exceeds 365-day tolerance),"nearest-day match, MRI_TOLERANCE_DAYS=365"
OAS30412,173,6024.0,5851.0,False,nearest MRI is 5851 days away (exceeds 365-day tolerance),"nearest-day match, MRI_TOLERANCE_DAYS=365"
OAS30412,365,6024.0,5659.0,False,nearest MRI is 5659 days away (exceeds 365-day tolerance),"nearest-day match, MRI_TOLERANCE_DAYS=365"
OAS30412,547,6024.0,5477.0,False,nearest MRI is 5477 days away (exceeds 365-day tolerance),"nearest-day match, MRI_TOLERANCE_DAYS=365"
OAS30412,718,6024.0,5306.0,False,nearest MRI is 5306 days away (exceeds 365-day tolerance),"nearest-day match, MRI_TOLERANCE_DAYS=365"
OAS30412,1077,6024.0,4947.0,False,nearest MRI is 4947 days away (exceeds 365-day tolerance),"nearest-day match, MRI_TOLERANCE_DAYS=365"
OAS30412,1750,6024.0,4274.0,False,nearest MRI is 4274 days away (exceeds 365-day tolerance),"nearest-day match, MRI_TOLERANCE_DAYS=365"
OAS30412,2115,6024.0,3909.0,False,nearest MRI is 3909 days away (exceeds 365-day tolerance),"nearest-day match, MRI_TOLERANCE_DAYS=365"
OAS30412,2464,6024.0,3560.0,False,nearest MRI is 3560 days away (exceeds 365-day tolerance),"nearest-day match, MRI_TOLERANCE_DAYS=365"
OAS30412,2843,6024.0,3181.0,False,nearest MRI is 3181 days away (exceeds 365-day tolerance),"nearest-day match, MRI_TOLERANCE_DAYS=365"
OAS30412,3189,6024.0,2835.0,False,nearest MRI is 2835 days away (exceeds 365-day tolerance),"nearest-day match, MRI_TOLERANCE_DAYS=365"
OAS30412,3596,6024.0,2428.0,False,nearest MRI is 2428 days away (exceeds 365-day tolerance),"nearest-day match, MRI_TOLERANCE_DAYS=365"
OAS30412,3954,6024.0,2070.0,False,nearest MRI is 2070 days away (exceeds 365-day tolerance),"nearest-day match, MRI_TOLERANCE_DAYS=365"
OAS30412,4327,6024.0,1697.0,False,nearest MRI is 1697 days away (exceeds 365-day tolerance),"nearest-day match, MRI_TOLERANCE_DAYS=365"
OAS30412,4654,6024.0,1370.0,False,nearest MRI is 1370 days away (exceeds 365-day tolerance),"nearest-day match, MRI_TOLERANCE_DAYS=365"
OAS30412,5382,6024.0,642.0,False,nearest MRI is 642 days away (exceeds 365-day tolerance),"nearest-day match, MRI_TOLERANCE_DAYS=365"
OAS30412,5747,6024.0,277.0,True,within tolerance,"nearest-day match, MRI_TOLERANCE_DAYS=365"
OAS30412,6110,6024.0,86.0,True,within tolerance,"nearest-day match, MRI_TOLERANCE_DAYS=365"
OAS30412,6451,6024.0,427.0,False,nearest MRI is 427 days away (exceeds 365-day tolerance),"nearest-day match, MRI_TOLERANCE_DAYS=365"
OAS30413,0,44.0,44.0,True,within tolerance,"nearest-day match, MRI_TOLERANCE_DAYS=365"
OAS30413,1529,1533.0,4.0,True,within tolerance,"nearest-day match, MRI_TOLERANCE_DAYS=365"
OAS30413,1849,1533.0,316.0,True,within tolerance,"nearest-day match, MRI_TOLERANCE_DAYS=365"
OAS30414,0,37.0,37.0,True,within tolerance,"nearest-day match, MRI_TOLERANCE_DAYS=365"
OAS30414,842,1175.0,333.0,True,within tolerance,"nearest-day match, MRI_TOLERANCE_DAYS=365"
OAS30414,1141,1175.0,34.0,True,within tolerance,"nearest-day match, MRI_TOLERANCE_DAYS=365"
OAS30414,1436,1175.0,261.0,True,within tolerance,"nearest-day match, MRI_TOLERANCE_DAYS=365"
OAS30414,1763,2163.0,400.0,False,nearest MRI is 400 days away (exceeds 365-day tolerance),"nearest-day match, MRI_TOLERANCE_DAYS=365"
OAS30414,2107,2163.0,56.0,True,within tolerance,"nearest-day match, MRI_TOLERANCE_DAYS=365"
OAS30414,2516,2163.0,353.0,True,within tolerance,"nearest-day match, MRI_TOLERANCE_DAYS=365"
OAS30415,0,784.0,784.0,False,nearest MRI is 784 days away (exceeds 365-day tolerance),"nearest-day match, MRI_TOLERANCE_DAYS=365"
OAS30415,390,784.0,394.0,False,nearest MRI is 394 days away (exceeds 365-day tolerance),"nearest-day match, MRI_TOLERANCE_DAYS=365"
OAS30415,1885,784.0,1101.0,False,nearest MRI is 1101 days away (exceeds 365-day tolerance),"nearest-day match, MRI_TOLERANCE_DAYS=365"
OAS30416,0,44.0,44.0,True,within tolerance,"nearest-day match, MRI_TOLERANCE_DAYS=365"
OAS30416,497,44.0,453.0,False,nearest MRI is 453 days away (exceeds 365-day tolerance),"nearest-day match, MRI_TOLERANCE_DAYS=365"
OAS30417,0,93.0,93.0,True,within tolerance,"nearest-day match, MRI_TOLERANCE_DAYS=365"
OAS30417,438,93.0,345.0,True,within tolerance,"nearest-day match, MRI_TOLERANCE_DAYS=365"
OAS30417,759,93.0,666.0,False,nearest MRI is 666 days away (exceeds 365-day tolerance),"nearest-day match, MRI_TOLERANCE_DAYS=365"
OAS30417,1227,2265.0,1038.0,False,nearest MRI is 1038 days away (exceeds 365-day tolerance),"nearest-day match, MRI_TOLERANCE_DAYS=365"
OAS30417,1481,2265.0,784.0,False,nearest MRI is 784 days away (exceeds 365-day tolerance),"nearest-day match, MRI_TOLERANCE_DAYS=365"
OAS30417,1814,2265.0,451.0,False,nearest MRI is 451 days away (exceeds 365-day tolerance),"nearest-day match, MRI_TOLERANCE_DAYS=365"
OAS30417,2144,2265.0,121.0,True,within tolerance,"nearest-day match, MRI_TOLERANCE_DAYS=365"
OAS30417,2585,2265.0,320.0,True,within tolerance,"nearest-day match, MRI_TOLERANCE_DAYS=365"
OAS30418,0,69.0,69.0,True,within tolerance,"nearest-day match, MRI_TOLERANCE_DAYS=365"
OAS30418,374,69.0,305.0,True,within tolerance,"nearest-day match, MRI_TOLERANCE_DAYS=365"
OAS30418,773,803.0,30.0,True,within tolerance,"nearest-day match, MRI_TOLERANCE_DAYS=365"
OAS30418,1841,2687.0,846.0,False,nearest MRI is 846 days away (exceeds 365-day tolerance),"nearest-day match, MRI_TOLERANCE_DAYS=365"
OAS30418,2614,2687.0,73.0,True,within tolerance,"nearest-day match, MRI_TOLERANCE_DAYS=365"
OAS30419,0,621.0,621.0,False,nearest MRI is 621 days away (exceeds 365-day tolerance),"nearest-day match, MRI_TOLERANCE_DAYS=365"
OAS30419,1105,1139.0,34.0,True,within tolerance,"nearest-day match, MRI_TOLERANCE_DAYS=365"
OAS30419,2253,2360.0,107.0,True,within tolerance,"nearest-day match, MRI_TOLERANCE_DAYS=365"
OAS30419,3226,3307.0,81.0,True,within tolerance,"nearest-day match, MRI_TOLERANCE_DAYS=365"
OAS30420,0,2792.0,2792.0,False,nearest MRI is 2792 days away (exceeds 365-day tolerance),"nearest-day match, MRI_TOLERANCE_DAYS=365"
OAS30420,854,2792.0,1938.0,False,nearest MRI is 1938 days away (exceeds 365-day tolerance),"nearest-day match, MRI_TOLERANCE_DAYS=365"
OAS30420,1210,2792.0,1582.0,False,nearest MRI is 1582 days away (exceeds 365-day tolerance),"nearest-day match, MRI_TOLERANCE_DAYS=365"
OAS30420,1569,2792.0,1223.0,False,nearest MRI is 1223 days away (exceeds 365-day tolerance),"nearest-day match, MRI_TOLERANCE_DAYS=365"
OAS30420,2580,2792.0,212.0,True,within tolerance,"nearest-day match, MRI_TOLERANCE_DAYS=365"
OAS30420,2955,2792.0,163.0,True,within tolerance,"nearest-day match, MRI_TOLERANCE_DAYS=365"
OAS30420,3675,3746.0,71.0,True,within tolerance,"nearest-day match, MRI_TOLERANCE_DAYS=365"
OAS30420,4076,3746.0,330.0,True,within tolerance,"nearest-day match, MRI_TOLERANCE_DAYS=365"
OAS30421,2465,2605.0,140.0,True,within tolerance,"nearest-day match, MRI_TOLERANCE_DAYS=365"
OAS30421,4740,2605.0,2135.0,False,nearest MRI is 2135 days away (exceeds 365-day tolerance),"nearest-day match, MRI_TOLERANCE_DAYS=365"
OAS30421,5195,2605.0,2590.0,False,nearest MRI is 2590 days away (exceeds 365-day tolerance),"nearest-day match, MRI_TOLERANCE_DAYS=365"
OAS30421,5466,2605.0,2861.0,False,nearest MRI is 2861 days away (exceeds 365-day tolerance),"nearest-day match, MRI_TOLERANCE_DAYS=365"
OAS30421,5790,2605.0,3185.0,False,nearest MRI is 3185 days away (exceeds 365-day tolerance),"nearest-day match, MRI_TOLERANCE_DAYS=365"
OAS30422,0,99.0,99.0,True,within tolerance,"nearest-day match, MRI_TOLERANCE_DAYS=365"
OAS30422,1218,104.0,1114.0,False,nearest MRI is 1114 days away (exceeds 365-day tolerance),"nearest-day match, MRI_TOLERANCE_DAYS=365"
OAS30423,0,67.0,67.0,True,within tolerance,"nearest-day match, MRI_TOLERANCE_DAYS=365"
OAS30423,392,67.0,325.0,True,within tolerance,"nearest-day match, MRI_TOLERANCE_DAYS=365"
OAS30423,1582,1267.0,315.0,True,within tolerance,"nearest-day match, MRI_TOLERANCE_DAYS=365"
OAS30423,1916,2099.0,183.0,True,within tolerance,"nearest-day match, MRI_TOLERANCE_DAYS=365"
OAS30423,2253,2099.0,154.0,True,within tolerance,"nearest-day match, MRI_TOLERANCE_DAYS=365"
OAS30423,3839,2099.0,1740.0,False,nearest MRI is 1740 days away (exceeds 365-day tolerance),"nearest-day match, MRI_TOLERANCE_DAYS=365"
OAS30428,0,133.0,133.0,True,within tolerance,"nearest-day match, MRI_TOLERANCE_DAYS=365"
OAS30428,480,133.0,347.0,True,within tolerance,"nearest-day match, MRI_TOLERANCE_DAYS=365"
OAS30428,755,133.0,622.0,False,nearest MRI is 622 days away (exceeds 365-day tolerance),"nearest-day match, MRI_TOLERANCE_DAYS=365"
OAS30429,0,55.0,55.0,True,within tolerance,"nearest-day match, MRI_TOLERANCE_DAYS=365"
OAS30430,0,55.0,55.0,True,within tolerance,"nearest-day match, MRI_TOLERANCE_DAYS=365"
OAS30430,375,55.0,320.0,True,within tolerance,"nearest-day match, MRI_TOLERANCE_DAYS=365"
OAS30430,805,909.0,104.0,True,within tolerance,"nearest-day match, MRI_TOLERANCE_DAYS=365"
OAS30430,1146,909.0,237.0,True,within tolerance,"nearest-day match, MRI_TOLERANCE_DAYS=365"
OAS30431,0,113.0,113.0,True,within tolerance,"nearest-day match, MRI_TOLERANCE_DAYS=365"
OAS30431,405,113.0,292.0,True,within tolerance,"nearest-day match, MRI_TOLERANCE_DAYS=365"
OAS30431,832,113.0,719.0,False,nearest MRI is 719 days away (exceeds 365-day tolerance),"nearest-day match, MRI_TOLERANCE_DAYS=365"
OAS30431,1200,113.0,1087.0,False,nearest MRI is 1087 days away (exceeds 365-day tolerance),"nearest-day match, MRI_TOLERANCE_DAYS=365"
OAS30431,1533,113.0,1420.0,False,nearest MRI is 1420 days away (exceeds 365-day tolerance),"nearest-day match, MRI_TOLERANCE_DAYS=365"
OAS30431,2030,113.0,1917.0,False,nearest MRI is 1917 days away (exceeds 365-day tolerance),"nearest-day match, MRI_TOLERANCE_DAYS=365"
OAS30431,2603,113.0,2490.0,False,nearest MRI is 2490 days away (exceeds 365-day tolerance),"nearest-day match, MRI_TOLERANCE_DAYS=365"
OAS30431,3060,113.0,2947.0,False,nearest MRI is 2947 days away (exceeds 365-day tolerance),"nearest-day match, MRI_TOLERANCE_DAYS=365"
OAS30431,3338,113.0,3225.0,False,nearest MRI is 3225 days away (exceeds 365-day tolerance),"nearest-day match, MRI_TOLERANCE_DAYS=365"
OAS30432,0,100.0,100.0,True,within tolerance,"nearest-day match, MRI_TOLERANCE_DAYS=365"
OAS30433,0,1954.0,1954.0,False,nearest MRI is 1954 days away (exceeds 365-day tolerance),"nearest-day match, MRI_TOLERANCE_DAYS=365"
OAS30433,351,1954.0,1603.0,False,nearest MRI is 1603 days away (exceeds 365-day tolerance),"nearest-day match, MRI_TOLERANCE_DAYS=365"
OAS30433,731,1954.0,1223.0,False,nearest MRI is 1223 days away (exceeds 365-day tolerance),"nearest-day match, MRI_TOLERANCE_DAYS=365"
OAS30433,1156,1954.0,798.0,False,nearest MRI is 798 days away (exceeds 365-day tolerance),"nearest-day match, MRI_TOLERANCE_DAYS=365"
OAS30433,1498,1954.0,456.0,False,nearest MRI is 456 days away (exceeds 365-day tolerance),"nearest-day match, MRI_TOLERANCE_DAYS=365"
OAS30433,1838,1954.0,116.0,True,within tolerance,"nearest-day match, MRI_TOLERANCE_DAYS=365"
OAS30433,2216,1954.0,262.0,True,within tolerance,"nearest-day match, MRI_TOLERANCE_DAYS=365"
OAS30433,2618,1954.0,664.0,False,nearest MRI is 664 days away (exceeds 365-day tolerance),"nearest-day match, MRI_TOLERANCE_DAYS=365"
OAS30433,2979,1954.0,1025.0,False,nearest MRI is 1025 days away (exceeds 365-day tolerance),"nearest-day match, MRI_TOLERANCE_DAYS=365"
OAS30433,3413,1954.0,1459.0,False,nearest MRI is 1459 days away (exceeds 365-day tolerance),"nearest-day match, MRI_TOLERANCE_DAYS=365"
OAS30433,3725,1954.0,1771.0,False,nearest MRI is 1771 days away (exceeds 365-day tolerance),"nearest-day match, MRI_TOLERANCE_DAYS=365"
OAS30433,5153,1954.0,3199.0,False,nearest MRI is 3199 days away (exceeds 365-day tolerance),"nearest-day match, MRI_TOLERANCE_DAYS=365"
OAS30433,5482,1954.0,3528.0,False,nearest MRI is 3528 days away (exceeds 365-day tolerance),"nearest-day match, MRI_TOLERANCE_DAYS=365"
OAS30433,5926,1954.0,3972.0,False,nearest MRI is 3972 days away (exceeds 365-day tolerance),"nearest-day match, MRI_TOLERANCE_DAYS=365"
OAS30434,0,54.0,54.0,True,within tolerance,"nearest-day match, MRI_TOLERANCE_DAYS=365"
OAS30434,623,54.0,569.0,False,nearest MRI is 569 days away (exceeds 365-day tolerance),"nearest-day match, MRI_TOLERANCE_DAYS=365"
OAS30434,1454,54.0,1400.0,False,nearest MRI is 1400 days away (exceeds 365-day tolerance),"nearest-day match, MRI_TOLERANCE_DAYS=365"
OAS30435,0,54.0,54.0,True,within tolerance,"nearest-day match, MRI_TOLERANCE_DAYS=365"
OAS30435,335,54.0,281.0,True,within tolerance,"nearest-day match, MRI_TOLERANCE_DAYS=365"
OAS30435,718,54.0,664.0,False,nearest MRI is 664 days away (exceeds 365-day tolerance),"nearest-day match, MRI_TOLERANCE_DAYS=365"
OAS30435,1187,54.0,1133.0,False,nearest MRI is 1133 days away (exceeds 365-day tolerance),"nearest-day match, MRI_TOLERANCE_DAYS=365"
OAS30435,1527,54.0,1473.0,False,nearest MRI is 1473 days away (exceeds 365-day tolerance),"nearest-day match, MRI_TOLERANCE_DAYS=365"
OAS30436,0,388.0,388.0,False,nearest MRI is 388 days away (exceeds 365-day tolerance),"nearest-day match, MRI_TOLERANCE_DAYS=365"
OAS30436,373,388.0,15.0,True,within tolerance,"nearest-day match, MRI_TOLERANCE_DAYS=365"
OAS30436,801,388.0,413.0,False,nearest MRI is 413 days away (exceeds 365-day tolerance),"nearest-day match, MRI_TOLERANCE_DAYS=365"
OAS30438,0,64.0,64.0,True,within tolerance,"nearest-day match, MRI_TOLERANCE_DAYS=365"
OAS30438,1895,2358.0,463.0,False,nearest MRI is 463 days away (exceeds 365-day tolerance),"nearest-day match, MRI_TOLERANCE_DAYS=365"
OAS30438,2234,2358.0,124.0,True,within tolerance,"nearest-day match, MRI_TOLERANCE_DAYS=365"
OAS30438,2596,2358.0,238.0,True,within tolerance,"nearest-day match, MRI_TOLERANCE_DAYS=365"
OAS30438,2918,3254.0,336.0,True,within tolerance,"nearest-day match, MRI_TOLERANCE_DAYS=365"
OAS30438,3267,3254.0,13.0,True,within tolerance,"nearest-day match, MRI_TOLERANCE_DAYS=365"
OAS30438,3682,3254.0,428.0,False,nearest MRI is 428 days away (exceeds 365-day tolerance),"nearest-day match, MRI_TOLERANCE_DAYS=365"
OAS30441,0,53.0,53.0,True,within tolerance,"nearest-day match, MRI_TOLERANCE_DAYS=365"
OAS30442,977,903.0,74.0,True,within tolerance,"nearest-day match, MRI_TOLERANCE_DAYS=365"
OAS30442,2657,903.0,1754.0,False,nearest MRI is 1754 days away (exceeds 365-day tolerance),"nearest-day match, MRI_TOLERANCE_DAYS=365"
OAS30442,3625,903.0,2722.0,False,nearest MRI is 2722 days away (exceeds 365-day tolerance),"nearest-day match, MRI_TOLERANCE_DAYS=365"
OAS30443,0,1480.0,1480.0,False,nearest MRI is 1480 days away (exceeds 365-day tolerance),"nearest-day match, MRI_TOLERANCE_DAYS=365"
OAS30443,367,1480.0,1113.0,False,nearest MRI is 1113 days away (exceeds 365-day tolerance),"nearest-day match, MRI_TOLERANCE_DAYS=365"
OAS30443,777,1480.0,703.0,False,nearest MRI is 703 days away (exceeds 365-day tolerance),"nearest-day match, MRI_TOLERANCE_DAYS=365"
OAS30443,1960,2432.0,472.0,False,nearest MRI is 472 days away (exceeds 365-day tolerance),"nearest-day match, MRI_TOLERANCE_DAYS=365"
OAS30443,2327,2432.0,105.0,True,within tolerance,"nearest-day match, MRI_TOLERANCE_DAYS=365"
OAS30444,0,1.0,1.0,True,within tolerance,"nearest-day match, MRI_TOLERANCE_DAYS=365"
OAS30444,1367,1471.0,104.0,True,within tolerance,"nearest-day match, MRI_TOLERANCE_DAYS=365"
OAS30444,2400,1471.0,929.0,False,nearest MRI is 929 days away (exceeds 365-day tolerance),"nearest-day match, MRI_TOLERANCE_DAYS=365"
OAS30445,0,133.0,133.0,True,within tolerance,"nearest-day match, MRI_TOLERANCE_DAYS=365"
OAS30445,399,133.0,266.0,True,within tolerance,"nearest-day match, MRI_TOLERANCE_DAYS=365"
OAS30445,1184,1279.0,95.0,True,within tolerance,"nearest-day match, MRI_TOLERANCE_DAYS=365"
OAS30445,1464,1279.0,185.0,True,within tolerance,"nearest-day match, MRI_TOLERANCE_DAYS=365"
OAS30445,1821,1279.0,542.0,False,nearest MRI is 542 days away (exceeds 365-day tolerance),"nearest-day match, MRI_TOLERANCE_DAYS=365"
OAS30446,426,,,False,subject has zero MRI/FreeSurfer records,"nearest-day match, MRI_TOLERANCE_DAYS=365"
OAS30446,801,,,False,subject has zero MRI/FreeSurfer records,"nearest-day match, MRI_TOLERANCE_DAYS=365"
OAS30446,1498,,,False,subject has zero MRI/FreeSurfer records,"nearest-day match, MRI_TOLERANCE_DAYS=365"
OAS30446,2364,,,False,subject has zero MRI/FreeSurfer records,"nearest-day match, MRI_TOLERANCE_DAYS=365"
OAS30446,2672,,,False,subject has zero MRI/FreeSurfer records,"nearest-day match, MRI_TOLERANCE_DAYS=365"
OAS30446,2911,,,False,subject has zero MRI/FreeSurfer records,"nearest-day match, MRI_TOLERANCE_DAYS=365"
OAS30446,3259,,,False,subject has zero MRI/FreeSurfer records,"nearest-day match, MRI_TOLERANCE_DAYS=365"
OAS30446,4002,,,False,subject has zero MRI/FreeSurfer records,"nearest-day match, MRI_TOLERANCE_DAYS=365"
OAS30446,4389,,,False,subject has zero MRI/FreeSurfer records,"nearest-day match, MRI_TOLERANCE_DAYS=365"
OAS30446,4745,,,False,subject has zero MRI/FreeSurfer records,"nearest-day match, MRI_TOLERANCE_DAYS=365"
OAS30446,5164,,,False,subject has zero MRI/FreeSurfer records,"nearest-day match, MRI_TOLERANCE_DAYS=365"
OAS30446,5481,,,False,subject has zero MRI/FreeSurfer records,"nearest-day match, MRI_TOLERANCE_DAYS=365"
OAS30446,5827,,,False,subject has zero MRI/FreeSurfer records,"nearest-day match, MRI_TOLERANCE_DAYS=365"
OAS30446,6188,,,False,subject has zero MRI/FreeSurfer records,"nearest-day match, MRI_TOLERANCE_DAYS=365"
OAS30446,6571,,,False,subject has zero MRI/FreeSurfer records,"nearest-day match, MRI_TOLERANCE_DAYS=365"
OAS30446,6923,,,False,subject has zero MRI/FreeSurfer records,"nearest-day match, MRI_TOLERANCE_DAYS=365"
OAS30446,7297,,,False,subject has zero MRI/FreeSurfer records,"nearest-day match, MRI_TOLERANCE_DAYS=365"
OAS30446,7658,,,False,subject has zero MRI/FreeSurfer records,"nearest-day match, MRI_TOLERANCE_DAYS=365"
OAS30446,8412,,,False,subject has zero MRI/FreeSurfer records,"nearest-day match, MRI_TOLERANCE_DAYS=365"
OAS30446,8749,,,False,subject has zero MRI/FreeSurfer records,"nearest-day match, MRI_TOLERANCE_DAYS=365"
OAS30446,9120,,,False,subject has zero MRI/FreeSurfer records,"nearest-day match, MRI_TOLERANCE_DAYS=365"
OAS30446,9526,,,False,subject has zero MRI/FreeSurfer records,"nearest-day match, MRI_TOLERANCE_DAYS=365"
OAS30446,9891,,,False,subject has zero MRI/FreeSurfer records,"nearest-day match, MRI_TOLERANCE_DAYS=365"
OAS30446,10268,,,False,subject has zero MRI/FreeSurfer records,"nearest-day match, MRI_TOLERANCE_DAYS=365"
OAS30446,10609,,,False,subject has zero MRI/FreeSurfer records,"nearest-day match, MRI_TOLERANCE_DAYS=365"
OAS30446,11303,,,False,subject has zero MRI/FreeSurfer records,"nearest-day match, MRI_TOLERANCE_DAYS=365"
OAS30446,11639,,,False,subject has zero MRI/FreeSurfer records,"nearest-day match, MRI_TOLERANCE_DAYS=365"
OAS30447,0,120.0,120.0,True,within tolerance,"nearest-day match, MRI_TOLERANCE_DAYS=365"
OAS30447,693,120.0,573.0,False,nearest MRI is 573 days away (exceeds 365-day tolerance),"nearest-day match, MRI_TOLERANCE_DAYS=365"
OAS30448,0,101.0,101.0,True,within tolerance,"nearest-day match, MRI_TOLERANCE_DAYS=365"
OAS30448,443,101.0,342.0,True,within tolerance,"nearest-day match, MRI_TOLERANCE_DAYS=365"
OAS30448,774,101.0,673.0,False,nearest MRI is 673 days away (exceeds 365-day tolerance),"nearest-day match, MRI_TOLERANCE_DAYS=365"
OAS30448,1145,101.0,1044.0,False,nearest MRI is 1044 days away (exceeds 365-day tolerance),"nearest-day match, MRI_TOLERANCE_DAYS=365"
OAS30449,0,0.0,0.0,True,within tolerance,"nearest-day match, MRI_TOLERANCE_DAYS=365"
OAS30449,1137,620.0,517.0,False,nearest MRI is 517 days away (exceeds 365-day tolerance),"nearest-day match, MRI_TOLERANCE_DAYS=365"
OAS30449,1501,2359.0,858.0,False,nearest MRI is 858 days away (exceeds 365-day tolerance),"nearest-day match, MRI_TOLERANCE_DAYS=365"
OAS30449,2272,2359.0,87.0,True,within tolerance,"nearest-day match, MRI_TOLERANCE_DAYS=365"
OAS30449,2632,2433.0,199.0,True,within tolerance,"nearest-day match, MRI_TOLERANCE_DAYS=365"
OAS30449,3005,2433.0,572.0,False,nearest MRI is 572 days away (exceeds 365-day tolerance),"nearest-day match, MRI_TOLERANCE_DAYS=365"
OAS30449,3461,2433.0,1028.0,False,nearest MRI is 1028 days away (exceeds 365-day tolerance),"nearest-day match, MRI_TOLERANCE_DAYS=365"
OAS30450,0,34.0,34.0,True,within tolerance,"nearest-day match, MRI_TOLERANCE_DAYS=365"
OAS30451,0,2656.0,2656.0,False,nearest MRI is 2656 days away (exceeds 365-day tolerance),"nearest-day match, MRI_TOLERANCE_DAYS=365"
OAS30451,395,2656.0,2261.0,False,nearest MRI is 2261 days away (exceeds 365-day tolerance),"nearest-day match, MRI_TOLERANCE_DAYS=365"
OAS30451,758,2656.0,1898.0,False,nearest MRI is 1898 days away (exceeds 365-day tolerance),"nearest-day match, MRI_TOLERANCE_DAYS=365"
OAS30451,1492,2656.0,1164.0,False,nearest MRI is 1164 days away (exceeds 365-day tolerance),"nearest-day match, MRI_TOLERANCE_DAYS=365"
OAS30451,1862,2656.0,794.0,False,nearest MRI is 794 days away (exceeds 365-day tolerance),"nearest-day match, MRI_TOLERANCE_DAYS=365"
OAS30451,2229,2656.0,427.0,False,nearest MRI is 427 days away (exceeds 365-day tolerance),"nearest-day match, MRI_TOLERANCE_DAYS=365"
OAS30451,2586,2656.0,70.0,True,within tolerance,"nearest-day match, MRI_TOLERANCE_DAYS=365"
OAS30451,4509,2656.0,1853.0,False,nearest MRI is 1853 days away (exceeds 365-day tolerance),"nearest-day match, MRI_TOLERANCE_DAYS=365"
OAS30451,4892,2656.0,2236.0,False,nearest MRI is 2236 days away (exceeds 365-day tolerance),"nearest-day match, MRI_TOLERANCE_DAYS=365"
OAS30451,5238,2656.0,2582.0,False,nearest MRI is 2582 days away (exceeds 365-day tolerance),"nearest-day match, MRI_TOLERANCE_DAYS=365"
OAS30451,5638,2656.0,2982.0,False,nearest MRI is 2982 days away (exceeds 365-day tolerance),"nearest-day match, MRI_TOLERANCE_DAYS=365"
OAS30452,0,993.0,993.0,False,nearest MRI is 993 days away (exceeds 365-day tolerance),"nearest-day match, MRI_TOLERANCE_DAYS=365"
OAS30452,2551,2291.0,260.0,True,within tolerance,"nearest-day match, MRI_TOLERANCE_DAYS=365"
OAS30452,3753,3472.0,281.0,True,within tolerance,"nearest-day match, MRI_TOLERANCE_DAYS=365"
OAS30452,4431,4489.0,58.0,True,within tolerance,"nearest-day match, MRI_TOLERANCE_DAYS=365"
OAS30452,4784,4501.0,283.0,True,within tolerance,"nearest-day match, MRI_TOLERANCE_DAYS=365"
OAS30452,5138,4501.0,637.0,False,nearest MRI is 637 days away (exceeds 365-day tolerance),"nearest-day match, MRI_TOLERANCE_DAYS=365"
OAS30452,5617,6033.0,416.0,False,nearest MRI is 416 days away (exceeds 365-day tolerance),"nearest-day match, MRI_TOLERANCE_DAYS=365"
OAS30452,5914,6033.0,119.0,True,within tolerance,"nearest-day match, MRI_TOLERANCE_DAYS=365"
OAS30453,0,77.0,77.0,True,within tolerance,"nearest-day match, MRI_TOLERANCE_DAYS=365"
OAS30454,0,209.0,209.0,True,within tolerance,"nearest-day match, MRI_TOLERANCE_DAYS=365"
OAS30455,0,171.0,171.0,True,within tolerance,"nearest-day match, MRI_TOLERANCE_DAYS=365"
OAS30455,1113,171.0,942.0,False,nearest MRI is 942 days away (exceeds 365-day tolerance),"nearest-day match, MRI_TOLERANCE_DAYS=365"
OAS30455,2195,2887.0,692.0,False,nearest MRI is 692 days away (exceeds 365-day tolerance),"nearest-day match, MRI_TOLERANCE_DAYS=365"
OAS30455,3805,4209.0,404.0,False,nearest MRI is 404 days away (exceeds 365-day tolerance),"nearest-day match, MRI_TOLERANCE_DAYS=365"
OAS30455,4125,4209.0,84.0,True,within tolerance,"nearest-day match, MRI_TOLERANCE_DAYS=365"
OAS30455,4596,4209.0,387.0,False,nearest MRI is 387 days away (exceeds 365-day tolerance),"nearest-day match, MRI_TOLERANCE_DAYS=365"
OAS30455,5008,5422.0,414.0,False,nearest MRI is 414 days away (exceeds 365-day tolerance),"nearest-day match, MRI_TOLERANCE_DAYS=365"
OAS30455,5292,5422.0,130.0,True,within tolerance,"nearest-day match, MRI_TOLERANCE_DAYS=365"
OAS30455,5663,5422.0,241.0,True,within tolerance,"nearest-day match, MRI_TOLERANCE_DAYS=365"
OAS30456,0,476.0,476.0,False,nearest MRI is 476 days away (exceeds 365-day tolerance),"nearest-day match, MRI_TOLERANCE_DAYS=365"
OAS30456,392,476.0,84.0,True,within tolerance,"nearest-day match, MRI_TOLERANCE_DAYS=365"
OAS30456,773,476.0,297.0,True,within tolerance,"nearest-day match, MRI_TOLERANCE_DAYS=365"
OAS30457,0,102.0,102.0,True,within tolerance,"nearest-day match, MRI_TOLERANCE_DAYS=365"
OAS30457,346,102.0,244.0,True,within tolerance,"nearest-day match, MRI_TOLERANCE_DAYS=365"
OAS30457,745,102.0,643.0,False,nearest MRI is 643 days away (exceeds 365-day tolerance),"nearest-day match, MRI_TOLERANCE_DAYS=365"
OAS30457,1139,102.0,1037.0,False,nearest MRI is 1037 days away (exceeds 365-day tolerance),"nearest-day match, MRI_TOLERANCE_DAYS=365"
OAS30458,0,63.0,63.0,True,within tolerance,"nearest-day match, MRI_TOLERANCE_DAYS=365"
OAS30458,1099,1174.0,75.0,True,within tolerance,"nearest-day match, MRI_TOLERANCE_DAYS=365"
OAS30458,1420,1174.0,246.0,True,within tolerance,"nearest-day match, MRI_TOLERANCE_DAYS=365"
OAS30458,1763,2318.0,555.0,False,nearest MRI is 555 days away (exceeds 365-day tolerance),"nearest-day match, MRI_TOLERANCE_DAYS=365"
OAS30458,2259,2318.0,59.0,True,within tolerance,"nearest-day match, MRI_TOLERANCE_DAYS=365"
OAS30458,2616,2318.0,298.0,True,within tolerance,"nearest-day match, MRI_TOLERANCE_DAYS=365"
OAS30459,0,78.0,78.0,True,within tolerance,"nearest-day match, MRI_TOLERANCE_DAYS=365"
OAS30460,0,43.0,43.0,True,within tolerance,"nearest-day match, MRI_TOLERANCE_DAYS=365"
OAS30461,0,198.0,198.0,True,within tolerance,"nearest-day match, MRI_TOLERANCE_DAYS=365"
OAS30462,0,20.0,20.0,True,within tolerance,"nearest-day match, MRI_TOLERANCE_DAYS=365"
OAS30463,0,,,False,subject has zero MRI/FreeSurfer records,"nearest-day match, MRI_TOLERANCE_DAYS=365"
OAS30463,350,,,False,subject has zero MRI/FreeSurfer records,"nearest-day match, MRI_TOLERANCE_DAYS=365"
OAS30463,911,,,False,subject has zero MRI/FreeSurfer records,"nearest-day match, MRI_TOLERANCE_DAYS=365"
OAS30463,1442,,,False,subject has zero MRI/FreeSurfer records,"nearest-day match, MRI_TOLERANCE_DAYS=365"
OAS30463,1832,,,False,subject has zero MRI/FreeSurfer records,"nearest-day match, MRI_TOLERANCE_DAYS=365"
OAS30463,2219,,,False,subject has zero MRI/FreeSurfer records,"nearest-day match, MRI_TOLERANCE_DAYS=365"
OAS30463,2590,,,False,subject has zero MRI/FreeSurfer records,"nearest-day match, MRI_TOLERANCE_DAYS=365"
OAS30463,2919,,,False,subject has zero MRI/FreeSurfer records,"nearest-day match, MRI_TOLERANCE_DAYS=365"
OAS30463,3318,,,False,subject has zero MRI/FreeSurfer records,"nearest-day match, MRI_TOLERANCE_DAYS=365"
OAS30463,3668,,,False,subject has zero MRI/FreeSurfer records,"nearest-day match, MRI_TOLERANCE_DAYS=365"
OAS30463,4081,,,False,subject has zero MRI/FreeSurfer records,"nearest-day match, MRI_TOLERANCE_DAYS=365"
OAS30463,4439,,,False,subject has zero MRI/FreeSurfer records,"nearest-day match, MRI_TOLERANCE_DAYS=365"
OAS30464,0,77.0,77.0,True,within tolerance,"nearest-day match, MRI_TOLERANCE_DAYS=365"
OAS30464,1076,951.0,125.0,True,within tolerance,"nearest-day match, MRI_TOLERANCE_DAYS=365"
OAS30464,2392,2445.0,53.0,True,within tolerance,"nearest-day match, MRI_TOLERANCE_DAYS=365"
OAS30464,2750,2848.0,98.0,True,within tolerance,"nearest-day match, MRI_TOLERANCE_DAYS=365"
OAS30464,3096,2848.0,248.0,True,within tolerance,"nearest-day match, MRI_TOLERANCE_DAYS=365"
OAS30464,3515,2848.0,667.0,False,nearest MRI is 667 days away (exceeds 365-day tolerance),"nearest-day match, MRI_TOLERANCE_DAYS=365"
OAS30464,3829,4292.0,463.0,False,nearest MRI is 463 days away (exceeds 365-day tolerance),"nearest-day match, MRI_TOLERANCE_DAYS=365"
OAS30464,4240,4292.0,52.0,True,within tolerance,"nearest-day match, MRI_TOLERANCE_DAYS=365"
OAS30464,4591,4293.0,298.0,True,within tolerance,"nearest-day match, MRI_TOLERANCE_DAYS=365"
OAS30465,0,152.0,152.0,True,within tolerance,"nearest-day match, MRI_TOLERANCE_DAYS=365"
OAS30465,972,1030.0,58.0,True,within tolerance,"nearest-day match, MRI_TOLERANCE_DAYS=365"
OAS30466,0,58.0,58.0,True,within tolerance,"nearest-day match, MRI_TOLERANCE_DAYS=365"
OAS30466,434,671.0,237.0,True,within tolerance,"nearest-day match, MRI_TOLERANCE_DAYS=365"
OAS30466,875,671.0,204.0,True,within tolerance,"nearest-day match, MRI_TOLERANCE_DAYS=365"
OAS30466,1638,671.0,967.0,False,nearest MRI is 967 days away (exceeds 365-day tolerance),"nearest-day match, MRI_TOLERANCE_DAYS=365"
OAS30466,2156,671.0,1485.0,False,nearest MRI is 1485 days away (exceeds 365-day tolerance),"nearest-day match, MRI_TOLERANCE_DAYS=365"
OAS30466,3647,671.0,2976.0,False,nearest MRI is 2976 days away (exceeds 365-day tolerance),"nearest-day match, MRI_TOLERANCE_DAYS=365"
OAS30466,4165,671.0,3494.0,False,nearest MRI is 3494 days away (exceeds 365-day tolerance),"nearest-day match, MRI_TOLERANCE_DAYS=365"
OAS30467,10,92.0,82.0,True,within tolerance,"nearest-day match, MRI_TOLERANCE_DAYS=365"
OAS30468,0,69.0,69.0,True,within tolerance,"nearest-day match, MRI_TOLERANCE_DAYS=365"
OAS30468,1590,69.0,1521.0,False,nearest MRI is 1521 days away (exceeds 365-day tolerance),"nearest-day match, MRI_TOLERANCE_DAYS=365"
OAS30468,1996,69.0,1927.0,False,nearest MRI is 1927 days away (exceeds 365-day tolerance),"nearest-day match, MRI_TOLERANCE_DAYS=365"
OAS30469,0,112.0,112.0,True,within tolerance,"nearest-day match, MRI_TOLERANCE_DAYS=365"
OAS30469,474,112.0,362.0,True,within tolerance,"nearest-day match, MRI_TOLERANCE_DAYS=365"
OAS30469,876,112.0,764.0,False,nearest MRI is 764 days away (exceeds 365-day tolerance),"nearest-day match, MRI_TOLERANCE_DAYS=365"
OAS30469,1440,112.0,1328.0,False,nearest MRI is 1328 days away (exceeds 365-day tolerance),"nearest-day match, MRI_TOLERANCE_DAYS=365"
OAS30470,0,1023.0,1023.0,False,nearest MRI is 1023 days away (exceeds 365-day tolerance),"nearest-day match, MRI_TOLERANCE_DAYS=365"
OAS30470,427,1023.0,596.0,False,nearest MRI is 596 days away (exceeds 365-day tolerance),"nearest-day match, MRI_TOLERANCE_DAYS=365"
OAS30470,806,1023.0,217.0,True,within tolerance,"nearest-day match, MRI_TOLERANCE_DAYS=365"
OAS30470,1650,1846.0,196.0,True,within tolerance,"nearest-day match, MRI_TOLERANCE_DAYS=365"
OAS30470,2163,1846.0,317.0,True,within tolerance,"nearest-day match, MRI_TOLERANCE_DAYS=365"
OAS30470,2536,2828.0,292.0,True,within tolerance,"nearest-day match, MRI_TOLERANCE_DAYS=365"
OAS30470,2897,2828.0,69.0,True,within tolerance,"nearest-day match, MRI_TOLERANCE_DAYS=365"
OAS30471,0,560.0,560.0,False,nearest MRI is 560 days away (exceeds 365-day tolerance),"nearest-day match, MRI_TOLERANCE_DAYS=365"
OAS30471,347,560.0,213.0,True,within tolerance,"nearest-day match, MRI_TOLERANCE_DAYS=365"
OAS30471,707,560.0,147.0,True,within tolerance,"nearest-day match, MRI_TOLERANCE_DAYS=365"
OAS30471,1110,560.0,550.0,False,nearest MRI is 550 days away (exceeds 365-day tolerance),"nearest-day match, MRI_TOLERANCE_DAYS=365"
OAS30471,1467,1883.0,416.0,False,nearest MRI is 416 days away (exceeds 365-day tolerance),"nearest-day match, MRI_TOLERANCE_DAYS=365"
OAS30471,2192,1883.0,309.0,True,within tolerance,"nearest-day match, MRI_TOLERANCE_DAYS=365"
OAS30472,0,1267.0,1267.0,False,nearest MRI is 1267 days away (exceeds 365-day tolerance),"nearest-day match, MRI_TOLERANCE_DAYS=365"
OAS30472,427,1267.0,840.0,False,nearest MRI is 840 days away (exceeds 365-day tolerance),"nearest-day match, MRI_TOLERANCE_DAYS=365"
OAS30472,1112,1267.0,155.0,True,within tolerance,"nearest-day match, MRI_TOLERANCE_DAYS=365"
OAS30472,1574,1267.0,307.0,True,within tolerance,"nearest-day match, MRI_TOLERANCE_DAYS=365"
OAS30472,1987,1267.0,720.0,False,nearest MRI is 720 days away (exceeds 365-day tolerance),"nearest-day match, MRI_TOLERANCE_DAYS=365"
OAS30473,0,385.0,385.0,False,nearest MRI is 385 days away (exceeds 365-day tolerance),"nearest-day match, MRI_TOLERANCE_DAYS=365"
OAS30473,381,385.0,4.0,True,within tolerance,"nearest-day match, MRI_TOLERANCE_DAYS=365"
OAS30473,1871,1163.0,708.0,False,nearest MRI is 708 days away (exceeds 365-day tolerance),"nearest-day match, MRI_TOLERANCE_DAYS=365"
OAS30474,0,69.0,69.0,True,within tolerance,"nearest-day match, MRI_TOLERANCE_DAYS=365"
OAS30474,495,69.0,426.0,False,nearest MRI is 426 days away (exceeds 365-day tolerance),"nearest-day match, MRI_TOLERANCE_DAYS=365"
OAS30475,0,62.0,62.0,True,within tolerance,"nearest-day match, MRI_TOLERANCE_DAYS=365"
OAS30475,952,62.0,890.0,False,nearest MRI is 890 days away (exceeds 365-day tolerance),"nearest-day match, MRI_TOLERANCE_DAYS=365"
OAS30475,1433,62.0,1371.0,False,nearest MRI is 1371 days away (exceeds 365-day tolerance),"nearest-day match, MRI_TOLERANCE_DAYS=365"
OAS30475,1817,62.0,1755.0,False,nearest MRI is 1755 days away (exceeds 365-day tolerance),"nearest-day match, MRI_TOLERANCE_DAYS=365"
OAS30476,1153,482.0,671.0,False,nearest MRI is 671 days away (exceeds 365-day tolerance),"nearest-day match, MRI_TOLERANCE_DAYS=365"
OAS30476,2191,1931.0,260.0,True,within tolerance,"nearest-day match, MRI_TOLERANCE_DAYS=365"
OAS30478,0,3566.0,3566.0,False,nearest MRI is 3566 days away (exceeds 365-day tolerance),"nearest-day match, MRI_TOLERANCE_DAYS=365"
OAS30478,560,3566.0,3006.0,False,nearest MRI is 3006 days away (exceeds 365-day tolerance),"nearest-day match, MRI_TOLERANCE_DAYS=365"
OAS30478,884,3566.0,2682.0,False,nearest MRI is 2682 days away (exceeds 365-day tolerance),"nearest-day match, MRI_TOLERANCE_DAYS=365"
OAS30478,1575,3566.0,1991.0,False,nearest MRI is 1991 days away (exceeds 365-day tolerance),"nearest-day match, MRI_TOLERANCE_DAYS=365"
OAS30478,1925,3566.0,1641.0,False,nearest MRI is 1641 days away (exceeds 365-day tolerance),"nearest-day match, MRI_TOLERANCE_DAYS=365"
OAS30478,2276,3566.0,1290.0,False,nearest MRI is 1290 days away (exceeds 365-day tolerance),"nearest-day match, MRI_TOLERANCE_DAYS=365"
OAS30478,2653,3566.0,913.0,False,nearest MRI is 913 days away (exceeds 365-day tolerance),"nearest-day match, MRI_TOLERANCE_DAYS=365"
OAS30478,3047,3566.0,519.0,False,nearest MRI is 519 days away (exceeds 365-day tolerance),"nearest-day match, MRI_TOLERANCE_DAYS=365"
OAS30478,3383,3566.0,183.0,True,within tolerance,"nearest-day match, MRI_TOLERANCE_DAYS=365"
OAS30478,3754,3566.0,188.0,True,within tolerance,"nearest-day match, MRI_TOLERANCE_DAYS=365"
OAS30478,4089,4271.0,182.0,True,within tolerance,"nearest-day match, MRI_TOLERANCE_DAYS=365"
OAS30478,4458,4271.0,187.0,True,within tolerance,"nearest-day match, MRI_TOLERANCE_DAYS=365"
OAS30478,5921,4271.0,1650.0,False,nearest MRI is 1650 days away (exceeds 365-day tolerance),"nearest-day match, MRI_TOLERANCE_DAYS=365"
OAS30478,6302,4271.0,2031.0,False,nearest MRI is 2031 days away (exceeds 365-day tolerance),"nearest-day match, MRI_TOLERANCE_DAYS=365"
OAS30479,0,398.0,398.0,False,nearest MRI is 398 days away (exceeds 365-day tolerance),"nearest-day match, MRI_TOLERANCE_DAYS=365"
OAS30479,754,398.0,356.0,True,within tolerance,"nearest-day match, MRI_TOLERANCE_DAYS=365"
OAS30479,1882,2421.0,539.0,False,nearest MRI is 539 days away (exceeds 365-day tolerance),"nearest-day match, MRI_TOLERANCE_DAYS=365"
OAS30480,357,,,False,subject has zero MRI/FreeSurfer records,"nearest-day match, MRI_TOLERANCE_DAYS=365"
OAS30480,1099,,,False,subject has zero MRI/FreeSurfer records,"nearest-day match, MRI_TOLERANCE_DAYS=365"
OAS30481,0,64.0,64.0,True,within tolerance,"nearest-day match, MRI_TOLERANCE_DAYS=365"
OAS30481,374,64.0,310.0,True,within tolerance,"nearest-day match, MRI_TOLERANCE_DAYS=365"
OAS30481,793,64.0,729.0,False,nearest MRI is 729 days away (exceeds 365-day tolerance),"nearest-day match, MRI_TOLERANCE_DAYS=365"
OAS30482,0,140.0,140.0,True,within tolerance,"nearest-day match, MRI_TOLERANCE_DAYS=365"
OAS30482,1278,1408.0,130.0,True,within tolerance,"nearest-day match, MRI_TOLERANCE_DAYS=365"
OAS30483,0,6.0,6.0,True,within tolerance,"nearest-day match, MRI_TOLERANCE_DAYS=365"
OAS30483,1073,947.0,126.0,True,within tolerance,"nearest-day match, MRI_TOLERANCE_DAYS=365"
OAS30483,2191,2290.0,99.0,True,within tolerance,"nearest-day match, MRI_TOLERANCE_DAYS=365"
OAS30484,0,40.0,40.0,True,within tolerance,"nearest-day match, MRI_TOLERANCE_DAYS=365"
OAS30484,1056,1065.0,9.0,True,within tolerance,"nearest-day match, MRI_TOLERANCE_DAYS=365"
OAS30484,2135,2273.0,138.0,True,within tolerance,"nearest-day match, MRI_TOLERANCE_DAYS=365"
OAS30484,2576,2273.0,303.0,True,within tolerance,"nearest-day match, MRI_TOLERANCE_DAYS=365"
OAS30484,2877,2273.0,604.0,False,nearest MRI is 604 days away (exceeds 365-day tolerance),"nearest-day match, MRI_TOLERANCE_DAYS=365"
OAS30485,0,84.0,84.0,True,within tolerance,"nearest-day match, MRI_TOLERANCE_DAYS=365"
OAS30485,796,84.0,712.0,False,nearest MRI is 712 days away (exceeds 365-day tolerance),"nearest-day match, MRI_TOLERANCE_DAYS=365"
OAS30485,1217,84.0,1133.0,False,nearest MRI is 1133 days away (exceeds 365-day tolerance),"nearest-day match, MRI_TOLERANCE_DAYS=365"
OAS30485,1888,84.0,1804.0,False,nearest MRI is 1804 days away (exceeds 365-day tolerance),"nearest-day match, MRI_TOLERANCE_DAYS=365"
OAS30486,0,75.0,75.0,True,within tolerance,"nearest-day match, MRI_TOLERANCE_DAYS=365"
OAS30487,0,64.0,64.0,True,within tolerance,"nearest-day match, MRI_TOLERANCE_DAYS=365"
OAS30487,813,1338.0,525.0,False,nearest MRI is 525 days away (exceeds 365-day tolerance),"nearest-day match, MRI_TOLERANCE_DAYS=365"
OAS30487,1113,1338.0,225.0,True,within tolerance,"nearest-day match, MRI_TOLERANCE_DAYS=365"
OAS30487,1534,1338.0,196.0,True,within tolerance,"nearest-day match, MRI_TOLERANCE_DAYS=365"
OAS30487,2004,2165.0,161.0,True,within tolerance,"nearest-day match, MRI_TOLERANCE_DAYS=365"
OAS30487,2427,2165.0,262.0,True,within tolerance,"nearest-day match, MRI_TOLERANCE_DAYS=365"
OAS30487,2792,2165.0,627.0,False,nearest MRI is 627 days away (exceeds 365-day tolerance),"nearest-day match, MRI_TOLERANCE_DAYS=365"
OAS30487,3486,3605.0,119.0,True,within tolerance,"nearest-day match, MRI_TOLERANCE_DAYS=365"
OAS30487,3887,3605.0,282.0,True,within tolerance,"nearest-day match, MRI_TOLERANCE_DAYS=365"
OAS30487,4251,3605.0,646.0,False,nearest MRI is 646 days away (exceeds 365-day tolerance),"nearest-day match, MRI_TOLERANCE_DAYS=365"
OAS30487,4563,3605.0,958.0,False,nearest MRI is 958 days away (exceeds 365-day tolerance),"nearest-day match, MRI_TOLERANCE_DAYS=365"
OAS30489,0,12.0,12.0,True,within tolerance,"nearest-day match, MRI_TOLERANCE_DAYS=365"
OAS30489,383,12.0,371.0,False,nearest MRI is 371 days away (exceeds 365-day tolerance),"nearest-day match, MRI_TOLERANCE_DAYS=365"
OAS30489,828,12.0,816.0,False,nearest MRI is 816 days away (exceeds 365-day tolerance),"nearest-day match, MRI_TOLERANCE_DAYS=365"
OAS30489,1234,12.0,1222.0,False,nearest MRI is 1222 days away (exceeds 365-day tolerance),"nearest-day match, MRI_TOLERANCE_DAYS=365"
OAS30489,1877,12.0,1865.0,False,nearest MRI is 1865 days away (exceeds 365-day tolerance),"nearest-day match, MRI_TOLERANCE_DAYS=365"
OAS30489,2221,12.0,2209.0,False,nearest MRI is 2209 days away (exceeds 365-day tolerance),"nearest-day match, MRI_TOLERANCE_DAYS=365"
OAS30489,2584,12.0,2572.0,False,nearest MRI is 2572 days away (exceeds 365-day tolerance),"nearest-day match, MRI_TOLERANCE_DAYS=365"
OAS30489,2925,12.0,2913.0,False,nearest MRI is 2913 days away (exceeds 365-day tolerance),"nearest-day match, MRI_TOLERANCE_DAYS=365"
OAS30489,3355,12.0,3343.0,False,nearest MRI is 3343 days away (exceeds 365-day tolerance),"nearest-day match, MRI_TOLERANCE_DAYS=365"
OAS30489,3725,12.0,3713.0,False,nearest MRI is 3713 days away (exceeds 365-day tolerance),"nearest-day match, MRI_TOLERANCE_DAYS=365"
OAS30489,4055,12.0,4043.0,False,nearest MRI is 4043 days away (exceeds 365-day tolerance),"nearest-day match, MRI_TOLERANCE_DAYS=365"
OAS30490,0,412.0,412.0,False,nearest MRI is 412 days away (exceeds 365-day tolerance),"nearest-day match, MRI_TOLERANCE_DAYS=365"
OAS30490,397,412.0,15.0,True,within tolerance,"nearest-day match, MRI_TOLERANCE_DAYS=365"
OAS30490,802,412.0,390.0,False,nearest MRI is 390 days away (exceeds 365-day tolerance),"nearest-day match, MRI_TOLERANCE_DAYS=365"
OAS30490,1118,412.0,706.0,False,nearest MRI is 706 days away (exceeds 365-day tolerance),"nearest-day match, MRI_TOLERANCE_DAYS=365"
OAS30490,1455,412.0,1043.0,False,nearest MRI is 1043 days away (exceeds 365-day tolerance),"nearest-day match, MRI_TOLERANCE_DAYS=365"
OAS30491,0,74.0,74.0,True,within tolerance,"nearest-day match, MRI_TOLERANCE_DAYS=365"
OAS30491,496,74.0,422.0,False,nearest MRI is 422 days away (exceeds 365-day tolerance),"nearest-day match, MRI_TOLERANCE_DAYS=365"
OAS30491,811,74.0,737.0,False,nearest MRI is 737 days away (exceeds 365-day tolerance),"nearest-day match, MRI_TOLERANCE_DAYS=365"
OAS30491,1273,74.0,1199.0,False,nearest MRI is 1199 days away (exceeds 365-day tolerance),"nearest-day match, MRI_TOLERANCE_DAYS=365"
OAS30491,1950,74.0,1876.0,False,nearest MRI is 1876 days away (exceeds 365-day tolerance),"nearest-day match, MRI_TOLERANCE_DAYS=365"
OAS30492,0,90.0,90.0,True,within tolerance,"nearest-day match, MRI_TOLERANCE_DAYS=365"
OAS30492,1084,1169.0,85.0,True,within tolerance,"nearest-day match, MRI_TOLERANCE_DAYS=365"
OAS30492,2272,2346.0,74.0,True,within tolerance,"nearest-day match, MRI_TOLERANCE_DAYS=365"
OAS30493,566,608.0,42.0,True,within tolerance,"nearest-day match, MRI_TOLERANCE_DAYS=365"
OAS30493,950,608.0,342.0,True,within tolerance,"nearest-day match, MRI_TOLERANCE_DAYS=365"
OAS30493,1523,608.0,915.0,False,nearest MRI is 915 days away (exceeds 365-day tolerance),"nearest-day match, MRI_TOLERANCE_DAYS=365"
OAS30493,2229,608.0,1621.0,False,nearest MRI is 1621 days away (exceeds 365-day tolerance),"nearest-day match, MRI_TOLERANCE_DAYS=365"
OAS30494,0,59.0,59.0,True,within tolerance,"nearest-day match, MRI_TOLERANCE_DAYS=365"
OAS30494,2460,4030.0,1570.0,False,nearest MRI is 1570 days away (exceeds 365-day tolerance),"nearest-day match, MRI_TOLERANCE_DAYS=365"
OAS30494,3704,4030.0,326.0,True,within tolerance,"nearest-day match, MRI_TOLERANCE_DAYS=365"
OAS30494,4755,4030.0,725.0,False,nearest MRI is 725 days away (exceeds 365-day tolerance),"nearest-day match, MRI_TOLERANCE_DAYS=365"
OAS30495,0,52.0,52.0,True,within tolerance,"nearest-day match, MRI_TOLERANCE_DAYS=365"
OAS30495,331,52.0,279.0,True,within tolerance,"nearest-day match, MRI_TOLERANCE_DAYS=365"
OAS30496,0,65.0,65.0,True,within tolerance,"nearest-day match, MRI_TOLERANCE_DAYS=365"
OAS30496,1099,1150.0,51.0,True,within tolerance,"nearest-day match, MRI_TOLERANCE_DAYS=365"
OAS30496,2218,2304.0,86.0,True,within tolerance,"nearest-day match, MRI_TOLERANCE_DAYS=365"
OAS30496,2590,2304.0,286.0,True,within tolerance,"nearest-day match, MRI_TOLERANCE_DAYS=365"
OAS30497,0,56.0,56.0,True,within tolerance,"nearest-day match, MRI_TOLERANCE_DAYS=365"
OAS30497,739,56.0,683.0,False,nearest MRI is 683 days away (exceeds 365-day tolerance),"nearest-day match, MRI_TOLERANCE_DAYS=365"
OAS30498,0,132.0,132.0,True,within tolerance,"nearest-day match, MRI_TOLERANCE_DAYS=365"
OAS30498,435,132.0,303.0,True,within tolerance,"nearest-day match, MRI_TOLERANCE_DAYS=365"
OAS30498,862,132.0,730.0,False,nearest MRI is 730 days away (exceeds 365-day tolerance),"nearest-day match, MRI_TOLERANCE_DAYS=365"
OAS30498,2867,132.0,2735.0,False,nearest MRI is 2735 days away (exceeds 365-day tolerance),"nearest-day match, MRI_TOLERANCE_DAYS=365"
OAS30498,3365,132.0,3233.0,False,nearest MRI is 3233 days away (exceeds 365-day tolerance),"nearest-day match, MRI_TOLERANCE_DAYS=365"
OAS30499,3300,3468.0,168.0,True,within tolerance,"nearest-day match, MRI_TOLERANCE_DAYS=365"
OAS30500,0,93.0,93.0,True,within tolerance,"nearest-day match, MRI_TOLERANCE_DAYS=365"
OAS30500,378,93.0,285.0,True,within tolerance,"nearest-day match, MRI_TOLERANCE_DAYS=365"
OAS30500,737,1297.0,560.0,False,nearest MRI is 560 days away (exceeds 365-day tolerance),"nearest-day match, MRI_TOLERANCE_DAYS=365"
OAS30500,1106,1297.0,191.0,True,within tolerance,"nearest-day match, MRI_TOLERANCE_DAYS=365"
OAS30500,1493,1297.0,196.0,True,within tolerance,"nearest-day match, MRI_TOLERANCE_DAYS=365"
OAS30500,2270,1297.0,973.0,False,nearest MRI is 973 days away (exceeds 365-day tolerance),"nearest-day match, MRI_TOLERANCE_DAYS=365"
OAS30500,2634,1297.0,1337.0,False,nearest MRI is 1337 days away (exceeds 365-day tolerance),"nearest-day match, MRI_TOLERANCE_DAYS=365"
OAS30502,0,395.0,395.0,False,nearest MRI is 395 days away (exceeds 365-day tolerance),"nearest-day match, MRI_TOLERANCE_DAYS=365"
OAS30502,3326,2228.0,1098.0,False,nearest MRI is 1098 days away (exceeds 365-day tolerance),"nearest-day match, MRI_TOLERANCE_DAYS=365"
OAS30503,2,0.0,2.0,True,within tolerance,"nearest-day match, MRI_TOLERANCE_DAYS=365"
OAS30503,321,0.0,321.0,True,within tolerance,"nearest-day match, MRI_TOLERANCE_DAYS=365"
OAS30503,588,0.0,588.0,False,nearest MRI is 588 days away (exceeds 365-day tolerance),"nearest-day match, MRI_TOLERANCE_DAYS=365"
OAS30504,0,0.0,0.0,True,within tolerance,"nearest-day match, MRI_TOLERANCE_DAYS=365"
OAS30504,571,0.0,571.0,False,nearest MRI is 571 days away (exceeds 365-day tolerance),"nearest-day match, MRI_TOLERANCE_DAYS=365"
OAS30504,976,0.0,976.0,False,nearest MRI is 976 days away (exceeds 365-day tolerance),"nearest-day match, MRI_TOLERANCE_DAYS=365"
OAS30505,0,4103.0,4103.0,False,nearest MRI is 4103 days away (exceeds 365-day tolerance),"nearest-day match, MRI_TOLERANCE_DAYS=365"
OAS30505,1514,4103.0,2589.0,False,nearest MRI is 2589 days away (exceeds 365-day tolerance),"nearest-day match, MRI_TOLERANCE_DAYS=365"
OAS30505,1975,4103.0,2128.0,False,nearest MRI is 2128 days away (exceeds 365-day tolerance),"nearest-day match, MRI_TOLERANCE_DAYS=365"
OAS30505,2694,4103.0,1409.0,False,nearest MRI is 1409 days away (exceeds 365-day tolerance),"nearest-day match, MRI_TOLERANCE_DAYS=365"
OAS30505,3096,4103.0,1007.0,False,nearest MRI is 1007 days away (exceeds 365-day tolerance),"nearest-day match, MRI_TOLERANCE_DAYS=365"
OAS30505,3480,4103.0,623.0,False,nearest MRI is 623 days away (exceeds 365-day tolerance),"nearest-day match, MRI_TOLERANCE_DAYS=365"
OAS30505,4465,4682.0,217.0,True,within tolerance,"nearest-day match, MRI_TOLERANCE_DAYS=365"
OAS30505,4845,4682.0,163.0,True,within tolerance,"nearest-day match, MRI_TOLERANCE_DAYS=365"
OAS30505,5238,5746.0,508.0,False,nearest MRI is 508 days away (exceeds 365-day tolerance),"nearest-day match, MRI_TOLERANCE_DAYS=365"
OAS30505,5559,5746.0,187.0,True,within tolerance,"nearest-day match, MRI_TOLERANCE_DAYS=365"
OAS30505,6666,5746.0,920.0,False,nearest MRI is 920 days away (exceeds 365-day tolerance),"nearest-day match, MRI_TOLERANCE_DAYS=365"
OAS30505,6993,5746.0,1247.0,False,nearest MRI is 1247 days away (exceeds 365-day tolerance),"nearest-day match, MRI_TOLERANCE_DAYS=365"
OAS30505,7401,5746.0,1655.0,False,nearest MRI is 1655 days away (exceeds 365-day tolerance),"nearest-day match, MRI_TOLERANCE_DAYS=365"
OAS30505,7759,5746.0,2013.0,False,nearest MRI is 2013 days away (exceeds 365-day tolerance),"nearest-day match, MRI_TOLERANCE_DAYS=365"
OAS30506,0,1039.0,1039.0,False,nearest MRI is 1039 days away (exceeds 365-day tolerance),"nearest-day match, MRI_TOLERANCE_DAYS=365"
OAS30506,525,1039.0,514.0,False,nearest MRI is 514 days away (exceeds 365-day tolerance),"nearest-day match, MRI_TOLERANCE_DAYS=365"
OAS30506,896,1039.0,143.0,True,within tolerance,"nearest-day match, MRI_TOLERANCE_DAYS=365"
OAS30506,1247,1039.0,208.0,True,within tolerance,"nearest-day match, MRI_TOLERANCE_DAYS=365"
OAS30506,1599,1039.0,560.0,False,nearest MRI is 560 days away (exceeds 365-day tolerance),"nearest-day match, MRI_TOLERANCE_DAYS=365"
OAS30506,1941,2206.0,265.0,True,within tolerance,"nearest-day match, MRI_TOLERANCE_DAYS=365"
OAS30506,2331,2206.0,125.0,True,within tolerance,"nearest-day match, MRI_TOLERANCE_DAYS=365"
OAS30506,2692,2206.0,486.0,False,nearest MRI is 486 days away (exceeds 365-day tolerance),"nearest-day match, MRI_TOLERANCE_DAYS=365"
OAS30507,0,391.0,391.0,False,nearest MRI is 391 days away (exceeds 365-day tolerance),"nearest-day match, MRI_TOLERANCE_DAYS=365"
OAS30507,4434,3571.0,863.0,False,nearest MRI is 863 days away (exceeds 365-day tolerance),"nearest-day match, MRI_TOLERANCE_DAYS=365"
OAS30507,4810,3571.0,1239.0,False,nearest MRI is 1239 days away (exceeds 365-day tolerance),"nearest-day match, MRI_TOLERANCE_DAYS=365"
OAS30508,0,42.0,42.0,True,within tolerance,"nearest-day match, MRI_TOLERANCE_DAYS=365"
OAS30508,357,42.0,315.0,True,within tolerance,"nearest-day match, MRI_TOLERANCE_DAYS=365"
OAS30508,712,42.0,670.0,False,nearest MRI is 670 days away (exceeds 365-day tolerance),"nearest-day match, MRI_TOLERANCE_DAYS=365"
OAS30508,1024,42.0,982.0,False,nearest MRI is 982 days away (exceeds 365-day tolerance),"nearest-day match, MRI_TOLERANCE_DAYS=365"
OAS30508,1436,42.0,1394.0,False,nearest MRI is 1394 days away (exceeds 365-day tolerance),"nearest-day match, MRI_TOLERANCE_DAYS=365"
OAS30509,0,153.0,153.0,True,within tolerance,"nearest-day match, MRI_TOLERANCE_DAYS=365"
OAS30509,700,153.0,547.0,False,nearest MRI is 547 days away (exceeds 365-day tolerance),"nearest-day match, MRI_TOLERANCE_DAYS=365"
OAS30509,1160,153.0,1007.0,False,nearest MRI is 1007 days away (exceeds 365-day tolerance),"nearest-day match, MRI_TOLERANCE_DAYS=365"
OAS30509,1560,153.0,1407.0,False,nearest MRI is 1407 days away (exceeds 365-day tolerance),"nearest-day match, MRI_TOLERANCE_DAYS=365"
OAS30509,2556,153.0,2403.0,False,nearest MRI is 2403 days away (exceeds 365-day tolerance),"nearest-day match, MRI_TOLERANCE_DAYS=365"
OAS30510,0,1154.0,1154.0,False,nearest MRI is 1154 days away (exceeds 365-day tolerance),"nearest-day match, MRI_TOLERANCE_DAYS=365"
OAS30510,343,1154.0,811.0,False,nearest MRI is 811 days away (exceeds 365-day tolerance),"nearest-day match, MRI_TOLERANCE_DAYS=365"
OAS30510,1155,1154.0,1.0,True,within tolerance,"nearest-day match, MRI_TOLERANCE_DAYS=365"
OAS30512,0,353.0,353.0,True,within tolerance,"nearest-day match, MRI_TOLERANCE_DAYS=365"
OAS30512,1232,353.0,879.0,False,nearest MRI is 879 days away (exceeds 365-day tolerance),"nearest-day match, MRI_TOLERANCE_DAYS=365"
OAS30513,0,119.0,119.0,True,within tolerance,"nearest-day match, MRI_TOLERANCE_DAYS=365"
OAS30514,0,57.0,57.0,True,within tolerance,"nearest-day match, MRI_TOLERANCE_DAYS=365"
OAS30514,392,57.0,335.0,True,within tolerance,"nearest-day match, MRI_TOLERANCE_DAYS=365"
OAS30514,835,1526.0,691.0,False,nearest MRI is 691 days away (exceeds 365-day tolerance),"nearest-day match, MRI_TOLERANCE_DAYS=365"
OAS30514,1134,1526.0,392.0,False,nearest MRI is 392 days away (exceeds 365-day tolerance),"nearest-day match, MRI_TOLERANCE_DAYS=365"
OAS30514,1471,1526.0,55.0,True,within tolerance,"nearest-day match, MRI_TOLERANCE_DAYS=365"
OAS30514,1864,1526.0,338.0,True,within tolerance,"nearest-day match, MRI_TOLERANCE_DAYS=365"
OAS30515,0,44.0,44.0,True,within tolerance,"nearest-day match, MRI_TOLERANCE_DAYS=365"
OAS30515,400,587.0,187.0,True,within tolerance,"nearest-day match, MRI_TOLERANCE_DAYS=365"
OAS30515,727,587.0,140.0,True,within tolerance,"nearest-day match, MRI_TOLERANCE_DAYS=365"
OAS30515,1204,1374.0,170.0,True,within tolerance,"nearest-day match, MRI_TOLERANCE_DAYS=365"
OAS30515,1560,1374.0,186.0,True,within tolerance,"nearest-day match, MRI_TOLERANCE_DAYS=365"
OAS30516,0,225.0,225.0,True,within tolerance,"nearest-day match, MRI_TOLERANCE_DAYS=365"
OAS30516,377,225.0,152.0,True,within tolerance,"nearest-day match, MRI_TOLERANCE_DAYS=365"
OAS30516,729,225.0,504.0,False,nearest MRI is 504 days away (exceeds 365-day tolerance),"nearest-day match, MRI_TOLERANCE_DAYS=365"
OAS30516,1098,1800.0,702.0,False,nearest MRI is 702 days away (exceeds 365-day tolerance),"nearest-day match, MRI_TOLERANCE_DAYS=365"
OAS30516,1446,1800.0,354.0,True,within tolerance,"nearest-day match, MRI_TOLERANCE_DAYS=365"
OAS30516,1847,1800.0,47.0,True,within tolerance,"nearest-day match, MRI_TOLERANCE_DAYS=365"
OAS30516,2197,1800.0,397.0,False,nearest MRI is 397 days away (exceeds 365-day tolerance),"nearest-day match, MRI_TOLERANCE_DAYS=365"
OAS30516,3724,4192.0,468.0,False,nearest MRI is 468 days away (exceeds 365-day tolerance),"nearest-day match, MRI_TOLERANCE_DAYS=365"
OAS30516,4089,4192.0,103.0,True,within tolerance,"nearest-day match, MRI_TOLERANCE_DAYS=365"
OAS30516,4425,4192.0,233.0,True,within tolerance,"nearest-day match, MRI_TOLERANCE_DAYS=365"
OAS30516,4782,5317.0,535.0,False,nearest MRI is 535 days away (exceeds 365-day tolerance),"nearest-day match, MRI_TOLERANCE_DAYS=365"
OAS30516,5131,5317.0,186.0,True,within tolerance,"nearest-day match, MRI_TOLERANCE_DAYS=365"
OAS30516,5579,5317.0,262.0,True,within tolerance,"nearest-day match, MRI_TOLERANCE_DAYS=365"
OAS30517,0,72.0,72.0,True,within tolerance,"nearest-day match, MRI_TOLERANCE_DAYS=365"
OAS30517,385,72.0,313.0,True,within tolerance,"nearest-day match, MRI_TOLERANCE_DAYS=365"
OAS30517,768,72.0,696.0,False,nearest MRI is 696 days away (exceeds 365-day tolerance),"nearest-day match, MRI_TOLERANCE_DAYS=365"
OAS30517,1566,72.0,1494.0,False,nearest MRI is 1494 days away (exceeds 365-day tolerance),"nearest-day match, MRI_TOLERANCE_DAYS=365"
OAS30517,1906,72.0,1834.0,False,nearest MRI is 1834 days away (exceeds 365-day tolerance),"nearest-day match, MRI_TOLERANCE_DAYS=365"
OAS30517,2248,72.0,2176.0,False,nearest MRI is 2176 days away (exceeds 365-day tolerance),"nearest-day match, MRI_TOLERANCE_DAYS=365"
OAS30517,3032,72.0,2960.0,False,nearest MRI is 2960 days away (exceeds 365-day tolerance),"nearest-day match, MRI_TOLERANCE_DAYS=365"
OAS30517,3383,72.0,3311.0,False,nearest MRI is 3311 days away (exceeds 365-day tolerance),"nearest-day match, MRI_TOLERANCE_DAYS=365"
OAS30517,3740,72.0,3668.0,False,nearest MRI is 3668 days away (exceeds 365-day tolerance),"nearest-day match, MRI_TOLERANCE_DAYS=365"
OAS30518,0,,,False,subject has zero MRI/FreeSurfer records,"nearest-day match, MRI_TOLERANCE_DAYS=365"
OAS30518,1812,,,False,subject has zero MRI/FreeSurfer records,"nearest-day match, MRI_TOLERANCE_DAYS=365"
OAS30521,0,118.0,118.0,True,within tolerance,"nearest-day match, MRI_TOLERANCE_DAYS=365"
OAS30521,398,118.0,280.0,True,within tolerance,"nearest-day match, MRI_TOLERANCE_DAYS=365"
OAS30521,776,118.0,658.0,False,nearest MRI is 658 days away (exceeds 365-day tolerance),"nearest-day match, MRI_TOLERANCE_DAYS=365"
OAS30521,1124,118.0,1006.0,False,nearest MRI is 1006 days away (exceeds 365-day tolerance),"nearest-day match, MRI_TOLERANCE_DAYS=365"
OAS30522,0,103.0,103.0,True,within tolerance,"nearest-day match, MRI_TOLERANCE_DAYS=365"
OAS30522,368,103.0,265.0,True,within tolerance,"nearest-day match, MRI_TOLERANCE_DAYS=365"
OAS30523,0,27.0,27.0,True,within tolerance,"nearest-day match, MRI_TOLERANCE_DAYS=365"
OAS30524,0,198.0,198.0,True,within tolerance,"nearest-day match, MRI_TOLERANCE_DAYS=365"
OAS30525,0,671.0,671.0,False,nearest MRI is 671 days away (exceeds 365-day tolerance),"nearest-day match, MRI_TOLERANCE_DAYS=365"
OAS30525,714,671.0,43.0,True,within tolerance,"nearest-day match, MRI_TOLERANCE_DAYS=365"
OAS30525,1062,671.0,391.0,False,nearest MRI is 391 days away (exceeds 365-day tolerance),"nearest-day match, MRI_TOLERANCE_DAYS=365"
OAS30525,1855,1611.0,244.0,True,within tolerance,"nearest-day match, MRI_TOLERANCE_DAYS=365"
OAS30525,2574,3407.0,833.0,False,nearest MRI is 833 days away (exceeds 365-day tolerance),"nearest-day match, MRI_TOLERANCE_DAYS=365"
OAS30525,3043,3407.0,364.0,True,within tolerance,"nearest-day match, MRI_TOLERANCE_DAYS=365"
OAS30525,3320,3407.0,87.0,True,within tolerance,"nearest-day match, MRI_TOLERANCE_DAYS=365"
OAS30525,3683,3407.0,276.0,True,within tolerance,"nearest-day match, MRI_TOLERANCE_DAYS=365"
OAS30525,4382,3407.0,975.0,False,nearest MRI is 975 days away (exceeds 365-day tolerance),"nearest-day match, MRI_TOLERANCE_DAYS=365"
OAS30525,4688,3407.0,1281.0,False,nearest MRI is 1281 days away (exceeds 365-day tolerance),"nearest-day match, MRI_TOLERANCE_DAYS=365"
OAS30525,5158,3407.0,1751.0,False,nearest MRI is 1751 days away (exceeds 365-day tolerance),"nearest-day match, MRI_TOLERANCE_DAYS=365"
OAS30525,5521,3407.0,2114.0,False,nearest MRI is 2114 days away (exceeds 365-day tolerance),"nearest-day match, MRI_TOLERANCE_DAYS=365"
OAS30527,1,0.0,1.0,True,within tolerance,"nearest-day match, MRI_TOLERANCE_DAYS=365"
OAS30528,0,12.0,12.0,True,within tolerance,"nearest-day match, MRI_TOLERANCE_DAYS=365"
OAS30528,459,12.0,447.0,False,nearest MRI is 447 days away (exceeds 365-day tolerance),"nearest-day match, MRI_TOLERANCE_DAYS=365"
OAS30528,740,12.0,728.0,False,nearest MRI is 728 days away (exceeds 365-day tolerance),"nearest-day match, MRI_TOLERANCE_DAYS=365"
OAS30528,1099,12.0,1087.0,False,nearest MRI is 1087 days away (exceeds 365-day tolerance),"nearest-day match, MRI_TOLERANCE_DAYS=365"
OAS30528,1511,12.0,1499.0,False,nearest MRI is 1499 days away (exceeds 365-day tolerance),"nearest-day match, MRI_TOLERANCE_DAYS=365"
OAS30528,1844,12.0,1832.0,False,nearest MRI is 1832 days away (exceeds 365-day tolerance),"nearest-day match, MRI_TOLERANCE_DAYS=365"
OAS30528,2146,12.0,2134.0,False,nearest MRI is 2134 days away (exceeds 365-day tolerance),"nearest-day match, MRI_TOLERANCE_DAYS=365"
OAS30528,2652,12.0,2640.0,False,nearest MRI is 2640 days away (exceeds 365-day tolerance),"nearest-day match, MRI_TOLERANCE_DAYS=365"
OAS30529,0,99.0,99.0,True,within tolerance,"nearest-day match, MRI_TOLERANCE_DAYS=365"
OAS30529,388,99.0,289.0,True,within tolerance,"nearest-day match, MRI_TOLERANCE_DAYS=365"
OAS30529,821,99.0,722.0,False,nearest MRI is 722 days away (exceeds 365-day tolerance),"nearest-day match, MRI_TOLERANCE_DAYS=365"
OAS30529,1474,99.0,1375.0,False,nearest MRI is 1375 days away (exceeds 365-day tolerance),"nearest-day match, MRI_TOLERANCE_DAYS=365"
OAS30529,1830,99.0,1731.0,False,nearest MRI is 1731 days away (exceeds 365-day tolerance),"nearest-day match, MRI_TOLERANCE_DAYS=365"
OAS30529,2209,99.0,2110.0,False,nearest MRI is 2110 days away (exceeds 365-day tolerance),"nearest-day match, MRI_TOLERANCE_DAYS=365"
OAS30529,2544,99.0,2445.0,False,nearest MRI is 2445 days away (exceeds 365-day tolerance),"nearest-day match, MRI_TOLERANCE_DAYS=365"
OAS30529,3172,99.0,3073.0,False,nearest MRI is 3073 days away (exceeds 365-day tolerance),"nearest-day match, MRI_TOLERANCE_DAYS=365"
OAS30529,3515,99.0,3416.0,False,nearest MRI is 3416 days away (exceeds 365-day tolerance),"nearest-day match, MRI_TOLERANCE_DAYS=365"
OAS30530,0,119.0,119.0,True,within tolerance,"nearest-day match, MRI_TOLERANCE_DAYS=365"
OAS30530,523,522.0,1.0,True,within tolerance,"nearest-day match, MRI_TOLERANCE_DAYS=365"
OAS30531,1288,1347.0,59.0,True,within tolerance,"nearest-day match, MRI_TOLERANCE_DAYS=365"
OAS30531,2513,2584.0,71.0,True,within tolerance,"nearest-day match, MRI_TOLERANCE_DAYS=365"
OAS30531,3767,2584.0,1183.0,False,nearest MRI is 1183 days away (exceeds 365-day tolerance),"nearest-day match, MRI_TOLERANCE_DAYS=365"
OAS30532,334,47.0,287.0,True,within tolerance,"nearest-day match, MRI_TOLERANCE_DAYS=365"
OAS30532,1105,47.0,1058.0,False,nearest MRI is 1058 days away (exceeds 365-day tolerance),"nearest-day match, MRI_TOLERANCE_DAYS=365"
OAS30532,1462,47.0,1415.0,False,nearest MRI is 1415 days away (exceeds 365-day tolerance),"nearest-day match, MRI_TOLERANCE_DAYS=365"
OAS30532,2546,47.0,2499.0,False,nearest MRI is 2499 days away (exceeds 365-day tolerance),"nearest-day match, MRI_TOLERANCE_DAYS=365"
OAS30532,3317,47.0,3270.0,False,nearest MRI is 3270 days away (exceeds 365-day tolerance),"nearest-day match, MRI_TOLERANCE_DAYS=365"
OAS30533,0,,,False,subject has zero MRI/FreeSurfer records,"nearest-day match, MRI_TOLERANCE_DAYS=365"
OAS30533,1088,,,False,subject has zero MRI/FreeSurfer records,"nearest-day match, MRI_TOLERANCE_DAYS=365"
OAS30533,1458,,,False,subject has zero MRI/FreeSurfer records,"nearest-day match, MRI_TOLERANCE_DAYS=365"
OAS30534,0,474.0,474.0,False,nearest MRI is 474 days away (exceeds 365-day tolerance),"nearest-day match, MRI_TOLERANCE_DAYS=365"
OAS30534,454,474.0,20.0,True,within tolerance,"nearest-day match, MRI_TOLERANCE_DAYS=365"
OAS30534,1133,1174.0,41.0,True,within tolerance,"nearest-day match, MRI_TOLERANCE_DAYS=365"
OAS30534,1504,1174.0,330.0,True,within tolerance,"nearest-day match, MRI_TOLERANCE_DAYS=365"
OAS30534,1870,2374.0,504.0,False,nearest MRI is 504 days away (exceeds 365-day tolerance),"nearest-day match, MRI_TOLERANCE_DAYS=365"
OAS30534,2218,2374.0,156.0,True,within tolerance,"nearest-day match, MRI_TOLERANCE_DAYS=365"
OAS30534,2626,2374.0,252.0,True,within tolerance,"nearest-day match, MRI_TOLERANCE_DAYS=365"
OAS30534,2962,2374.0,588.0,False,nearest MRI is 588 days away (exceeds 365-day tolerance),"nearest-day match, MRI_TOLERANCE_DAYS=365"
OAS30534,3298,3728.0,430.0,False,nearest MRI is 430 days away (exceeds 365-day tolerance),"nearest-day match, MRI_TOLERANCE_DAYS=365"
OAS30534,3666,3728.0,62.0,True,within tolerance,"nearest-day match, MRI_TOLERANCE_DAYS=365"
OAS30534,4031,3728.0,303.0,True,within tolerance,"nearest-day match, MRI_TOLERANCE_DAYS=365"
OAS30534,4435,3728.0,707.0,False,nearest MRI is 707 days away (exceeds 365-day tolerance),"nearest-day match, MRI_TOLERANCE_DAYS=365"
OAS30534,4850,3728.0,1122.0,False,nearest MRI is 1122 days away (exceeds 365-day tolerance),"nearest-day match, MRI_TOLERANCE_DAYS=365"
OAS30535,1244,1329.0,85.0,True,within tolerance,"nearest-day match, MRI_TOLERANCE_DAYS=365"
OAS30535,2451,2624.0,173.0,True,within tolerance,"nearest-day match, MRI_TOLERANCE_DAYS=365"
OAS30536,0,2552.0,2552.0,False,nearest MRI is 2552 days away (exceeds 365-day tolerance),"nearest-day match, MRI_TOLERANCE_DAYS=365"
OAS30536,593,2552.0,1959.0,False,nearest MRI is 1959 days away (exceeds 365-day tolerance),"nearest-day match, MRI_TOLERANCE_DAYS=365"
OAS30536,958,2552.0,1594.0,False,nearest MRI is 1594 days away (exceeds 365-day tolerance),"nearest-day match, MRI_TOLERANCE_DAYS=365"
OAS30536,1327,2552.0,1225.0,False,nearest MRI is 1225 days away (exceeds 365-day tolerance),"nearest-day match, MRI_TOLERANCE_DAYS=365"
OAS30536,2038,2552.0,514.0,False,nearest MRI is 514 days away (exceeds 365-day tolerance),"nearest-day match, MRI_TOLERANCE_DAYS=365"
OAS30536,2430,2552.0,122.0,True,within tolerance,"nearest-day match, MRI_TOLERANCE_DAYS=365"
OAS30536,2836,2552.0,284.0,True,within tolerance,"nearest-day match, MRI_TOLERANCE_DAYS=365"
OAS30536,3346,2552.0,794.0,False,nearest MRI is 794 days away (exceeds 365-day tolerance),"nearest-day match, MRI_TOLERANCE_DAYS=365"
OAS30537,0,29.0,29.0,True,within tolerance,"nearest-day match, MRI_TOLERANCE_DAYS=365"
OAS30537,384,29.0,355.0,True,within tolerance,"nearest-day match, MRI_TOLERANCE_DAYS=365"
OAS30537,756,1414.0,658.0,False,nearest MRI is 658 days away (exceeds 365-day tolerance),"nearest-day match, MRI_TOLERANCE_DAYS=365"
OAS30537,1230,1414.0,184.0,True,within tolerance,"nearest-day match, MRI_TOLERANCE_DAYS=365"
OAS30537,1596,1414.0,182.0,True,within tolerance,"nearest-day match, MRI_TOLERANCE_DAYS=365"
OAS30537,1958,1848.0,110.0,True,within tolerance,"nearest-day match, MRI_TOLERANCE_DAYS=365"
OAS30537,2331,2813.0,482.0,False,nearest MRI is 482 days away (exceeds 365-day tolerance),"nearest-day match, MRI_TOLERANCE_DAYS=365"
OAS30537,2722,2813.0,91.0,True,within tolerance,"nearest-day match, MRI_TOLERANCE_DAYS=365"
OAS30537,3066,2813.0,253.0,True,within tolerance,"nearest-day match, MRI_TOLERANCE_DAYS=365"
OAS30537,3486,2813.0,673.0,False,nearest MRI is 673 days away (exceeds 365-day tolerance),"nearest-day match, MRI_TOLERANCE_DAYS=365"
OAS30537,3827,2813.0,1014.0,False,nearest MRI is 1014 days away (exceeds 365-day tolerance),"nearest-day match, MRI_TOLERANCE_DAYS=365"
OAS30538,0,105.0,105.0,True,within tolerance,"nearest-day match, MRI_TOLERANCE_DAYS=365"
OAS30538,371,105.0,266.0,True,within tolerance,"nearest-day match, MRI_TOLERANCE_DAYS=365"
OAS30538,1057,105.0,952.0,False,nearest MRI is 952 days away (exceeds 365-day tolerance),"nearest-day match, MRI_TOLERANCE_DAYS=365"
OAS30538,1424,105.0,1319.0,False,nearest MRI is 1319 days away (exceeds 365-day tolerance),"nearest-day match, MRI_TOLERANCE_DAYS=365"
OAS30538,2285,105.0,2180.0,False,nearest MRI is 2180 days away (exceeds 365-day tolerance),"nearest-day match, MRI_TOLERANCE_DAYS=365"
OAS30539,0,154.0,154.0,True,within tolerance,"nearest-day match, MRI_TOLERANCE_DAYS=365"
OAS30539,879,640.0,239.0,True,within tolerance,"nearest-day match, MRI_TOLERANCE_DAYS=365"
OAS30539,1269,640.0,629.0,False,nearest MRI is 629 days away (exceeds 365-day tolerance),"nearest-day match, MRI_TOLERANCE_DAYS=365"
OAS30539,1947,640.0,1307.0,False,nearest MRI is 1307 days away (exceeds 365-day tolerance),"nearest-day match, MRI_TOLERANCE_DAYS=365"
OAS30541,0,58.0,58.0,True,within tolerance,"nearest-day match, MRI_TOLERANCE_DAYS=365"
OAS30541,380,58.0,322.0,True,within tolerance,"nearest-day match, MRI_TOLERANCE_DAYS=365"
OAS30541,1864,2527.0,663.0,False,nearest MRI is 663 days away (exceeds 365-day tolerance),"nearest-day match, MRI_TOLERANCE_DAYS=365"
OAS30541,2209,2527.0,318.0,True,within tolerance,"nearest-day match, MRI_TOLERANCE_DAYS=365"
OAS30541,2565,2527.0,38.0,True,within tolerance,"nearest-day match, MRI_TOLERANCE_DAYS=365"
OAS30541,2893,2527.0,366.0,False,nearest MRI is 366 days away (exceeds 365-day tolerance),"nearest-day match, MRI_TOLERANCE_DAYS=365"
OAS30542,0,489.0,489.0,False,nearest MRI is 489 days away (exceeds 365-day tolerance),"nearest-day match, MRI_TOLERANCE_DAYS=365"
OAS30542,365,489.0,124.0,True,within tolerance,"nearest-day match, MRI_TOLERANCE_DAYS=365"
OAS30542,1491,489.0,1002.0,False,nearest MRI is 1002 days away (exceeds 365-day tolerance),"nearest-day match, MRI_TOLERANCE_DAYS=365"
OAS30542,3323,489.0,2834.0,False,nearest MRI is 2834 days away (exceeds 365-day tolerance),"nearest-day match, MRI_TOLERANCE_DAYS=365"
OAS30542,3766,489.0,3277.0,False,nearest MRI is 3277 days away (exceeds 365-day tolerance),"nearest-day match, MRI_TOLERANCE_DAYS=365"
OAS30543,0,185.0,185.0,True,within tolerance,"nearest-day match, MRI_TOLERANCE_DAYS=365"
OAS30544,309,,,False,subject has zero MRI/FreeSurfer records,"nearest-day match, MRI_TOLERANCE_DAYS=365"
OAS30546,0,530.0,530.0,False,nearest MRI is 530 days away (exceeds 365-day tolerance),"nearest-day match, MRI_TOLERANCE_DAYS=365"
OAS30546,526,530.0,4.0,True,within tolerance,"nearest-day match, MRI_TOLERANCE_DAYS=365"
OAS30546,803,530.0,273.0,True,within tolerance,"nearest-day match, MRI_TOLERANCE_DAYS=365"
OAS30546,1173,530.0,643.0,False,nearest MRI is 643 days away (exceeds 365-day tolerance),"nearest-day match, MRI_TOLERANCE_DAYS=365"
OAS30546,1624,530.0,1094.0,False,nearest MRI is 1094 days away (exceeds 365-day tolerance),"nearest-day match, MRI_TOLERANCE_DAYS=365"
OAS30546,2010,530.0,1480.0,False,nearest MRI is 1480 days away (exceeds 365-day tolerance),"nearest-day match, MRI_TOLERANCE_DAYS=365"
OAS30547,0,459.0,459.0,False,nearest MRI is 459 days away (exceeds 365-day tolerance),"nearest-day match, MRI_TOLERANCE_DAYS=365"
OAS30547,404,459.0,55.0,True,within tolerance,"nearest-day match, MRI_TOLERANCE_DAYS=365"
OAS30547,833,459.0,374.0,False,nearest MRI is 374 days away (exceeds 365-day tolerance),"nearest-day match, MRI_TOLERANCE_DAYS=365"
OAS30547,1603,459.0,1144.0,False,nearest MRI is 1144 days away (exceeds 365-day tolerance),"nearest-day match, MRI_TOLERANCE_DAYS=365"
OAS30547,2223,459.0,1764.0,False,nearest MRI is 1764 days away (exceeds 365-day tolerance),"nearest-day match, MRI_TOLERANCE_DAYS=365"
OAS30547,3492,459.0,3033.0,False,nearest MRI is 3033 days away (exceeds 365-day tolerance),"nearest-day match, MRI_TOLERANCE_DAYS=365"
OAS30548,383,447.0,64.0,True,within tolerance,"nearest-day match, MRI_TOLERANCE_DAYS=365"
OAS30548,1237,447.0,790.0,False,nearest MRI is 790 days away (exceeds 365-day tolerance),"nearest-day match, MRI_TOLERANCE_DAYS=365"
OAS30549,0,1244.0,1244.0,False,nearest MRI is 1244 days away (exceeds 365-day tolerance),"nearest-day match, MRI_TOLERANCE_DAYS=365"
OAS30549,362,1244.0,882.0,False,nearest MRI is 882 days away (exceeds 365-day tolerance),"nearest-day match, MRI_TOLERANCE_DAYS=365"
OAS30549,726,1244.0,518.0,False,nearest MRI is 518 days away (exceeds 365-day tolerance),"nearest-day match, MRI_TOLERANCE_DAYS=365"
OAS30549,1132,1244.0,112.0,True,within tolerance,"nearest-day match, MRI_TOLERANCE_DAYS=365"
OAS30550,0,70.0,70.0,True,within tolerance,"nearest-day match, MRI_TOLERANCE_DAYS=365"
OAS30551,0,104.0,104.0,True,within tolerance,"nearest-day match, MRI_TOLERANCE_DAYS=365"
OAS30552,0,139.0,139.0,True,within tolerance,"nearest-day match, MRI_TOLERANCE_DAYS=365"
OAS30552,437,139.0,298.0,True,within tolerance,"nearest-day match, MRI_TOLERANCE_DAYS=365"
OAS30552,780,1011.0,231.0,True,within tolerance,"nearest-day match, MRI_TOLERANCE_DAYS=365"
OAS30552,1221,1011.0,210.0,True,within tolerance,"nearest-day match, MRI_TOLERANCE_DAYS=365"
OAS30552,1701,1011.0,690.0,False,nearest MRI is 690 days away (exceeds 365-day tolerance),"nearest-day match, MRI_TOLERANCE_DAYS=365"
OAS30552,2323,1011.0,1312.0,False,nearest MRI is 1312 days away (exceeds 365-day tolerance),"nearest-day match, MRI_TOLERANCE_DAYS=365"
OAS30553,0,216.0,216.0,True,within tolerance,"nearest-day match, MRI_TOLERANCE_DAYS=365"
OAS30553,351,216.0,135.0,True,within tolerance,"nearest-day match, MRI_TOLERANCE_DAYS=365"
OAS30553,722,822.0,100.0,True,within tolerance,"nearest-day match, MRI_TOLERANCE_DAYS=365"
OAS30553,1095,822.0,273.0,True,within tolerance,"nearest-day match, MRI_TOLERANCE_DAYS=365"
OAS30553,1451,822.0,629.0,False,nearest MRI is 629 days away (exceeds 365-day tolerance),"nearest-day match, MRI_TOLERANCE_DAYS=365"
OAS30553,1857,822.0,1035.0,False,nearest MRI is 1035 days away (exceeds 365-day tolerance),"nearest-day match, MRI_TOLERANCE_DAYS=365"
OAS30553,2284,822.0,1462.0,False,nearest MRI is 1462 days away (exceeds 365-day tolerance),"nearest-day match, MRI_TOLERANCE_DAYS=365"
OAS30553,2656,822.0,1834.0,False,nearest MRI is 1834 days away (exceeds 365-day tolerance),"nearest-day match, MRI_TOLERANCE_DAYS=365"
OAS30553,2948,822.0,2126.0,False,nearest MRI is 2126 days away (exceeds 365-day tolerance),"nearest-day match, MRI_TOLERANCE_DAYS=365"
OAS30553,3461,822.0,2639.0,False,nearest MRI is 2639 days away (exceeds 365-day tolerance),"nearest-day match, MRI_TOLERANCE_DAYS=365"
OAS30553,4066,822.0,3244.0,False,nearest MRI is 3244 days away (exceeds 365-day tolerance),"nearest-day match, MRI_TOLERANCE_DAYS=365"
OAS30553,4517,822.0,3695.0,False,nearest MRI is 3695 days away (exceeds 365-day tolerance),"nearest-day match, MRI_TOLERANCE_DAYS=365"
OAS30553,4902,822.0,4080.0,False,nearest MRI is 4080 days away (exceeds 365-day tolerance),"nearest-day match, MRI_TOLERANCE_DAYS=365"
OAS30553,5258,822.0,4436.0,False,nearest MRI is 4436 days away (exceeds 365-day tolerance),"nearest-day match, MRI_TOLERANCE_DAYS=365"
OAS30554,0,118.0,118.0,True,within tolerance,"nearest-day match, MRI_TOLERANCE_DAYS=365"
OAS30554,413,118.0,295.0,True,within tolerance,"nearest-day match, MRI_TOLERANCE_DAYS=365"
OAS30554,819,118.0,701.0,False,nearest MRI is 701 days away (exceeds 365-day tolerance),"nearest-day match, MRI_TOLERANCE_DAYS=365"
OAS30554,1159,118.0,1041.0,False,nearest MRI is 1041 days away (exceeds 365-day tolerance),"nearest-day match, MRI_TOLERANCE_DAYS=365"
OAS30555,0,2548.0,2548.0,False,nearest MRI is 2548 days away (exceeds 365-day tolerance),"nearest-day match, MRI_TOLERANCE_DAYS=365"
OAS30555,365,2548.0,2183.0,False,nearest MRI is 2183 days away (exceeds 365-day tolerance),"nearest-day match, MRI_TOLERANCE_DAYS=365"
OAS30555,1155,2548.0,1393.0,False,nearest MRI is 1393 days away (exceeds 365-day tolerance),"nearest-day match, MRI_TOLERANCE_DAYS=365"
OAS30555,1850,2548.0,698.0,False,nearest MRI is 698 days away (exceeds 365-day tolerance),"nearest-day match, MRI_TOLERANCE_DAYS=365"
OAS30555,2175,2548.0,373.0,False,nearest MRI is 373 days away (exceeds 365-day tolerance),"nearest-day match, MRI_TOLERANCE_DAYS=365"
OAS30555,2948,2548.0,400.0,False,nearest MRI is 400 days away (exceeds 365-day tolerance),"nearest-day match, MRI_TOLERANCE_DAYS=365"
OAS30556,0,35.0,35.0,True,within tolerance,"nearest-day match, MRI_TOLERANCE_DAYS=365"
OAS30557,0,1448.0,1448.0,False,nearest MRI is 1448 days away (exceeds 365-day tolerance),"nearest-day match, MRI_TOLERANCE_DAYS=365"
OAS30557,363,1448.0,1085.0,False,nearest MRI is 1085 days away (exceeds 365-day tolerance),"nearest-day match, MRI_TOLERANCE_DAYS=365"
OAS30557,749,1448.0,699.0,False,nearest MRI is 699 days away (exceeds 365-day tolerance),"nearest-day match, MRI_TOLERANCE_DAYS=365"
OAS30557,1464,1448.0,16.0,True,within tolerance,"nearest-day match, MRI_TOLERANCE_DAYS=365"
OAS30557,4586,2185.0,2401.0,False,nearest MRI is 2401 days away (exceeds 365-day tolerance),"nearest-day match, MRI_TOLERANCE_DAYS=365"
OAS30558,0,61.0,61.0,True,within tolerance,"nearest-day match, MRI_TOLERANCE_DAYS=365"
OAS30558,1087,1429.0,342.0,True,within tolerance,"nearest-day match, MRI_TOLERANCE_DAYS=365"
OAS30558,1461,1429.0,32.0,True,within tolerance,"nearest-day match, MRI_TOLERANCE_DAYS=365"
OAS30558,2196,2148.0,48.0,True,within tolerance,"nearest-day match, MRI_TOLERANCE_DAYS=365"
OAS30558,2571,2148.0,423.0,False,nearest MRI is 423 days away (exceeds 365-day tolerance),"nearest-day match, MRI_TOLERANCE_DAYS=365"
OAS30558,3015,3408.0,393.0,False,nearest MRI is 393 days away (exceeds 365-day tolerance),"nearest-day match, MRI_TOLERANCE_DAYS=365"
OAS30558,3379,3408.0,29.0,True,within tolerance,"nearest-day match, MRI_TOLERANCE_DAYS=365"
OAS30558,3702,3715.0,13.0,True,within tolerance,"nearest-day match, MRI_TOLERANCE_DAYS=365"
OAS30558,4025,3715.0,310.0,True,within tolerance,"nearest-day match, MRI_TOLERANCE_DAYS=365"
OAS30558,4376,4493.0,117.0,True,within tolerance,"nearest-day match, MRI_TOLERANCE_DAYS=365"
OAS30558,4823,4493.0,330.0,True,within tolerance,"nearest-day match, MRI_TOLERANCE_DAYS=365"
OAS30558,5234,5591.0,357.0,True,within tolerance,"nearest-day match, MRI_TOLERANCE_DAYS=365"
OAS30558,5545,5591.0,46.0,True,within tolerance,"nearest-day match, MRI_TOLERANCE_DAYS=365"
OAS30559,0,431.0,431.0,False,nearest MRI is 431 days away (exceeds 365-day tolerance),"nearest-day match, MRI_TOLERANCE_DAYS=365"
OAS30559,735,431.0,304.0,True,within tolerance,"nearest-day match, MRI_TOLERANCE_DAYS=365"
OAS30559,1200,1236.0,36.0,True,within tolerance,"nearest-day match, MRI_TOLERANCE_DAYS=365"
OAS30559,2649,2422.0,227.0,True,within tolerance,"nearest-day match, MRI_TOLERANCE_DAYS=365"
OAS30559,2992,2422.0,570.0,False,nearest MRI is 570 days away (exceeds 365-day tolerance),"nearest-day match, MRI_TOLERANCE_DAYS=365"
OAS30559,3778,2422.0,1356.0,False,nearest MRI is 1356 days away (exceeds 365-day tolerance),"nearest-day match, MRI_TOLERANCE_DAYS=365"
OAS30559,4142,2422.0,1720.0,False,nearest MRI is 1720 days away (exceeds 365-day tolerance),"nearest-day match, MRI_TOLERANCE_DAYS=365"
OAS30560,0,117.0,117.0,True,within tolerance,"nearest-day match, MRI_TOLERANCE_DAYS=365"
OAS30560,371,117.0,254.0,True,within tolerance,"nearest-day match, MRI_TOLERANCE_DAYS=365"
OAS30560,1588,1203.0,385.0,False,nearest MRI is 385 days away (exceeds 365-day tolerance),"nearest-day match, MRI_TOLERANCE_DAYS=365"
OAS30560,3163,1203.0,1960.0,False,nearest MRI is 1960 days away (exceeds 365-day tolerance),"nearest-day match, MRI_TOLERANCE_DAYS=365"
OAS30561,0,106.0,106.0,True,within tolerance,"nearest-day match, MRI_TOLERANCE_DAYS=365"
OAS30561,372,106.0,266.0,True,within tolerance,"nearest-day match, MRI_TOLERANCE_DAYS=365"
OAS30561,729,1137.0,408.0,False,nearest MRI is 408 days away (exceeds 365-day tolerance),"nearest-day match, MRI_TOLERANCE_DAYS=365"
OAS30561,1116,1137.0,21.0,True,within tolerance,"nearest-day match, MRI_TOLERANCE_DAYS=365"
OAS30561,1480,1263.0,217.0,True,within tolerance,"nearest-day match, MRI_TOLERANCE_DAYS=365"
OAS30562,0,30.0,30.0,True,within tolerance,"nearest-day match, MRI_TOLERANCE_DAYS=365"
OAS30562,2331,2363.0,32.0,True,within tolerance,"nearest-day match, MRI_TOLERANCE_DAYS=365"
OAS30562,2691,2363.0,328.0,True,within tolerance,"nearest-day match, MRI_TOLERANCE_DAYS=365"
OAS30562,3004,3383.0,379.0,False,nearest MRI is 379 days away (exceeds 365-day tolerance),"nearest-day match, MRI_TOLERANCE_DAYS=365"
OAS30562,3340,3383.0,43.0,True,within tolerance,"nearest-day match, MRI_TOLERANCE_DAYS=365"
OAS30562,3696,3383.0,313.0,True,within tolerance,"nearest-day match, MRI_TOLERANCE_DAYS=365"
OAS30562,4092,3383.0,709.0,False,nearest MRI is 709 days away (exceeds 365-day tolerance),"nearest-day match, MRI_TOLERANCE_DAYS=365"
OAS30562,4460,3383.0,1077.0,False,nearest MRI is 1077 days away (exceeds 365-day tolerance),"nearest-day match, MRI_TOLERANCE_DAYS=365"
OAS30562,4813,3383.0,1430.0,False,nearest MRI is 1430 days away (exceeds 365-day tolerance),"nearest-day match, MRI_TOLERANCE_DAYS=365"
OAS30563,0,866.0,866.0,False,nearest MRI is 866 days away (exceeds 365-day tolerance),"nearest-day match, MRI_TOLERANCE_DAYS=365"
OAS30563,720,866.0,146.0,True,within tolerance,"nearest-day match, MRI_TOLERANCE_DAYS=365"
OAS30563,1147,1318.0,171.0,True,within tolerance,"nearest-day match, MRI_TOLERANCE_DAYS=365"
OAS30564,0,0.0,0.0,True,within tolerance,"nearest-day match, MRI_TOLERANCE_DAYS=365"
OAS30564,432,432.0,0.0,True,within tolerance,"nearest-day match, MRI_TOLERANCE_DAYS=365"
OAS30564,842,432.0,410.0,False,nearest MRI is 410 days away (exceeds 365-day tolerance),"nearest-day match, MRI_TOLERANCE_DAYS=365"
OAS30564,1211,1664.0,453.0,False,nearest MRI is 453 days away (exceeds 365-day tolerance),"nearest-day match, MRI_TOLERANCE_DAYS=365"
OAS30564,1598,1664.0,66.0,True,within tolerance,"nearest-day match, MRI_TOLERANCE_DAYS=365"
OAS30564,2309,2808.0,499.0,False,nearest MRI is 499 days away (exceeds 365-day tolerance),"nearest-day match, MRI_TOLERANCE_DAYS=365"
OAS30564,2808,2808.0,0.0,True,within tolerance,"nearest-day match, MRI_TOLERANCE_DAYS=365"
OAS30564,3211,2808.0,403.0,False,nearest MRI is 403 days away (exceeds 365-day tolerance),"nearest-day match, MRI_TOLERANCE_DAYS=365"
OAS30564,3568,2808.0,760.0,False,nearest MRI is 760 days away (exceeds 365-day tolerance),"nearest-day match, MRI_TOLERANCE_DAYS=365"
OAS30565,0,3127.0,3127.0,False,nearest MRI is 3127 days away (exceeds 365-day tolerance),"nearest-day match, MRI_TOLERANCE_DAYS=365"
OAS30565,353,3127.0,2774.0,False,nearest MRI is 2774 days away (exceeds 365-day tolerance),"nearest-day match, MRI_TOLERANCE_DAYS=365"
OAS30565,1327,3127.0,1800.0,False,nearest MRI is 1800 days away (exceeds 365-day tolerance),"nearest-day match, MRI_TOLERANCE_DAYS=365"
OAS30565,1718,3127.0,1409.0,False,nearest MRI is 1409 days away (exceeds 365-day tolerance),"nearest-day match, MRI_TOLERANCE_DAYS=365"
OAS30565,2124,3127.0,1003.0,False,nearest MRI is 1003 days away (exceeds 365-day tolerance),"nearest-day match, MRI_TOLERANCE_DAYS=365"
OAS30565,2911,3127.0,216.0,True,within tolerance,"nearest-day match, MRI_TOLERANCE_DAYS=365"
OAS30565,3265,3127.0,138.0,True,within tolerance,"nearest-day match, MRI_TOLERANCE_DAYS=365"
OAS30565,3716,3127.0,589.0,False,nearest MRI is 589 days away (exceeds 365-day tolerance),"nearest-day match, MRI_TOLERANCE_DAYS=365"
OAS30565,4378,3127.0,1251.0,False,nearest MRI is 1251 days away (exceeds 365-day tolerance),"nearest-day match, MRI_TOLERANCE_DAYS=365"
OAS30565,5107,3127.0,1980.0,False,nearest MRI is 1980 days away (exceeds 365-day tolerance),"nearest-day match, MRI_TOLERANCE_DAYS=365"
OAS30565,5803,3127.0,2676.0,False,nearest MRI is 2676 days away (exceeds 365-day tolerance),"nearest-day match, MRI_TOLERANCE_DAYS=365"
OAS30566,0,67.0,67.0,True,within tolerance,"nearest-day match, MRI_TOLERANCE_DAYS=365"
OAS30566,364,67.0,297.0,True,within tolerance,"nearest-day match, MRI_TOLERANCE_DAYS=365"
OAS30566,819,67.0,752.0,False,nearest MRI is 752 days away (exceeds 365-day tolerance),"nearest-day match, MRI_TOLERANCE_DAYS=365"
OAS30567,0,40.0,40.0,True,within tolerance,"nearest-day match, MRI_TOLERANCE_DAYS=365"
OAS30567,396,40.0,356.0,True,within tolerance,"nearest-day match, MRI_TOLERANCE_DAYS=365"
OAS30567,768,1246.0,478.0,False,nearest MRI is 478 days away (exceeds 365-day tolerance),"nearest-day match, MRI_TOLERANCE_DAYS=365"
OAS30567,1161,1246.0,85.0,True,within tolerance,"nearest-day match, MRI_TOLERANCE_DAYS=365"
OAS30568,0,73.0,73.0,True,within tolerance,"nearest-day match, MRI_TOLERANCE_DAYS=365"
OAS30568,1190,1281.0,91.0,True,within tolerance,"nearest-day match, MRI_TOLERANCE_DAYS=365"
OAS30568,2219,2326.0,107.0,True,within tolerance,"nearest-day match, MRI_TOLERANCE_DAYS=365"
OAS30568,3381,3446.0,65.0,True,within tolerance,"nearest-day match, MRI_TOLERANCE_DAYS=365"
OAS30569,0,4070.0,4070.0,False,nearest MRI is 4070 days away (exceeds 365-day tolerance),"nearest-day match, MRI_TOLERANCE_DAYS=365"
OAS30569,920,4070.0,3150.0,False,nearest MRI is 3150 days away (exceeds 365-day tolerance),"nearest-day match, MRI_TOLERANCE_DAYS=365"
OAS30569,1325,4070.0,2745.0,False,nearest MRI is 2745 days away (exceeds 365-day tolerance),"nearest-day match, MRI_TOLERANCE_DAYS=365"
OAS30569,1707,4070.0,2363.0,False,nearest MRI is 2363 days away (exceeds 365-day tolerance),"nearest-day match, MRI_TOLERANCE_DAYS=365"
OAS30569,2499,4070.0,1571.0,False,nearest MRI is 1571 days away (exceeds 365-day tolerance),"nearest-day match, MRI_TOLERANCE_DAYS=365"
OAS30569,2928,4070.0,1142.0,False,nearest MRI is 1142 days away (exceeds 365-day tolerance),"nearest-day match, MRI_TOLERANCE_DAYS=365"
OAS30569,3292,4070.0,778.0,False,nearest MRI is 778 days away (exceeds 365-day tolerance),"nearest-day match, MRI_TOLERANCE_DAYS=365"
OAS30569,3646,4070.0,424.0,False,nearest MRI is 424 days away (exceeds 365-day tolerance),"nearest-day match, MRI_TOLERANCE_DAYS=365"
OAS30569,4025,4070.0,45.0,True,within tolerance,"nearest-day match, MRI_TOLERANCE_DAYS=365"
OAS30569,4516,4070.0,446.0,False,nearest MRI is 446 days away (exceeds 365-day tolerance),"nearest-day match, MRI_TOLERANCE_DAYS=365"
OAS30569,5691,4070.0,1621.0,False,nearest MRI is 1621 days away (exceeds 365-day tolerance),"nearest-day match, MRI_TOLERANCE_DAYS=365"
OAS30570,754,99.0,655.0,False,nearest MRI is 655 days away (exceeds 365-day tolerance),"nearest-day match, MRI_TOLERANCE_DAYS=365"
OAS30571,0,120.0,120.0,True,within tolerance,"nearest-day match, MRI_TOLERANCE_DAYS=365"
OAS30571,1177,120.0,1057.0,False,nearest MRI is 1057 days away (exceeds 365-day tolerance),"nearest-day match, MRI_TOLERANCE_DAYS=365"
OAS30571,2261,2331.0,70.0,True,within tolerance,"nearest-day match, MRI_TOLERANCE_DAYS=365"
OAS30571,3481,3528.0,47.0,True,within tolerance,"nearest-day match, MRI_TOLERANCE_DAYS=365"
OAS30571,4607,3528.0,1079.0,False,nearest MRI is 1079 days away (exceeds 365-day tolerance),"nearest-day match, MRI_TOLERANCE_DAYS=365"
OAS30572,0,58.0,58.0,True,within tolerance,"nearest-day match, MRI_TOLERANCE_DAYS=365"
OAS30572,1066,1156.0,90.0,True,within tolerance,"nearest-day match, MRI_TOLERANCE_DAYS=365"
OAS30572,1609,1156.0,453.0,False,nearest MRI is 453 days away (exceeds 365-day tolerance),"nearest-day match, MRI_TOLERANCE_DAYS=365"
OAS30572,2016,2207.0,191.0,True,within tolerance,"nearest-day match, MRI_TOLERANCE_DAYS=365"
OAS30572,2344,2207.0,137.0,True,within tolerance,"nearest-day match, MRI_TOLERANCE_DAYS=365"
OAS30573,0,515.0,515.0,False,nearest MRI is 515 days away (exceeds 365-day tolerance),"nearest-day match, MRI_TOLERANCE_DAYS=365"
OAS30573,382,515.0,133.0,True,within tolerance,"nearest-day match, MRI_TOLERANCE_DAYS=365"
OAS30573,1077,882.0,195.0,True,within tolerance,"nearest-day match, MRI_TOLERANCE_DAYS=365"
OAS30573,1414,882.0,532.0,False,nearest MRI is 532 days away (exceeds 365-day tolerance),"nearest-day match, MRI_TOLERANCE_DAYS=365"
OAS30574,0,918.0,918.0,False,nearest MRI is 918 days away (exceeds 365-day tolerance),"nearest-day match, MRI_TOLERANCE_DAYS=365"
OAS30574,797,918.0,121.0,True,within tolerance,"nearest-day match, MRI_TOLERANCE_DAYS=365"
OAS30574,1141,918.0,223.0,True,within tolerance,"nearest-day match, MRI_TOLERANCE_DAYS=365"
OAS30574,1490,1917.0,427.0,False,nearest MRI is 427 days away (exceeds 365-day tolerance),"nearest-day match, MRI_TOLERANCE_DAYS=365"
OAS30574,1841,1917.0,76.0,True,within tolerance,"nearest-day match, MRI_TOLERANCE_DAYS=365"
OAS30574,2209,1917.0,292.0,True,within tolerance,"nearest-day match, MRI_TOLERANCE_DAYS=365"
OAS30574,2993,1917.0,1076.0,False,nearest MRI is 1076 days away (exceeds 365-day tolerance),"nearest-day match, MRI_TOLERANCE_DAYS=365"
OAS30574,3409,1917.0,1492.0,False,nearest MRI is 1492 days away (exceeds 365-day tolerance),"nearest-day match, MRI_TOLERANCE_DAYS=365"
OAS30576,0,84.0,84.0,True,within tolerance,"nearest-day match, MRI_TOLERANCE_DAYS=365"
OAS30576,385,84.0,301.0,True,within tolerance,"nearest-day match, MRI_TOLERANCE_DAYS=365"
OAS30576,747,84.0,663.0,False,nearest MRI is 663 days away (exceeds 365-day tolerance),"nearest-day match, MRI_TOLERANCE_DAYS=365"
OAS30576,1056,84.0,972.0,False,nearest MRI is 972 days away (exceeds 365-day tolerance),"nearest-day match, MRI_TOLERANCE_DAYS=365"
OAS30576,1457,84.0,1373.0,False,nearest MRI is 1373 days away (exceeds 365-day tolerance),"nearest-day match, MRI_TOLERANCE_DAYS=365"
OAS30576,1941,84.0,1857.0,False,nearest MRI is 1857 days away (exceeds 365-day tolerance),"nearest-day match, MRI_TOLERANCE_DAYS=365"
OAS30576,2715,84.0,2631.0,False,nearest MRI is 2631 days away (exceeds 365-day tolerance),"nearest-day match, MRI_TOLERANCE_DAYS=365"
OAS30576,3774,84.0,3690.0,False,nearest MRI is 3690 days away (exceeds 365-day tolerance),"nearest-day match, MRI_TOLERANCE_DAYS=365"
OAS30577,0,67.0,67.0,True,within tolerance,"nearest-day match, MRI_TOLERANCE_DAYS=365"
OAS30577,354,67.0,287.0,True,within tolerance,"nearest-day match, MRI_TOLERANCE_DAYS=365"
OAS30577,1083,67.0,1016.0,False,nearest MRI is 1016 days away (exceeds 365-day tolerance),"nearest-day match, MRI_TOLERANCE_DAYS=365"
OAS30578,0,130.0,130.0,True,within tolerance,"nearest-day match, MRI_TOLERANCE_DAYS=365"
OAS30579,0,112.0,112.0,True,within tolerance,"nearest-day match, MRI_TOLERANCE_DAYS=365"
OAS30579,2372,2400.0,28.0,True,within tolerance,"nearest-day match, MRI_TOLERANCE_DAYS=365"
OAS30579,3441,3440.0,1.0,True,within tolerance,"nearest-day match, MRI_TOLERANCE_DAYS=365"
OAS30579,4073,3440.0,633.0,False,nearest MRI is 633 days away (exceeds 365-day tolerance),"nearest-day match, MRI_TOLERANCE_DAYS=365"
OAS30580,0,32.0,32.0,True,within tolerance,"nearest-day match, MRI_TOLERANCE_DAYS=365"
OAS30580,755,32.0,723.0,False,nearest MRI is 723 days away (exceeds 365-day tolerance),"nearest-day match, MRI_TOLERANCE_DAYS=365"
OAS30580,1239,1531.0,292.0,True,within tolerance,"nearest-day match, MRI_TOLERANCE_DAYS=365"
OAS30580,1468,1531.0,63.0,True,within tolerance,"nearest-day match, MRI_TOLERANCE_DAYS=365"
OAS30580,1881,1531.0,350.0,True,within tolerance,"nearest-day match, MRI_TOLERANCE_DAYS=365"
OAS30580,2587,2664.0,77.0,True,within tolerance,"nearest-day match, MRI_TOLERANCE_DAYS=365"
OAS30580,2891,2664.0,227.0,True,within tolerance,"nearest-day match, MRI_TOLERANCE_DAYS=365"
OAS30580,3401,2664.0,737.0,False,nearest MRI is 737 days away (exceeds 365-day tolerance),"nearest-day match, MRI_TOLERANCE_DAYS=365"
OAS30580,3714,2664.0,1050.0,False,nearest MRI is 1050 days away (exceeds 365-day tolerance),"nearest-day match, MRI_TOLERANCE_DAYS=365"
OAS30581,3801,3917.0,116.0,True,within tolerance,"nearest-day match, MRI_TOLERANCE_DAYS=365"
OAS30581,5478,3917.0,1561.0,False,nearest MRI is 1561 days away (exceeds 365-day tolerance),"nearest-day match, MRI_TOLERANCE_DAYS=365"
OAS30581,5876,3917.0,1959.0,False,nearest MRI is 1959 days away (exceeds 365-day tolerance),"nearest-day match, MRI_TOLERANCE_DAYS=365"
OAS30582,0,153.0,153.0,True,within tolerance,"nearest-day match, MRI_TOLERANCE_DAYS=365"
OAS30582,364,153.0,211.0,True,within tolerance,"nearest-day match, MRI_TOLERANCE_DAYS=365"
OAS30582,714,153.0,561.0,False,nearest MRI is 561 days away (exceeds 365-day tolerance),"nearest-day match, MRI_TOLERANCE_DAYS=365"
OAS30582,1097,153.0,944.0,False,nearest MRI is 944 days away (exceeds 365-day tolerance),"nearest-day match, MRI_TOLERANCE_DAYS=365"
OAS30583,0,85.0,85.0,True,within tolerance,"nearest-day match, MRI_TOLERANCE_DAYS=365"
OAS30583,880,85.0,795.0,False,nearest MRI is 795 days away (exceeds 365-day tolerance),"nearest-day match, MRI_TOLERANCE_DAYS=365"
OAS30584,451,96.0,355.0,True,within tolerance,"nearest-day match, MRI_TOLERANCE_DAYS=365"
OAS30584,936,96.0,840.0,False,nearest MRI is 840 days away (exceeds 365-day tolerance),"nearest-day match, MRI_TOLERANCE_DAYS=365"
OAS30584,1308,96.0,1212.0,False,nearest MRI is 1212 days away (exceeds 365-day tolerance),"nearest-day match, MRI_TOLERANCE_DAYS=365"
OAS30584,2338,96.0,2242.0,False,nearest MRI is 2242 days away (exceeds 365-day tolerance),"nearest-day match, MRI_TOLERANCE_DAYS=365"
OAS30585,0,65.0,65.0,True,within tolerance,"nearest-day match, MRI_TOLERANCE_DAYS=365"
OAS30585,403,65.0,338.0,True,within tolerance,"nearest-day match, MRI_TOLERANCE_DAYS=365"
OAS30585,791,65.0,726.0,False,nearest MRI is 726 days away (exceeds 365-day tolerance),"nearest-day match, MRI_TOLERANCE_DAYS=365"
OAS30585,1092,65.0,1027.0,False,nearest MRI is 1027 days away (exceeds 365-day tolerance),"nearest-day match, MRI_TOLERANCE_DAYS=365"
OAS30585,1443,65.0,1378.0,False,nearest MRI is 1378 days away (exceeds 365-day tolerance),"nearest-day match, MRI_TOLERANCE_DAYS=365"
OAS30585,2233,65.0,2168.0,False,nearest MRI is 2168 days away (exceeds 365-day tolerance),"nearest-day match, MRI_TOLERANCE_DAYS=365"
OAS30586,0,70.0,70.0,True,within tolerance,"nearest-day match, MRI_TOLERANCE_DAYS=365"
OAS30586,366,70.0,296.0,True,within tolerance,"nearest-day match, MRI_TOLERANCE_DAYS=365"
OAS30586,733,749.0,16.0,True,within tolerance,"nearest-day match, MRI_TOLERANCE_DAYS=365"
OAS30586,1108,1149.0,41.0,True,within tolerance,"nearest-day match, MRI_TOLERANCE_DAYS=365"
OAS30587,0,4511.0,4511.0,False,nearest MRI is 4511 days away (exceeds 365-day tolerance),"nearest-day match, MRI_TOLERANCE_DAYS=365"
OAS30587,707,4511.0,3804.0,False,nearest MRI is 3804 days away (exceeds 365-day tolerance),"nearest-day match, MRI_TOLERANCE_DAYS=365"
OAS30587,1099,4511.0,3412.0,False,nearest MRI is 3412 days away (exceeds 365-day tolerance),"nearest-day match, MRI_TOLERANCE_DAYS=365"
OAS30587,1470,4511.0,3041.0,False,nearest MRI is 3041 days away (exceeds 365-day tolerance),"nearest-day match, MRI_TOLERANCE_DAYS=365"
OAS30587,1884,4511.0,2627.0,False,nearest MRI is 2627 days away (exceeds 365-day tolerance),"nearest-day match, MRI_TOLERANCE_DAYS=365"
OAS30587,2373,4511.0,2138.0,False,nearest MRI is 2138 days away (exceeds 365-day tolerance),"nearest-day match, MRI_TOLERANCE_DAYS=365"
OAS30587,2689,4511.0,1822.0,False,nearest MRI is 1822 days away (exceeds 365-day tolerance),"nearest-day match, MRI_TOLERANCE_DAYS=365"
OAS30587,3906,4511.0,605.0,False,nearest MRI is 605 days away (exceeds 365-day tolerance),"nearest-day match, MRI_TOLERANCE_DAYS=365"
OAS30587,4437,4511.0,74.0,True,within tolerance,"nearest-day match, MRI_TOLERANCE_DAYS=365"
OAS30587,4796,4511.0,285.0,True,within tolerance,"nearest-day match, MRI_TOLERANCE_DAYS=365"
OAS30588,1070,1637.0,567.0,False,nearest MRI is 567 days away (exceeds 365-day tolerance),"nearest-day match, MRI_TOLERANCE_DAYS=365"
OAS30588,2184,1637.0,547.0,False,nearest MRI is 547 days away (exceeds 365-day tolerance),"nearest-day match, MRI_TOLERANCE_DAYS=365"
OAS30588,3556,3591.0,35.0,True,within tolerance,"nearest-day match, MRI_TOLERANCE_DAYS=365"
OAS30588,4662,4795.0,133.0,True,within tolerance,"nearest-day match, MRI_TOLERANCE_DAYS=365"
OAS30589,0,96.0,96.0,True,within tolerance,"nearest-day match, MRI_TOLERANCE_DAYS=365"
OAS30589,803,96.0,707.0,False,nearest MRI is 707 days away (exceeds 365-day tolerance),"nearest-day match, MRI_TOLERANCE_DAYS=365"
OAS30589,1177,1525.0,348.0,True,within tolerance,"nearest-day match, MRI_TOLERANCE_DAYS=365"
OAS30589,1560,1525.0,35.0,True,within tolerance,"nearest-day match, MRI_TOLERANCE_DAYS=365"
OAS30589,1951,1525.0,426.0,False,nearest MRI is 426 days away (exceeds 365-day tolerance),"nearest-day match, MRI_TOLERANCE_DAYS=365"
OAS30589,2273,1525.0,748.0,False,nearest MRI is 748 days away (exceeds 365-day tolerance),"nearest-day match, MRI_TOLERANCE_DAYS=365"
OAS30589,3484,3191.0,293.0,True,within tolerance,"nearest-day match, MRI_TOLERANCE_DAYS=365"
OAS30591,0,403.0,403.0,False,nearest MRI is 403 days away (exceeds 365-day tolerance),"nearest-day match, MRI_TOLERANCE_DAYS=365"
OAS30591,382,403.0,21.0,True,within tolerance,"nearest-day match, MRI_TOLERANCE_DAYS=365"
OAS30591,738,914.0,176.0,True,within tolerance,"nearest-day match, MRI_TOLERANCE_DAYS=365"
OAS30591,1169,914.0,255.0,True,within tolerance,"nearest-day match, MRI_TOLERANCE_DAYS=365"
OAS30592,388,87.0,301.0,True,within tolerance,"nearest-day match, MRI_TOLERANCE_DAYS=365"
OAS30592,750,87.0,663.0,False,nearest MRI is 663 days away (exceeds 365-day tolerance),"nearest-day match, MRI_TOLERANCE_DAYS=365"
OAS30592,1074,87.0,987.0,False,nearest MRI is 987 days away (exceeds 365-day tolerance),"nearest-day match, MRI_TOLERANCE_DAYS=365"
OAS30592,1379,87.0,1292.0,False,nearest MRI is 1292 days away (exceeds 365-day tolerance),"nearest-day match, MRI_TOLERANCE_DAYS=365"
OAS30592,1894,87.0,1807.0,False,nearest MRI is 1807 days away (exceeds 365-day tolerance),"nearest-day match, MRI_TOLERANCE_DAYS=365"
OAS30593,0,4025.0,4025.0,False,nearest MRI is 4025 days away (exceeds 365-day tolerance),"nearest-day match, MRI_TOLERANCE_DAYS=365"
OAS30593,604,4025.0,3421.0,False,nearest MRI is 3421 days away (exceeds 365-day tolerance),"nearest-day match, MRI_TOLERANCE_DAYS=365"
OAS30593,1977,4025.0,2048.0,False,nearest MRI is 2048 days away (exceeds 365-day tolerance),"nearest-day match, MRI_TOLERANCE_DAYS=365"
OAS30593,5439,4025.0,1414.0,False,nearest MRI is 1414 days away (exceeds 365-day tolerance),"nearest-day match, MRI_TOLERANCE_DAYS=365"
OAS30593,5778,4025.0,1753.0,False,nearest MRI is 1753 days away (exceeds 365-day tolerance),"nearest-day match, MRI_TOLERANCE_DAYS=365"
OAS30593,6215,4025.0,2190.0,False,nearest MRI is 2190 days away (exceeds 365-day tolerance),"nearest-day match, MRI_TOLERANCE_DAYS=365"
OAS30594,1096,1166.0,70.0,True,within tolerance,"nearest-day match, MRI_TOLERANCE_DAYS=365"
OAS30594,1921,1166.0,755.0,False,nearest MRI is 755 days away (exceeds 365-day tolerance),"nearest-day match, MRI_TOLERANCE_DAYS=365"
OAS30595,0,84.0,84.0,True,within tolerance,"nearest-day match, MRI_TOLERANCE_DAYS=365"
OAS30595,365,84.0,281.0,True,within tolerance,"nearest-day match, MRI_TOLERANCE_DAYS=365"
OAS30595,733,848.0,115.0,True,within tolerance,"nearest-day match, MRI_TOLERANCE_DAYS=365"
OAS30595,4018,848.0,3170.0,False,nearest MRI is 3170 days away (exceeds 365-day tolerance),"nearest-day match, MRI_TOLERANCE_DAYS=365"
OAS30595,4436,848.0,3588.0,False,nearest MRI is 3588 days away (exceeds 365-day tolerance),"nearest-day match, MRI_TOLERANCE_DAYS=365"
OAS30595,4807,848.0,3959.0,False,nearest MRI is 3959 days away (exceeds 365-day tolerance),"nearest-day match, MRI_TOLERANCE_DAYS=365"
OAS30596,0,1759.0,1759.0,False,nearest MRI is 1759 days away (exceeds 365-day tolerance),"nearest-day match, MRI_TOLERANCE_DAYS=365"
OAS30596,376,1759.0,1383.0,False,nearest MRI is 1383 days away (exceeds 365-day tolerance),"nearest-day match, MRI_TOLERANCE_DAYS=365"
OAS30596,1616,1759.0,143.0,True,within tolerance,"nearest-day match, MRI_TOLERANCE_DAYS=365"
OAS30596,1905,1759.0,146.0,True,within tolerance,"nearest-day match, MRI_TOLERANCE_DAYS=365"
OAS30597,402,234.0,168.0,True,within tolerance,"nearest-day match, MRI_TOLERANCE_DAYS=365"
OAS30597,780,234.0,546.0,False,nearest MRI is 546 days away (exceeds 365-day tolerance),"nearest-day match, MRI_TOLERANCE_DAYS=365"
OAS30597,1140,1871.0,731.0,False,nearest MRI is 731 days away (exceeds 365-day tolerance),"nearest-day match, MRI_TOLERANCE_DAYS=365"
OAS30597,1486,1871.0,385.0,False,nearest MRI is 385 days away (exceeds 365-day tolerance),"nearest-day match, MRI_TOLERANCE_DAYS=365"
OAS30597,1848,1871.0,23.0,True,within tolerance,"nearest-day match, MRI_TOLERANCE_DAYS=365"
OAS30597,2289,1871.0,418.0,False,nearest MRI is 418 days away (exceeds 365-day tolerance),"nearest-day match, MRI_TOLERANCE_DAYS=365"
OAS30597,2624,3137.0,513.0,False,nearest MRI is 513 days away (exceeds 365-day tolerance),"nearest-day match, MRI_TOLERANCE_DAYS=365"
OAS30597,2961,3137.0,176.0,True,within tolerance,"nearest-day match, MRI_TOLERANCE_DAYS=365"
OAS30597,3307,3137.0,170.0,True,within tolerance,"nearest-day match, MRI_TOLERANCE_DAYS=365"
OAS30597,3993,4209.0,216.0,True,within tolerance,"nearest-day match, MRI_TOLERANCE_DAYS=365"
OAS30597,4367,4209.0,158.0,True,within tolerance,"nearest-day match, MRI_TOLERANCE_DAYS=365"
OAS30598,0,69.0,69.0,True,within tolerance,"nearest-day match, MRI_TOLERANCE_DAYS=365"
OAS30598,740,69.0,671.0,False,nearest MRI is 671 days away (exceeds 365-day tolerance),"nearest-day match, MRI_TOLERANCE_DAYS=365"
OAS30598,1560,69.0,1491.0,False,nearest MRI is 1491 days away (exceeds 365-day tolerance),"nearest-day match, MRI_TOLERANCE_DAYS=365"
OAS30600,0,1176.0,1176.0,False,nearest MRI is 1176 days away (exceeds 365-day tolerance),"nearest-day match, MRI_TOLERANCE_DAYS=365"
OAS30600,1111,1176.0,65.0,True,within tolerance,"nearest-day match, MRI_TOLERANCE_DAYS=365"
OAS30600,2197,1176.0,1021.0,False,nearest MRI is 1021 days away (exceeds 365-day tolerance),"nearest-day match, MRI_TOLERANCE_DAYS=365"
OAS30600,3526,3618.0,92.0,True,within tolerance,"nearest-day match, MRI_TOLERANCE_DAYS=365"
OAS30601,0,111.0,111.0,True,within tolerance,"nearest-day match, MRI_TOLERANCE_DAYS=365"
OAS30601,439,111.0,328.0,True,within tolerance,"nearest-day match, MRI_TOLERANCE_DAYS=365"
OAS30601,1505,1146.0,359.0,True,within tolerance,"nearest-day match, MRI_TOLERANCE_DAYS=365"
OAS30601,1849,2372.0,523.0,False,nearest MRI is 523 days away (exceeds 365-day tolerance),"nearest-day match, MRI_TOLERANCE_DAYS=365"
OAS30601,2274,2372.0,98.0,True,within tolerance,"nearest-day match, MRI_TOLERANCE_DAYS=365"
OAS30601,2603,2372.0,231.0,True,within tolerance,"nearest-day match, MRI_TOLERANCE_DAYS=365"
OAS30601,3022,2372.0,650.0,False,nearest MRI is 650 days away (exceeds 365-day tolerance),"nearest-day match, MRI_TOLERANCE_DAYS=365"
OAS30601,3309,2372.0,937.0,False,nearest MRI is 937 days away (exceeds 365-day tolerance),"nearest-day match, MRI_TOLERANCE_DAYS=365"
OAS30601,3704,2372.0,1332.0,False,nearest MRI is 1332 days away (exceeds 365-day tolerance),"nearest-day match, MRI_TOLERANCE_DAYS=365"
OAS30602,0,1346.0,1346.0,False,nearest MRI is 1346 days away (exceeds 365-day tolerance),"nearest-day match, MRI_TOLERANCE_DAYS=365"
OAS30602,3338,2442.0,896.0,False,nearest MRI is 896 days away (exceeds 365-day tolerance),"nearest-day match, MRI_TOLERANCE_DAYS=365"
OAS30603,0,811.0,811.0,False,nearest MRI is 811 days away (exceeds 365-day tolerance),"nearest-day match, MRI_TOLERANCE_DAYS=365"
OAS30603,371,811.0,440.0,False,nearest MRI is 440 days away (exceeds 365-day tolerance),"nearest-day match, MRI_TOLERANCE_DAYS=365"
OAS30603,740,811.0,71.0,True,within tolerance,"nearest-day match, MRI_TOLERANCE_DAYS=365"
OAS30603,1123,811.0,312.0,True,within tolerance,"nearest-day match, MRI_TOLERANCE_DAYS=365"
OAS30603,2359,2253.0,106.0,True,within tolerance,"nearest-day match, MRI_TOLERANCE_DAYS=365"
OAS30603,2705,2253.0,452.0,False,nearest MRI is 452 days away (exceeds 365-day tolerance),"nearest-day match, MRI_TOLERANCE_DAYS=365"
OAS30603,3077,2253.0,824.0,False,nearest MRI is 824 days away (exceeds 365-day tolerance),"nearest-day match, MRI_TOLERANCE_DAYS=365"
OAS30603,3825,2253.0,1572.0,False,nearest MRI is 1572 days away (exceeds 365-day tolerance),"nearest-day match, MRI_TOLERANCE_DAYS=365"
OAS30603,4199,2253.0,1946.0,False,nearest MRI is 1946 days away (exceeds 365-day tolerance),"nearest-day match, MRI_TOLERANCE_DAYS=365"
OAS30605,0,63.0,63.0,True,within tolerance,"nearest-day match, MRI_TOLERANCE_DAYS=365"
OAS30605,364,63.0,301.0,True,within tolerance,"nearest-day match, MRI_TOLERANCE_DAYS=365"
OAS30605,716,941.0,225.0,True,within tolerance,"nearest-day match, MRI_TOLERANCE_DAYS=365"
OAS30605,1232,941.0,291.0,True,within tolerance,"nearest-day match, MRI_TOLERANCE_DAYS=365"
OAS30605,1908,941.0,967.0,False,nearest MRI is 967 days away (exceeds 365-day tolerance),"nearest-day match, MRI_TOLERANCE_DAYS=365"
OAS30605,3363,941.0,2422.0,False,nearest MRI is 2422 days away (exceeds 365-day tolerance),"nearest-day match, MRI_TOLERANCE_DAYS=365"
OAS30606,2768,2822.0,54.0,True,within tolerance,"nearest-day match, MRI_TOLERANCE_DAYS=365"
OAS30607,0,117.0,117.0,True,within tolerance,"nearest-day match, MRI_TOLERANCE_DAYS=365"
OAS30607,344,117.0,227.0,True,within tolerance,"nearest-day match, MRI_TOLERANCE_DAYS=365"
OAS30607,715,117.0,598.0,False,nearest MRI is 598 days away (exceeds 365-day tolerance),"nearest-day match, MRI_TOLERANCE_DAYS=365"
OAS30607,1065,117.0,948.0,False,nearest MRI is 948 days away (exceeds 365-day tolerance),"nearest-day match, MRI_TOLERANCE_DAYS=365"
OAS30607,1476,117.0,1359.0,False,nearest MRI is 1359 days away (exceeds 365-day tolerance),"nearest-day match, MRI_TOLERANCE_DAYS=365"
OAS30608,0,722.0,722.0,False,nearest MRI is 722 days away (exceeds 365-day tolerance),"nearest-day match, MRI_TOLERANCE_DAYS=365"
OAS30608,336,722.0,386.0,False,nearest MRI is 386 days away (exceeds 365-day tolerance),"nearest-day match, MRI_TOLERANCE_DAYS=365"
OAS30608,701,722.0,21.0,True,within tolerance,"nearest-day match, MRI_TOLERANCE_DAYS=365"
OAS30608,1590,1272.0,318.0,True,within tolerance,"nearest-day match, MRI_TOLERANCE_DAYS=365"
OAS30608,2008,2527.0,519.0,False,nearest MRI is 519 days away (exceeds 365-day tolerance),"nearest-day match, MRI_TOLERANCE_DAYS=365"
OAS30608,2365,2527.0,162.0,True,within tolerance,"nearest-day match, MRI_TOLERANCE_DAYS=365"
OAS30608,2829,2527.0,302.0,True,within tolerance,"nearest-day match, MRI_TOLERANCE_DAYS=365"
OAS30608,3191,2527.0,664.0,False,nearest MRI is 664 days away (exceeds 365-day tolerance),"nearest-day match, MRI_TOLERANCE_DAYS=365"
OAS30608,3573,3984.0,411.0,False,nearest MRI is 411 days away (exceeds 365-day tolerance),"nearest-day match, MRI_TOLERANCE_DAYS=365"
OAS30608,3928,3984.0,56.0,True,within tolerance,"nearest-day match, MRI_TOLERANCE_DAYS=365"
OAS30608,4343,3984.0,359.0,True,within tolerance,"nearest-day match, MRI_TOLERANCE_DAYS=365"
OAS30608,4963,5006.0,43.0,True,within tolerance,"nearest-day match, MRI_TOLERANCE_DAYS=365"
OAS30608,5431,5006.0,425.0,False,nearest MRI is 425 days away (exceeds 365-day tolerance),"nearest-day match, MRI_TOLERANCE_DAYS=365"
OAS30610,0,79.0,79.0,True,within tolerance,"nearest-day match, MRI_TOLERANCE_DAYS=365"
OAS30610,394,79.0,315.0,True,within tolerance,"nearest-day match, MRI_TOLERANCE_DAYS=365"
OAS30610,1115,79.0,1036.0,False,nearest MRI is 1036 days away (exceeds 365-day tolerance),"nearest-day match, MRI_TOLERANCE_DAYS=365"
OAS30612,0,39.0,39.0,True,within tolerance,"nearest-day match, MRI_TOLERANCE_DAYS=365"
OAS30612,1134,1201.0,67.0,True,within tolerance,"nearest-day match, MRI_TOLERANCE_DAYS=365"
OAS30612,1512,1792.0,280.0,True,within tolerance,"nearest-day match, MRI_TOLERANCE_DAYS=365"
OAS30612,1855,1792.0,63.0,True,within tolerance,"nearest-day match, MRI_TOLERANCE_DAYS=365"
OAS30612,2216,2356.0,140.0,True,within tolerance,"nearest-day match, MRI_TOLERANCE_DAYS=365"
OAS30612,2601,2356.0,245.0,True,within tolerance,"nearest-day match, MRI_TOLERANCE_DAYS=365"
OAS30612,2965,2356.0,609.0,False,nearest MRI is 609 days away (exceeds 365-day tolerance),"nearest-day match, MRI_TOLERANCE_DAYS=365"
OAS30613,406,,,False,subject has zero MRI/FreeSurfer records,"nearest-day match, MRI_TOLERANCE_DAYS=365"
OAS30613,770,,,False,subject has zero MRI/FreeSurfer records,"nearest-day match, MRI_TOLERANCE_DAYS=365"
OAS30613,1135,,,False,subject has zero MRI/FreeSurfer records,"nearest-day match, MRI_TOLERANCE_DAYS=365"
OAS30614,0,1464.0,1464.0,False,nearest MRI is 1464 days away (exceeds 365-day tolerance),"nearest-day match, MRI_TOLERANCE_DAYS=365"
OAS30614,425,1464.0,1039.0,False,nearest MRI is 1039 days away (exceeds 365-day tolerance),"nearest-day match, MRI_TOLERANCE_DAYS=365"
OAS30614,839,1464.0,625.0,False,nearest MRI is 625 days away (exceeds 365-day tolerance),"nearest-day match, MRI_TOLERANCE_DAYS=365"
OAS30614,1203,1464.0,261.0,True,within tolerance,"nearest-day match, MRI_TOLERANCE_DAYS=365"
OAS30614,1946,1464.0,482.0,False,nearest MRI is 482 days away (exceeds 365-day tolerance),"nearest-day match, MRI_TOLERANCE_DAYS=365"
OAS30614,2662,2872.0,210.0,True,within tolerance,"nearest-day match, MRI_TOLERANCE_DAYS=365"
OAS30614,3478,2872.0,606.0,False,nearest MRI is 606 days away (exceeds 365-day tolerance),"nearest-day match, MRI_TOLERANCE_DAYS=365"
OAS30614,3989,4088.0,99.0,True,within tolerance,"nearest-day match, MRI_TOLERANCE_DAYS=365"
OAS30615,0,191.0,191.0,True,within tolerance,"nearest-day match, MRI_TOLERANCE_DAYS=365"
OAS30615,364,265.0,99.0,True,within tolerance,"nearest-day match, MRI_TOLERANCE_DAYS=365"
OAS30615,1091,925.0,166.0,True,within tolerance,"nearest-day match, MRI_TOLERANCE_DAYS=365"
OAS30615,1476,2022.0,546.0,False,nearest MRI is 546 days away (exceeds 365-day tolerance),"nearest-day match, MRI_TOLERANCE_DAYS=365"
OAS30615,1956,2022.0,66.0,True,within tolerance,"nearest-day match, MRI_TOLERANCE_DAYS=365"
OAS30615,2477,2022.0,455.0,False,nearest MRI is 455 days away (exceeds 365-day tolerance),"nearest-day match, MRI_TOLERANCE_DAYS=365"
OAS30615,2942,2022.0,920.0,False,nearest MRI is 920 days away (exceeds 365-day tolerance),"nearest-day match, MRI_TOLERANCE_DAYS=365"
OAS30615,3655,2022.0,1633.0,False,nearest MRI is 1633 days away (exceeds 365-day tolerance),"nearest-day match, MRI_TOLERANCE_DAYS=365"
OAS30615,3993,2022.0,1971.0,False,nearest MRI is 1971 days away (exceeds 365-day tolerance),"nearest-day match, MRI_TOLERANCE_DAYS=365"
OAS30615,4363,2022.0,2341.0,False,nearest MRI is 2341 days away (exceeds 365-day tolerance),"nearest-day match, MRI_TOLERANCE_DAYS=365"
OAS30615,4839,2022.0,2817.0,False,nearest MRI is 2817 days away (exceeds 365-day tolerance),"nearest-day match, MRI_TOLERANCE_DAYS=365"
OAS30616,0,199.0,199.0,True,within tolerance,"nearest-day match, MRI_TOLERANCE_DAYS=365"
OAS30618,0,59.0,59.0,True,within tolerance,"nearest-day match, MRI_TOLERANCE_DAYS=365"
OAS30618,318,59.0,259.0,True,within tolerance,"nearest-day match, MRI_TOLERANCE_DAYS=365"
OAS30618,921,59.0,862.0,False,nearest MRI is 862 days away (exceeds 365-day tolerance),"nearest-day match, MRI_TOLERANCE_DAYS=365"
OAS30619,0,2640.0,2640.0,False,nearest MRI is 2640 days away (exceeds 365-day tolerance),"nearest-day match, MRI_TOLERANCE_DAYS=365"
OAS30619,371,2640.0,2269.0,False,nearest MRI is 2269 days away (exceeds 365-day tolerance),"nearest-day match, MRI_TOLERANCE_DAYS=365"
OAS30619,872,2640.0,1768.0,False,nearest MRI is 1768 days away (exceeds 365-day tolerance),"nearest-day match, MRI_TOLERANCE_DAYS=365"
OAS30619,1212,2640.0,1428.0,False,nearest MRI is 1428 days away (exceeds 365-day tolerance),"nearest-day match, MRI_TOLERANCE_DAYS=365"
OAS30619,1960,2640.0,680.0,False,nearest MRI is 680 days away (exceeds 365-day tolerance),"nearest-day match, MRI_TOLERANCE_DAYS=365"
OAS30619,2342,2640.0,298.0,True,within tolerance,"nearest-day match, MRI_TOLERANCE_DAYS=365"
OAS30619,2671,2640.0,31.0,True,within tolerance,"nearest-day match, MRI_TOLERANCE_DAYS=365"
OAS30619,3077,2640.0,437.0,False,nearest MRI is 437 days away (exceeds 365-day tolerance),"nearest-day match, MRI_TOLERANCE_DAYS=365"
OAS30619,3443,2640.0,803.0,False,nearest MRI is 803 days away (exceeds 365-day tolerance),"nearest-day match, MRI_TOLERANCE_DAYS=365"
OAS30619,3770,2640.0,1130.0,False,nearest MRI is 1130 days away (exceeds 365-day tolerance),"nearest-day match, MRI_TOLERANCE_DAYS=365"
OAS30620,1142,1176.0,34.0,True,within tolerance,"nearest-day match, MRI_TOLERANCE_DAYS=365"
OAS30620,2183,2211.0,28.0,True,within tolerance,"nearest-day match, MRI_TOLERANCE_DAYS=365"
OAS30620,2520,2211.0,309.0,True,within tolerance,"nearest-day match, MRI_TOLERANCE_DAYS=365"
OAS30620,2861,3446.0,585.0,False,nearest MRI is 585 days away (exceeds 365-day tolerance),"nearest-day match, MRI_TOLERANCE_DAYS=365"
OAS30620,3332,3446.0,114.0,True,within tolerance,"nearest-day match, MRI_TOLERANCE_DAYS=365"
OAS30621,0,452.0,452.0,False,nearest MRI is 452 days away (exceeds 365-day tolerance),"nearest-day match, MRI_TOLERANCE_DAYS=365"
OAS30621,1167,452.0,715.0,False,nearest MRI is 715 days away (exceeds 365-day tolerance),"nearest-day match, MRI_TOLERANCE_DAYS=365"
OAS30624,0,35.0,35.0,True,within tolerance,"nearest-day match, MRI_TOLERANCE_DAYS=365"
OAS30624,517,35.0,482.0,False,nearest MRI is 482 days away (exceeds 365-day tolerance),"nearest-day match, MRI_TOLERANCE_DAYS=365"
OAS30624,862,1643.0,781.0,False,nearest MRI is 781 days away (exceeds 365-day tolerance),"nearest-day match, MRI_TOLERANCE_DAYS=365"
OAS30624,1241,1643.0,402.0,False,nearest MRI is 402 days away (exceeds 365-day tolerance),"nearest-day match, MRI_TOLERANCE_DAYS=365"
OAS30624,1615,1643.0,28.0,True,within tolerance,"nearest-day match, MRI_TOLERANCE_DAYS=365"
OAS30624,2059,1643.0,416.0,False,nearest MRI is 416 days away (exceeds 365-day tolerance),"nearest-day match, MRI_TOLERANCE_DAYS=365"
OAS30624,2422,2896.0,474.0,False,nearest MRI is 474 days away (exceeds 365-day tolerance),"nearest-day match, MRI_TOLERANCE_DAYS=365"
OAS30624,2785,2896.0,111.0,True,within tolerance,"nearest-day match, MRI_TOLERANCE_DAYS=365"
OAS30624,3170,2896.0,274.0,True,within tolerance,"nearest-day match, MRI_TOLERANCE_DAYS=365"
OAS30624,3522,2896.0,626.0,False,nearest MRI is 626 days away (exceeds 365-day tolerance),"nearest-day match, MRI_TOLERANCE_DAYS=365"
OAS30624,3883,2896.0,987.0,False,nearest MRI is 987 days away (exceeds 365-day tolerance),"nearest-day match, MRI_TOLERANCE_DAYS=365"
OAS30624,4278,2896.0,1382.0,False,nearest MRI is 1382 days away (exceeds 365-day tolerance),"nearest-day match, MRI_TOLERANCE_DAYS=365"
OAS30625,0,33.0,33.0,True,within tolerance,"nearest-day match, MRI_TOLERANCE_DAYS=365"
OAS30625,484,33.0,451.0,False,nearest MRI is 451 days away (exceeds 365-day tolerance),"nearest-day match, MRI_TOLERANCE_DAYS=365"
OAS30625,775,1154.0,379.0,False,nearest MRI is 379 days away (exceeds 365-day tolerance),"nearest-day match, MRI_TOLERANCE_DAYS=365"
OAS30625,1062,1154.0,92.0,True,within tolerance,"nearest-day match, MRI_TOLERANCE_DAYS=365"
OAS30625,1465,1154.0,311.0,True,within tolerance,"nearest-day match, MRI_TOLERANCE_DAYS=365"
OAS30625,1827,2232.0,405.0,False,nearest MRI is 405 days away (exceeds 365-day tolerance),"nearest-day match, MRI_TOLERANCE_DAYS=365"
OAS30625,2148,2232.0,84.0,True,within tolerance,"nearest-day match, MRI_TOLERANCE_DAYS=365"
OAS30625,2567,2232.0,335.0,True,within tolerance,"nearest-day match, MRI_TOLERANCE_DAYS=365"
OAS30625,3337,2232.0,1105.0,False,nearest MRI is 1105 days away (exceeds 365-day tolerance),"nearest-day match, MRI_TOLERANCE_DAYS=365"
OAS30626,0,1213.0,1213.0,False,nearest MRI is 1213 days away (exceeds 365-day tolerance),"nearest-day match, MRI_TOLERANCE_DAYS=365"
OAS30626,1189,1213.0,24.0,True,within tolerance,"nearest-day match, MRI_TOLERANCE_DAYS=365"
OAS30627,0,,,False,subject has zero MRI/FreeSurfer records,"nearest-day match, MRI_TOLERANCE_DAYS=365"
OAS30627,1462,,,False,subject has zero MRI/FreeSurfer records,"nearest-day match, MRI_TOLERANCE_DAYS=365"
OAS30627,3135,,,False,subject has zero MRI/FreeSurfer records,"nearest-day match, MRI_TOLERANCE_DAYS=365"
OAS30628,0,464.0,464.0,False,nearest MRI is 464 days away (exceeds 365-day tolerance),"nearest-day match, MRI_TOLERANCE_DAYS=365"
OAS30628,385,464.0,79.0,True,within tolerance,"nearest-day match, MRI_TOLERANCE_DAYS=365"
OAS30628,833,464.0,369.0,False,nearest MRI is 369 days away (exceeds 365-day tolerance),"nearest-day match, MRI_TOLERANCE_DAYS=365"
OAS30628,1142,464.0,678.0,False,nearest MRI is 678 days away (exceeds 365-day tolerance),"nearest-day match, MRI_TOLERANCE_DAYS=365"
OAS30628,1492,464.0,1028.0,False,nearest MRI is 1028 days away (exceeds 365-day tolerance),"nearest-day match, MRI_TOLERANCE_DAYS=365"
OAS30628,1897,464.0,1433.0,False,nearest MRI is 1433 days away (exceeds 365-day tolerance),"nearest-day match, MRI_TOLERANCE_DAYS=365"
OAS30628,2242,464.0,1778.0,False,nearest MRI is 1778 days away (exceeds 365-day tolerance),"nearest-day match, MRI_TOLERANCE_DAYS=365"
OAS30628,2794,464.0,2330.0,False,nearest MRI is 2330 days away (exceeds 365-day tolerance),"nearest-day match, MRI_TOLERANCE_DAYS=365"
OAS30628,3261,464.0,2797.0,False,nearest MRI is 2797 days away (exceeds 365-day tolerance),"nearest-day match, MRI_TOLERANCE_DAYS=365"
OAS30630,0,133.0,133.0,True,within tolerance,"nearest-day match, MRI_TOLERANCE_DAYS=365"
OAS30630,420,133.0,287.0,True,within tolerance,"nearest-day match, MRI_TOLERANCE_DAYS=365"
OAS30631,2,0.0,2.0,True,within tolerance,"nearest-day match, MRI_TOLERANCE_DAYS=365"
OAS30632,0,106.0,106.0,True,within tolerance,"nearest-day match, MRI_TOLERANCE_DAYS=365"
OAS30632,1110,1800.0,690.0,False,nearest MRI is 690 days away (exceeds 365-day tolerance),"nearest-day match, MRI_TOLERANCE_DAYS=365"
OAS30632,1474,1800.0,326.0,True,within tolerance,"nearest-day match, MRI_TOLERANCE_DAYS=365"
OAS30632,1830,1800.0,30.0,True,within tolerance,"nearest-day match, MRI_TOLERANCE_DAYS=365"
OAS30632,2201,1800.0,401.0,False,nearest MRI is 401 days away (exceeds 365-day tolerance),"nearest-day match, MRI_TOLERANCE_DAYS=365"
OAS30632,2537,3040.0,503.0,False,nearest MRI is 503 days away (exceeds 365-day tolerance),"nearest-day match, MRI_TOLERANCE_DAYS=365"
OAS30632,2921,3040.0,119.0,True,within tolerance,"nearest-day match, MRI_TOLERANCE_DAYS=365"
OAS30632,3262,3040.0,222.0,True,within tolerance,"nearest-day match, MRI_TOLERANCE_DAYS=365"
OAS30633,0,111.0,111.0,True,within tolerance,"nearest-day match, MRI_TOLERANCE_DAYS=365"
OAS30633,1134,111.0,1023.0,False,nearest MRI is 1023 days away (exceeds 365-day tolerance),"nearest-day match, MRI_TOLERANCE_DAYS=365"
OAS30633,2214,2223.0,9.0,True,within tolerance,"nearest-day match, MRI_TOLERANCE_DAYS=365"
OAS30633,3356,3636.0,280.0,True,within tolerance,"nearest-day match, MRI_TOLERANCE_DAYS=365"
OAS30634,0,66.0,66.0,True,within tolerance,"nearest-day match, MRI_TOLERANCE_DAYS=365"
OAS30635,0,22.0,22.0,True,within tolerance,"nearest-day match, MRI_TOLERANCE_DAYS=365"
OAS30635,741,544.0,197.0,True,within tolerance,"nearest-day match, MRI_TOLERANCE_DAYS=365"
OAS30635,1181,1533.0,352.0,True,within tolerance,"nearest-day match, MRI_TOLERANCE_DAYS=365"
OAS30635,1475,1533.0,58.0,True,within tolerance,"nearest-day match, MRI_TOLERANCE_DAYS=365"
OAS30635,2168,1533.0,635.0,False,nearest MRI is 635 days away (exceeds 365-day tolerance),"nearest-day match, MRI_TOLERANCE_DAYS=365"
OAS30635,2559,1533.0,1026.0,False,nearest MRI is 1026 days away (exceeds 365-day tolerance),"nearest-day match, MRI_TOLERANCE_DAYS=365"
OAS30636,0,56.0,56.0,True,within tolerance,"nearest-day match, MRI_TOLERANCE_DAYS=365"
OAS30636,1199,1199.0,0.0,True,within tolerance,"nearest-day match, MRI_TOLERANCE_DAYS=365"
OAS30636,2291,2289.0,2.0,True,within tolerance,"nearest-day match, MRI_TOLERANCE_DAYS=365"
OAS30637,0,79.0,79.0,True,within tolerance,"nearest-day match, MRI_TOLERANCE_DAYS=365"
OAS30637,735,1185.0,450.0,False,nearest MRI is 450 days away (exceeds 365-day tolerance),"nearest-day match, MRI_TOLERANCE_DAYS=365"
OAS30637,1060,1185.0,125.0,True,within tolerance,"nearest-day match, MRI_TOLERANCE_DAYS=365"
OAS30637,1904,1186.0,718.0,False,nearest MRI is 718 days away (exceeds 365-day tolerance),"nearest-day match, MRI_TOLERANCE_DAYS=365"
OAS30637,2247,1186.0,1061.0,False,nearest MRI is 1061 days away (exceeds 365-day tolerance),"nearest-day match, MRI_TOLERANCE_DAYS=365"
OAS30638,0,71.0,71.0,True,within tolerance,"nearest-day match, MRI_TOLERANCE_DAYS=365"
OAS30638,1137,72.0,1065.0,False,nearest MRI is 1065 days away (exceeds 365-day tolerance),"nearest-day match, MRI_TOLERANCE_DAYS=365"
OAS30641,0,585.0,585.0,False,nearest MRI is 585 days away (exceeds 365-day tolerance),"nearest-day match, MRI_TOLERANCE_DAYS=365"
OAS30641,399,585.0,186.0,True,within tolerance,"nearest-day match, MRI_TOLERANCE_DAYS=365"
OAS30641,742,585.0,157.0,True,within tolerance,"nearest-day match, MRI_TOLERANCE_DAYS=365"
OAS30641,1127,585.0,542.0,False,nearest MRI is 542 days away (exceeds 365-day tolerance),"nearest-day match, MRI_TOLERANCE_DAYS=365"
OAS30641,1492,585.0,907.0,False,nearest MRI is 907 days away (exceeds 365-day tolerance),"nearest-day match, MRI_TOLERANCE_DAYS=365"
OAS30642,0,154.0,154.0,True,within tolerance,"nearest-day match, MRI_TOLERANCE_DAYS=365"
OAS30642,1104,1286.0,182.0,True,within tolerance,"nearest-day match, MRI_TOLERANCE_DAYS=365"
OAS30643,0,280.0,280.0,True,within tolerance,"nearest-day match, MRI_TOLERANCE_DAYS=365"
OAS30643,1494,893.0,601.0,False,nearest MRI is 601 days away (exceeds 365-day tolerance),"nearest-day match, MRI_TOLERANCE_DAYS=365"
OAS30643,1861,2334.0,473.0,False,nearest MRI is 473 days away (exceeds 365-day tolerance),"nearest-day match, MRI_TOLERANCE_DAYS=365"
OAS30643,2224,2334.0,110.0,True,within tolerance,"nearest-day match, MRI_TOLERANCE_DAYS=365"
OAS30643,2602,2334.0,268.0,True,within tolerance,"nearest-day match, MRI_TOLERANCE_DAYS=365"
OAS30643,2902,3084.0,182.0,True,within tolerance,"nearest-day match, MRI_TOLERANCE_DAYS=365"
OAS30643,3232,3301.0,69.0,True,within tolerance,"nearest-day match, MRI_TOLERANCE_DAYS=365"
OAS30644,0,136.0,136.0,True,within tolerance,"nearest-day match, MRI_TOLERANCE_DAYS=365"
OAS30644,1064,136.0,928.0,False,nearest MRI is 928 days away (exceeds 365-day tolerance),"nearest-day match, MRI_TOLERANCE_DAYS=365"
OAS30647,0,232.0,232.0,True,within tolerance,"nearest-day match, MRI_TOLERANCE_DAYS=365"
OAS30647,1162,1286.0,124.0,True,within tolerance,"nearest-day match, MRI_TOLERANCE_DAYS=365"
OAS30648,0,,,False,subject has zero MRI/FreeSurfer records,"nearest-day match, MRI_TOLERANCE_DAYS=365"
OAS30648,353,,,False,subject has zero MRI/FreeSurfer records,"nearest-day match, MRI_TOLERANCE_DAYS=365"
OAS30649,0,98.0,98.0,True,within tolerance,"nearest-day match, MRI_TOLERANCE_DAYS=365"
OAS30649,401,98.0,303.0,True,within tolerance,"nearest-day match, MRI_TOLERANCE_DAYS=365"
OAS30651,0,253.0,253.0,True,within tolerance,"nearest-day match, MRI_TOLERANCE_DAYS=365"
OAS30651,743,253.0,490.0,False,nearest MRI is 490 days away (exceeds 365-day tolerance),"nearest-day match, MRI_TOLERANCE_DAYS=365"
OAS30651,1701,1833.0,132.0,True,within tolerance,"nearest-day match, MRI_TOLERANCE_DAYS=365"
OAS30651,1974,1847.0,127.0,True,within tolerance,"nearest-day match, MRI_TOLERANCE_DAYS=365"
OAS30651,3095,3150.0,55.0,True,within tolerance,"nearest-day match, MRI_TOLERANCE_DAYS=365"
OAS30651,3648,3150.0,498.0,False,nearest MRI is 498 days away (exceeds 365-day tolerance),"nearest-day match, MRI_TOLERANCE_DAYS=365"
OAS30652,0,778.0,778.0,False,nearest MRI is 778 days away (exceeds 365-day tolerance),"nearest-day match, MRI_TOLERANCE_DAYS=365"
OAS30652,408,778.0,370.0,False,nearest MRI is 370 days away (exceeds 365-day tolerance),"nearest-day match, MRI_TOLERANCE_DAYS=365"
OAS30652,842,778.0,64.0,True,within tolerance,"nearest-day match, MRI_TOLERANCE_DAYS=365"
OAS30652,1230,1366.0,136.0,True,within tolerance,"nearest-day match, MRI_TOLERANCE_DAYS=365"
OAS30652,1608,1366.0,242.0,True,within tolerance,"nearest-day match, MRI_TOLERANCE_DAYS=365"
OAS30652,2343,1366.0,977.0,False,nearest MRI is 977 days away (exceeds 365-day tolerance),"nearest-day match, MRI_TOLERANCE_DAYS=365"
OAS30652,3212,1366.0,1846.0,False,nearest MRI is 1846 days away (exceeds 365-day tolerance),"nearest-day match, MRI_TOLERANCE_DAYS=365"
OAS30652,3680,1366.0,2314.0,False,nearest MRI is 2314 days away (exceeds 365-day tolerance),"nearest-day match, MRI_TOLERANCE_DAYS=365"
OAS30652,4167,1366.0,2801.0,False,nearest MRI is 2801 days away (exceeds 365-day tolerance),"nearest-day match, MRI_TOLERANCE_DAYS=365"
OAS30653,0,102.0,102.0,True,within tolerance,"nearest-day match, MRI_TOLERANCE_DAYS=365"
OAS30653,712,102.0,610.0,False,nearest MRI is 610 days away (exceeds 365-day tolerance),"nearest-day match, MRI_TOLERANCE_DAYS=365"
OAS30654,414,79.0,335.0,True,within tolerance,"nearest-day match, MRI_TOLERANCE_DAYS=365"
OAS30654,730,79.0,651.0,False,nearest MRI is 651 days away (exceeds 365-day tolerance),"nearest-day match, MRI_TOLERANCE_DAYS=365"
OAS30654,1112,79.0,1033.0,False,nearest MRI is 1033 days away (exceeds 365-day tolerance),"nearest-day match, MRI_TOLERANCE_DAYS=365"
OAS30655,0,92.0,92.0,True,within tolerance,"nearest-day match, MRI_TOLERANCE_DAYS=365"
OAS30656,0,1638.0,1638.0,False,nearest MRI is 1638 days away (exceeds 365-day tolerance),"nearest-day match, MRI_TOLERANCE_DAYS=365"
OAS30656,446,1638.0,1192.0,False,nearest MRI is 1192 days away (exceeds 365-day tolerance),"nearest-day match, MRI_TOLERANCE_DAYS=365"
OAS30656,817,1638.0,821.0,False,nearest MRI is 821 days away (exceeds 365-day tolerance),"nearest-day match, MRI_TOLERANCE_DAYS=365"
OAS30656,1258,1638.0,380.0,False,nearest MRI is 380 days away (exceeds 365-day tolerance),"nearest-day match, MRI_TOLERANCE_DAYS=365"
OAS30656,1531,1638.0,107.0,True,within tolerance,"nearest-day match, MRI_TOLERANCE_DAYS=365"
OAS30656,1988,1638.0,350.0,True,within tolerance,"nearest-day match, MRI_TOLERANCE_DAYS=365"
OAS30656,2653,2737.0,84.0,True,within tolerance,"nearest-day match, MRI_TOLERANCE_DAYS=365"
OAS30656,2991,2737.0,254.0,True,within tolerance,"nearest-day match, MRI_TOLERANCE_DAYS=365"
OAS30656,3430,2737.0,693.0,False,nearest MRI is 693 days away (exceeds 365-day tolerance),"nearest-day match, MRI_TOLERANCE_DAYS=365"
OAS30657,0,72.0,72.0,True,within tolerance,"nearest-day match, MRI_TOLERANCE_DAYS=365"
OAS30657,367,72.0,295.0,True,within tolerance,"nearest-day match, MRI_TOLERANCE_DAYS=365"
OAS30657,1183,72.0,1111.0,False,nearest MRI is 1111 days away (exceeds 365-day tolerance),"nearest-day match, MRI_TOLERANCE_DAYS=365"
OAS30657,1554,72.0,1482.0,False,nearest MRI is 1482 days away (exceeds 365-day tolerance),"nearest-day match, MRI_TOLERANCE_DAYS=365"
OAS30657,3021,72.0,2949.0,False,nearest MRI is 2949 days away (exceeds 365-day tolerance),"nearest-day match, MRI_TOLERANCE_DAYS=365"
OAS30657,3803,72.0,3731.0,False,nearest MRI is 3731 days away (exceeds 365-day tolerance),"nearest-day match, MRI_TOLERANCE_DAYS=365"
OAS30658,0,237.0,237.0,True,within tolerance,"nearest-day match, MRI_TOLERANCE_DAYS=365"
OAS30658,454,237.0,217.0,True,within tolerance,"nearest-day match, MRI_TOLERANCE_DAYS=365"
OAS30658,844,237.0,607.0,False,nearest MRI is 607 days away (exceeds 365-day tolerance),"nearest-day match, MRI_TOLERANCE_DAYS=365"
OAS30658,1999,237.0,1762.0,False,nearest MRI is 1762 days away (exceeds 365-day tolerance),"nearest-day match, MRI_TOLERANCE_DAYS=365"
OAS30660,0,87.0,87.0,True,within tolerance,"nearest-day match, MRI_TOLERANCE_DAYS=365"
OAS30660,1106,1732.0,626.0,False,nearest MRI is 626 days away (exceeds 365-day tolerance),"nearest-day match, MRI_TOLERANCE_DAYS=365"
OAS30660,2194,1732.0,462.0,False,nearest MRI is 462 days away (exceeds 365-day tolerance),"nearest-day match, MRI_TOLERANCE_DAYS=365"
OAS30660,3396,3464.0,68.0,True,within tolerance,"nearest-day match, MRI_TOLERANCE_DAYS=365"
OAS30660,3676,3464.0,212.0,True,within tolerance,"nearest-day match, MRI_TOLERANCE_DAYS=365"
OAS30660,4024,4468.0,444.0,False,nearest MRI is 444 days away (exceeds 365-day tolerance),"nearest-day match, MRI_TOLERANCE_DAYS=365"
OAS30660,4374,4468.0,94.0,True,within tolerance,"nearest-day match, MRI_TOLERANCE_DAYS=365"
OAS30660,4738,4468.0,270.0,True,within tolerance,"nearest-day match, MRI_TOLERANCE_DAYS=365"
OAS30660,5874,4468.0,1406.0,False,nearest MRI is 1406 days away (exceeds 365-day tolerance),"nearest-day match, MRI_TOLERANCE_DAYS=365"
OAS30661,0,,,False,subject has zero MRI/FreeSurfer records,"nearest-day match, MRI_TOLERANCE_DAYS=365"
OAS30662,0,1483.0,1483.0,False,nearest MRI is 1483 days away (exceeds 365-day tolerance),"nearest-day match, MRI_TOLERANCE_DAYS=365"
OAS30662,370,1483.0,1113.0,False,nearest MRI is 1113 days away (exceeds 365-day tolerance),"nearest-day match, MRI_TOLERANCE_DAYS=365"
OAS30662,712,1483.0,771.0,False,nearest MRI is 771 days away (exceeds 365-day tolerance),"nearest-day match, MRI_TOLERANCE_DAYS=365"
OAS30662,1117,1483.0,366.0,False,nearest MRI is 366 days away (exceeds 365-day tolerance),"nearest-day match, MRI_TOLERANCE_DAYS=365"
OAS30662,1818,2080.0,262.0,True,within tolerance,"nearest-day match, MRI_TOLERANCE_DAYS=365"
OAS30662,2169,2080.0,89.0,True,within tolerance,"nearest-day match, MRI_TOLERANCE_DAYS=365"
OAS30662,2540,2080.0,460.0,False,nearest MRI is 460 days away (exceeds 365-day tolerance),"nearest-day match, MRI_TOLERANCE_DAYS=365"
OAS30662,2948,3095.0,147.0,True,within tolerance,"nearest-day match, MRI_TOLERANCE_DAYS=365"
OAS30662,3729,3095.0,634.0,False,nearest MRI is 634 days away (exceeds 365-day tolerance),"nearest-day match, MRI_TOLERANCE_DAYS=365"
OAS30662,4052,3095.0,957.0,False,nearest MRI is 957 days away (exceeds 365-day tolerance),"nearest-day match, MRI_TOLERANCE_DAYS=365"
OAS30663,0,51.0,51.0,True,within tolerance,"nearest-day match, MRI_TOLERANCE_DAYS=365"
OAS30663,352,51.0,301.0,True,within tolerance,"nearest-day match, MRI_TOLERANCE_DAYS=365"
OAS30663,683,51.0,632.0,False,nearest MRI is 632 days away (exceeds 365-day tolerance),"nearest-day match, MRI_TOLERANCE_DAYS=365"
OAS30663,1141,1338.0,197.0,True,within tolerance,"nearest-day match, MRI_TOLERANCE_DAYS=365"
OAS30663,1527,1338.0,189.0,True,within tolerance,"nearest-day match, MRI_TOLERANCE_DAYS=365"
OAS30664,0,226.0,226.0,True,within tolerance,"nearest-day match, MRI_TOLERANCE_DAYS=365"
OAS30664,348,226.0,122.0,True,within tolerance,"nearest-day match, MRI_TOLERANCE_DAYS=365"
OAS30664,750,226.0,524.0,False,nearest MRI is 524 days away (exceeds 365-day tolerance),"nearest-day match, MRI_TOLERANCE_DAYS=365"
OAS30664,1513,226.0,1287.0,False,nearest MRI is 1287 days away (exceeds 365-day tolerance),"nearest-day match, MRI_TOLERANCE_DAYS=365"
OAS30664,1885,226.0,1659.0,False,nearest MRI is 1659 days away (exceeds 365-day tolerance),"nearest-day match, MRI_TOLERANCE_DAYS=365"
OAS30664,2613,3557.0,944.0,False,nearest MRI is 944 days away (exceeds 365-day tolerance),"nearest-day match, MRI_TOLERANCE_DAYS=365"
OAS30664,3429,3557.0,128.0,True,within tolerance,"nearest-day match, MRI_TOLERANCE_DAYS=365"
OAS30664,3786,3557.0,229.0,True,within tolerance,"nearest-day match, MRI_TOLERANCE_DAYS=365"
OAS30664,4138,3557.0,581.0,False,nearest MRI is 581 days away (exceeds 365-day tolerance),"nearest-day match, MRI_TOLERANCE_DAYS=365"
OAS30665,1024,4735.0,3711.0,False,nearest MRI is 3711 days away (exceeds 365-day tolerance),"nearest-day match, MRI_TOLERANCE_DAYS=365"
OAS30665,3192,4735.0,1543.0,False,nearest MRI is 1543 days away (exceeds 365-day tolerance),"nearest-day match, MRI_TOLERANCE_DAYS=365"
OAS30665,3523,4735.0,1212.0,False,nearest MRI is 1212 days away (exceeds 365-day tolerance),"nearest-day match, MRI_TOLERANCE_DAYS=365"
OAS30665,3906,4735.0,829.0,False,nearest MRI is 829 days away (exceeds 365-day tolerance),"nearest-day match, MRI_TOLERANCE_DAYS=365"
OAS30665,4634,4735.0,101.0,True,within tolerance,"nearest-day match, MRI_TOLERANCE_DAYS=365"
OAS30666,0,211.0,211.0,True,within tolerance,"nearest-day match, MRI_TOLERANCE_DAYS=365"
OAS30667,0,108.0,108.0,True,within tolerance,"nearest-day match, MRI_TOLERANCE_DAYS=365"
OAS30667,1246,888.0,358.0,True,within tolerance,"nearest-day match, MRI_TOLERANCE_DAYS=365"
OAS30667,1857,888.0,969.0,False,nearest MRI is 969 days away (exceeds 365-day tolerance),"nearest-day match, MRI_TOLERANCE_DAYS=365"
OAS30667,2196,888.0,1308.0,False,nearest MRI is 1308 days away (exceeds 365-day tolerance),"nearest-day match, MRI_TOLERANCE_DAYS=365"
OAS30668,0,597.0,597.0,False,nearest MRI is 597 days away (exceeds 365-day tolerance),"nearest-day match, MRI_TOLERANCE_DAYS=365"
OAS30668,1127,1153.0,26.0,True,within tolerance,"nearest-day match, MRI_TOLERANCE_DAYS=365"
OAS30669,0,2733.0,2733.0,False,nearest MRI is 2733 days away (exceeds 365-day tolerance),"nearest-day match, MRI_TOLERANCE_DAYS=365"
OAS30669,349,2733.0,2384.0,False,nearest MRI is 2384 days away (exceeds 365-day tolerance),"nearest-day match, MRI_TOLERANCE_DAYS=365"
OAS30669,735,2733.0,1998.0,False,nearest MRI is 1998 days away (exceeds 365-day tolerance),"nearest-day match, MRI_TOLERANCE_DAYS=365"
OAS30669,1090,2733.0,1643.0,False,nearest MRI is 1643 days away (exceeds 365-day tolerance),"nearest-day match, MRI_TOLERANCE_DAYS=365"
OAS30669,1453,2733.0,1280.0,False,nearest MRI is 1280 days away (exceeds 365-day tolerance),"nearest-day match, MRI_TOLERANCE_DAYS=365"
OAS30669,1838,2733.0,895.0,False,nearest MRI is 895 days away (exceeds 365-day tolerance),"nearest-day match, MRI_TOLERANCE_DAYS=365"
OAS30669,2202,2733.0,531.0,False,nearest MRI is 531 days away (exceeds 365-day tolerance),"nearest-day match, MRI_TOLERANCE_DAYS=365"
OAS30669,2924,2733.0,191.0,True,within tolerance,"nearest-day match, MRI_TOLERANCE_DAYS=365"
OAS30669,3288,2733.0,555.0,False,nearest MRI is 555 days away (exceeds 365-day tolerance),"nearest-day match, MRI_TOLERANCE_DAYS=365"
OAS30669,3666,3919.0,253.0,True,within tolerance,"nearest-day match, MRI_TOLERANCE_DAYS=365"
OAS30669,4037,3919.0,118.0,True,within tolerance,"nearest-day match, MRI_TOLERANCE_DAYS=365"
OAS30669,4422,3919.0,503.0,False,nearest MRI is 503 days away (exceeds 365-day tolerance),"nearest-day match, MRI_TOLERANCE_DAYS=365"
OAS30670,0,83.0,83.0,True,within tolerance,"nearest-day match, MRI_TOLERANCE_DAYS=365"
OAS30670,450,83.0,367.0,False,nearest MRI is 367 days away (exceeds 365-day tolerance),"nearest-day match, MRI_TOLERANCE_DAYS=365"
OAS30670,853,1519.0,666.0,False,nearest MRI is 666 days away (exceeds 365-day tolerance),"nearest-day match, MRI_TOLERANCE_DAYS=365"
OAS30670,1283,1519.0,236.0,True,within tolerance,"nearest-day match, MRI_TOLERANCE_DAYS=365"
OAS30670,2119,1519.0,600.0,False,nearest MRI is 600 days away (exceeds 365-day tolerance),"nearest-day match, MRI_TOLERANCE_DAYS=365"
OAS30671,0,267.0,267.0,True,within tolerance,"nearest-day match, MRI_TOLERANCE_DAYS=365"
OAS30671,444,267.0,177.0,True,within tolerance,"nearest-day match, MRI_TOLERANCE_DAYS=365"
OAS30671,1570,1122.0,448.0,False,nearest MRI is 448 days away (exceeds 365-day tolerance),"nearest-day match, MRI_TOLERANCE_DAYS=365"
OAS30671,1927,2486.0,559.0,False,nearest MRI is 559 days away (exceeds 365-day tolerance),"nearest-day match, MRI_TOLERANCE_DAYS=365"
OAS30671,2327,2486.0,159.0,True,within tolerance,"nearest-day match, MRI_TOLERANCE_DAYS=365"
OAS30671,2701,2486.0,215.0,True,within tolerance,"nearest-day match, MRI_TOLERANCE_DAYS=365"
OAS30671,3053,3613.0,560.0,False,nearest MRI is 560 days away (exceeds 365-day tolerance),"nearest-day match, MRI_TOLERANCE_DAYS=365"
OAS30671,3437,3613.0,176.0,True,within tolerance,"nearest-day match, MRI_TOLERANCE_DAYS=365"
OAS30671,3984,3613.0,371.0,False,nearest MRI is 371 days away (exceeds 365-day tolerance),"nearest-day match, MRI_TOLERANCE_DAYS=365"
OAS30671,4447,3613.0,834.0,False,nearest MRI is 834 days away (exceeds 365-day tolerance),"nearest-day match, MRI_TOLERANCE_DAYS=365"
OAS30672,0,107.0,107.0,True,within tolerance,"nearest-day match, MRI_TOLERANCE_DAYS=365"
OAS30672,329,107.0,222.0,True,within tolerance,"nearest-day match, MRI_TOLERANCE_DAYS=365"
OAS30672,716,966.0,250.0,True,within tolerance,"nearest-day match, MRI_TOLERANCE_DAYS=365"
OAS30672,1098,966.0,132.0,True,within tolerance,"nearest-day match, MRI_TOLERANCE_DAYS=365"
OAS30672,1483,966.0,517.0,False,nearest MRI is 517 days away (exceeds 365-day tolerance),"nearest-day match, MRI_TOLERANCE_DAYS=365"
OAS30672,1881,966.0,915.0,False,nearest MRI is 915 days away (exceeds 365-day tolerance),"nearest-day match, MRI_TOLERANCE_DAYS=365"
OAS30672,2221,966.0,1255.0,False,nearest MRI is 1255 days away (exceeds 365-day tolerance),"nearest-day match, MRI_TOLERANCE_DAYS=365"
OAS30672,2568,966.0,1602.0,False,nearest MRI is 1602 days away (exceeds 365-day tolerance),"nearest-day match, MRI_TOLERANCE_DAYS=365"
OAS30672,3010,966.0,2044.0,False,nearest MRI is 2044 days away (exceeds 365-day tolerance),"nearest-day match, MRI_TOLERANCE_DAYS=365"
OAS30673,0,43.0,43.0,True,within tolerance,"nearest-day match, MRI_TOLERANCE_DAYS=365"
OAS30673,2184,2417.0,233.0,True,within tolerance,"nearest-day match, MRI_TOLERANCE_DAYS=365"
OAS30673,5277,3803.0,1474.0,False,nearest MRI is 1474 days away (exceeds 365-day tolerance),"nearest-day match, MRI_TOLERANCE_DAYS=365"
OAS30674,0,1011.0,1011.0,False,nearest MRI is 1011 days away (exceeds 365-day tolerance),"nearest-day match, MRI_TOLERANCE_DAYS=365"
OAS30674,407,1011.0,604.0,False,nearest MRI is 604 days away (exceeds 365-day tolerance),"nearest-day match, MRI_TOLERANCE_DAYS=365"
OAS30674,751,1011.0,260.0,True,within tolerance,"nearest-day match, MRI_TOLERANCE_DAYS=365"
OAS30674,1845,1782.0,63.0,True,within tolerance,"nearest-day match, MRI_TOLERANCE_DAYS=365"
OAS30674,2528,1782.0,746.0,False,nearest MRI is 746 days away (exceeds 365-day tolerance),"nearest-day match, MRI_TOLERANCE_DAYS=365"
OAS30674,3004,1782.0,1222.0,False,nearest MRI is 1222 days away (exceeds 365-day tolerance),"nearest-day match, MRI_TOLERANCE_DAYS=365"
OAS30674,3378,1782.0,1596.0,False,nearest MRI is 1596 days away (exceeds 365-day tolerance),"nearest-day match, MRI_TOLERANCE_DAYS=365"
OAS30675,451,7433.0,6982.0,False,nearest MRI is 6982 days away (exceeds 365-day tolerance),"nearest-day match, MRI_TOLERANCE_DAYS=365"
OAS30675,1500,7433.0,5933.0,False,nearest MRI is 5933 days away (exceeds 365-day tolerance),"nearest-day match, MRI_TOLERANCE_DAYS=365"
OAS30675,1970,7433.0,5463.0,False,nearest MRI is 5463 days away (exceeds 365-day tolerance),"nearest-day match, MRI_TOLERANCE_DAYS=365"
OAS30675,2351,7433.0,5082.0,False,nearest MRI is 5082 days away (exceeds 365-day tolerance),"nearest-day match, MRI_TOLERANCE_DAYS=365"
OAS30675,2745,7433.0,4688.0,False,nearest MRI is 4688 days away (exceeds 365-day tolerance),"nearest-day match, MRI_TOLERANCE_DAYS=365"
OAS30675,3095,7433.0,4338.0,False,nearest MRI is 4338 days away (exceeds 365-day tolerance),"nearest-day match, MRI_TOLERANCE_DAYS=365"
OAS30675,3844,7433.0,3589.0,False,nearest MRI is 3589 days away (exceeds 365-day tolerance),"nearest-day match, MRI_TOLERANCE_DAYS=365"
OAS30675,4245,7433.0,3188.0,False,nearest MRI is 3188 days away (exceeds 365-day tolerance),"nearest-day match, MRI_TOLERANCE_DAYS=365"
OAS30675,4609,7433.0,2824.0,False,nearest MRI is 2824 days away (exceeds 365-day tolerance),"nearest-day match, MRI_TOLERANCE_DAYS=365"
OAS30675,5001,7433.0,2432.0,False,nearest MRI is 2432 days away (exceeds 365-day tolerance),"nearest-day match, MRI_TOLERANCE_DAYS=365"
OAS30675,5375,7433.0,2058.0,False,nearest MRI is 2058 days away (exceeds 365-day tolerance),"nearest-day match, MRI_TOLERANCE_DAYS=365"
OAS30675,5718,7433.0,1715.0,False,nearest MRI is 1715 days away (exceeds 365-day tolerance),"nearest-day match, MRI_TOLERANCE_DAYS=365"
OAS30675,6089,7433.0,1344.0,False,nearest MRI is 1344 days away (exceeds 365-day tolerance),"nearest-day match, MRI_TOLERANCE_DAYS=365"
OAS30675,6448,7433.0,985.0,False,nearest MRI is 985 days away (exceeds 365-day tolerance),"nearest-day match, MRI_TOLERANCE_DAYS=365"
OAS30675,6863,7433.0,570.0,False,nearest MRI is 570 days away (exceeds 365-day tolerance),"nearest-day match, MRI_TOLERANCE_DAYS=365"
OAS30675,7233,7433.0,200.0,True,within tolerance,"nearest-day match, MRI_TOLERANCE_DAYS=365"
OAS30675,7946,7433.0,513.0,False,nearest MRI is 513 days away (exceeds 365-day tolerance),"nearest-day match, MRI_TOLERANCE_DAYS=365"
OAS30675,8667,9297.0,630.0,False,nearest MRI is 630 days away (exceeds 365-day tolerance),"nearest-day match, MRI_TOLERANCE_DAYS=365"
OAS30675,9383,9297.0,86.0,True,within tolerance,"nearest-day match, MRI_TOLERANCE_DAYS=365"
OAS30675,9792,9297.0,495.0,False,nearest MRI is 495 days away (exceeds 365-day tolerance),"nearest-day match, MRI_TOLERANCE_DAYS=365"
OAS30675,10247,9297.0,950.0,False,nearest MRI is 950 days away (exceeds 365-day tolerance),"nearest-day match, MRI_TOLERANCE_DAYS=365"
OAS30675,10527,9297.0,1230.0,False,nearest MRI is 1230 days away (exceeds 365-day tolerance),"nearest-day match, MRI_TOLERANCE_DAYS=365"
OAS30676,0,861.0,861.0,False,nearest MRI is 861 days away (exceeds 365-day tolerance),"nearest-day match, MRI_TOLERANCE_DAYS=365"
OAS30676,1198,861.0,337.0,True,within tolerance,"nearest-day match, MRI_TOLERANCE_DAYS=365"
OAS30676,2354,2186.0,168.0,True,within tolerance,"nearest-day match, MRI_TOLERANCE_DAYS=365"
OAS30676,2695,2186.0,509.0,False,nearest MRI is 509 days away (exceeds 365-day tolerance),"nearest-day match, MRI_TOLERANCE_DAYS=365"
OAS30676,3027,3577.0,550.0,False,nearest MRI is 550 days away (exceeds 365-day tolerance),"nearest-day match, MRI_TOLERANCE_DAYS=365"
OAS30676,3531,3577.0,46.0,True,within tolerance,"nearest-day match, MRI_TOLERANCE_DAYS=365"
OAS30676,4477,4138.0,339.0,True,within tolerance,"nearest-day match, MRI_TOLERANCE_DAYS=365"
OAS30676,4984,5558.0,574.0,False,nearest MRI is 574 days away (exceeds 365-day tolerance),"nearest-day match, MRI_TOLERANCE_DAYS=365"
OAS30676,5338,5558.0,220.0,True,within tolerance,"nearest-day match, MRI_TOLERANCE_DAYS=365"
OAS30676,5805,5558.0,247.0,True,within tolerance,"nearest-day match, MRI_TOLERANCE_DAYS=365"
OAS30677,0,0.0,0.0,True,within tolerance,"nearest-day match, MRI_TOLERANCE_DAYS=365"
OAS30677,410,0.0,410.0,False,nearest MRI is 410 days away (exceeds 365-day tolerance),"nearest-day match, MRI_TOLERANCE_DAYS=365"
OAS30677,943,0.0,943.0,False,nearest MRI is 943 days away (exceeds 365-day tolerance),"nearest-day match, MRI_TOLERANCE_DAYS=365"
OAS30677,1382,0.0,1382.0,False,nearest MRI is 1382 days away (exceeds 365-day tolerance),"nearest-day match, MRI_TOLERANCE_DAYS=365"
OAS30678,0,93.0,93.0,True,within tolerance,"nearest-day match, MRI_TOLERANCE_DAYS=365"
OAS30679,0,91.0,91.0,True,within tolerance,"nearest-day match, MRI_TOLERANCE_DAYS=365"
OAS30679,377,91.0,286.0,True,within tolerance,"nearest-day match, MRI_TOLERANCE_DAYS=365"
OAS30679,1106,1249.0,143.0,True,within tolerance,"nearest-day match, MRI_TOLERANCE_DAYS=365"
OAS30680,0,6255.0,6255.0,False,nearest MRI is 6255 days away (exceeds 365-day tolerance),"nearest-day match, MRI_TOLERANCE_DAYS=365"
OAS30680,1925,6255.0,4330.0,False,nearest MRI is 4330 days away (exceeds 365-day tolerance),"nearest-day match, MRI_TOLERANCE_DAYS=365"
OAS30680,4339,6255.0,1916.0,False,nearest MRI is 1916 days away (exceeds 365-day tolerance),"nearest-day match, MRI_TOLERANCE_DAYS=365"
OAS30680,4835,6255.0,1420.0,False,nearest MRI is 1420 days away (exceeds 365-day tolerance),"nearest-day match, MRI_TOLERANCE_DAYS=365"
OAS30680,5213,6255.0,1042.0,False,nearest MRI is 1042 days away (exceeds 365-day tolerance),"nearest-day match, MRI_TOLERANCE_DAYS=365"
OAS30680,5514,6255.0,741.0,False,nearest MRI is 741 days away (exceeds 365-day tolerance),"nearest-day match, MRI_TOLERANCE_DAYS=365"
OAS30680,5934,6255.0,321.0,True,within tolerance,"nearest-day match, MRI_TOLERANCE_DAYS=365"
OAS30680,6124,6255.0,131.0,True,within tolerance,"nearest-day match, MRI_TOLERANCE_DAYS=365"
OAS30680,6591,6255.0,336.0,True,within tolerance,"nearest-day match, MRI_TOLERANCE_DAYS=365"
OAS30680,7350,6255.0,1095.0,False,nearest MRI is 1095 days away (exceeds 365-day tolerance),"nearest-day match, MRI_TOLERANCE_DAYS=365"
OAS30683,1128,1337.0,209.0,True,within tolerance,"nearest-day match, MRI_TOLERANCE_DAYS=365"
OAS30683,2186,2368.0,182.0,True,within tolerance,"nearest-day match, MRI_TOLERANCE_DAYS=365"
OAS30683,2640,2368.0,272.0,True,within tolerance,"nearest-day match, MRI_TOLERANCE_DAYS=365"
OAS30683,3005,2368.0,637.0,False,nearest MRI is 637 days away (exceeds 365-day tolerance),"nearest-day match, MRI_TOLERANCE_DAYS=365"
OAS30685,469,32.0,437.0,False,nearest MRI is 437 days away (exceeds 365-day tolerance),"nearest-day match, MRI_TOLERANCE_DAYS=365"
OAS30685,859,1552.0,693.0,False,nearest MRI is 693 days away (exceeds 365-day tolerance),"nearest-day match, MRI_TOLERANCE_DAYS=365"
OAS30685,1397,1552.0,155.0,True,within tolerance,"nearest-day match, MRI_TOLERANCE_DAYS=365"
OAS30685,1746,1552.0,194.0,True,within tolerance,"nearest-day match, MRI_TOLERANCE_DAYS=365"
OAS30685,2068,1552.0,516.0,False,nearest MRI is 516 days away (exceeds 365-day tolerance),"nearest-day match, MRI_TOLERANCE_DAYS=365"
OAS30686,0,30.0,30.0,True,within tolerance,"nearest-day match, MRI_TOLERANCE_DAYS=365"
OAS30686,269,30.0,239.0,True,within tolerance,"nearest-day match, MRI_TOLERANCE_DAYS=365"
OAS30687,0,64.0,64.0,True,within tolerance,"nearest-day match, MRI_TOLERANCE_DAYS=365"
OAS30687,373,541.0,168.0,True,within tolerance,"nearest-day match, MRI_TOLERANCE_DAYS=365"
OAS30688,0,120.0,120.0,True,within tolerance,"nearest-day match, MRI_TOLERANCE_DAYS=365"
OAS30688,392,120.0,272.0,True,within tolerance,"nearest-day match, MRI_TOLERANCE_DAYS=365"
OAS30688,1129,672.0,457.0,False,nearest MRI is 457 days away (exceeds 365-day tolerance),"nearest-day match, MRI_TOLERANCE_DAYS=365"
OAS30688,2612,2394.0,218.0,True,within tolerance,"nearest-day match, MRI_TOLERANCE_DAYS=365"
OAS30688,3015,3465.0,450.0,False,nearest MRI is 450 days away (exceeds 365-day tolerance),"nearest-day match, MRI_TOLERANCE_DAYS=365"
OAS30688,3338,3465.0,127.0,True,within tolerance,"nearest-day match, MRI_TOLERANCE_DAYS=365"
OAS30688,4024,3465.0,559.0,False,nearest MRI is 559 days away (exceeds 365-day tolerance),"nearest-day match, MRI_TOLERANCE_DAYS=365"
OAS30688,4495,4604.0,109.0,True,within tolerance,"nearest-day match, MRI_TOLERANCE_DAYS=365"
OAS30689,0,2082.0,2082.0,False,nearest MRI is 2082 days away (exceeds 365-day tolerance),"nearest-day match, MRI_TOLERANCE_DAYS=365"
OAS30689,393,2082.0,1689.0,False,nearest MRI is 1689 days away (exceeds 365-day tolerance),"nearest-day match, MRI_TOLERANCE_DAYS=365"
OAS30689,1113,2082.0,969.0,False,nearest MRI is 969 days away (exceeds 365-day tolerance),"nearest-day match, MRI_TOLERANCE_DAYS=365"
OAS30689,1485,2082.0,597.0,False,nearest MRI is 597 days away (exceeds 365-day tolerance),"nearest-day match, MRI_TOLERANCE_DAYS=365"
OAS30689,2558,2082.0,476.0,False,nearest MRI is 476 days away (exceeds 365-day tolerance),"nearest-day match, MRI_TOLERANCE_DAYS=365"
OAS30689,3518,2082.0,1436.0,False,nearest MRI is 1436 days away (exceeds 365-day tolerance),"nearest-day match, MRI_TOLERANCE_DAYS=365"
OAS30690,0,42.0,42.0,True,within tolerance,"nearest-day match, MRI_TOLERANCE_DAYS=365"
OAS30690,1297,1427.0,130.0,True,within tolerance,"nearest-day match, MRI_TOLERANCE_DAYS=365"
OAS30691,0,56.0,56.0,True,within tolerance,"nearest-day match, MRI_TOLERANCE_DAYS=365"
OAS30692,0,2407.0,2407.0,False,nearest MRI is 2407 days away (exceeds 365-day tolerance),"nearest-day match, MRI_TOLERANCE_DAYS=365"
OAS30692,385,2407.0,2022.0,False,nearest MRI is 2022 days away (exceeds 365-day tolerance),"nearest-day match, MRI_TOLERANCE_DAYS=365"
OAS30692,700,2407.0,1707.0,False,nearest MRI is 1707 days away (exceeds 365-day tolerance),"nearest-day match, MRI_TOLERANCE_DAYS=365"
OAS30692,1105,2407.0,1302.0,False,nearest MRI is 1302 days away (exceeds 365-day tolerance),"nearest-day match, MRI_TOLERANCE_DAYS=365"
OAS30692,1462,2407.0,945.0,False,nearest MRI is 945 days away (exceeds 365-day tolerance),"nearest-day match, MRI_TOLERANCE_DAYS=365"
OAS30692,1848,2407.0,559.0,False,nearest MRI is 559 days away (exceeds 365-day tolerance),"nearest-day match, MRI_TOLERANCE_DAYS=365"
OAS30692,2234,2407.0,173.0,True,within tolerance,"nearest-day match, MRI_TOLERANCE_DAYS=365"
OAS30692,2623,2407.0,216.0,True,within tolerance,"nearest-day match, MRI_TOLERANCE_DAYS=365"
OAS30692,2959,2407.0,552.0,False,nearest MRI is 552 days away (exceeds 365-day tolerance),"nearest-day match, MRI_TOLERANCE_DAYS=365"
OAS30692,3302,2407.0,895.0,False,nearest MRI is 895 days away (exceeds 365-day tolerance),"nearest-day match, MRI_TOLERANCE_DAYS=365"
OAS30692,3739,2407.0,1332.0,False,nearest MRI is 1332 days away (exceeds 365-day tolerance),"nearest-day match, MRI_TOLERANCE_DAYS=365"
OAS30692,4116,2407.0,1709.0,False,nearest MRI is 1709 days away (exceeds 365-day tolerance),"nearest-day match, MRI_TOLERANCE_DAYS=365"
OAS30692,4565,2407.0,2158.0,False,nearest MRI is 2158 days away (exceeds 365-day tolerance),"nearest-day match, MRI_TOLERANCE_DAYS=365"
OAS30692,4870,2407.0,2463.0,False,nearest MRI is 2463 days away (exceeds 365-day tolerance),"nearest-day match, MRI_TOLERANCE_DAYS=365"
OAS30693,0,32.0,32.0,True,within tolerance,"nearest-day match, MRI_TOLERANCE_DAYS=365"
OAS30693,1194,32.0,1162.0,False,nearest MRI is 1162 days away (exceeds 365-day tolerance),"nearest-day match, MRI_TOLERANCE_DAYS=365"
OAS30695,0,104.0,104.0,True,within tolerance,"nearest-day match, MRI_TOLERANCE_DAYS=365"
OAS30695,441,104.0,337.0,True,within tolerance,"nearest-day match, MRI_TOLERANCE_DAYS=365"
OAS30695,819,104.0,715.0,False,nearest MRI is 715 days away (exceeds 365-day tolerance),"nearest-day match, MRI_TOLERANCE_DAYS=365"
OAS30695,1541,104.0,1437.0,False,nearest MRI is 1437 days away (exceeds 365-day tolerance),"nearest-day match, MRI_TOLERANCE_DAYS=365"
OAS30698,405,,,False,subject has zero MRI/FreeSurfer records,"nearest-day match, MRI_TOLERANCE_DAYS=365"
OAS30698,804,,,False,subject has zero MRI/FreeSurfer records,"nearest-day match, MRI_TOLERANCE_DAYS=365"
OAS30698,1296,,,False,subject has zero MRI/FreeSurfer records,"nearest-day match, MRI_TOLERANCE_DAYS=365"
OAS30698,1612,,,False,subject has zero MRI/FreeSurfer records,"nearest-day match, MRI_TOLERANCE_DAYS=365"
OAS30699,0,108.0,108.0,True,within tolerance,"nearest-day match, MRI_TOLERANCE_DAYS=365"
OAS30699,2264,1809.0,455.0,False,nearest MRI is 455 days away (exceeds 365-day tolerance),"nearest-day match, MRI_TOLERANCE_DAYS=365"
OAS30699,3714,3846.0,132.0,True,within tolerance,"nearest-day match, MRI_TOLERANCE_DAYS=365"
OAS30699,4500,3846.0,654.0,False,nearest MRI is 654 days away (exceeds 365-day tolerance),"nearest-day match, MRI_TOLERANCE_DAYS=365"
OAS30699,5470,5530.0,60.0,True,within tolerance,"nearest-day match, MRI_TOLERANCE_DAYS=365"
OAS30700,0,2243.0,2243.0,False,nearest MRI is 2243 days away (exceeds 365-day tolerance),"nearest-day match, MRI_TOLERANCE_DAYS=365"
OAS30700,404,2243.0,1839.0,False,nearest MRI is 1839 days away (exceeds 365-day tolerance),"nearest-day match, MRI_TOLERANCE_DAYS=365"
OAS30700,747,2243.0,1496.0,False,nearest MRI is 1496 days away (exceeds 365-day tolerance),"nearest-day match, MRI_TOLERANCE_DAYS=365"
OAS30700,1117,2243.0,1126.0,False,nearest MRI is 1126 days away (exceeds 365-day tolerance),"nearest-day match, MRI_TOLERANCE_DAYS=365"
OAS30700,1488,2243.0,755.0,False,nearest MRI is 755 days away (exceeds 365-day tolerance),"nearest-day match, MRI_TOLERANCE_DAYS=365"
OAS30700,1873,2243.0,370.0,False,nearest MRI is 370 days away (exceeds 365-day tolerance),"nearest-day match, MRI_TOLERANCE_DAYS=365"
OAS30700,2239,2243.0,4.0,True,within tolerance,"nearest-day match, MRI_TOLERANCE_DAYS=365"
OAS30700,2656,2243.0,413.0,False,nearest MRI is 413 days away (exceeds 365-day tolerance),"nearest-day match, MRI_TOLERANCE_DAYS=365"
OAS30700,3079,3380.0,301.0,True,within tolerance,"nearest-day match, MRI_TOLERANCE_DAYS=365"
OAS30700,3378,3380.0,2.0,True,within tolerance,"nearest-day match, MRI_TOLERANCE_DAYS=365"
OAS30701,0,54.0,54.0,True,within tolerance,"nearest-day match, MRI_TOLERANCE_DAYS=365"
OAS30701,1259,1333.0,74.0,True,within tolerance,"nearest-day match, MRI_TOLERANCE_DAYS=365"
OAS30701,2357,2371.0,14.0,True,within tolerance,"nearest-day match, MRI_TOLERANCE_DAYS=365"
OAS30702,0,84.0,84.0,True,within tolerance,"nearest-day match, MRI_TOLERANCE_DAYS=365"
OAS30702,1084,84.0,1000.0,False,nearest MRI is 1000 days away (exceeds 365-day tolerance),"nearest-day match, MRI_TOLERANCE_DAYS=365"
OAS30702,1513,84.0,1429.0,False,nearest MRI is 1429 days away (exceeds 365-day tolerance),"nearest-day match, MRI_TOLERANCE_DAYS=365"
OAS30703,0,76.0,76.0,True,within tolerance,"nearest-day match, MRI_TOLERANCE_DAYS=365"
OAS30703,390,588.0,198.0,True,within tolerance,"nearest-day match, MRI_TOLERANCE_DAYS=365"
OAS30703,1105,1120.0,15.0,True,within tolerance,"nearest-day match, MRI_TOLERANCE_DAYS=365"
OAS30703,1532,1120.0,412.0,False,nearest MRI is 412 days away (exceeds 365-day tolerance),"nearest-day match, MRI_TOLERANCE_DAYS=365"
OAS30705,0,70.0,70.0,True,within tolerance,"nearest-day match, MRI_TOLERANCE_DAYS=365"
OAS30705,1002,70.0,932.0,False,nearest MRI is 932 days away (exceeds 365-day tolerance),"nearest-day match, MRI_TOLERANCE_DAYS=365"
OAS30705,1359,2185.0,826.0,False,nearest MRI is 826 days away (exceeds 365-day tolerance),"nearest-day match, MRI_TOLERANCE_DAYS=365"
OAS30705,1720,2185.0,465.0,False,nearest MRI is 465 days away (exceeds 365-day tolerance),"nearest-day match, MRI_TOLERANCE_DAYS=365"
OAS30705,2098,2185.0,87.0,True,within tolerance,"nearest-day match, MRI_TOLERANCE_DAYS=365"
OAS30705,2487,2185.0,302.0,True,within tolerance,"nearest-day match, MRI_TOLERANCE_DAYS=365"
OAS30706,0,60.0,60.0,True,within tolerance,"nearest-day match, MRI_TOLERANCE_DAYS=365"
OAS30706,406,60.0,346.0,True,within tolerance,"nearest-day match, MRI_TOLERANCE_DAYS=365"
OAS30706,782,1228.0,446.0,False,nearest MRI is 446 days away (exceeds 365-day tolerance),"nearest-day match, MRI_TOLERANCE_DAYS=365"
OAS30706,1126,1228.0,102.0,True,within tolerance,"nearest-day match, MRI_TOLERANCE_DAYS=365"
OAS30706,1438,1228.0,210.0,True,within tolerance,"nearest-day match, MRI_TOLERANCE_DAYS=365"
OAS30706,1854,1228.0,626.0,False,nearest MRI is 626 days away (exceeds 365-day tolerance),"nearest-day match, MRI_TOLERANCE_DAYS=365"
OAS30706,2240,1228.0,1012.0,False,nearest MRI is 1012 days away (exceeds 365-day tolerance),"nearest-day match, MRI_TOLERANCE_DAYS=365"
OAS30707,0,453.0,453.0,False,nearest MRI is 453 days away (exceeds 365-day tolerance),"nearest-day match, MRI_TOLERANCE_DAYS=365"
OAS30707,357,453.0,96.0,True,within tolerance,"nearest-day match, MRI_TOLERANCE_DAYS=365"
OAS30707,722,453.0,269.0,True,within tolerance,"nearest-day match, MRI_TOLERANCE_DAYS=365"
OAS30707,1359,453.0,906.0,False,nearest MRI is 906 days away (exceeds 365-day tolerance),"nearest-day match, MRI_TOLERANCE_DAYS=365"
OAS30707,1786,453.0,1333.0,False,nearest MRI is 1333 days away (exceeds 365-day tolerance),"nearest-day match, MRI_TOLERANCE_DAYS=365"
OAS30708,0,71.0,71.0,True,within tolerance,"nearest-day match, MRI_TOLERANCE_DAYS=365"
OAS30708,406,71.0,335.0,True,within tolerance,"nearest-day match, MRI_TOLERANCE_DAYS=365"
OAS30709,0,26.0,26.0,True,within tolerance,"nearest-day match, MRI_TOLERANCE_DAYS=365"
OAS30710,0,58.0,58.0,True,within tolerance,"nearest-day match, MRI_TOLERANCE_DAYS=365"
OAS30710,362,58.0,304.0,True,within tolerance,"nearest-day match, MRI_TOLERANCE_DAYS=365"
OAS30710,1087,1179.0,92.0,True,within tolerance,"nearest-day match, MRI_TOLERANCE_DAYS=365"
OAS30710,1482,1179.0,303.0,True,within tolerance,"nearest-day match, MRI_TOLERANCE_DAYS=365"
OAS30710,1832,2323.0,491.0,False,nearest MRI is 491 days away (exceeds 365-day tolerance),"nearest-day match, MRI_TOLERANCE_DAYS=365"
OAS30710,2193,2323.0,130.0,True,within tolerance,"nearest-day match, MRI_TOLERANCE_DAYS=365"
OAS30710,2587,2323.0,264.0,True,within tolerance,"nearest-day match, MRI_TOLERANCE_DAYS=365"
OAS30710,2956,2323.0,633.0,False,nearest MRI is 633 days away (exceeds 365-day tolerance),"nearest-day match, MRI_TOLERANCE_DAYS=365"
OAS30710,3694,3609.0,85.0,True,within tolerance,"nearest-day match, MRI_TOLERANCE_DAYS=365"
OAS30710,4083,3609.0,474.0,False,nearest MRI is 474 days away (exceeds 365-day tolerance),"nearest-day match, MRI_TOLERANCE_DAYS=365"
OAS30711,0,185.0,185.0,True,within tolerance,"nearest-day match, MRI_TOLERANCE_DAYS=365"
OAS30711,1099,1367.0,268.0,True,within tolerance,"nearest-day match, MRI_TOLERANCE_DAYS=365"
OAS30711,2394,2521.0,127.0,True,within tolerance,"nearest-day match, MRI_TOLERANCE_DAYS=365"
OAS30713,0,95.0,95.0,True,within tolerance,"nearest-day match, MRI_TOLERANCE_DAYS=365"
OAS30713,368,95.0,273.0,True,within tolerance,"nearest-day match, MRI_TOLERANCE_DAYS=365"
OAS30713,1091,1692.0,601.0,False,nearest MRI is 601 days away (exceeds 365-day tolerance),"nearest-day match, MRI_TOLERANCE_DAYS=365"
OAS30713,1531,1692.0,161.0,True,within tolerance,"nearest-day match, MRI_TOLERANCE_DAYS=365"
OAS30713,1883,1692.0,191.0,True,within tolerance,"nearest-day match, MRI_TOLERANCE_DAYS=365"
OAS30713,2190,2308.0,118.0,True,within tolerance,"nearest-day match, MRI_TOLERANCE_DAYS=365"
OAS30713,2671,2308.0,363.0,True,within tolerance,"nearest-day match, MRI_TOLERANCE_DAYS=365"
OAS30713,2995,2308.0,687.0,False,nearest MRI is 687 days away (exceeds 365-day tolerance),"nearest-day match, MRI_TOLERANCE_DAYS=365"
OAS30713,3317,4047.0,730.0,False,nearest MRI is 730 days away (exceeds 365-day tolerance),"nearest-day match, MRI_TOLERANCE_DAYS=365"
OAS30714,0,444.0,444.0,False,nearest MRI is 444 days away (exceeds 365-day tolerance),"nearest-day match, MRI_TOLERANCE_DAYS=365"
OAS30715,0,60.0,60.0,True,within tolerance,"nearest-day match, MRI_TOLERANCE_DAYS=365"
OAS30715,1124,1230.0,106.0,True,within tolerance,"nearest-day match, MRI_TOLERANCE_DAYS=365"
OAS30717,0,39.0,39.0,True,within tolerance,"nearest-day match, MRI_TOLERANCE_DAYS=365"
OAS30717,3789,2476.0,1313.0,False,nearest MRI is 1313 days away (exceeds 365-day tolerance),"nearest-day match, MRI_TOLERANCE_DAYS=365"
OAS30717,4221,2476.0,1745.0,False,nearest MRI is 1745 days away (exceeds 365-day tolerance),"nearest-day match, MRI_TOLERANCE_DAYS=365"
OAS30717,4544,2476.0,2068.0,False,nearest MRI is 2068 days away (exceeds 365-day tolerance),"nearest-day match, MRI_TOLERANCE_DAYS=365"
OAS30719,432,1166.0,734.0,False,nearest MRI is 734 days away (exceeds 365-day tolerance),"nearest-day match, MRI_TOLERANCE_DAYS=365"
OAS30719,1349,1166.0,183.0,True,within tolerance,"nearest-day match, MRI_TOLERANCE_DAYS=365"
OAS30719,1720,1166.0,554.0,False,nearest MRI is 554 days away (exceeds 365-day tolerance),"nearest-day match, MRI_TOLERANCE_DAYS=365"
OAS30719,2066,1166.0,900.0,False,nearest MRI is 900 days away (exceeds 365-day tolerance),"nearest-day match, MRI_TOLERANCE_DAYS=365"
OAS30719,2456,1166.0,1290.0,False,nearest MRI is 1290 days away (exceeds 365-day tolerance),"nearest-day match, MRI_TOLERANCE_DAYS=365"
OAS30719,2911,1166.0,1745.0,False,nearest MRI is 1745 days away (exceeds 365-day tolerance),"nearest-day match, MRI_TOLERANCE_DAYS=365"
OAS30719,3413,1166.0,2247.0,False,nearest MRI is 2247 days away (exceeds 365-day tolerance),"nearest-day match, MRI_TOLERANCE_DAYS=365"
OAS30719,3703,1166.0,2537.0,False,nearest MRI is 2537 days away (exceeds 365-day tolerance),"nearest-day match, MRI_TOLERANCE_DAYS=365"
OAS30720,0,69.0,69.0,True,within tolerance,"nearest-day match, MRI_TOLERANCE_DAYS=365"
OAS30720,394,566.0,172.0,True,within tolerance,"nearest-day match, MRI_TOLERANCE_DAYS=365"
OAS30720,1107,1570.0,463.0,False,nearest MRI is 463 days away (exceeds 365-day tolerance),"nearest-day match, MRI_TOLERANCE_DAYS=365"
OAS30720,1449,1570.0,121.0,True,within tolerance,"nearest-day match, MRI_TOLERANCE_DAYS=365"
OAS30720,1846,1570.0,276.0,True,within tolerance,"nearest-day match, MRI_TOLERANCE_DAYS=365"
OAS30720,2175,1570.0,605.0,False,nearest MRI is 605 days away (exceeds 365-day tolerance),"nearest-day match, MRI_TOLERANCE_DAYS=365"
OAS30720,2616,1570.0,1046.0,False,nearest MRI is 1046 days away (exceeds 365-day tolerance),"nearest-day match, MRI_TOLERANCE_DAYS=365"
OAS30720,3127,1570.0,1557.0,False,nearest MRI is 1557 days away (exceeds 365-day tolerance),"nearest-day match, MRI_TOLERANCE_DAYS=365"
OAS30720,3453,1570.0,1883.0,False,nearest MRI is 1883 days away (exceeds 365-day tolerance),"nearest-day match, MRI_TOLERANCE_DAYS=365"
OAS30720,3740,1570.0,2170.0,False,nearest MRI is 2170 days away (exceeds 365-day tolerance),"nearest-day match, MRI_TOLERANCE_DAYS=365"
OAS30720,4152,1570.0,2582.0,False,nearest MRI is 2582 days away (exceeds 365-day tolerance),"nearest-day match, MRI_TOLERANCE_DAYS=365"
OAS30720,4423,1570.0,2853.0,False,nearest MRI is 2853 days away (exceeds 365-day tolerance),"nearest-day match, MRI_TOLERANCE_DAYS=365"
OAS30720,4935,1570.0,3365.0,False,nearest MRI is 3365 days away (exceeds 365-day tolerance),"nearest-day match, MRI_TOLERANCE_DAYS=365"
OAS30720,5332,1570.0,3762.0,False,nearest MRI is 3762 days away (exceeds 365-day tolerance),"nearest-day match, MRI_TOLERANCE_DAYS=365"
OAS30721,0,62.0,62.0,True,within tolerance,"nearest-day match, MRI_TOLERANCE_DAYS=365"
OAS30721,371,396.0,25.0,True,within tolerance,"nearest-day match, MRI_TOLERANCE_DAYS=365"
OAS30721,826,396.0,430.0,False,nearest MRI is 430 days away (exceeds 365-day tolerance),"nearest-day match, MRI_TOLERANCE_DAYS=365"
OAS30721,1245,396.0,849.0,False,nearest MRI is 849 days away (exceeds 365-day tolerance),"nearest-day match, MRI_TOLERANCE_DAYS=365"
OAS30722,513,49.0,464.0,False,nearest MRI is 464 days away (exceeds 365-day tolerance),"nearest-day match, MRI_TOLERANCE_DAYS=365"
OAS30722,1112,1162.0,50.0,True,within tolerance,"nearest-day match, MRI_TOLERANCE_DAYS=365"
OAS30722,2649,1162.0,1487.0,False,nearest MRI is 1487 days away (exceeds 365-day tolerance),"nearest-day match, MRI_TOLERANCE_DAYS=365"
OAS30723,0,42.0,42.0,True,within tolerance,"nearest-day match, MRI_TOLERANCE_DAYS=365"
OAS30723,360,42.0,318.0,True,within tolerance,"nearest-day match, MRI_TOLERANCE_DAYS=365"
OAS30723,711,1179.0,468.0,False,nearest MRI is 468 days away (exceeds 365-day tolerance),"nearest-day match, MRI_TOLERANCE_DAYS=365"
OAS30723,1092,1179.0,87.0,True,within tolerance,"nearest-day match, MRI_TOLERANCE_DAYS=365"
OAS30723,1530,1179.0,351.0,True,within tolerance,"nearest-day match, MRI_TOLERANCE_DAYS=365"
OAS30723,1910,2278.0,368.0,False,nearest MRI is 368 days away (exceeds 365-day tolerance),"nearest-day match, MRI_TOLERANCE_DAYS=365"
OAS30723,2196,2278.0,82.0,True,within tolerance,"nearest-day match, MRI_TOLERANCE_DAYS=365"
OAS30723,2541,2568.0,27.0,True,within tolerance,"nearest-day match, MRI_TOLERANCE_DAYS=365"
OAS30723,2929,2568.0,361.0,True,within tolerance,"nearest-day match, MRI_TOLERANCE_DAYS=365"
OAS30723,3220,2568.0,652.0,False,nearest MRI is 652 days away (exceeds 365-day tolerance),"nearest-day match, MRI_TOLERANCE_DAYS=365"
OAS30723,3597,2568.0,1029.0,False,nearest MRI is 1029 days away (exceeds 365-day tolerance),"nearest-day match, MRI_TOLERANCE_DAYS=365"
OAS30723,4074,2568.0,1506.0,False,nearest MRI is 1506 days away (exceeds 365-day tolerance),"nearest-day match, MRI_TOLERANCE_DAYS=365"
OAS30724,0,2228.0,2228.0,False,nearest MRI is 2228 days away (exceeds 365-day tolerance),"nearest-day match, MRI_TOLERANCE_DAYS=365"
OAS30724,377,2228.0,1851.0,False,nearest MRI is 1851 days away (exceeds 365-day tolerance),"nearest-day match, MRI_TOLERANCE_DAYS=365"
OAS30724,755,2228.0,1473.0,False,nearest MRI is 1473 days away (exceeds 365-day tolerance),"nearest-day match, MRI_TOLERANCE_DAYS=365"
OAS30724,1107,2228.0,1121.0,False,nearest MRI is 1121 days away (exceeds 365-day tolerance),"nearest-day match, MRI_TOLERANCE_DAYS=365"
OAS30724,1490,2228.0,738.0,False,nearest MRI is 738 days away (exceeds 365-day tolerance),"nearest-day match, MRI_TOLERANCE_DAYS=365"
OAS30724,1846,2228.0,382.0,False,nearest MRI is 382 days away (exceeds 365-day tolerance),"nearest-day match, MRI_TOLERANCE_DAYS=365"
OAS30724,2227,2228.0,1.0,True,within tolerance,"nearest-day match, MRI_TOLERANCE_DAYS=365"
OAS30724,2583,2228.0,355.0,True,within tolerance,"nearest-day match, MRI_TOLERANCE_DAYS=365"
OAS30724,2917,3115.0,198.0,True,within tolerance,"nearest-day match, MRI_TOLERANCE_DAYS=365"
OAS30724,3415,3115.0,300.0,True,within tolerance,"nearest-day match, MRI_TOLERANCE_DAYS=365"
OAS30724,3710,3115.0,595.0,False,nearest MRI is 595 days away (exceeds 365-day tolerance),"nearest-day match, MRI_TOLERANCE_DAYS=365"
OAS30724,4150,3115.0,1035.0,False,nearest MRI is 1035 days away (exceeds 365-day tolerance),"nearest-day match, MRI_TOLERANCE_DAYS=365"
OAS30724,4457,3115.0,1342.0,False,nearest MRI is 1342 days away (exceeds 365-day tolerance),"nearest-day match, MRI_TOLERANCE_DAYS=365"
OAS30725,0,160.0,160.0,True,within tolerance,"nearest-day match, MRI_TOLERANCE_DAYS=365"
OAS30725,1138,1182.0,44.0,True,within tolerance,"nearest-day match, MRI_TOLERANCE_DAYS=365"
OAS30725,2355,2453.0,98.0,True,within tolerance,"nearest-day match, MRI_TOLERANCE_DAYS=365"
OAS30725,2611,2456.0,155.0,True,within tolerance,"nearest-day match, MRI_TOLERANCE_DAYS=365"
OAS30725,3063,3121.0,58.0,True,within tolerance,"nearest-day match, MRI_TOLERANCE_DAYS=365"
OAS30725,3454,3121.0,333.0,True,within tolerance,"nearest-day match, MRI_TOLERANCE_DAYS=365"
OAS30725,4395,3121.0,1274.0,False,nearest MRI is 1274 days away (exceeds 365-day tolerance),"nearest-day match, MRI_TOLERANCE_DAYS=365"
OAS30725,4784,3121.0,1663.0,False,nearest MRI is 1663 days away (exceeds 365-day tolerance),"nearest-day match, MRI_TOLERANCE_DAYS=365"
OAS30726,0,61.0,61.0,True,within tolerance,"nearest-day match, MRI_TOLERANCE_DAYS=365"
OAS30726,537,558.0,21.0,True,within tolerance,"nearest-day match, MRI_TOLERANCE_DAYS=365"
OAS30726,866,558.0,308.0,True,within tolerance,"nearest-day match, MRI_TOLERANCE_DAYS=365"
OAS30727,0,126.0,126.0,True,within tolerance,"nearest-day match, MRI_TOLERANCE_DAYS=365"
OAS30727,1109,1208.0,99.0,True,within tolerance,"nearest-day match, MRI_TOLERANCE_DAYS=365"
OAS30727,1840,1208.0,632.0,False,nearest MRI is 632 days away (exceeds 365-day tolerance),"nearest-day match, MRI_TOLERANCE_DAYS=365"
OAS30727,2194,1208.0,986.0,False,nearest MRI is 986 days away (exceeds 365-day tolerance),"nearest-day match, MRI_TOLERANCE_DAYS=365"
OAS30727,2939,1208.0,1731.0,False,nearest MRI is 1731 days away (exceeds 365-day tolerance),"nearest-day match, MRI_TOLERANCE_DAYS=365"
OAS30728,1240,516.0,724.0,False,nearest MRI is 724 days away (exceeds 365-day tolerance),"nearest-day match, MRI_TOLERANCE_DAYS=365"
OAS30729,0,3628.0,3628.0,False,nearest MRI is 3628 days away (exceeds 365-day tolerance),"nearest-day match, MRI_TOLERANCE_DAYS=365"
OAS30729,357,3628.0,3271.0,False,nearest MRI is 3271 days away (exceeds 365-day tolerance),"nearest-day match, MRI_TOLERANCE_DAYS=365"
OAS30729,833,3628.0,2795.0,False,nearest MRI is 2795 days away (exceeds 365-day tolerance),"nearest-day match, MRI_TOLERANCE_DAYS=365"
OAS30729,1673,3628.0,1955.0,False,nearest MRI is 1955 days away (exceeds 365-day tolerance),"nearest-day match, MRI_TOLERANCE_DAYS=365"
OAS30729,3553,3628.0,75.0,True,within tolerance,"nearest-day match, MRI_TOLERANCE_DAYS=365"
OAS30729,4428,4384.0,44.0,True,within tolerance,"nearest-day match, MRI_TOLERANCE_DAYS=365"
OAS30729,5733,6253.0,520.0,False,nearest MRI is 520 days away (exceeds 365-day tolerance),"nearest-day match, MRI_TOLERANCE_DAYS=365"
OAS30729,6092,6253.0,161.0,True,within tolerance,"nearest-day match, MRI_TOLERANCE_DAYS=365"
OAS30729,6429,6253.0,176.0,True,within tolerance,"nearest-day match, MRI_TOLERANCE_DAYS=365"
OAS30729,7198,6253.0,945.0,False,nearest MRI is 945 days away (exceeds 365-day tolerance),"nearest-day match, MRI_TOLERANCE_DAYS=365"
OAS30729,7513,6253.0,1260.0,False,nearest MRI is 1260 days away (exceeds 365-day tolerance),"nearest-day match, MRI_TOLERANCE_DAYS=365"
OAS30729,7991,6253.0,1738.0,False,nearest MRI is 1738 days away (exceeds 365-day tolerance),"nearest-day match, MRI_TOLERANCE_DAYS=365"
OAS30730,0,75.0,75.0,True,within tolerance,"nearest-day match, MRI_TOLERANCE_DAYS=365"
OAS30731,0,44.0,44.0,True,within tolerance,"nearest-day match, MRI_TOLERANCE_DAYS=365"
OAS30731,389,44.0,345.0,True,within tolerance,"nearest-day match, MRI_TOLERANCE_DAYS=365"
OAS30731,736,1148.0,412.0,False,nearest MRI is 412 days away (exceeds 365-day tolerance),"nearest-day match, MRI_TOLERANCE_DAYS=365"
OAS30731,3301,3375.0,74.0,True,within tolerance,"nearest-day match, MRI_TOLERANCE_DAYS=365"
OAS30731,3686,3375.0,311.0,True,within tolerance,"nearest-day match, MRI_TOLERANCE_DAYS=365"
OAS30731,4001,3375.0,626.0,False,nearest MRI is 626 days away (exceeds 365-day tolerance),"nearest-day match, MRI_TOLERANCE_DAYS=365"
OAS30731,4411,3375.0,1036.0,False,nearest MRI is 1036 days away (exceeds 365-day tolerance),"nearest-day match, MRI_TOLERANCE_DAYS=365"
OAS30732,0,74.0,74.0,True,within tolerance,"nearest-day match, MRI_TOLERANCE_DAYS=365"
OAS30732,374,74.0,300.0,True,within tolerance,"nearest-day match, MRI_TOLERANCE_DAYS=365"
OAS30733,0,3393.0,3393.0,False,nearest MRI is 3393 days away (exceeds 365-day tolerance),"nearest-day match, MRI_TOLERANCE_DAYS=365"
OAS30733,380,3393.0,3013.0,False,nearest MRI is 3013 days away (exceeds 365-day tolerance),"nearest-day match, MRI_TOLERANCE_DAYS=365"
OAS30733,740,3393.0,2653.0,False,nearest MRI is 2653 days away (exceeds 365-day tolerance),"nearest-day match, MRI_TOLERANCE_DAYS=365"
OAS30733,1096,3393.0,2297.0,False,nearest MRI is 2297 days away (exceeds 365-day tolerance),"nearest-day match, MRI_TOLERANCE_DAYS=365"
OAS30733,1483,3393.0,1910.0,False,nearest MRI is 1910 days away (exceeds 365-day tolerance),"nearest-day match, MRI_TOLERANCE_DAYS=365"
OAS30733,2924,3393.0,469.0,False,nearest MRI is 469 days away (exceeds 365-day tolerance),"nearest-day match, MRI_TOLERANCE_DAYS=365"
OAS30733,3295,3393.0,98.0,True,within tolerance,"nearest-day match, MRI_TOLERANCE_DAYS=365"
OAS30733,3737,3393.0,344.0,True,within tolerance,"nearest-day match, MRI_TOLERANCE_DAYS=365"
OAS30733,4068,3393.0,675.0,False,nearest MRI is 675 days away (exceeds 365-day tolerance),"nearest-day match, MRI_TOLERANCE_DAYS=365"
OAS30733,4423,4997.0,574.0,False,nearest MRI is 574 days away (exceeds 365-day tolerance),"nearest-day match, MRI_TOLERANCE_DAYS=365"
OAS30733,4940,4997.0,57.0,True,within tolerance,"nearest-day match, MRI_TOLERANCE_DAYS=365"
OAS30733,5291,4997.0,294.0,True,within tolerance,"nearest-day match, MRI_TOLERANCE_DAYS=365"
OAS30733,5641,4997.0,644.0,False,nearest MRI is 644 days away (exceeds 365-day tolerance),"nearest-day match, MRI_TOLERANCE_DAYS=365"
OAS30733,5999,4997.0,1002.0,False,nearest MRI is 1002 days away (exceeds 365-day tolerance),"nearest-day match, MRI_TOLERANCE_DAYS=365"
OAS30734,0,97.0,97.0,True,within tolerance,"nearest-day match, MRI_TOLERANCE_DAYS=365"
OAS30734,370,97.0,273.0,True,within tolerance,"nearest-day match, MRI_TOLERANCE_DAYS=365"
OAS30734,731,857.0,126.0,True,within tolerance,"nearest-day match, MRI_TOLERANCE_DAYS=365"
OAS30734,845,857.0,12.0,True,within tolerance,"nearest-day match, MRI_TOLERANCE_DAYS=365"
OAS30734,1987,857.0,1130.0,False,nearest MRI is 1130 days away (exceeds 365-day tolerance),"nearest-day match, MRI_TOLERANCE_DAYS=365"
OAS30735,1046,1119.0,73.0,True,within tolerance,"nearest-day match, MRI_TOLERANCE_DAYS=365"
OAS30735,2344,2484.0,140.0,True,within tolerance,"nearest-day match, MRI_TOLERANCE_DAYS=365"
OAS30735,3303,3515.0,212.0,True,within tolerance,"nearest-day match, MRI_TOLERANCE_DAYS=365"
OAS30735,3744,3515.0,229.0,True,within tolerance,"nearest-day match, MRI_TOLERANCE_DAYS=365"
OAS30735,4063,3515.0,548.0,False,nearest MRI is 548 days away (exceeds 365-day tolerance),"nearest-day match, MRI_TOLERANCE_DAYS=365"
OAS30735,4683,3515.0,1168.0,False,nearest MRI is 1168 days away (exceeds 365-day tolerance),"nearest-day match, MRI_TOLERANCE_DAYS=365"
OAS30736,0,3151.0,3151.0,False,nearest MRI is 3151 days away (exceeds 365-day tolerance),"nearest-day match, MRI_TOLERANCE_DAYS=365"
OAS30736,369,3151.0,2782.0,False,nearest MRI is 2782 days away (exceeds 365-day tolerance),"nearest-day match, MRI_TOLERANCE_DAYS=365"
OAS30736,714,3151.0,2437.0,False,nearest MRI is 2437 days away (exceeds 365-day tolerance),"nearest-day match, MRI_TOLERANCE_DAYS=365"
OAS30736,1446,3151.0,1705.0,False,nearest MRI is 1705 days away (exceeds 365-day tolerance),"nearest-day match, MRI_TOLERANCE_DAYS=365"
OAS30736,2071,3151.0,1080.0,False,nearest MRI is 1080 days away (exceeds 365-day tolerance),"nearest-day match, MRI_TOLERANCE_DAYS=365"
OAS30736,2251,3151.0,900.0,False,nearest MRI is 900 days away (exceeds 365-day tolerance),"nearest-day match, MRI_TOLERANCE_DAYS=365"
OAS30736,2959,3151.0,192.0,True,within tolerance,"nearest-day match, MRI_TOLERANCE_DAYS=365"
OAS30736,3444,3151.0,293.0,True,within tolerance,"nearest-day match, MRI_TOLERANCE_DAYS=365"
OAS30737,0,35.0,35.0,True,within tolerance,"nearest-day match, MRI_TOLERANCE_DAYS=365"
OAS30737,392,35.0,357.0,True,within tolerance,"nearest-day match, MRI_TOLERANCE_DAYS=365"
OAS30737,756,1137.0,381.0,False,nearest MRI is 381 days away (exceeds 365-day tolerance),"nearest-day match, MRI_TOLERANCE_DAYS=365"
OAS30737,1134,1137.0,3.0,True,within tolerance,"nearest-day match, MRI_TOLERANCE_DAYS=365"
OAS30739,0,51.0,51.0,True,within tolerance,"nearest-day match, MRI_TOLERANCE_DAYS=365"
OAS30739,422,51.0,371.0,False,nearest MRI is 371 days away (exceeds 365-day tolerance),"nearest-day match, MRI_TOLERANCE_DAYS=365"
OAS30739,1220,1394.0,174.0,True,within tolerance,"nearest-day match, MRI_TOLERANCE_DAYS=365"
OAS30739,1723,1394.0,329.0,True,within tolerance,"nearest-day match, MRI_TOLERANCE_DAYS=365"
OAS30741,0,3184.0,3184.0,False,nearest MRI is 3184 days away (exceeds 365-day tolerance),"nearest-day match, MRI_TOLERANCE_DAYS=365"
OAS30741,750,3184.0,2434.0,False,nearest MRI is 2434 days away (exceeds 365-day tolerance),"nearest-day match, MRI_TOLERANCE_DAYS=365"
OAS30741,1827,3184.0,1357.0,False,nearest MRI is 1357 days away (exceeds 365-day tolerance),"nearest-day match, MRI_TOLERANCE_DAYS=365"
OAS30741,2211,3184.0,973.0,False,nearest MRI is 973 days away (exceeds 365-day tolerance),"nearest-day match, MRI_TOLERANCE_DAYS=365"
OAS30741,2617,3184.0,567.0,False,nearest MRI is 567 days away (exceeds 365-day tolerance),"nearest-day match, MRI_TOLERANCE_DAYS=365"
OAS30741,3003,3184.0,181.0,True,within tolerance,"nearest-day match, MRI_TOLERANCE_DAYS=365"
OAS30741,3274,3184.0,90.0,True,within tolerance,"nearest-day match, MRI_TOLERANCE_DAYS=365"
OAS30742,0,58.0,58.0,True,within tolerance,"nearest-day match, MRI_TOLERANCE_DAYS=365"
OAS30742,1182,1932.0,750.0,False,nearest MRI is 750 days away (exceeds 365-day tolerance),"nearest-day match, MRI_TOLERANCE_DAYS=365"
OAS30742,2271,1932.0,339.0,True,within tolerance,"nearest-day match, MRI_TOLERANCE_DAYS=365"
OAS30742,3361,3387.0,26.0,True,within tolerance,"nearest-day match, MRI_TOLERANCE_DAYS=365"
OAS30742,3661,3619.0,42.0,True,within tolerance,"nearest-day match, MRI_TOLERANCE_DAYS=365"
OAS30742,4018,3766.0,252.0,True,within tolerance,"nearest-day match, MRI_TOLERANCE_DAYS=365"
OAS30742,4481,4551.0,70.0,True,within tolerance,"nearest-day match, MRI_TOLERANCE_DAYS=365"
OAS30742,4735,4551.0,184.0,True,within tolerance,"nearest-day match, MRI_TOLERANCE_DAYS=365"
OAS30742,5069,4551.0,518.0,False,nearest MRI is 518 days away (exceeds 365-day tolerance),"nearest-day match, MRI_TOLERANCE_DAYS=365"
OAS30742,5517,4551.0,966.0,False,nearest MRI is 966 days away (exceeds 365-day tolerance),"nearest-day match, MRI_TOLERANCE_DAYS=365"
OAS30742,5886,4551.0,1335.0,False,nearest MRI is 1335 days away (exceeds 365-day tolerance),"nearest-day match, MRI_TOLERANCE_DAYS=365"
OAS30742,6233,4551.0,1682.0,False,nearest MRI is 1682 days away (exceeds 365-day tolerance),"nearest-day match, MRI_TOLERANCE_DAYS=365"
OAS30743,0,51.0,51.0,True,within tolerance,"nearest-day match, MRI_TOLERANCE_DAYS=365"
OAS30743,372,645.0,273.0,True,within tolerance,"nearest-day match, MRI_TOLERANCE_DAYS=365"
OAS30743,742,645.0,97.0,True,within tolerance,"nearest-day match, MRI_TOLERANCE_DAYS=365"
OAS30743,1077,645.0,432.0,False,nearest MRI is 432 days away (exceeds 365-day tolerance),"nearest-day match, MRI_TOLERANCE_DAYS=365"
OAS30743,1483,2309.0,826.0,False,nearest MRI is 826 days away (exceeds 365-day tolerance),"nearest-day match, MRI_TOLERANCE_DAYS=365"
OAS30743,2259,2309.0,50.0,True,within tolerance,"nearest-day match, MRI_TOLERANCE_DAYS=365"
OAS30743,2737,2309.0,428.0,False,nearest MRI is 428 days away (exceeds 365-day tolerance),"nearest-day match, MRI_TOLERANCE_DAYS=365"
OAS30744,0,63.0,63.0,True,within tolerance,"nearest-day match, MRI_TOLERANCE_DAYS=365"
OAS30744,736,63.0,673.0,False,nearest MRI is 673 days away (exceeds 365-day tolerance),"nearest-day match, MRI_TOLERANCE_DAYS=365"
OAS30745,0,2651.0,2651.0,False,nearest MRI is 2651 days away (exceeds 365-day tolerance),"nearest-day match, MRI_TOLERANCE_DAYS=365"
OAS30745,361,2651.0,2290.0,False,nearest MRI is 2290 days away (exceeds 365-day tolerance),"nearest-day match, MRI_TOLERANCE_DAYS=365"
OAS30745,1153,2651.0,1498.0,False,nearest MRI is 1498 days away (exceeds 365-day tolerance),"nearest-day match, MRI_TOLERANCE_DAYS=365"
OAS30745,2531,2651.0,120.0,True,within tolerance,"nearest-day match, MRI_TOLERANCE_DAYS=365"
OAS30745,2896,2863.0,33.0,True,within tolerance,"nearest-day match, MRI_TOLERANCE_DAYS=365"
OAS30745,3679,4282.0,603.0,False,nearest MRI is 603 days away (exceeds 365-day tolerance),"nearest-day match, MRI_TOLERANCE_DAYS=365"
OAS30745,4792,4282.0,510.0,False,nearest MRI is 510 days away (exceeds 365-day tolerance),"nearest-day match, MRI_TOLERANCE_DAYS=365"
OAS30745,5184,4282.0,902.0,False,nearest MRI is 902 days away (exceeds 365-day tolerance),"nearest-day match, MRI_TOLERANCE_DAYS=365"
OAS30745,5544,4282.0,1262.0,False,nearest MRI is 1262 days away (exceeds 365-day tolerance),"nearest-day match, MRI_TOLERANCE_DAYS=365"
OAS30745,5892,4282.0,1610.0,False,nearest MRI is 1610 days away (exceeds 365-day tolerance),"nearest-day match, MRI_TOLERANCE_DAYS=365"
OAS30746,0,35.0,35.0,True,within tolerance,"nearest-day match, MRI_TOLERANCE_DAYS=365"
OAS30746,391,35.0,356.0,True,within tolerance,"nearest-day match, MRI_TOLERANCE_DAYS=365"
OAS30746,735,1204.0,469.0,False,nearest MRI is 469 days away (exceeds 365-day tolerance),"nearest-day match, MRI_TOLERANCE_DAYS=365"
OAS30746,1019,1204.0,185.0,True,within tolerance,"nearest-day match, MRI_TOLERANCE_DAYS=365"
OAS30746,1527,1210.0,317.0,True,within tolerance,"nearest-day match, MRI_TOLERANCE_DAYS=365"
OAS30746,1866,1210.0,656.0,False,nearest MRI is 656 days away (exceeds 365-day tolerance),"nearest-day match, MRI_TOLERANCE_DAYS=365"
OAS30746,2218,1210.0,1008.0,False,nearest MRI is 1008 days away (exceeds 365-day tolerance),"nearest-day match, MRI_TOLERANCE_DAYS=365"
OAS30747,0,338.0,338.0,True,within tolerance,"nearest-day match, MRI_TOLERANCE_DAYS=365"
OAS30747,2982,3140.0,158.0,True,within tolerance,"nearest-day match, MRI_TOLERANCE_DAYS=365"
OAS30747,4015,3140.0,875.0,False,nearest MRI is 875 days away (exceeds 365-day tolerance),"nearest-day match, MRI_TOLERANCE_DAYS=365"
OAS30748,1534,219.0,1315.0,False,nearest MRI is 1315 days away (exceeds 365-day tolerance),"nearest-day match, MRI_TOLERANCE_DAYS=365"
OAS30748,2088,3268.0,1180.0,False,nearest MRI is 1180 days away (exceeds 365-day tolerance),"nearest-day match, MRI_TOLERANCE_DAYS=365"
OAS30748,3138,3268.0,130.0,True,within tolerance,"nearest-day match, MRI_TOLERANCE_DAYS=365"
OAS30748,3696,3268.0,428.0,False,nearest MRI is 428 days away (exceeds 365-day tolerance),"nearest-day match, MRI_TOLERANCE_DAYS=365"
OAS30748,4048,3268.0,780.0,False,nearest MRI is 780 days away (exceeds 365-day tolerance),"nearest-day match, MRI_TOLERANCE_DAYS=365"
OAS30749,0,46.0,46.0,True,within tolerance,"nearest-day match, MRI_TOLERANCE_DAYS=365"
OAS30749,422,46.0,376.0,False,nearest MRI is 376 days away (exceeds 365-day tolerance),"nearest-day match, MRI_TOLERANCE_DAYS=365"
OAS30749,766,1157.0,391.0,False,nearest MRI is 391 days away (exceeds 365-day tolerance),"nearest-day match, MRI_TOLERANCE_DAYS=365"
OAS30749,1102,1157.0,55.0,True,within tolerance,"nearest-day match, MRI_TOLERANCE_DAYS=365"
OAS30749,1501,1157.0,344.0,True,within tolerance,"nearest-day match, MRI_TOLERANCE_DAYS=365"
OAS30749,1885,1157.0,728.0,False,nearest MRI is 728 days away (exceeds 365-day tolerance),"nearest-day match, MRI_TOLERANCE_DAYS=365"
OAS30749,2208,1157.0,1051.0,False,nearest MRI is 1051 days away (exceeds 365-day tolerance),"nearest-day match, MRI_TOLERANCE_DAYS=365"
OAS30749,2586,1157.0,1429.0,False,nearest MRI is 1429 days away (exceeds 365-day tolerance),"nearest-day match, MRI_TOLERANCE_DAYS=365"
OAS30749,3237,1157.0,2080.0,False,nearest MRI is 2080 days away (exceeds 365-day tolerance),"nearest-day match, MRI_TOLERANCE_DAYS=365"
OAS30749,3636,1157.0,2479.0,False,nearest MRI is 2479 days away (exceeds 365-day tolerance),"nearest-day match, MRI_TOLERANCE_DAYS=365"
OAS30749,4088,1157.0,2931.0,False,nearest MRI is 2931 days away (exceeds 365-day tolerance),"nearest-day match, MRI_TOLERANCE_DAYS=365"
OAS30750,0,376.0,376.0,False,nearest MRI is 376 days away (exceeds 365-day tolerance),"nearest-day match, MRI_TOLERANCE_DAYS=365"
OAS30750,222,376.0,154.0,True,within tolerance,"nearest-day match, MRI_TOLERANCE_DAYS=365"
OAS30750,548,376.0,172.0,True,within tolerance,"nearest-day match, MRI_TOLERANCE_DAYS=365"
OAS30750,896,894.0,2.0,True,within tolerance,"nearest-day match, MRI_TOLERANCE_DAYS=365"
OAS30750,1770,2309.0,539.0,False,nearest MRI is 539 days away (exceeds 365-day tolerance),"nearest-day match, MRI_TOLERANCE_DAYS=365"
OAS30750,2652,2350.0,302.0,True,within tolerance,"nearest-day match, MRI_TOLERANCE_DAYS=365"
OAS30750,2975,3459.0,484.0,False,nearest MRI is 484 days away (exceeds 365-day tolerance),"nearest-day match, MRI_TOLERANCE_DAYS=365"
OAS30750,3339,3459.0,120.0,True,within tolerance,"nearest-day match, MRI_TOLERANCE_DAYS=365"
OAS30750,4549,3754.0,795.0,False,nearest MRI is 795 days away (exceeds 365-day tolerance),"nearest-day match, MRI_TOLERANCE_DAYS=365"
OAS30750,4985,3754.0,1231.0,False,nearest MRI is 1231 days away (exceeds 365-day tolerance),"nearest-day match, MRI_TOLERANCE_DAYS=365"
OAS30751,0,63.0,63.0,True,within tolerance,"nearest-day match, MRI_TOLERANCE_DAYS=365"
OAS30751,352,63.0,289.0,True,within tolerance,"nearest-day match, MRI_TOLERANCE_DAYS=365"
OAS30751,715,63.0,652.0,False,nearest MRI is 652 days away (exceeds 365-day tolerance),"nearest-day match, MRI_TOLERANCE_DAYS=365"
OAS30751,1031,63.0,968.0,False,nearest MRI is 968 days away (exceeds 365-day tolerance),"nearest-day match, MRI_TOLERANCE_DAYS=365"
OAS30751,1555,63.0,1492.0,False,nearest MRI is 1492 days away (exceeds 365-day tolerance),"nearest-day match, MRI_TOLERANCE_DAYS=365"
OAS30752,0,,,False,subject has zero MRI/FreeSurfer records,"nearest-day match, MRI_TOLERANCE_DAYS=365"
OAS30752,587,,,False,subject has zero MRI/FreeSurfer records,"nearest-day match, MRI_TOLERANCE_DAYS=365"
OAS30752,943,,,False,subject has zero MRI/FreeSurfer records,"nearest-day match, MRI_TOLERANCE_DAYS=365"
OAS30752,1686,,,False,subject has zero MRI/FreeSurfer records,"nearest-day match, MRI_TOLERANCE_DAYS=365"
OAS30752,2290,,,False,subject has zero MRI/FreeSurfer records,"nearest-day match, MRI_TOLERANCE_DAYS=365"
OAS30754,1270,1341.0,71.0,True,within tolerance,"nearest-day match, MRI_TOLERANCE_DAYS=365"
OAS30754,1757,1341.0,416.0,False,nearest MRI is 416 days away (exceeds 365-day tolerance),"nearest-day match, MRI_TOLERANCE_DAYS=365"
OAS30755,0,63.0,63.0,True,within tolerance,"nearest-day match, MRI_TOLERANCE_DAYS=365"
OAS30755,344,63.0,281.0,True,within tolerance,"nearest-day match, MRI_TOLERANCE_DAYS=365"
OAS30755,1100,1540.0,440.0,False,nearest MRI is 440 days away (exceeds 365-day tolerance),"nearest-day match, MRI_TOLERANCE_DAYS=365"
OAS30755,1925,1540.0,385.0,False,nearest MRI is 385 days away (exceeds 365-day tolerance),"nearest-day match, MRI_TOLERANCE_DAYS=365"
OAS30755,2270,2318.0,48.0,True,within tolerance,"nearest-day match, MRI_TOLERANCE_DAYS=365"
OAS30755,3386,3410.0,24.0,True,within tolerance,"nearest-day match, MRI_TOLERANCE_DAYS=365"
OAS30755,3779,3410.0,369.0,False,nearest MRI is 369 days away (exceeds 365-day tolerance),"nearest-day match, MRI_TOLERANCE_DAYS=365"
OAS30755,4201,3410.0,791.0,False,nearest MRI is 791 days away (exceeds 365-day tolerance),"nearest-day match, MRI_TOLERANCE_DAYS=365"
OAS30755,4471,3410.0,1061.0,False,nearest MRI is 1061 days away (exceeds 365-day tolerance),"nearest-day match, MRI_TOLERANCE_DAYS=365"
OAS30755,4865,3410.0,1455.0,False,nearest MRI is 1455 days away (exceeds 365-day tolerance),"nearest-day match, MRI_TOLERANCE_DAYS=365"
OAS30756,0,14.0,14.0,True,within tolerance,"nearest-day match, MRI_TOLERANCE_DAYS=365"
OAS30756,1178,1267.0,89.0,True,within tolerance,"nearest-day match, MRI_TOLERANCE_DAYS=365"
OAS30756,2424,2464.0,40.0,True,within tolerance,"nearest-day match, MRI_TOLERANCE_DAYS=365"
OAS30757,0,2279.0,2279.0,False,nearest MRI is 2279 days away (exceeds 365-day tolerance),"nearest-day match, MRI_TOLERANCE_DAYS=365"
OAS30757,1083,2279.0,1196.0,False,nearest MRI is 1196 days away (exceeds 365-day tolerance),"nearest-day match, MRI_TOLERANCE_DAYS=365"
OAS30757,1944,2279.0,335.0,True,within tolerance,"nearest-day match, MRI_TOLERANCE_DAYS=365"
OAS30757,2266,2279.0,13.0,True,within tolerance,"nearest-day match, MRI_TOLERANCE_DAYS=365"
OAS30757,2616,2649.0,33.0,True,within tolerance,"nearest-day match, MRI_TOLERANCE_DAYS=365"
OAS30757,2954,2649.0,305.0,True,within tolerance,"nearest-day match, MRI_TOLERANCE_DAYS=365"
OAS30757,3321,3882.0,561.0,False,nearest MRI is 561 days away (exceeds 365-day tolerance),"nearest-day match, MRI_TOLERANCE_DAYS=365"
OAS30757,3653,3882.0,229.0,True,within tolerance,"nearest-day match, MRI_TOLERANCE_DAYS=365"
OAS30757,4406,3882.0,524.0,False,nearest MRI is 524 days away (exceeds 365-day tolerance),"nearest-day match, MRI_TOLERANCE_DAYS=365"
OAS30759,0,63.0,63.0,True,within tolerance,"nearest-day match, MRI_TOLERANCE_DAYS=365"
OAS30759,380,63.0,317.0,True,within tolerance,"nearest-day match, MRI_TOLERANCE_DAYS=365"
OAS30759,849,1408.0,559.0,False,nearest MRI is 559 days away (exceeds 365-day tolerance),"nearest-day match, MRI_TOLERANCE_DAYS=365"
OAS30759,1164,1408.0,244.0,True,within tolerance,"nearest-day match, MRI_TOLERANCE_DAYS=365"
OAS30759,1471,1442.0,29.0,True,within tolerance,"nearest-day match, MRI_TOLERANCE_DAYS=365"
OAS30759,1836,1442.0,394.0,False,nearest MRI is 394 days away (exceeds 365-day tolerance),"nearest-day match, MRI_TOLERANCE_DAYS=365"
OAS30760,0,3837.0,3837.0,False,nearest MRI is 3837 days away (exceeds 365-day tolerance),"nearest-day match, MRI_TOLERANCE_DAYS=365"
OAS30760,737,3837.0,3100.0,False,nearest MRI is 3100 days away (exceeds 365-day tolerance),"nearest-day match, MRI_TOLERANCE_DAYS=365"
OAS30760,1101,3837.0,2736.0,False,nearest MRI is 2736 days away (exceeds 365-day tolerance),"nearest-day match, MRI_TOLERANCE_DAYS=365"
OAS30760,1471,3837.0,2366.0,False,nearest MRI is 2366 days away (exceeds 365-day tolerance),"nearest-day match, MRI_TOLERANCE_DAYS=365"
OAS30760,1904,3837.0,1933.0,False,nearest MRI is 1933 days away (exceeds 365-day tolerance),"nearest-day match, MRI_TOLERANCE_DAYS=365"
OAS30760,2527,3837.0,1310.0,False,nearest MRI is 1310 days away (exceeds 365-day tolerance),"nearest-day match, MRI_TOLERANCE_DAYS=365"
OAS30760,2926,3837.0,911.0,False,nearest MRI is 911 days away (exceeds 365-day tolerance),"nearest-day match, MRI_TOLERANCE_DAYS=365"
OAS30760,3299,3837.0,538.0,False,nearest MRI is 538 days away (exceeds 365-day tolerance),"nearest-day match, MRI_TOLERANCE_DAYS=365"
OAS30760,3719,3837.0,118.0,True,within tolerance,"nearest-day match, MRI_TOLERANCE_DAYS=365"
OAS30760,4041,3837.0,204.0,True,within tolerance,"nearest-day match, MRI_TOLERANCE_DAYS=365"
OAS30760,4452,3837.0,615.0,False,nearest MRI is 615 days away (exceeds 365-day tolerance),"nearest-day match, MRI_TOLERANCE_DAYS=365"
OAS30760,4802,3837.0,965.0,False,nearest MRI is 965 days away (exceeds 365-day tolerance),"nearest-day match, MRI_TOLERANCE_DAYS=365"
OAS30760,6020,3837.0,2183.0,False,nearest MRI is 2183 days away (exceeds 365-day tolerance),"nearest-day match, MRI_TOLERANCE_DAYS=365"
OAS30760,6357,3837.0,2520.0,False,nearest MRI is 2520 days away (exceeds 365-day tolerance),"nearest-day match, MRI_TOLERANCE_DAYS=365"
OAS30761,0,,,False,subject has zero MRI/FreeSurfer records,"nearest-day match, MRI_TOLERANCE_DAYS=365"
OAS30761,728,,,False,subject has zero MRI/FreeSurfer records,"nearest-day match, MRI_TOLERANCE_DAYS=365"
OAS30762,0,43.0,43.0,True,within tolerance,"nearest-day match, MRI_TOLERANCE_DAYS=365"
OAS30762,784,1002.0,218.0,True,within tolerance,"nearest-day match, MRI_TOLERANCE_DAYS=365"
OAS30762,1148,1002.0,146.0,True,within tolerance,"nearest-day match, MRI_TOLERANCE_DAYS=365"
OAS30762,1530,1002.0,528.0,False,nearest MRI is 528 days away (exceeds 365-day tolerance),"nearest-day match, MRI_TOLERANCE_DAYS=365"
OAS30762,2185,1002.0,1183.0,False,nearest MRI is 1183 days away (exceeds 365-day tolerance),"nearest-day match, MRI_TOLERANCE_DAYS=365"
OAS30762,2647,1002.0,1645.0,False,nearest MRI is 1645 days away (exceeds 365-day tolerance),"nearest-day match, MRI_TOLERANCE_DAYS=365"
OAS30763,0,112.0,112.0,True,within tolerance,"nearest-day match, MRI_TOLERANCE_DAYS=365"
OAS30763,853,112.0,741.0,False,nearest MRI is 741 days away (exceeds 365-day tolerance),"nearest-day match, MRI_TOLERANCE_DAYS=365"
OAS30764,0,55.0,55.0,True,within tolerance,"nearest-day match, MRI_TOLERANCE_DAYS=365"
OAS30764,342,55.0,287.0,True,within tolerance,"nearest-day match, MRI_TOLERANCE_DAYS=365"
OAS30764,781,55.0,726.0,False,nearest MRI is 726 days away (exceeds 365-day tolerance),"nearest-day match, MRI_TOLERANCE_DAYS=365"
OAS30764,1141,55.0,1086.0,False,nearest MRI is 1086 days away (exceeds 365-day tolerance),"nearest-day match, MRI_TOLERANCE_DAYS=365"
OAS30764,1547,55.0,1492.0,False,nearest MRI is 1492 days away (exceeds 365-day tolerance),"nearest-day match, MRI_TOLERANCE_DAYS=365"
OAS30764,1854,55.0,1799.0,False,nearest MRI is 1799 days away (exceeds 365-day tolerance),"nearest-day match, MRI_TOLERANCE_DAYS=365"
OAS30765,763,890.0,127.0,True,within tolerance,"nearest-day match, MRI_TOLERANCE_DAYS=365"
OAS30765,1139,890.0,249.0,True,within tolerance,"nearest-day match, MRI_TOLERANCE_DAYS=365"
OAS30765,1563,890.0,673.0,False,nearest MRI is 673 days away (exceeds 365-day tolerance),"nearest-day match, MRI_TOLERANCE_DAYS=365"
OAS30765,2701,2798.0,97.0,True,within tolerance,"nearest-day match, MRI_TOLERANCE_DAYS=365"
OAS30766,0,147.0,147.0,True,within tolerance,"nearest-day match, MRI_TOLERANCE_DAYS=365"
OAS30766,406,147.0,259.0,True,within tolerance,"nearest-day match, MRI_TOLERANCE_DAYS=365"
OAS30766,805,1169.0,364.0,True,within tolerance,"nearest-day match, MRI_TOLERANCE_DAYS=365"
OAS30766,1115,1169.0,54.0,True,within tolerance,"nearest-day match, MRI_TOLERANCE_DAYS=365"
OAS30766,1589,1169.0,420.0,False,nearest MRI is 420 days away (exceeds 365-day tolerance),"nearest-day match, MRI_TOLERANCE_DAYS=365"
OAS30767,0,65.0,65.0,True,within tolerance,"nearest-day match, MRI_TOLERANCE_DAYS=365"
OAS30767,326,65.0,261.0,True,within tolerance,"nearest-day match, MRI_TOLERANCE_DAYS=365"
OAS30768,0,24.0,24.0,True,within tolerance,"nearest-day match, MRI_TOLERANCE_DAYS=365"
OAS30768,392,24.0,368.0,False,nearest MRI is 368 days away (exceeds 365-day tolerance),"nearest-day match, MRI_TOLERANCE_DAYS=365"
OAS30768,1890,2337.0,447.0,False,nearest MRI is 447 days away (exceeds 365-day tolerance),"nearest-day match, MRI_TOLERANCE_DAYS=365"
OAS30768,2233,2337.0,104.0,True,within tolerance,"nearest-day match, MRI_TOLERANCE_DAYS=365"
OAS30768,2607,2337.0,270.0,True,within tolerance,"nearest-day match, MRI_TOLERANCE_DAYS=365"
OAS30768,2897,2337.0,560.0,False,nearest MRI is 560 days away (exceeds 365-day tolerance),"nearest-day match, MRI_TOLERANCE_DAYS=365"
OAS30768,3247,2337.0,910.0,False,nearest MRI is 910 days away (exceeds 365-day tolerance),"nearest-day match, MRI_TOLERANCE_DAYS=365"
OAS30768,3647,2337.0,1310.0,False,nearest MRI is 1310 days away (exceeds 365-day tolerance),"nearest-day match, MRI_TOLERANCE_DAYS=365"
OAS30769,0,39.0,39.0,True,within tolerance,"nearest-day match, MRI_TOLERANCE_DAYS=365"
OAS30769,425,39.0,386.0,False,nearest MRI is 386 days away (exceeds 365-day tolerance),"nearest-day match, MRI_TOLERANCE_DAYS=365"
OAS30769,762,39.0,723.0,False,nearest MRI is 723 days away (exceeds 365-day tolerance),"nearest-day match, MRI_TOLERANCE_DAYS=365"
OAS30769,1113,1547.0,434.0,False,nearest MRI is 434 days away (exceeds 365-day tolerance),"nearest-day match, MRI_TOLERANCE_DAYS=365"
OAS30769,1496,1547.0,51.0,True,within tolerance,"nearest-day match, MRI_TOLERANCE_DAYS=365"
OAS30769,1877,1547.0,330.0,True,within tolerance,"nearest-day match, MRI_TOLERANCE_DAYS=365"
OAS30769,2213,2231.0,18.0,True,within tolerance,"nearest-day match, MRI_TOLERANCE_DAYS=365"
OAS30769,3185,3319.0,134.0,True,within tolerance,"nearest-day match, MRI_TOLERANCE_DAYS=365"
OAS30769,3572,3319.0,253.0,True,within tolerance,"nearest-day match, MRI_TOLERANCE_DAYS=365"
OAS30769,4081,3319.0,762.0,False,nearest MRI is 762 days away (exceeds 365-day tolerance),"nearest-day match, MRI_TOLERANCE_DAYS=365"
OAS30769,4422,3319.0,1103.0,False,nearest MRI is 1103 days away (exceeds 365-day tolerance),"nearest-day match, MRI_TOLERANCE_DAYS=365"
OAS30770,0,255.0,255.0,True,within tolerance,"nearest-day match, MRI_TOLERANCE_DAYS=365"
OAS30770,420,255.0,165.0,True,within tolerance,"nearest-day match, MRI_TOLERANCE_DAYS=365"
OAS30770,1194,1201.0,7.0,True,within tolerance,"nearest-day match, MRI_TOLERANCE_DAYS=365"
OAS30770,1588,1210.0,378.0,False,nearest MRI is 378 days away (exceeds 365-day tolerance),"nearest-day match, MRI_TOLERANCE_DAYS=365"
OAS30770,2083,2131.0,48.0,True,within tolerance,"nearest-day match, MRI_TOLERANCE_DAYS=365"
OAS30770,2383,2131.0,252.0,True,within tolerance,"nearest-day match, MRI_TOLERANCE_DAYS=365"
OAS30770,2733,2131.0,602.0,False,nearest MRI is 602 days away (exceeds 365-day tolerance),"nearest-day match, MRI_TOLERANCE_DAYS=365"
OAS30770,3093,3532.0,439.0,False,nearest MRI is 439 days away (exceeds 365-day tolerance),"nearest-day match, MRI_TOLERANCE_DAYS=365"
OAS30770,3416,3532.0,116.0,True,within tolerance,"nearest-day match, MRI_TOLERANCE_DAYS=365"
OAS30770,3819,3532.0,287.0,True,within tolerance,"nearest-day match, MRI_TOLERANCE_DAYS=365"
OAS30772,0,987.0,987.0,False,nearest MRI is 987 days away (exceeds 365-day tolerance),"nearest-day match, MRI_TOLERANCE_DAYS=365"
OAS30772,1441,987.0,454.0,False,nearest MRI is 454 days away (exceeds 365-day tolerance),"nearest-day match, MRI_TOLERANCE_DAYS=365"
OAS30772,3134,987.0,2147.0,False,nearest MRI is 2147 days away (exceeds 365-day tolerance),"nearest-day match, MRI_TOLERANCE_DAYS=365"
OAS30772,4544,987.0,3557.0,False,nearest MRI is 3557 days away (exceeds 365-day tolerance),"nearest-day match, MRI_TOLERANCE_DAYS=365"
OAS30772,4928,987.0,3941.0,False,nearest MRI is 3941 days away (exceeds 365-day tolerance),"nearest-day match, MRI_TOLERANCE_DAYS=365"
OAS30774,0,573.0,573.0,False,nearest MRI is 573 days away (exceeds 365-day tolerance),"nearest-day match, MRI_TOLERANCE_DAYS=365"
OAS30774,348,573.0,225.0,True,within tolerance,"nearest-day match, MRI_TOLERANCE_DAYS=365"
OAS30775,0,183.0,183.0,True,within tolerance,"nearest-day match, MRI_TOLERANCE_DAYS=365"
OAS30775,383,329.0,54.0,True,within tolerance,"nearest-day match, MRI_TOLERANCE_DAYS=365"
OAS30775,1099,999.0,100.0,True,within tolerance,"nearest-day match, MRI_TOLERANCE_DAYS=365"
OAS30775,1471,999.0,472.0,False,nearest MRI is 472 days away (exceeds 365-day tolerance),"nearest-day match, MRI_TOLERANCE_DAYS=365"
OAS30775,1833,2381.0,548.0,False,nearest MRI is 548 days away (exceeds 365-day tolerance),"nearest-day match, MRI_TOLERANCE_DAYS=365"
OAS30775,2284,2381.0,97.0,True,within tolerance,"nearest-day match, MRI_TOLERANCE_DAYS=365"
OAS30775,2683,2893.0,210.0,True,within tolerance,"nearest-day match, MRI_TOLERANCE_DAYS=365"
OAS30775,2940,2893.0,47.0,True,within tolerance,"nearest-day match, MRI_TOLERANCE_DAYS=365"
OAS30775,3284,3017.0,267.0,True,within tolerance,"nearest-day match, MRI_TOLERANCE_DAYS=365"
OAS30775,3688,3017.0,671.0,False,nearest MRI is 671 days away (exceeds 365-day tolerance),"nearest-day match, MRI_TOLERANCE_DAYS=365"
OAS30775,4013,3017.0,996.0,False,nearest MRI is 996 days away (exceeds 365-day tolerance),"nearest-day match, MRI_TOLERANCE_DAYS=365"
OAS30775,4425,3017.0,1408.0,False,nearest MRI is 1408 days away (exceeds 365-day tolerance),"nearest-day match, MRI_TOLERANCE_DAYS=365"
OAS30776,0,308.0,308.0,True,within tolerance,"nearest-day match, MRI_TOLERANCE_DAYS=365"
OAS30776,371,308.0,63.0,True,within tolerance,"nearest-day match, MRI_TOLERANCE_DAYS=365"
OAS30776,1461,2471.0,1010.0,False,nearest MRI is 1010 days away (exceeds 365-day tolerance),"nearest-day match, MRI_TOLERANCE_DAYS=365"
OAS30776,2205,2471.0,266.0,True,within tolerance,"nearest-day match, MRI_TOLERANCE_DAYS=365"
OAS30776,2714,2471.0,243.0,True,within tolerance,"nearest-day match, MRI_TOLERANCE_DAYS=365"
OAS30776,3485,4024.0,539.0,False,nearest MRI is 539 days away (exceeds 365-day tolerance),"nearest-day match, MRI_TOLERANCE_DAYS=365"
OAS30776,3896,4024.0,128.0,True,within tolerance,"nearest-day match, MRI_TOLERANCE_DAYS=365"
OAS30776,4173,4024.0,149.0,True,within tolerance,"nearest-day match, MRI_TOLERANCE_DAYS=365"
OAS30776,4960,5121.0,161.0,True,within tolerance,"nearest-day match, MRI_TOLERANCE_DAYS=365"
OAS30776,5466,5121.0,345.0,True,within tolerance,"nearest-day match, MRI_TOLERANCE_DAYS=365"
OAS30777,0,1747.0,1747.0,False,nearest MRI is 1747 days away (exceeds 365-day tolerance),"nearest-day match, MRI_TOLERANCE_DAYS=365"
OAS30777,385,1747.0,1362.0,False,nearest MRI is 1362 days away (exceeds 365-day tolerance),"nearest-day match, MRI_TOLERANCE_DAYS=365"
OAS30777,1262,1747.0,485.0,False,nearest MRI is 485 days away (exceeds 365-day tolerance),"nearest-day match, MRI_TOLERANCE_DAYS=365"
OAS30777,1640,1747.0,107.0,True,within tolerance,"nearest-day match, MRI_TOLERANCE_DAYS=365"
OAS30777,2718,2999.0,281.0,True,within tolerance,"nearest-day match, MRI_TOLERANCE_DAYS=365"
OAS30777,3130,2999.0,131.0,True,within tolerance,"nearest-day match, MRI_TOLERANCE_DAYS=365"
OAS30777,3460,2999.0,461.0,False,nearest MRI is 461 days away (exceeds 365-day tolerance),"nearest-day match, MRI_TOLERANCE_DAYS=365"
OAS30777,3909,4740.0,831.0,False,nearest MRI is 831 days away (exceeds 365-day tolerance),"nearest-day match, MRI_TOLERANCE_DAYS=365"
OAS30777,4249,4740.0,491.0,False,nearest MRI is 491 days away (exceeds 365-day tolerance),"nearest-day match, MRI_TOLERANCE_DAYS=365"
OAS30777,4624,4740.0,116.0,True,within tolerance,"nearest-day match, MRI_TOLERANCE_DAYS=365"
OAS30777,5162,4740.0,422.0,False,nearest MRI is 422 days away (exceeds 365-day tolerance),"nearest-day match, MRI_TOLERANCE_DAYS=365"
OAS30777,5516,5615.0,99.0,True,within tolerance,"nearest-day match, MRI_TOLERANCE_DAYS=365"
OAS30777,5929,5615.0,314.0,True,within tolerance,"nearest-day match, MRI_TOLERANCE_DAYS=365"
OAS30777,6261,5615.0,646.0,False,nearest MRI is 646 days away (exceeds 365-day tolerance),"nearest-day match, MRI_TOLERANCE_DAYS=365"
OAS30778,407,510.0,103.0,True,within tolerance,"nearest-day match, MRI_TOLERANCE_DAYS=365"
OAS30778,788,510.0,278.0,True,within tolerance,"nearest-day match, MRI_TOLERANCE_DAYS=365"
OAS30778,1159,1273.0,114.0,True,within tolerance,"nearest-day match, MRI_TOLERANCE_DAYS=365"
OAS30778,1596,1273.0,323.0,True,within tolerance,"nearest-day match, MRI_TOLERANCE_DAYS=365"
OAS30778,2475,2255.0,220.0,True,within tolerance,"nearest-day match, MRI_TOLERANCE_DAYS=365"
OAS30778,3701,2255.0,1446.0,False,nearest MRI is 1446 days away (exceeds 365-day tolerance),"nearest-day match, MRI_TOLERANCE_DAYS=365"
OAS30778,4150,2255.0,1895.0,False,nearest MRI is 1895 days away (exceeds 365-day tolerance),"nearest-day match, MRI_TOLERANCE_DAYS=365"
OAS30779,0,65.0,65.0,True,within tolerance,"nearest-day match, MRI_TOLERANCE_DAYS=365"
OAS30779,364,65.0,299.0,True,within tolerance,"nearest-day match, MRI_TOLERANCE_DAYS=365"
OAS30780,0,55.0,55.0,True,within tolerance,"nearest-day match, MRI_TOLERANCE_DAYS=365"
OAS30780,423,55.0,368.0,False,nearest MRI is 368 days away (exceeds 365-day tolerance),"nearest-day match, MRI_TOLERANCE_DAYS=365"
OAS30781,0,48.0,48.0,True,within tolerance,"nearest-day match, MRI_TOLERANCE_DAYS=365"
OAS30781,837,971.0,134.0,True,within tolerance,"nearest-day match, MRI_TOLERANCE_DAYS=365"
OAS30781,1159,971.0,188.0,True,within tolerance,"nearest-day match, MRI_TOLERANCE_DAYS=365"
OAS30781,1487,971.0,516.0,False,nearest MRI is 516 days away (exceeds 365-day tolerance),"nearest-day match, MRI_TOLERANCE_DAYS=365"
OAS30781,1853,971.0,882.0,False,nearest MRI is 882 days away (exceeds 365-day tolerance),"nearest-day match, MRI_TOLERANCE_DAYS=365"
OAS30781,2322,971.0,1351.0,False,nearest MRI is 1351 days away (exceeds 365-day tolerance),"nearest-day match, MRI_TOLERANCE_DAYS=365"
OAS30782,0,74.0,74.0,True,within tolerance,"nearest-day match, MRI_TOLERANCE_DAYS=365"
OAS30782,479,74.0,405.0,False,nearest MRI is 405 days away (exceeds 365-day tolerance),"nearest-day match, MRI_TOLERANCE_DAYS=365"
OAS30782,2152,980.0,1172.0,False,nearest MRI is 1172 days away (exceeds 365-day tolerance),"nearest-day match, MRI_TOLERANCE_DAYS=365"
OAS30783,0,56.0,56.0,True,within tolerance,"nearest-day match, MRI_TOLERANCE_DAYS=365"
OAS30783,413,56.0,357.0,True,within tolerance,"nearest-day match, MRI_TOLERANCE_DAYS=365"
OAS30783,846,56.0,790.0,False,nearest MRI is 790 days away (exceeds 365-day tolerance),"nearest-day match, MRI_TOLERANCE_DAYS=365"
OAS30784,0,126.0,126.0,True,within tolerance,"nearest-day match, MRI_TOLERANCE_DAYS=365"
OAS30784,1515,2716.0,1201.0,False,nearest MRI is 1201 days away (exceeds 365-day tolerance),"nearest-day match, MRI_TOLERANCE_DAYS=365"
OAS30784,1857,2716.0,859.0,False,nearest MRI is 859 days away (exceeds 365-day tolerance),"nearest-day match, MRI_TOLERANCE_DAYS=365"
OAS30784,2220,2716.0,496.0,False,nearest MRI is 496 days away (exceeds 365-day tolerance),"nearest-day match, MRI_TOLERANCE_DAYS=365"
OAS30784,2649,2716.0,67.0,True,within tolerance,"nearest-day match, MRI_TOLERANCE_DAYS=365"
OAS30784,3047,2716.0,331.0,True,within tolerance,"nearest-day match, MRI_TOLERANCE_DAYS=365"
OAS30784,4777,2716.0,2061.0,False,nearest MRI is 2061 days away (exceeds 365-day tolerance),"nearest-day match, MRI_TOLERANCE_DAYS=365"
OAS30785,0,96.0,96.0,True,within tolerance,"nearest-day match, MRI_TOLERANCE_DAYS=365"
OAS30785,451,96.0,355.0,True,within tolerance,"nearest-day match, MRI_TOLERANCE_DAYS=365"
OAS30785,1125,96.0,1029.0,False,nearest MRI is 1029 days away (exceeds 365-day tolerance),"nearest-day match, MRI_TOLERANCE_DAYS=365"
OAS30786,2190,1826.0,364.0,True,within tolerance,"nearest-day match, MRI_TOLERANCE_DAYS=365"
OAS30786,4709,4865.0,156.0,True,within tolerance,"nearest-day match, MRI_TOLERANCE_DAYS=365"
OAS30787,336,5139.0,4803.0,False,nearest MRI is 4803 days away (exceeds 365-day tolerance),"nearest-day match, MRI_TOLERANCE_DAYS=365"
OAS30787,1066,5139.0,4073.0,False,nearest MRI is 4073 days away (exceeds 365-day tolerance),"nearest-day match, MRI_TOLERANCE_DAYS=365"
OAS30787,1503,5139.0,3636.0,False,nearest MRI is 3636 days away (exceeds 365-day tolerance),"nearest-day match, MRI_TOLERANCE_DAYS=365"
OAS30787,1829,5139.0,3310.0,False,nearest MRI is 3310 days away (exceeds 365-day tolerance),"nearest-day match, MRI_TOLERANCE_DAYS=365"
OAS30787,2190,5139.0,2949.0,False,nearest MRI is 2949 days away (exceeds 365-day tolerance),"nearest-day match, MRI_TOLERANCE_DAYS=365"
OAS30787,2567,5139.0,2572.0,False,nearest MRI is 2572 days away (exceeds 365-day tolerance),"nearest-day match, MRI_TOLERANCE_DAYS=365"
OAS30787,3110,5139.0,2029.0,False,nearest MRI is 2029 days away (exceeds 365-day tolerance),"nearest-day match, MRI_TOLERANCE_DAYS=365"
OAS30787,3470,5139.0,1669.0,False,nearest MRI is 1669 days away (exceeds 365-day tolerance),"nearest-day match, MRI_TOLERANCE_DAYS=365"
OAS30787,4599,5139.0,540.0,False,nearest MRI is 540 days away (exceeds 365-day tolerance),"nearest-day match, MRI_TOLERANCE_DAYS=365"
OAS30787,4909,5139.0,230.0,True,within tolerance,"nearest-day match, MRI_TOLERANCE_DAYS=365"
OAS30788,0,201.0,201.0,True,within tolerance,"nearest-day match, MRI_TOLERANCE_DAYS=365"
OAS30788,352,201.0,151.0,True,within tolerance,"nearest-day match, MRI_TOLERANCE_DAYS=365"
OAS30788,740,1136.0,396.0,False,nearest MRI is 396 days away (exceeds 365-day tolerance),"nearest-day match, MRI_TOLERANCE_DAYS=365"
OAS30788,1104,1136.0,32.0,True,within tolerance,"nearest-day match, MRI_TOLERANCE_DAYS=365"
OAS30788,1463,1136.0,327.0,True,within tolerance,"nearest-day match, MRI_TOLERANCE_DAYS=365"
OAS30788,1841,1136.0,705.0,False,nearest MRI is 705 days away (exceeds 365-day tolerance),"nearest-day match, MRI_TOLERANCE_DAYS=365"
OAS30788,2266,2927.0,661.0,False,nearest MRI is 661 days away (exceeds 365-day tolerance),"nearest-day match, MRI_TOLERANCE_DAYS=365"
OAS30788,2646,2927.0,281.0,True,within tolerance,"nearest-day match, MRI_TOLERANCE_DAYS=365"
OAS30788,2960,2927.0,33.0,True,within tolerance,"nearest-day match, MRI_TOLERANCE_DAYS=365"
OAS30788,3663,2927.0,736.0,False,nearest MRI is 736 days away (exceeds 365-day tolerance),"nearest-day match, MRI_TOLERANCE_DAYS=365"
OAS30788,3996,2927.0,1069.0,False,nearest MRI is 1069 days away (exceeds 365-day tolerance),"nearest-day match, MRI_TOLERANCE_DAYS=365"
OAS30788,4339,2927.0,1412.0,False,nearest MRI is 1412 days away (exceeds 365-day tolerance),"nearest-day match, MRI_TOLERANCE_DAYS=365"
OAS30788,4786,2927.0,1859.0,False,nearest MRI is 1859 days away (exceeds 365-day tolerance),"nearest-day match, MRI_TOLERANCE_DAYS=365"
OAS30789,0,83.0,83.0,True,within tolerance,"nearest-day match, MRI_TOLERANCE_DAYS=365"
OAS30789,462,83.0,379.0,False,nearest MRI is 379 days away (exceeds 365-day tolerance),"nearest-day match, MRI_TOLERANCE_DAYS=365"
OAS30789,800,83.0,717.0,False,nearest MRI is 717 days away (exceeds 365-day tolerance),"nearest-day match, MRI_TOLERANCE_DAYS=365"
OAS30789,1512,83.0,1429.0,False,nearest MRI is 1429 days away (exceeds 365-day tolerance),"nearest-day match, MRI_TOLERANCE_DAYS=365"
OAS30789,1897,83.0,1814.0,False,nearest MRI is 1814 days away (exceeds 365-day tolerance),"nearest-day match, MRI_TOLERANCE_DAYS=365"
OAS30789,2253,83.0,2170.0,False,nearest MRI is 2170 days away (exceeds 365-day tolerance),"nearest-day match, MRI_TOLERANCE_DAYS=365"
OAS30790,0,1461.0,1461.0,False,nearest MRI is 1461 days away (exceeds 365-day tolerance),"nearest-day match, MRI_TOLERANCE_DAYS=365"
OAS30790,1069,1461.0,392.0,False,nearest MRI is 392 days away (exceeds 365-day tolerance),"nearest-day match, MRI_TOLERANCE_DAYS=365"
OAS30790,2619,1461.0,1158.0,False,nearest MRI is 1158 days away (exceeds 365-day tolerance),"nearest-day match, MRI_TOLERANCE_DAYS=365"
OAS30790,3444,1461.0,1983.0,False,nearest MRI is 1983 days away (exceeds 365-day tolerance),"nearest-day match, MRI_TOLERANCE_DAYS=365"
OAS30790,4144,1461.0,2683.0,False,nearest MRI is 2683 days away (exceeds 365-day tolerance),"nearest-day match, MRI_TOLERANCE_DAYS=365"
OAS30791,0,1422.0,1422.0,False,nearest MRI is 1422 days away (exceeds 365-day tolerance),"nearest-day match, MRI_TOLERANCE_DAYS=365"
OAS30791,366,1422.0,1056.0,False,nearest MRI is 1056 days away (exceeds 365-day tolerance),"nearest-day match, MRI_TOLERANCE_DAYS=365"
OAS30791,850,1422.0,572.0,False,nearest MRI is 572 days away (exceeds 365-day tolerance),"nearest-day match, MRI_TOLERANCE_DAYS=365"
OAS30791,1245,1422.0,177.0,True,within tolerance,"nearest-day match, MRI_TOLERANCE_DAYS=365"
OAS30791,1567,1422.0,145.0,True,within tolerance,"nearest-day match, MRI_TOLERANCE_DAYS=365"
OAS30791,1931,1422.0,509.0,False,nearest MRI is 509 days away (exceeds 365-day tolerance),"nearest-day match, MRI_TOLERANCE_DAYS=365"
OAS30791,2298,2794.0,496.0,False,nearest MRI is 496 days away (exceeds 365-day tolerance),"nearest-day match, MRI_TOLERANCE_DAYS=365"
OAS30791,2680,2794.0,114.0,True,within tolerance,"nearest-day match, MRI_TOLERANCE_DAYS=365"
OAS30791,3041,2794.0,247.0,True,within tolerance,"nearest-day match, MRI_TOLERANCE_DAYS=365"
OAS30791,3873,2794.0,1079.0,False,nearest MRI is 1079 days away (exceeds 365-day tolerance),"nearest-day match, MRI_TOLERANCE_DAYS=365"
OAS30792,814,106.0,708.0,False,nearest MRI is 708 days away (exceeds 365-day tolerance),"nearest-day match, MRI_TOLERANCE_DAYS=365"
OAS30792,1182,1556.0,374.0,False,nearest MRI is 374 days away (exceeds 365-day tolerance),"nearest-day match, MRI_TOLERANCE_DAYS=365"
OAS30792,1539,1556.0,17.0,True,within tolerance,"nearest-day match, MRI_TOLERANCE_DAYS=365"
OAS30792,1967,1556.0,411.0,False,nearest MRI is 411 days away (exceeds 365-day tolerance),"nearest-day match, MRI_TOLERANCE_DAYS=365"
OAS30792,2994,3410.0,416.0,False,nearest MRI is 416 days away (exceeds 365-day tolerance),"nearest-day match, MRI_TOLERANCE_DAYS=365"
OAS30792,3331,3410.0,79.0,True,within tolerance,"nearest-day match, MRI_TOLERANCE_DAYS=365"
OAS30792,3872,3410.0,462.0,False,nearest MRI is 462 days away (exceeds 365-day tolerance),"nearest-day match, MRI_TOLERANCE_DAYS=365"
OAS30792,4292,3410.0,882.0,False,nearest MRI is 882 days away (exceeds 365-day tolerance),"nearest-day match, MRI_TOLERANCE_DAYS=365"
OAS30793,0,1343.0,1343.0,False,nearest MRI is 1343 days away (exceeds 365-day tolerance),"nearest-day match, MRI_TOLERANCE_DAYS=365"
OAS30793,413,1343.0,930.0,False,nearest MRI is 930 days away (exceeds 365-day tolerance),"nearest-day match, MRI_TOLERANCE_DAYS=365"
OAS30793,742,1343.0,601.0,False,nearest MRI is 601 days away (exceeds 365-day tolerance),"nearest-day match, MRI_TOLERANCE_DAYS=365"
OAS30793,1176,1343.0,167.0,True,within tolerance,"nearest-day match, MRI_TOLERANCE_DAYS=365"
OAS30793,1498,1343.0,155.0,True,within tolerance,"nearest-day match, MRI_TOLERANCE_DAYS=365"
OAS30793,1834,1343.0,491.0,False,nearest MRI is 491 days away (exceeds 365-day tolerance),"nearest-day match, MRI_TOLERANCE_DAYS=365"
OAS30793,2212,1343.0,869.0,False,nearest MRI is 869 days away (exceeds 365-day tolerance),"nearest-day match, MRI_TOLERANCE_DAYS=365"
OAS30793,2548,1343.0,1205.0,False,nearest MRI is 1205 days away (exceeds 365-day tolerance),"nearest-day match, MRI_TOLERANCE_DAYS=365"
OAS30793,2913,1343.0,1570.0,False,nearest MRI is 1570 days away (exceeds 365-day tolerance),"nearest-day match, MRI_TOLERANCE_DAYS=365"
OAS30793,3326,1343.0,1983.0,False,nearest MRI is 1983 days away (exceeds 365-day tolerance),"nearest-day match, MRI_TOLERANCE_DAYS=365"
OAS30794,0,1680.0,1680.0,False,nearest MRI is 1680 days away (exceeds 365-day tolerance),"nearest-day match, MRI_TOLERANCE_DAYS=365"
OAS30794,420,1680.0,1260.0,False,nearest MRI is 1260 days away (exceeds 365-day tolerance),"nearest-day match, MRI_TOLERANCE_DAYS=365"
OAS30794,966,1680.0,714.0,False,nearest MRI is 714 days away (exceeds 365-day tolerance),"nearest-day match, MRI_TOLERANCE_DAYS=365"
OAS30794,1443,1680.0,237.0,True,within tolerance,"nearest-day match, MRI_TOLERANCE_DAYS=365"
OAS30794,1819,1680.0,139.0,True,within tolerance,"nearest-day match, MRI_TOLERANCE_DAYS=365"
OAS30794,2184,2633.0,449.0,False,nearest MRI is 449 days away (exceeds 365-day tolerance),"nearest-day match, MRI_TOLERANCE_DAYS=365"
OAS30794,2526,2633.0,107.0,True,within tolerance,"nearest-day match, MRI_TOLERANCE_DAYS=365"
OAS30794,4787,4550.0,237.0,True,within tolerance,"nearest-day match, MRI_TOLERANCE_DAYS=365"
OAS30794,5485,5548.0,63.0,True,within tolerance,"nearest-day match, MRI_TOLERANCE_DAYS=365"
OAS30794,5809,5548.0,261.0,True,within tolerance,"nearest-day match, MRI_TOLERANCE_DAYS=365"
OAS30794,6173,6661.0,488.0,False,nearest MRI is 488 days away (exceeds 365-day tolerance),"nearest-day match, MRI_TOLERANCE_DAYS=365"
OAS30794,6546,6661.0,115.0,True,within tolerance,"nearest-day match, MRI_TOLERANCE_DAYS=365"
OAS30794,6972,6661.0,311.0,True,within tolerance,"nearest-day match, MRI_TOLERANCE_DAYS=365"
OAS30795,0,380.0,380.0,False,nearest MRI is 380 days away (exceeds 365-day tolerance),"nearest-day match, MRI_TOLERANCE_DAYS=365"
OAS30796,0,79.0,79.0,True,within tolerance,"nearest-day match, MRI_TOLERANCE_DAYS=365"
OAS30796,342,79.0,263.0,True,within tolerance,"nearest-day match, MRI_TOLERANCE_DAYS=365"
OAS30797,0,426.0,426.0,False,nearest MRI is 426 days away (exceeds 365-day tolerance),"nearest-day match, MRI_TOLERANCE_DAYS=365"
OAS30797,1154,1375.0,221.0,True,within tolerance,"nearest-day match, MRI_TOLERANCE_DAYS=365"
OAS30797,2184,1375.0,809.0,False,nearest MRI is 809 days away (exceeds 365-day tolerance),"nearest-day match, MRI_TOLERANCE_DAYS=365"
OAS30797,4025,4575.0,550.0,False,nearest MRI is 550 days away (exceeds 365-day tolerance),"nearest-day match, MRI_TOLERANCE_DAYS=365"
OAS30797,4380,4575.0,195.0,True,within tolerance,"nearest-day match, MRI_TOLERANCE_DAYS=365"
OAS30797,4868,4575.0,293.0,True,within tolerance,"nearest-day match, MRI_TOLERANCE_DAYS=365"
OAS30798,0,78.0,78.0,True,within tolerance,"nearest-day match, MRI_TOLERANCE_DAYS=365"
OAS30798,339,78.0,261.0,True,within tolerance,"nearest-day match, MRI_TOLERANCE_DAYS=365"
OAS30798,1004,1003.0,1.0,True,within tolerance,"nearest-day match, MRI_TOLERANCE_DAYS=365"
OAS30798,1374,1003.0,371.0,False,nearest MRI is 371 days away (exceeds 365-day tolerance),"nearest-day match, MRI_TOLERANCE_DAYS=365"
OAS30799,0,557.0,557.0,False,nearest MRI is 557 days away (exceeds 365-day tolerance),"nearest-day match, MRI_TOLERANCE_DAYS=365"
OAS30799,379,557.0,178.0,True,within tolerance,"nearest-day match, MRI_TOLERANCE_DAYS=365"
OAS30799,743,557.0,186.0,True,within tolerance,"nearest-day match, MRI_TOLERANCE_DAYS=365"
OAS30799,1127,557.0,570.0,False,nearest MRI is 570 days away (exceeds 365-day tolerance),"nearest-day match, MRI_TOLERANCE_DAYS=365"
OAS30799,1863,557.0,1306.0,False,nearest MRI is 1306 days away (exceeds 365-day tolerance),"nearest-day match, MRI_TOLERANCE_DAYS=365"
OAS30800,0,29.0,29.0,True,within tolerance,"nearest-day match, MRI_TOLERANCE_DAYS=365"
OAS30800,1524,29.0,1495.0,False,nearest MRI is 1495 days away (exceeds 365-day tolerance),"nearest-day match, MRI_TOLERANCE_DAYS=365"
OAS30800,1937,29.0,1908.0,False,nearest MRI is 1908 days away (exceeds 365-day tolerance),"nearest-day match, MRI_TOLERANCE_DAYS=365"
OAS30800,2225,29.0,2196.0,False,nearest MRI is 2196 days away (exceeds 365-day tolerance),"nearest-day match, MRI_TOLERANCE_DAYS=365"
OAS30800,2948,29.0,2919.0,False,nearest MRI is 2919 days away (exceeds 365-day tolerance),"nearest-day match, MRI_TOLERANCE_DAYS=365"
OAS30800,3255,29.0,3226.0,False,nearest MRI is 3226 days away (exceeds 365-day tolerance),"nearest-day match, MRI_TOLERANCE_DAYS=365"
OAS30800,3589,29.0,3560.0,False,nearest MRI is 3560 days away (exceeds 365-day tolerance),"nearest-day match, MRI_TOLERANCE_DAYS=365"
OAS30800,3967,29.0,3938.0,False,nearest MRI is 3938 days away (exceeds 365-day tolerance),"nearest-day match, MRI_TOLERANCE_DAYS=365"
OAS30800,4453,29.0,4424.0,False,nearest MRI is 4424 days away (exceeds 365-day tolerance),"nearest-day match, MRI_TOLERANCE_DAYS=365"
OAS30800,4817,29.0,4788.0,False,nearest MRI is 4788 days away (exceeds 365-day tolerance),"nearest-day match, MRI_TOLERANCE_DAYS=365"
OAS30801,365,97.0,268.0,True,within tolerance,"nearest-day match, MRI_TOLERANCE_DAYS=365"
OAS30801,713,97.0,616.0,False,nearest MRI is 616 days away (exceeds 365-day tolerance),"nearest-day match, MRI_TOLERANCE_DAYS=365"
OAS30801,1208,97.0,1111.0,False,nearest MRI is 1111 days away (exceeds 365-day tolerance),"nearest-day match, MRI_TOLERANCE_DAYS=365"
OAS30801,1568,97.0,1471.0,False,nearest MRI is 1471 days away (exceeds 365-day tolerance),"nearest-day match, MRI_TOLERANCE_DAYS=365"
OAS30801,1874,97.0,1777.0,False,nearest MRI is 1777 days away (exceeds 365-day tolerance),"nearest-day match, MRI_TOLERANCE_DAYS=365"
OAS30802,0,132.0,132.0,True,within tolerance,"nearest-day match, MRI_TOLERANCE_DAYS=365"
OAS30802,456,132.0,324.0,True,within tolerance,"nearest-day match, MRI_TOLERANCE_DAYS=365"
OAS30803,0,86.0,86.0,True,within tolerance,"nearest-day match, MRI_TOLERANCE_DAYS=365"
OAS30803,1111,702.0,409.0,False,nearest MRI is 409 days away (exceeds 365-day tolerance),"nearest-day match, MRI_TOLERANCE_DAYS=365"
OAS30803,2266,1966.0,300.0,True,within tolerance,"nearest-day match, MRI_TOLERANCE_DAYS=365"
OAS30803,3352,3424.0,72.0,True,within tolerance,"nearest-day match, MRI_TOLERANCE_DAYS=365"
OAS30803,4417,4473.0,56.0,True,within tolerance,"nearest-day match, MRI_TOLERANCE_DAYS=365"
OAS30803,5532,5619.0,87.0,True,within tolerance,"nearest-day match, MRI_TOLERANCE_DAYS=365"
OAS30803,5895,5619.0,276.0,True,within tolerance,"nearest-day match, MRI_TOLERANCE_DAYS=365"
OAS30804,1143,507.0,636.0,False,nearest MRI is 636 days away (exceeds 365-day tolerance),"nearest-day match, MRI_TOLERANCE_DAYS=365"
OAS30805,0,,,False,subject has zero MRI/FreeSurfer records,"nearest-day match, MRI_TOLERANCE_DAYS=365"
OAS30805,404,,,False,subject has zero MRI/FreeSurfer records,"nearest-day match, MRI_TOLERANCE_DAYS=365"
OAS30805,1032,,,False,subject has zero MRI/FreeSurfer records,"nearest-day match, MRI_TOLERANCE_DAYS=365"
OAS30805,1532,,,False,subject has zero MRI/FreeSurfer records,"nearest-day match, MRI_TOLERANCE_DAYS=365"
OAS30805,1888,,,False,subject has zero MRI/FreeSurfer records,"nearest-day match, MRI_TOLERANCE_DAYS=365"
OAS30805,2628,,,False,subject has zero MRI/FreeSurfer records,"nearest-day match, MRI_TOLERANCE_DAYS=365"
OAS30805,2961,,,False,subject has zero MRI/FreeSurfer records,"nearest-day match, MRI_TOLERANCE_DAYS=365"
OAS30805,3344,,,False,subject has zero MRI/FreeSurfer records,"nearest-day match, MRI_TOLERANCE_DAYS=365"
OAS30805,4093,,,False,subject has zero MRI/FreeSurfer records,"nearest-day match, MRI_TOLERANCE_DAYS=365"
OAS30805,4464,,,False,subject has zero MRI/FreeSurfer records,"nearest-day match, MRI_TOLERANCE_DAYS=365"
OAS30805,4814,,,False,subject has zero MRI/FreeSurfer records,"nearest-day match, MRI_TOLERANCE_DAYS=365"
OAS30805,5172,,,False,subject has zero MRI/FreeSurfer records,"nearest-day match, MRI_TOLERANCE_DAYS=365"
OAS30805,5494,,,False,subject has zero MRI/FreeSurfer records,"nearest-day match, MRI_TOLERANCE_DAYS=365"
OAS30805,5897,,,False,subject has zero MRI/FreeSurfer records,"nearest-day match, MRI_TOLERANCE_DAYS=365"
OAS30805,6572,,,False,subject has zero MRI/FreeSurfer records,"nearest-day match, MRI_TOLERANCE_DAYS=365"
OAS30805,6970,,,False,subject has zero MRI/FreeSurfer records,"nearest-day match, MRI_TOLERANCE_DAYS=365"
OAS30805,7411,,,False,subject has zero MRI/FreeSurfer records,"nearest-day match, MRI_TOLERANCE_DAYS=365"
OAS30806,343,26.0,317.0,True,within tolerance,"nearest-day match, MRI_TOLERANCE_DAYS=365"
OAS30806,1503,26.0,1477.0,False,nearest MRI is 1477 days away (exceeds 365-day tolerance),"nearest-day match, MRI_TOLERANCE_DAYS=365"
OAS30806,1841,26.0,1815.0,False,nearest MRI is 1815 days away (exceeds 365-day tolerance),"nearest-day match, MRI_TOLERANCE_DAYS=365"
OAS30806,2226,26.0,2200.0,False,nearest MRI is 2200 days away (exceeds 365-day tolerance),"nearest-day match, MRI_TOLERANCE_DAYS=365"
OAS30806,2582,26.0,2556.0,False,nearest MRI is 2556 days away (exceeds 365-day tolerance),"nearest-day match, MRI_TOLERANCE_DAYS=365"
OAS30806,2894,26.0,2868.0,False,nearest MRI is 2868 days away (exceeds 365-day tolerance),"nearest-day match, MRI_TOLERANCE_DAYS=365"
OAS30807,0,472.0,472.0,False,nearest MRI is 472 days away (exceeds 365-day tolerance),"nearest-day match, MRI_TOLERANCE_DAYS=365"
OAS30807,756,472.0,284.0,True,within tolerance,"nearest-day match, MRI_TOLERANCE_DAYS=365"
OAS30807,1095,1492.0,397.0,False,nearest MRI is 397 days away (exceeds 365-day tolerance),"nearest-day match, MRI_TOLERANCE_DAYS=365"
OAS30807,1408,1492.0,84.0,True,within tolerance,"nearest-day match, MRI_TOLERANCE_DAYS=365"
OAS30807,1857,1492.0,365.0,True,within tolerance,"nearest-day match, MRI_TOLERANCE_DAYS=365"
OAS30807,2229,1492.0,737.0,False,nearest MRI is 737 days away (exceeds 365-day tolerance),"nearest-day match, MRI_TOLERANCE_DAYS=365"
OAS30808,0,498.0,498.0,False,nearest MRI is 498 days away (exceeds 365-day tolerance),"nearest-day match, MRI_TOLERANCE_DAYS=365"
OAS30808,364,498.0,134.0,True,within tolerance,"nearest-day match, MRI_TOLERANCE_DAYS=365"
OAS30808,748,498.0,250.0,True,within tolerance,"nearest-day match, MRI_TOLERANCE_DAYS=365"
OAS30808,1129,1522.0,393.0,False,nearest MRI is 393 days away (exceeds 365-day tolerance),"nearest-day match, MRI_TOLERANCE_DAYS=365"
OAS30808,1469,1522.0,53.0,True,within tolerance,"nearest-day match, MRI_TOLERANCE_DAYS=365"
OAS30808,1827,1522.0,305.0,True,within tolerance,"nearest-day match, MRI_TOLERANCE_DAYS=365"
OAS30808,2192,1522.0,670.0,False,nearest MRI is 670 days away (exceeds 365-day tolerance),"nearest-day match, MRI_TOLERANCE_DAYS=365"
OAS30808,2901,3453.0,552.0,False,nearest MRI is 552 days away (exceeds 365-day tolerance),"nearest-day match, MRI_TOLERANCE_DAYS=365"
OAS30808,3293,3453.0,160.0,True,within tolerance,"nearest-day match, MRI_TOLERANCE_DAYS=365"
OAS30808,3641,3453.0,188.0,True,within tolerance,"nearest-day match, MRI_TOLERANCE_DAYS=365"
OAS30809,0,252.0,252.0,True,within tolerance,"nearest-day match, MRI_TOLERANCE_DAYS=365"
OAS30810,0,106.0,106.0,True,within tolerance,"nearest-day match, MRI_TOLERANCE_DAYS=365"
OAS30810,477,106.0,371.0,False,nearest MRI is 371 days away (exceeds 365-day tolerance),"nearest-day match, MRI_TOLERANCE_DAYS=365"
OAS30810,1240,1351.0,111.0,True,within tolerance,"nearest-day match, MRI_TOLERANCE_DAYS=365"
OAS30810,1547,1351.0,196.0,True,within tolerance,"nearest-day match, MRI_TOLERANCE_DAYS=365"
OAS30810,1891,1351.0,540.0,False,nearest MRI is 540 days away (exceeds 365-day tolerance),"nearest-day match, MRI_TOLERANCE_DAYS=365"
OAS30810,2199,1351.0,848.0,False,nearest MRI is 848 days away (exceeds 365-day tolerance),"nearest-day match, MRI_TOLERANCE_DAYS=365"
OAS30810,2704,1351.0,1353.0,False,nearest MRI is 1353 days away (exceeds 365-day tolerance),"nearest-day match, MRI_TOLERANCE_DAYS=365"
OAS30811,3787,7690.0,3903.0,False,nearest MRI is 3903 days away (exceeds 365-day tolerance),"nearest-day match, MRI_TOLERANCE_DAYS=365"
OAS30811,4175,7690.0,3515.0,False,nearest MRI is 3515 days away (exceeds 365-day tolerance),"nearest-day match, MRI_TOLERANCE_DAYS=365"
OAS30811,4525,7690.0,3165.0,False,nearest MRI is 3165 days away (exceeds 365-day tolerance),"nearest-day match, MRI_TOLERANCE_DAYS=365"
OAS30811,4917,7690.0,2773.0,False,nearest MRI is 2773 days away (exceeds 365-day tolerance),"nearest-day match, MRI_TOLERANCE_DAYS=365"
OAS30811,5288,7690.0,2402.0,False,nearest MRI is 2402 days away (exceeds 365-day tolerance),"nearest-day match, MRI_TOLERANCE_DAYS=365"
OAS30811,6030,7690.0,1660.0,False,nearest MRI is 1660 days away (exceeds 365-day tolerance),"nearest-day match, MRI_TOLERANCE_DAYS=365"
OAS30811,7464,7690.0,226.0,True,within tolerance,"nearest-day match, MRI_TOLERANCE_DAYS=365"
OAS30812,442,55.0,387.0,False,nearest MRI is 387 days away (exceeds 365-day tolerance),"nearest-day match, MRI_TOLERANCE_DAYS=365"
OAS30812,827,55.0,772.0,False,nearest MRI is 772 days away (exceeds 365-day tolerance),"nearest-day match, MRI_TOLERANCE_DAYS=365"
OAS30812,1614,55.0,1559.0,False,nearest MRI is 1559 days away (exceeds 365-day tolerance),"nearest-day match, MRI_TOLERANCE_DAYS=365"
OAS30813,0,138.0,138.0,True,within tolerance,"nearest-day match, MRI_TOLERANCE_DAYS=365"
OAS30813,455,138.0,317.0,True,within tolerance,"nearest-day match, MRI_TOLERANCE_DAYS=365"
OAS30813,782,1156.0,374.0,False,nearest MRI is 374 days away (exceeds 365-day tolerance),"nearest-day match, MRI_TOLERANCE_DAYS=365"
OAS30813,1091,1156.0,65.0,True,within tolerance,"nearest-day match, MRI_TOLERANCE_DAYS=365"
OAS30813,1511,1156.0,355.0,True,within tolerance,"nearest-day match, MRI_TOLERANCE_DAYS=365"
OAS30814,0,144.0,144.0,True,within tolerance,"nearest-day match, MRI_TOLERANCE_DAYS=365"
OAS30814,363,144.0,219.0,True,within tolerance,"nearest-day match, MRI_TOLERANCE_DAYS=365"
OAS30814,727,1152.0,425.0,False,nearest MRI is 425 days away (exceeds 365-day tolerance),"nearest-day match, MRI_TOLERANCE_DAYS=365"
OAS30814,1054,1152.0,98.0,True,within tolerance,"nearest-day match, MRI_TOLERANCE_DAYS=365"
OAS30815,0,148.0,148.0,True,within tolerance,"nearest-day match, MRI_TOLERANCE_DAYS=365"
OAS30815,361,148.0,213.0,True,within tolerance,"nearest-day match, MRI_TOLERANCE_DAYS=365"
OAS30815,753,148.0,605.0,False,nearest MRI is 605 days away (exceeds 365-day tolerance),"nearest-day match, MRI_TOLERANCE_DAYS=365"
OAS30815,1117,148.0,969.0,False,nearest MRI is 969 days away (exceeds 365-day tolerance),"nearest-day match, MRI_TOLERANCE_DAYS=365"
OAS30815,1481,148.0,1333.0,False,nearest MRI is 1333 days away (exceeds 365-day tolerance),"nearest-day match, MRI_TOLERANCE_DAYS=365"
OAS30816,0,530.0,530.0,False,nearest MRI is 530 days away (exceeds 365-day tolerance),"nearest-day match, MRI_TOLERANCE_DAYS=365"
OAS30816,1096,530.0,566.0,False,nearest MRI is 566 days away (exceeds 365-day tolerance),"nearest-day match, MRI_TOLERANCE_DAYS=365"
OAS30816,2190,3379.0,1189.0,False,nearest MRI is 1189 days away (exceeds 365-day tolerance),"nearest-day match, MRI_TOLERANCE_DAYS=365"
OAS30816,2652,3379.0,727.0,False,nearest MRI is 727 days away (exceeds 365-day tolerance),"nearest-day match, MRI_TOLERANCE_DAYS=365"
OAS30816,3611,3379.0,232.0,True,within tolerance,"nearest-day match, MRI_TOLERANCE_DAYS=365"
OAS30816,4492,4576.0,84.0,True,within tolerance,"nearest-day match, MRI_TOLERANCE_DAYS=365"
OAS30816,4877,4583.0,294.0,True,within tolerance,"nearest-day match, MRI_TOLERANCE_DAYS=365"
OAS30816,5221,4583.0,638.0,False,nearest MRI is 638 days away (exceeds 365-day tolerance),"nearest-day match, MRI_TOLERANCE_DAYS=365"
OAS30817,0,236.0,236.0,True,within tolerance,"nearest-day match, MRI_TOLERANCE_DAYS=365"
OAS30817,371,236.0,135.0,True,within tolerance,"nearest-day match, MRI_TOLERANCE_DAYS=365"
OAS30817,721,236.0,485.0,False,nearest MRI is 485 days away (exceeds 365-day tolerance),"nearest-day match, MRI_TOLERANCE_DAYS=365"
OAS30817,2221,2324.0,103.0,True,within tolerance,"nearest-day match, MRI_TOLERANCE_DAYS=365"
OAS30817,2542,2324.0,218.0,True,within tolerance,"nearest-day match, MRI_TOLERANCE_DAYS=365"
OAS30817,2921,2324.0,597.0,False,nearest MRI is 597 days away (exceeds 365-day tolerance),"nearest-day match, MRI_TOLERANCE_DAYS=365"
OAS30817,3258,2324.0,934.0,False,nearest MRI is 934 days away (exceeds 365-day tolerance),"nearest-day match, MRI_TOLERANCE_DAYS=365"
OAS30817,3663,2324.0,1339.0,False,nearest MRI is 1339 days away (exceeds 365-day tolerance),"nearest-day match, MRI_TOLERANCE_DAYS=365"
OAS30817,4046,2324.0,1722.0,False,nearest MRI is 1722 days away (exceeds 365-day tolerance),"nearest-day match, MRI_TOLERANCE_DAYS=365"
OAS30817,4412,2324.0,2088.0,False,nearest MRI is 2088 days away (exceeds 365-day tolerance),"nearest-day match, MRI_TOLERANCE_DAYS=365"
OAS30818,0,97.0,97.0,True,within tolerance,"nearest-day match, MRI_TOLERANCE_DAYS=365"
OAS30818,394,97.0,297.0,True,within tolerance,"nearest-day match, MRI_TOLERANCE_DAYS=365"
OAS30818,758,1214.0,456.0,False,nearest MRI is 456 days away (exceeds 365-day tolerance),"nearest-day match, MRI_TOLERANCE_DAYS=365"
OAS30818,2312,2399.0,87.0,True,within tolerance,"nearest-day match, MRI_TOLERANCE_DAYS=365"
OAS30818,2659,2656.0,3.0,True,within tolerance,"nearest-day match, MRI_TOLERANCE_DAYS=365"
OAS30818,2994,2656.0,338.0,True,within tolerance,"nearest-day match, MRI_TOLERANCE_DAYS=365"
OAS30818,3338,3524.0,186.0,True,within tolerance,"nearest-day match, MRI_TOLERANCE_DAYS=365"
OAS30818,3755,3524.0,231.0,True,within tolerance,"nearest-day match, MRI_TOLERANCE_DAYS=365"
OAS30818,4119,3524.0,595.0,False,nearest MRI is 595 days away (exceeds 365-day tolerance),"nearest-day match, MRI_TOLERANCE_DAYS=365"
OAS30818,4490,3524.0,966.0,False,nearest MRI is 966 days away (exceeds 365-day tolerance),"nearest-day match, MRI_TOLERANCE_DAYS=365"
OAS30819,0,77.0,77.0,True,within tolerance,"nearest-day match, MRI_TOLERANCE_DAYS=365"
OAS30819,371,572.0,201.0,True,within tolerance,"nearest-day match, MRI_TOLERANCE_DAYS=365"
OAS30819,753,572.0,181.0,True,within tolerance,"nearest-day match, MRI_TOLERANCE_DAYS=365"
OAS30819,1848,1776.0,72.0,True,within tolerance,"nearest-day match, MRI_TOLERANCE_DAYS=365"
OAS30819,2307,1776.0,531.0,False,nearest MRI is 531 days away (exceeds 365-day tolerance),"nearest-day match, MRI_TOLERANCE_DAYS=365"
OAS30820,0,34.0,34.0,True,within tolerance,"nearest-day match, MRI_TOLERANCE_DAYS=365"
OAS30820,452,34.0,418.0,False,nearest MRI is 418 days away (exceeds 365-day tolerance),"nearest-day match, MRI_TOLERANCE_DAYS=365"
OAS30820,1845,1903.0,58.0,True,within tolerance,"nearest-day match, MRI_TOLERANCE_DAYS=365"
OAS30820,2190,1903.0,287.0,True,within tolerance,"nearest-day match, MRI_TOLERANCE_DAYS=365"
OAS30821,0,63.0,63.0,True,within tolerance,"nearest-day match, MRI_TOLERANCE_DAYS=365"
OAS30822,0,36.0,36.0,True,within tolerance,"nearest-day match, MRI_TOLERANCE_DAYS=365"
OAS30822,1085,36.0,1049.0,False,nearest MRI is 1049 days away (exceeds 365-day tolerance),"nearest-day match, MRI_TOLERANCE_DAYS=365"
OAS30822,1506,36.0,1470.0,False,nearest MRI is 1470 days away (exceeds 365-day tolerance),"nearest-day match, MRI_TOLERANCE_DAYS=365"
OAS30822,1937,3227.0,1290.0,False,nearest MRI is 1290 days away (exceeds 365-day tolerance),"nearest-day match, MRI_TOLERANCE_DAYS=365"
OAS30822,2260,3227.0,967.0,False,nearest MRI is 967 days away (exceeds 365-day tolerance),"nearest-day match, MRI_TOLERANCE_DAYS=365"
OAS30822,2687,3227.0,540.0,False,nearest MRI is 540 days away (exceeds 365-day tolerance),"nearest-day match, MRI_TOLERANCE_DAYS=365"
OAS30822,3051,3227.0,176.0,True,within tolerance,"nearest-day match, MRI_TOLERANCE_DAYS=365"
OAS30822,3368,3227.0,141.0,True,within tolerance,"nearest-day match, MRI_TOLERANCE_DAYS=365"
OAS30822,3766,3227.0,539.0,False,nearest MRI is 539 days away (exceeds 365-day tolerance),"nearest-day match, MRI_TOLERANCE_DAYS=365"
OAS30823,0,55.0,55.0,True,within tolerance,"nearest-day match, MRI_TOLERANCE_DAYS=365"
OAS30823,398,55.0,343.0,True,within tolerance,"nearest-day match, MRI_TOLERANCE_DAYS=365"
OAS30823,1098,1309.0,211.0,True,within tolerance,"nearest-day match, MRI_TOLERANCE_DAYS=365"
OAS30823,1490,1309.0,181.0,True,within tolerance,"nearest-day match, MRI_TOLERANCE_DAYS=365"
OAS30823,1909,2277.0,368.0,False,nearest MRI is 368 days away (exceeds 365-day tolerance),"nearest-day match, MRI_TOLERANCE_DAYS=365"
OAS30823,2549,2722.0,173.0,True,within tolerance,"nearest-day match, MRI_TOLERANCE_DAYS=365"
OAS30823,2926,2722.0,204.0,True,within tolerance,"nearest-day match, MRI_TOLERANCE_DAYS=365"
OAS30823,3288,2722.0,566.0,False,nearest MRI is 566 days away (exceeds 365-day tolerance),"nearest-day match, MRI_TOLERANCE_DAYS=365"
OAS30823,4292,2722.0,1570.0,False,nearest MRI is 1570 days away (exceeds 365-day tolerance),"nearest-day match, MRI_TOLERANCE_DAYS=365"
OAS30824,0,77.0,77.0,True,within tolerance,"nearest-day match, MRI_TOLERANCE_DAYS=365"
OAS30824,512,77.0,435.0,False,nearest MRI is 435 days away (exceeds 365-day tolerance),"nearest-day match, MRI_TOLERANCE_DAYS=365"
OAS30824,937,1651.0,714.0,False,nearest MRI is 714 days away (exceeds 365-day tolerance),"nearest-day match, MRI_TOLERANCE_DAYS=365"
OAS30824,1235,1651.0,416.0,False,nearest MRI is 416 days away (exceeds 365-day tolerance),"nearest-day match, MRI_TOLERANCE_DAYS=365"
OAS30824,1632,1651.0,19.0,True,within tolerance,"nearest-day match, MRI_TOLERANCE_DAYS=365"
OAS30824,1980,1651.0,329.0,True,within tolerance,"nearest-day match, MRI_TOLERANCE_DAYS=365"
OAS30824,2306,1651.0,655.0,False,nearest MRI is 655 days away (exceeds 365-day tolerance),"nearest-day match, MRI_TOLERANCE_DAYS=365"
OAS30825,0,4885.0,4885.0,False,nearest MRI is 4885 days away (exceeds 365-day tolerance),"nearest-day match, MRI_TOLERANCE_DAYS=365"
OAS30825,805,4885.0,4080.0,False,nearest MRI is 4080 days away (exceeds 365-day tolerance),"nearest-day match, MRI_TOLERANCE_DAYS=365"
OAS30825,1161,4885.0,3724.0,False,nearest MRI is 3724 days away (exceeds 365-day tolerance),"nearest-day match, MRI_TOLERANCE_DAYS=365"
OAS30825,1574,4885.0,3311.0,False,nearest MRI is 3311 days away (exceeds 365-day tolerance),"nearest-day match, MRI_TOLERANCE_DAYS=365"
OAS30825,1914,4885.0,2971.0,False,nearest MRI is 2971 days away (exceeds 365-day tolerance),"nearest-day match, MRI_TOLERANCE_DAYS=365"
OAS30825,2224,4885.0,2661.0,False,nearest MRI is 2661 days away (exceeds 365-day tolerance),"nearest-day match, MRI_TOLERANCE_DAYS=365"
OAS30825,2610,4885.0,2275.0,False,nearest MRI is 2275 days away (exceeds 365-day tolerance),"nearest-day match, MRI_TOLERANCE_DAYS=365"
OAS30825,2946,4885.0,1939.0,False,nearest MRI is 1939 days away (exceeds 365-day tolerance),"nearest-day match, MRI_TOLERANCE_DAYS=365"
OAS30825,3307,4885.0,1578.0,False,nearest MRI is 1578 days away (exceeds 365-day tolerance),"nearest-day match, MRI_TOLERANCE_DAYS=365"
OAS30825,3668,4885.0,1217.0,False,nearest MRI is 1217 days away (exceeds 365-day tolerance),"nearest-day match, MRI_TOLERANCE_DAYS=365"
OAS30825,4340,4885.0,545.0,False,nearest MRI is 545 days away (exceeds 365-day tolerance),"nearest-day match, MRI_TOLERANCE_DAYS=365"
OAS30825,4756,4885.0,129.0,True,within tolerance,"nearest-day match, MRI_TOLERANCE_DAYS=365"
OAS30825,5113,4885.0,228.0,True,within tolerance,"nearest-day match, MRI_TOLERANCE_DAYS=365"
OAS30825,5463,5535.0,72.0,True,within tolerance,"nearest-day match, MRI_TOLERANCE_DAYS=365"
OAS30825,5981,5535.0,446.0,False,nearest MRI is 446 days away (exceeds 365-day tolerance),"nearest-day match, MRI_TOLERANCE_DAYS=365"
OAS30825,6354,5535.0,819.0,False,nearest MRI is 819 days away (exceeds 365-day tolerance),"nearest-day match, MRI_TOLERANCE_DAYS=365"
OAS30825,6702,5535.0,1167.0,False,nearest MRI is 1167 days away (exceeds 365-day tolerance),"nearest-day match, MRI_TOLERANCE_DAYS=365"
OAS30825,7101,5535.0,1566.0,False,nearest MRI is 1566 days away (exceeds 365-day tolerance),"nearest-day match, MRI_TOLERANCE_DAYS=365"
OAS30825,7445,5535.0,1910.0,False,nearest MRI is 1910 days away (exceeds 365-day tolerance),"nearest-day match, MRI_TOLERANCE_DAYS=365"
OAS30825,7816,5535.0,2281.0,False,nearest MRI is 2281 days away (exceeds 365-day tolerance),"nearest-day match, MRI_TOLERANCE_DAYS=365"
OAS30825,8202,5535.0,2667.0,False,nearest MRI is 2667 days away (exceeds 365-day tolerance),"nearest-day match, MRI_TOLERANCE_DAYS=365"
OAS30826,0,217.0,217.0,True,within tolerance,"nearest-day match, MRI_TOLERANCE_DAYS=365"
OAS30826,371,217.0,154.0,True,within tolerance,"nearest-day match, MRI_TOLERANCE_DAYS=365"
OAS30827,0,43.0,43.0,True,within tolerance,"nearest-day match, MRI_TOLERANCE_DAYS=365"
OAS30827,364,43.0,321.0,True,within tolerance,"nearest-day match, MRI_TOLERANCE_DAYS=365"
OAS30827,726,43.0,683.0,False,nearest MRI is 683 days away (exceeds 365-day tolerance),"nearest-day match, MRI_TOLERANCE_DAYS=365"
OAS30827,1708,1875.0,167.0,True,within tolerance,"nearest-day match, MRI_TOLERANCE_DAYS=365"
OAS30827,2576,1875.0,701.0,False,nearest MRI is 701 days away (exceeds 365-day tolerance),"nearest-day match, MRI_TOLERANCE_DAYS=365"
OAS30828,0,1520.0,1520.0,False,nearest MRI is 1520 days away (exceeds 365-day tolerance),"nearest-day match, MRI_TOLERANCE_DAYS=365"
OAS30828,509,1520.0,1011.0,False,nearest MRI is 1011 days away (exceeds 365-day tolerance),"nearest-day match, MRI_TOLERANCE_DAYS=365"
OAS30828,6466,1736.0,4730.0,False,nearest MRI is 4730 days away (exceeds 365-day tolerance),"nearest-day match, MRI_TOLERANCE_DAYS=365"
OAS30829,0,6357.0,6357.0,False,nearest MRI is 6357 days away (exceeds 365-day tolerance),"nearest-day match, MRI_TOLERANCE_DAYS=365"
OAS30829,355,6357.0,6002.0,False,nearest MRI is 6002 days away (exceeds 365-day tolerance),"nearest-day match, MRI_TOLERANCE_DAYS=365"
OAS30829,739,6357.0,5618.0,False,nearest MRI is 5618 days away (exceeds 365-day tolerance),"nearest-day match, MRI_TOLERANCE_DAYS=365"
OAS30829,1063,6357.0,5294.0,False,nearest MRI is 5294 days away (exceeds 365-day tolerance),"nearest-day match, MRI_TOLERANCE_DAYS=365"
OAS30829,1448,6357.0,4909.0,False,nearest MRI is 4909 days away (exceeds 365-day tolerance),"nearest-day match, MRI_TOLERANCE_DAYS=365"
OAS30829,1804,6357.0,4553.0,False,nearest MRI is 4553 days away (exceeds 365-day tolerance),"nearest-day match, MRI_TOLERANCE_DAYS=365"
OAS30829,2498,6357.0,3859.0,False,nearest MRI is 3859 days away (exceeds 365-day tolerance),"nearest-day match, MRI_TOLERANCE_DAYS=365"
OAS30829,2904,6357.0,3453.0,False,nearest MRI is 3453 days away (exceeds 365-day tolerance),"nearest-day match, MRI_TOLERANCE_DAYS=365"
OAS30829,3745,6357.0,2612.0,False,nearest MRI is 2612 days away (exceeds 365-day tolerance),"nearest-day match, MRI_TOLERANCE_DAYS=365"
OAS30829,4047,6357.0,2310.0,False,nearest MRI is 2310 days away (exceeds 365-day tolerance),"nearest-day match, MRI_TOLERANCE_DAYS=365"
OAS30829,4907,6357.0,1450.0,False,nearest MRI is 1450 days away (exceeds 365-day tolerance),"nearest-day match, MRI_TOLERANCE_DAYS=365"
OAS30829,5338,6357.0,1019.0,False,nearest MRI is 1019 days away (exceeds 365-day tolerance),"nearest-day match, MRI_TOLERANCE_DAYS=365"
OAS30829,5752,6357.0,605.0,False,nearest MRI is 605 days away (exceeds 365-day tolerance),"nearest-day match, MRI_TOLERANCE_DAYS=365"
OAS30829,6501,6593.0,92.0,True,within tolerance,"nearest-day match, MRI_TOLERANCE_DAYS=365"
OAS30829,6908,6593.0,315.0,True,within tolerance,"nearest-day match, MRI_TOLERANCE_DAYS=365"
OAS30829,7685,7552.0,133.0,True,within tolerance,"nearest-day match, MRI_TOLERANCE_DAYS=365"
OAS30829,8415,8406.0,9.0,True,within tolerance,"nearest-day match, MRI_TOLERANCE_DAYS=365"
OAS30829,9230,8406.0,824.0,False,nearest MRI is 824 days away (exceeds 365-day tolerance),"nearest-day match, MRI_TOLERANCE_DAYS=365"
OAS30830,0,30.0,30.0,True,within tolerance,"nearest-day match, MRI_TOLERANCE_DAYS=365"
OAS30830,1087,30.0,1057.0,False,nearest MRI is 1057 days away (exceeds 365-day tolerance),"nearest-day match, MRI_TOLERANCE_DAYS=365"
OAS30830,1541,30.0,1511.0,False,nearest MRI is 1511 days away (exceeds 365-day tolerance),"nearest-day match, MRI_TOLERANCE_DAYS=365"
OAS30830,1905,30.0,1875.0,False,nearest MRI is 1875 days away (exceeds 365-day tolerance),"nearest-day match, MRI_TOLERANCE_DAYS=365"
OAS30830,2242,30.0,2212.0,False,nearest MRI is 2212 days away (exceeds 365-day tolerance),"nearest-day match, MRI_TOLERANCE_DAYS=365"
OAS30830,2626,30.0,2596.0,False,nearest MRI is 2596 days away (exceeds 365-day tolerance),"nearest-day match, MRI_TOLERANCE_DAYS=365"
OAS30832,1129,1203.0,74.0,True,within tolerance,"nearest-day match, MRI_TOLERANCE_DAYS=365"
OAS30832,3705,3848.0,143.0,True,within tolerance,"nearest-day match, MRI_TOLERANCE_DAYS=365"
OAS30832,4409,4580.0,171.0,True,within tolerance,"nearest-day match, MRI_TOLERANCE_DAYS=365"
OAS30832,4836,4580.0,256.0,True,within tolerance,"nearest-day match, MRI_TOLERANCE_DAYS=365"
OAS30832,5206,4580.0,626.0,False,nearest MRI is 626 days away (exceeds 365-day tolerance),"nearest-day match, MRI_TOLERANCE_DAYS=365"
OAS30834,511,98.0,413.0,False,nearest MRI is 413 days away (exceeds 365-day tolerance),"nearest-day match, MRI_TOLERANCE_DAYS=365"
OAS30835,0,709.0,709.0,False,nearest MRI is 709 days away (exceeds 365-day tolerance),"nearest-day match, MRI_TOLERANCE_DAYS=365"
OAS30835,408,709.0,301.0,True,within tolerance,"nearest-day match, MRI_TOLERANCE_DAYS=365"
OAS30835,842,709.0,133.0,True,within tolerance,"nearest-day match, MRI_TOLERANCE_DAYS=365"
OAS30835,1230,709.0,521.0,False,nearest MRI is 521 days away (exceeds 365-day tolerance),"nearest-day match, MRI_TOLERANCE_DAYS=365"
OAS30835,1608,1864.0,256.0,True,within tolerance,"nearest-day match, MRI_TOLERANCE_DAYS=365"
OAS30835,2343,1864.0,479.0,False,nearest MRI is 479 days away (exceeds 365-day tolerance),"nearest-day match, MRI_TOLERANCE_DAYS=365"
OAS30835,3212,1864.0,1348.0,False,nearest MRI is 1348 days away (exceeds 365-day tolerance),"nearest-day match, MRI_TOLERANCE_DAYS=365"
OAS30835,3680,1864.0,1816.0,False,nearest MRI is 1816 days away (exceeds 365-day tolerance),"nearest-day match, MRI_TOLERANCE_DAYS=365"
OAS30836,0,94.0,94.0,True,within tolerance,"nearest-day match, MRI_TOLERANCE_DAYS=365"
OAS30836,506,94.0,412.0,False,nearest MRI is 412 days away (exceeds 365-day tolerance),"nearest-day match, MRI_TOLERANCE_DAYS=365"
OAS30836,863,94.0,769.0,False,nearest MRI is 769 days away (exceeds 365-day tolerance),"nearest-day match, MRI_TOLERANCE_DAYS=365"
OAS30836,1204,94.0,1110.0,False,nearest MRI is 1110 days away (exceeds 365-day tolerance),"nearest-day match, MRI_TOLERANCE_DAYS=365"
OAS30837,0,,,False,subject has zero MRI/FreeSurfer records,"nearest-day match, MRI_TOLERANCE_DAYS=365"
OAS30837,381,,,False,subject has zero MRI/FreeSurfer records,"nearest-day match, MRI_TOLERANCE_DAYS=365"
OAS30837,711,,,False,subject has zero MRI/FreeSurfer records,"nearest-day match, MRI_TOLERANCE_DAYS=365"
OAS30837,1083,,,False,subject has zero MRI/FreeSurfer records,"nearest-day match, MRI_TOLERANCE_DAYS=365"
OAS30837,1460,,,False,subject has zero MRI/FreeSurfer records,"nearest-day match, MRI_TOLERANCE_DAYS=365"
OAS30837,2162,,,False,subject has zero MRI/FreeSurfer records,"nearest-day match, MRI_TOLERANCE_DAYS=365"
OAS30838,0,98.0,98.0,True,within tolerance,"nearest-day match, MRI_TOLERANCE_DAYS=365"
OAS30838,610,98.0,512.0,False,nearest MRI is 512 days away (exceeds 365-day tolerance),"nearest-day match, MRI_TOLERANCE_DAYS=365"
OAS30838,1185,98.0,1087.0,False,nearest MRI is 1087 days away (exceeds 365-day tolerance),"nearest-day match, MRI_TOLERANCE_DAYS=365"
OAS30839,0,1394.0,1394.0,False,nearest MRI is 1394 days away (exceeds 365-day tolerance),"nearest-day match, MRI_TOLERANCE_DAYS=365"
OAS30839,1267,1394.0,127.0,True,within tolerance,"nearest-day match, MRI_TOLERANCE_DAYS=365"
OAS30839,1617,1394.0,223.0,True,within tolerance,"nearest-day match, MRI_TOLERANCE_DAYS=365"
OAS30839,1996,1394.0,602.0,False,nearest MRI is 602 days away (exceeds 365-day tolerance),"nearest-day match, MRI_TOLERANCE_DAYS=365"
OAS30840,0,42.0,42.0,True,within tolerance,"nearest-day match, MRI_TOLERANCE_DAYS=365"
OAS30840,784,42.0,742.0,False,nearest MRI is 742 days away (exceeds 365-day tolerance),"nearest-day match, MRI_TOLERANCE_DAYS=365"
OAS30840,2247,42.0,2205.0,False,nearest MRI is 2205 days away (exceeds 365-day tolerance),"nearest-day match, MRI_TOLERANCE_DAYS=365"
OAS30840,2940,42.0,2898.0,False,nearest MRI is 2898 days away (exceeds 365-day tolerance),"nearest-day match, MRI_TOLERANCE_DAYS=365"
OAS30840,3711,42.0,3669.0,False,nearest MRI is 3669 days away (exceeds 365-day tolerance),"nearest-day match, MRI_TOLERANCE_DAYS=365"
OAS30841,0,187.0,187.0,True,within tolerance,"nearest-day match, MRI_TOLERANCE_DAYS=365"
OAS30841,367,348.0,19.0,True,within tolerance,"nearest-day match, MRI_TOLERANCE_DAYS=365"
OAS30841,720,348.0,372.0,False,nearest MRI is 372 days away (exceeds 365-day tolerance),"nearest-day match, MRI_TOLERANCE_DAYS=365"
OAS30841,1564,348.0,1216.0,False,nearest MRI is 1216 days away (exceeds 365-day tolerance),"nearest-day match, MRI_TOLERANCE_DAYS=365"
OAS30841,1952,3499.0,1547.0,False,nearest MRI is 1547 days away (exceeds 365-day tolerance),"nearest-day match, MRI_TOLERANCE_DAYS=365"
OAS30841,2278,3499.0,1221.0,False,nearest MRI is 1221 days away (exceeds 365-day tolerance),"nearest-day match, MRI_TOLERANCE_DAYS=365"
OAS30841,2740,3499.0,759.0,False,nearest MRI is 759 days away (exceeds 365-day tolerance),"nearest-day match, MRI_TOLERANCE_DAYS=365"
OAS30841,3076,3499.0,423.0,False,nearest MRI is 423 days away (exceeds 365-day tolerance),"nearest-day match, MRI_TOLERANCE_DAYS=365"
OAS30841,3447,3499.0,52.0,True,within tolerance,"nearest-day match, MRI_TOLERANCE_DAYS=365"
OAS30841,3847,3499.0,348.0,True,within tolerance,"nearest-day match, MRI_TOLERANCE_DAYS=365"
OAS30841,4357,3499.0,858.0,False,nearest MRI is 858 days away (exceeds 365-day tolerance),"nearest-day match, MRI_TOLERANCE_DAYS=365"
OAS30841,4805,3499.0,1306.0,False,nearest MRI is 1306 days away (exceeds 365-day tolerance),"nearest-day match, MRI_TOLERANCE_DAYS=365"
OAS30842,0,526.0,526.0,False,nearest MRI is 526 days away (exceeds 365-day tolerance),"nearest-day match, MRI_TOLERANCE_DAYS=365"
OAS30842,402,526.0,124.0,True,within tolerance,"nearest-day match, MRI_TOLERANCE_DAYS=365"
OAS30842,744,526.0,218.0,True,within tolerance,"nearest-day match, MRI_TOLERANCE_DAYS=365"
OAS30842,1094,1298.0,204.0,True,within tolerance,"nearest-day match, MRI_TOLERANCE_DAYS=365"
OAS30842,1570,1299.0,271.0,True,within tolerance,"nearest-day match, MRI_TOLERANCE_DAYS=365"
OAS30842,1868,1299.0,569.0,False,nearest MRI is 569 days away (exceeds 365-day tolerance),"nearest-day match, MRI_TOLERANCE_DAYS=365"
OAS30842,2234,1299.0,935.0,False,nearest MRI is 935 days away (exceeds 365-day tolerance),"nearest-day match, MRI_TOLERANCE_DAYS=365"
OAS30843,0,236.0,236.0,True,within tolerance,"nearest-day match, MRI_TOLERANCE_DAYS=365"
OAS30843,384,236.0,148.0,True,within tolerance,"nearest-day match, MRI_TOLERANCE_DAYS=365"
OAS30843,1047,236.0,811.0,False,nearest MRI is 811 days away (exceeds 365-day tolerance),"nearest-day match, MRI_TOLERANCE_DAYS=365"
OAS30844,0,35.0,35.0,True,within tolerance,"nearest-day match, MRI_TOLERANCE_DAYS=365"
OAS30844,576,35.0,541.0,False,nearest MRI is 541 days away (exceeds 365-day tolerance),"nearest-day match, MRI_TOLERANCE_DAYS=365"
OAS30845,0,68.0,68.0,True,within tolerance,"nearest-day match, MRI_TOLERANCE_DAYS=365"
OAS30845,812,1266.0,454.0,False,nearest MRI is 454 days away (exceeds 365-day tolerance),"nearest-day match, MRI_TOLERANCE_DAYS=365"
OAS30845,1162,1266.0,104.0,True,within tolerance,"nearest-day match, MRI_TOLERANCE_DAYS=365"
OAS30845,1488,1266.0,222.0,True,within tolerance,"nearest-day match, MRI_TOLERANCE_DAYS=365"
OAS30845,1834,1266.0,568.0,False,nearest MRI is 568 days away (exceeds 365-day tolerance),"nearest-day match, MRI_TOLERANCE_DAYS=365"
OAS30845,2639,1266.0,1373.0,False,nearest MRI is 1373 days away (exceeds 365-day tolerance),"nearest-day match, MRI_TOLERANCE_DAYS=365"
OAS30846,1043,1101.0,58.0,True,within tolerance,"nearest-day match, MRI_TOLERANCE_DAYS=365"
OAS30848,0,70.0,70.0,True,within tolerance,"nearest-day match, MRI_TOLERANCE_DAYS=365"
OAS30848,354,70.0,284.0,True,within tolerance,"nearest-day match, MRI_TOLERANCE_DAYS=365"
OAS30848,774,70.0,704.0,False,nearest MRI is 704 days away (exceeds 365-day tolerance),"nearest-day match, MRI_TOLERANCE_DAYS=365"
OAS30848,1203,70.0,1133.0,False,nearest MRI is 1133 days away (exceeds 365-day tolerance),"nearest-day match, MRI_TOLERANCE_DAYS=365"
OAS30850,0,198.0,198.0,True,within tolerance,"nearest-day match, MRI_TOLERANCE_DAYS=365"
OAS30852,0,2307.0,2307.0,False,nearest MRI is 2307 days away (exceeds 365-day tolerance),"nearest-day match, MRI_TOLERANCE_DAYS=365"
OAS30852,792,2307.0,1515.0,False,nearest MRI is 1515 days away (exceeds 365-day tolerance),"nearest-day match, MRI_TOLERANCE_DAYS=365"
OAS30852,1224,2307.0,1083.0,False,nearest MRI is 1083 days away (exceeds 365-day tolerance),"nearest-day match, MRI_TOLERANCE_DAYS=365"
OAS30852,1707,2307.0,600.0,False,nearest MRI is 600 days away (exceeds 365-day tolerance),"nearest-day match, MRI_TOLERANCE_DAYS=365"
OAS30852,2765,3014.0,249.0,True,within tolerance,"nearest-day match, MRI_TOLERANCE_DAYS=365"
OAS30852,3140,3014.0,126.0,True,within tolerance,"nearest-day match, MRI_TOLERANCE_DAYS=365"
OAS30852,4225,3983.0,242.0,True,within tolerance,"nearest-day match, MRI_TOLERANCE_DAYS=365"
OAS30852,4610,3983.0,627.0,False,nearest MRI is 627 days away (exceeds 365-day tolerance),"nearest-day match, MRI_TOLERANCE_DAYS=365"
OAS30852,5398,3983.0,1415.0,False,nearest MRI is 1415 days away (exceeds 365-day tolerance),"nearest-day match, MRI_TOLERANCE_DAYS=365"
OAS30852,6126,6963.0,837.0,False,nearest MRI is 837 days away (exceeds 365-day tolerance),"nearest-day match, MRI_TOLERANCE_DAYS=365"
OAS30852,6475,6963.0,488.0,False,nearest MRI is 488 days away (exceeds 365-day tolerance),"nearest-day match, MRI_TOLERANCE_DAYS=365"
OAS30852,6873,6963.0,90.0,True,within tolerance,"nearest-day match, MRI_TOLERANCE_DAYS=365"
OAS30852,7365,6963.0,402.0,False,nearest MRI is 402 days away (exceeds 365-day tolerance),"nearest-day match, MRI_TOLERANCE_DAYS=365"
OAS30852,7762,7830.0,68.0,True,within tolerance,"nearest-day match, MRI_TOLERANCE_DAYS=365"
OAS30852,8126,7830.0,296.0,True,within tolerance,"nearest-day match, MRI_TOLERANCE_DAYS=365"
OAS30852,8454,7830.0,624.0,False,nearest MRI is 624 days away (exceeds 365-day tolerance),"nearest-day match, MRI_TOLERANCE_DAYS=365"
OAS30853,0,100.0,100.0,True,within tolerance,"nearest-day match, MRI_TOLERANCE_DAYS=365"
OAS30854,0,69.0,69.0,True,within tolerance,"nearest-day match, MRI_TOLERANCE_DAYS=365"
OAS30854,2580,2339.0,241.0,True,within tolerance,"nearest-day match, MRI_TOLERANCE_DAYS=365"
OAS30854,2944,2339.0,605.0,False,nearest MRI is 605 days away (exceeds 365-day tolerance),"nearest-day match, MRI_TOLERANCE_DAYS=365"
OAS30854,3295,2339.0,956.0,False,nearest MRI is 956 days away (exceeds 365-day tolerance),"nearest-day match, MRI_TOLERANCE_DAYS=365"
OAS30854,3613,2339.0,1274.0,False,nearest MRI is 1274 days away (exceeds 365-day tolerance),"nearest-day match, MRI_TOLERANCE_DAYS=365"
OAS30854,4099,2339.0,1760.0,False,nearest MRI is 1760 days away (exceeds 365-day tolerance),"nearest-day match, MRI_TOLERANCE_DAYS=365"
OAS30854,4485,2339.0,2146.0,False,nearest MRI is 2146 days away (exceeds 365-day tolerance),"nearest-day match, MRI_TOLERANCE_DAYS=365"
OAS30855,0,741.0,741.0,False,nearest MRI is 741 days away (exceeds 365-day tolerance),"nearest-day match, MRI_TOLERANCE_DAYS=365"
OAS30855,1934,741.0,1193.0,False,nearest MRI is 1193 days away (exceeds 365-day tolerance),"nearest-day match, MRI_TOLERANCE_DAYS=365"
OAS30855,2354,3346.0,992.0,False,nearest MRI is 992 days away (exceeds 365-day tolerance),"nearest-day match, MRI_TOLERANCE_DAYS=365"
OAS30855,2724,3346.0,622.0,False,nearest MRI is 622 days away (exceeds 365-day tolerance),"nearest-day match, MRI_TOLERANCE_DAYS=365"
OAS30855,3193,3346.0,153.0,True,within tolerance,"nearest-day match, MRI_TOLERANCE_DAYS=365"
OAS30855,3752,3346.0,406.0,False,nearest MRI is 406 days away (exceeds 365-day tolerance),"nearest-day match, MRI_TOLERANCE_DAYS=365"
OAS30855,4174,3346.0,828.0,False,nearest MRI is 828 days away (exceeds 365-day tolerance),"nearest-day match, MRI_TOLERANCE_DAYS=365"
OAS30855,5622,6166.0,544.0,False,nearest MRI is 544 days away (exceeds 365-day tolerance),"nearest-day match, MRI_TOLERANCE_DAYS=365"
OAS30855,6037,6166.0,129.0,True,within tolerance,"nearest-day match, MRI_TOLERANCE_DAYS=365"
OAS30855,6460,6166.0,294.0,True,within tolerance,"nearest-day match, MRI_TOLERANCE_DAYS=365"
OAS30857,0,58.0,58.0,True,within tolerance,"nearest-day match, MRI_TOLERANCE_DAYS=365"
OAS30857,1206,1263.0,57.0,True,within tolerance,"nearest-day match, MRI_TOLERANCE_DAYS=365"
OAS30857,2193,2255.0,62.0,True,within tolerance,"nearest-day match, MRI_TOLERANCE_DAYS=365"
OAS30857,3518,3612.0,94.0,True,within tolerance,"nearest-day match, MRI_TOLERANCE_DAYS=365"
OAS30858,0,60.0,60.0,True,within tolerance,"nearest-day match, MRI_TOLERANCE_DAYS=365"
OAS30858,1189,1071.0,118.0,True,within tolerance,"nearest-day match, MRI_TOLERANCE_DAYS=365"
OAS30859,0,154.0,154.0,True,within tolerance,"nearest-day match, MRI_TOLERANCE_DAYS=365"
OAS30859,363,154.0,209.0,True,within tolerance,"nearest-day match, MRI_TOLERANCE_DAYS=365"
OAS30859,743,154.0,589.0,False,nearest MRI is 589 days away (exceeds 365-day tolerance),"nearest-day match, MRI_TOLERANCE_DAYS=365"
OAS30859,1107,154.0,953.0,False,nearest MRI is 953 days away (exceeds 365-day tolerance),"nearest-day match, MRI_TOLERANCE_DAYS=365"
OAS30859,1518,154.0,1364.0,False,nearest MRI is 1364 days away (exceeds 365-day tolerance),"nearest-day match, MRI_TOLERANCE_DAYS=365"
OAS30859,1878,154.0,1724.0,False,nearest MRI is 1724 days away (exceeds 365-day tolerance),"nearest-day match, MRI_TOLERANCE_DAYS=365"
OAS30859,2245,154.0,2091.0,False,nearest MRI is 2091 days away (exceeds 365-day tolerance),"nearest-day match, MRI_TOLERANCE_DAYS=365"
OAS30860,0,134.0,134.0,True,within tolerance,"nearest-day match, MRI_TOLERANCE_DAYS=365"
OAS30860,475,638.0,163.0,True,within tolerance,"nearest-day match, MRI_TOLERANCE_DAYS=365"
OAS30860,2204,638.0,1566.0,False,nearest MRI is 1566 days away (exceeds 365-day tolerance),"nearest-day match, MRI_TOLERANCE_DAYS=365"
OAS30861,0,101.0,101.0,True,within tolerance,"nearest-day match, MRI_TOLERANCE_DAYS=365"
OAS30861,449,101.0,348.0,True,within tolerance,"nearest-day match, MRI_TOLERANCE_DAYS=365"
OAS30861,1213,1702.0,489.0,False,nearest MRI is 489 days away (exceeds 365-day tolerance),"nearest-day match, MRI_TOLERANCE_DAYS=365"
OAS30861,1605,1702.0,97.0,True,within tolerance,"nearest-day match, MRI_TOLERANCE_DAYS=365"
OAS30861,2085,1702.0,383.0,False,nearest MRI is 383 days away (exceeds 365-day tolerance),"nearest-day match, MRI_TOLERANCE_DAYS=365"
OAS30861,2437,1702.0,735.0,False,nearest MRI is 735 days away (exceeds 365-day tolerance),"nearest-day match, MRI_TOLERANCE_DAYS=365"
OAS30861,2793,1702.0,1091.0,False,nearest MRI is 1091 days away (exceeds 365-day tolerance),"nearest-day match, MRI_TOLERANCE_DAYS=365"
OAS30861,3198,1702.0,1496.0,False,nearest MRI is 1496 days away (exceeds 365-day tolerance),"nearest-day match, MRI_TOLERANCE_DAYS=365"
OAS30862,0,3654.0,3654.0,False,nearest MRI is 3654 days away (exceeds 365-day tolerance),"nearest-day match, MRI_TOLERANCE_DAYS=365"
OAS30862,362,3654.0,3292.0,False,nearest MRI is 3292 days away (exceeds 365-day tolerance),"nearest-day match, MRI_TOLERANCE_DAYS=365"
OAS30862,713,3654.0,2941.0,False,nearest MRI is 2941 days away (exceeds 365-day tolerance),"nearest-day match, MRI_TOLERANCE_DAYS=365"
OAS30862,1117,3654.0,2537.0,False,nearest MRI is 2537 days away (exceeds 365-day tolerance),"nearest-day match, MRI_TOLERANCE_DAYS=365"
OAS30862,1828,3654.0,1826.0,False,nearest MRI is 1826 days away (exceeds 365-day tolerance),"nearest-day match, MRI_TOLERANCE_DAYS=365"
OAS30862,2323,3654.0,1331.0,False,nearest MRI is 1331 days away (exceeds 365-day tolerance),"nearest-day match, MRI_TOLERANCE_DAYS=365"
OAS30862,3581,3654.0,73.0,True,within tolerance,"nearest-day match, MRI_TOLERANCE_DAYS=365"
OAS30862,4225,3654.0,571.0,False,nearest MRI is 571 days away (exceeds 365-day tolerance),"nearest-day match, MRI_TOLERANCE_DAYS=365"
OAS30862,4785,3654.0,1131.0,False,nearest MRI is 1131 days away (exceeds 365-day tolerance),"nearest-day match, MRI_TOLERANCE_DAYS=365"
OAS30862,5206,3654.0,1552.0,False,nearest MRI is 1552 days away (exceeds 365-day tolerance),"nearest-day match, MRI_TOLERANCE_DAYS=365"
OAS30863,1186,1260.0,74.0,True,within tolerance,"nearest-day match, MRI_TOLERANCE_DAYS=365"
OAS30863,1585,1607.0,22.0,True,within tolerance,"nearest-day match, MRI_TOLERANCE_DAYS=365"
OAS30863,1930,1607.0,323.0,True,within tolerance,"nearest-day match, MRI_TOLERANCE_DAYS=365"
OAS30863,2693,1607.0,1086.0,False,nearest MRI is 1086 days away (exceeds 365-day tolerance),"nearest-day match, MRI_TOLERANCE_DAYS=365"
OAS30863,3762,4148.0,386.0,False,nearest MRI is 386 days away (exceeds 365-day tolerance),"nearest-day match, MRI_TOLERANCE_DAYS=365"
OAS30863,4072,4148.0,76.0,True,within tolerance,"nearest-day match, MRI_TOLERANCE_DAYS=365"
OAS30863,4493,4148.0,345.0,True,within tolerance,"nearest-day match, MRI_TOLERANCE_DAYS=365"
OAS30863,5225,4148.0,1077.0,False,nearest MRI is 1077 days away (exceeds 365-day tolerance),"nearest-day match, MRI_TOLERANCE_DAYS=365"
OAS30864,0,,,False,subject has zero MRI/FreeSurfer records,"nearest-day match, MRI_TOLERANCE_DAYS=365"
OAS30864,778,,,False,subject has zero MRI/FreeSurfer records,"nearest-day match, MRI_TOLERANCE_DAYS=365"
OAS30864,1133,,,False,subject has zero MRI/FreeSurfer records,"nearest-day match, MRI_TOLERANCE_DAYS=365"
OAS30864,1904,,,False,subject has zero MRI/FreeSurfer records,"nearest-day match, MRI_TOLERANCE_DAYS=365"
OAS30865,0,109.0,109.0,True,within tolerance,"nearest-day match, MRI_TOLERANCE_DAYS=365"
OAS30866,0,33.0,33.0,True,within tolerance,"nearest-day match, MRI_TOLERANCE_DAYS=365"
OAS30866,437,640.0,203.0,True,within tolerance,"nearest-day match, MRI_TOLERANCE_DAYS=365"
OAS30866,1168,1502.0,334.0,True,within tolerance,"nearest-day match, MRI_TOLERANCE_DAYS=365"
OAS30866,1889,1502.0,387.0,False,nearest MRI is 387 days away (exceeds 365-day tolerance),"nearest-day match, MRI_TOLERANCE_DAYS=365"
OAS30866,2455,1502.0,953.0,False,nearest MRI is 953 days away (exceeds 365-day tolerance),"nearest-day match, MRI_TOLERANCE_DAYS=365"
OAS30867,0,161.0,161.0,True,within tolerance,"nearest-day match, MRI_TOLERANCE_DAYS=365"
OAS30867,775,647.0,128.0,True,within tolerance,"nearest-day match, MRI_TOLERANCE_DAYS=365"
OAS30867,1172,1398.0,226.0,True,within tolerance,"nearest-day match, MRI_TOLERANCE_DAYS=365"
OAS30867,1651,1764.0,113.0,True,within tolerance,"nearest-day match, MRI_TOLERANCE_DAYS=365"
OAS30867,2026,1764.0,262.0,True,within tolerance,"nearest-day match, MRI_TOLERANCE_DAYS=365"
OAS30867,2384,2660.0,276.0,True,within tolerance,"nearest-day match, MRI_TOLERANCE_DAYS=365"
OAS30867,2770,2660.0,110.0,True,within tolerance,"nearest-day match, MRI_TOLERANCE_DAYS=365"
OAS30867,3155,2660.0,495.0,False,nearest MRI is 495 days away (exceeds 365-day tolerance),"nearest-day match, MRI_TOLERANCE_DAYS=365"
OAS30867,3549,4407.0,858.0,False,nearest MRI is 858 days away (exceeds 365-day tolerance),"nearest-day match, MRI_TOLERANCE_DAYS=365"
OAS30867,3923,4407.0,484.0,False,nearest MRI is 484 days away (exceeds 365-day tolerance),"nearest-day match, MRI_TOLERANCE_DAYS=365"
OAS30867,4275,4407.0,132.0,True,within tolerance,"nearest-day match, MRI_TOLERANCE_DAYS=365"
OAS30867,4604,4407.0,197.0,True,within tolerance,"nearest-day match, MRI_TOLERANCE_DAYS=365"
OAS30867,5409,4407.0,1002.0,False,nearest MRI is 1002 days away (exceeds 365-day tolerance),"nearest-day match, MRI_TOLERANCE_DAYS=365"
OAS30867,5855,4407.0,1448.0,False,nearest MRI is 1448 days away (exceeds 365-day tolerance),"nearest-day match, MRI_TOLERANCE_DAYS=365"
OAS30867,6306,4407.0,1899.0,False,nearest MRI is 1899 days away (exceeds 365-day tolerance),"nearest-day match, MRI_TOLERANCE_DAYS=365"
OAS30868,0,115.0,115.0,True,within tolerance,"nearest-day match, MRI_TOLERANCE_DAYS=365"
OAS30869,0,77.0,77.0,True,within tolerance,"nearest-day match, MRI_TOLERANCE_DAYS=365"
OAS30869,1121,1691.0,570.0,False,nearest MRI is 570 days away (exceeds 365-day tolerance),"nearest-day match, MRI_TOLERANCE_DAYS=365"
OAS30869,1454,1691.0,237.0,True,within tolerance,"nearest-day match, MRI_TOLERANCE_DAYS=365"
OAS30869,1860,1691.0,169.0,True,within tolerance,"nearest-day match, MRI_TOLERANCE_DAYS=365"
OAS30870,0,1926.0,1926.0,False,nearest MRI is 1926 days away (exceeds 365-day tolerance),"nearest-day match, MRI_TOLERANCE_DAYS=365"
OAS30870,356,1926.0,1570.0,False,nearest MRI is 1570 days away (exceeds 365-day tolerance),"nearest-day match, MRI_TOLERANCE_DAYS=365"
OAS30870,728,1926.0,1198.0,False,nearest MRI is 1198 days away (exceeds 365-day tolerance),"nearest-day match, MRI_TOLERANCE_DAYS=365"
OAS30870,1099,1926.0,827.0,False,nearest MRI is 827 days away (exceeds 365-day tolerance),"nearest-day match, MRI_TOLERANCE_DAYS=365"
OAS30870,1484,1926.0,442.0,False,nearest MRI is 442 days away (exceeds 365-day tolerance),"nearest-day match, MRI_TOLERANCE_DAYS=365"
OAS30870,1835,1926.0,91.0,True,within tolerance,"nearest-day match, MRI_TOLERANCE_DAYS=365"
OAS30870,3297,3066.0,231.0,True,within tolerance,"nearest-day match, MRI_TOLERANCE_DAYS=365"
OAS30870,3635,3785.0,150.0,True,within tolerance,"nearest-day match, MRI_TOLERANCE_DAYS=365"
OAS30870,4338,3785.0,553.0,False,nearest MRI is 553 days away (exceeds 365-day tolerance),"nearest-day match, MRI_TOLERANCE_DAYS=365"
OAS30871,0,40.0,40.0,True,within tolerance,"nearest-day match, MRI_TOLERANCE_DAYS=365"
OAS30871,476,40.0,436.0,False,nearest MRI is 436 days away (exceeds 365-day tolerance),"nearest-day match, MRI_TOLERANCE_DAYS=365"
OAS30871,1036,40.0,996.0,False,nearest MRI is 996 days away (exceeds 365-day tolerance),"nearest-day match, MRI_TOLERANCE_DAYS=365"
OAS30871,1587,2282.0,695.0,False,nearest MRI is 695 days away (exceeds 365-day tolerance),"nearest-day match, MRI_TOLERANCE_DAYS=365"
OAS30871,1869,2282.0,413.0,False,nearest MRI is 413 days away (exceeds 365-day tolerance),"nearest-day match, MRI_TOLERANCE_DAYS=365"
OAS30871,2197,2282.0,85.0,True,within tolerance,"nearest-day match, MRI_TOLERANCE_DAYS=365"
OAS30871,2638,2282.0,356.0,True,within tolerance,"nearest-day match, MRI_TOLERANCE_DAYS=365"
OAS30872,725,179.0,546.0,False,nearest MRI is 546 days away (exceeds 365-day tolerance),"nearest-day match, MRI_TOLERANCE_DAYS=365"
OAS30872,1089,1285.0,196.0,True,within tolerance,"nearest-day match, MRI_TOLERANCE_DAYS=365"
OAS30872,1843,1285.0,558.0,False,nearest MRI is 558 days away (exceeds 365-day tolerance),"nearest-day match, MRI_TOLERANCE_DAYS=365"
OAS30872,2249,3057.0,808.0,False,nearest MRI is 808 days away (exceeds 365-day tolerance),"nearest-day match, MRI_TOLERANCE_DAYS=365"
OAS30872,4391,3097.0,1294.0,False,nearest MRI is 1294 days away (exceeds 365-day tolerance),"nearest-day match, MRI_TOLERANCE_DAYS=365"
OAS30872,5147,3097.0,2050.0,False,nearest MRI is 2050 days away (exceeds 365-day tolerance),"nearest-day match, MRI_TOLERANCE_DAYS=365"
OAS30873,0,26.0,26.0,True,within tolerance,"nearest-day match, MRI_TOLERANCE_DAYS=365"
OAS30873,360,26.0,334.0,True,within tolerance,"nearest-day match, MRI_TOLERANCE_DAYS=365"
OAS30873,1182,26.0,1156.0,False,nearest MRI is 1156 days away (exceeds 365-day tolerance),"nearest-day match, MRI_TOLERANCE_DAYS=365"
OAS30875,816,1252.0,436.0,False,nearest MRI is 436 days away (exceeds 365-day tolerance),"nearest-day match, MRI_TOLERANCE_DAYS=365"
OAS30875,1158,1252.0,94.0,True,within tolerance,"nearest-day match, MRI_TOLERANCE_DAYS=365"
OAS30875,1860,1252.0,608.0,False,nearest MRI is 608 days away (exceeds 365-day tolerance),"nearest-day match, MRI_TOLERANCE_DAYS=365"
OAS30875,2268,1252.0,1016.0,False,nearest MRI is 1016 days away (exceeds 365-day tolerance),"nearest-day match, MRI_TOLERANCE_DAYS=365"
OAS30875,2580,1252.0,1328.0,False,nearest MRI is 1328 days away (exceeds 365-day tolerance),"nearest-day match, MRI_TOLERANCE_DAYS=365"
OAS30875,3006,1252.0,1754.0,False,nearest MRI is 1754 days away (exceeds 365-day tolerance),"nearest-day match, MRI_TOLERANCE_DAYS=365"
OAS30875,3330,1252.0,2078.0,False,nearest MRI is 2078 days away (exceeds 365-day tolerance),"nearest-day match, MRI_TOLERANCE_DAYS=365"
OAS30876,0,126.0,126.0,True,within tolerance,"nearest-day match, MRI_TOLERANCE_DAYS=365"
OAS30876,1124,1670.0,546.0,False,nearest MRI is 546 days away (exceeds 365-day tolerance),"nearest-day match, MRI_TOLERANCE_DAYS=365"
OAS30876,1852,1670.0,182.0,True,within tolerance,"nearest-day match, MRI_TOLERANCE_DAYS=365"
OAS30876,2202,2447.0,245.0,True,within tolerance,"nearest-day match, MRI_TOLERANCE_DAYS=365"
OAS30876,2986,3364.0,378.0,False,nearest MRI is 378 days away (exceeds 365-day tolerance),"nearest-day match, MRI_TOLERANCE_DAYS=365"
OAS30876,3329,3364.0,35.0,True,within tolerance,"nearest-day match, MRI_TOLERANCE_DAYS=365"
OAS30876,3714,3427.0,287.0,True,within tolerance,"nearest-day match, MRI_TOLERANCE_DAYS=365"
OAS30876,4169,4592.0,423.0,False,nearest MRI is 423 days away (exceeds 365-day tolerance),"nearest-day match, MRI_TOLERANCE_DAYS=365"
OAS30876,4484,4592.0,108.0,True,within tolerance,"nearest-day match, MRI_TOLERANCE_DAYS=365"
OAS30876,5110,4592.0,518.0,False,nearest MRI is 518 days away (exceeds 365-day tolerance),"nearest-day match, MRI_TOLERANCE_DAYS=365"
OAS30876,5606,4592.0,1014.0,False,nearest MRI is 1014 days away (exceeds 365-day tolerance),"nearest-day match, MRI_TOLERANCE_DAYS=365"
OAS30877,1428,2308.0,880.0,False,nearest MRI is 880 days away (exceeds 365-day tolerance),"nearest-day match, MRI_TOLERANCE_DAYS=365"
OAS30877,1859,2308.0,449.0,False,nearest MRI is 449 days away (exceeds 365-day tolerance),"nearest-day match, MRI_TOLERANCE_DAYS=365"
OAS30877,3016,2308.0,708.0,False,nearest MRI is 708 days away (exceeds 365-day tolerance),"nearest-day match, MRI_TOLERANCE_DAYS=365"
OAS30877,3365,2308.0,1057.0,False,nearest MRI is 1057 days away (exceeds 365-day tolerance),"nearest-day match, MRI_TOLERANCE_DAYS=365"
OAS30878,0,105.0,105.0,True,within tolerance,"nearest-day match, MRI_TOLERANCE_DAYS=365"
OAS30878,377,105.0,272.0,True,within tolerance,"nearest-day match, MRI_TOLERANCE_DAYS=365"
OAS30878,727,105.0,622.0,False,nearest MRI is 622 days away (exceeds 365-day tolerance),"nearest-day match, MRI_TOLERANCE_DAYS=365"
OAS30878,1099,105.0,994.0,False,nearest MRI is 994 days away (exceeds 365-day tolerance),"nearest-day match, MRI_TOLERANCE_DAYS=365"
OAS30878,1845,2556.0,711.0,False,nearest MRI is 711 days away (exceeds 365-day tolerance),"nearest-day match, MRI_TOLERANCE_DAYS=365"
OAS30879,0,3497.0,3497.0,False,nearest MRI is 3497 days away (exceeds 365-day tolerance),"nearest-day match, MRI_TOLERANCE_DAYS=365"
OAS30879,462,3497.0,3035.0,False,nearest MRI is 3035 days away (exceeds 365-day tolerance),"nearest-day match, MRI_TOLERANCE_DAYS=365"
OAS30879,1230,3497.0,2267.0,False,nearest MRI is 2267 days away (exceeds 365-day tolerance),"nearest-day match, MRI_TOLERANCE_DAYS=365"
OAS30879,1680,3497.0,1817.0,False,nearest MRI is 1817 days away (exceeds 365-day tolerance),"nearest-day match, MRI_TOLERANCE_DAYS=365"
OAS30879,2212,3497.0,1285.0,False,nearest MRI is 1285 days away (exceeds 365-day tolerance),"nearest-day match, MRI_TOLERANCE_DAYS=365"
OAS30879,2604,3497.0,893.0,False,nearest MRI is 893 days away (exceeds 365-day tolerance),"nearest-day match, MRI_TOLERANCE_DAYS=365"
OAS30879,3438,3497.0,59.0,True,within tolerance,"nearest-day match, MRI_TOLERANCE_DAYS=365"
OAS30879,3711,3497.0,214.0,True,within tolerance,"nearest-day match, MRI_TOLERANCE_DAYS=365"
OAS30879,4158,3497.0,661.0,False,nearest MRI is 661 days away (exceeds 365-day tolerance),"nearest-day match, MRI_TOLERANCE_DAYS=365"
OAS30879,5006,3497.0,1509.0,False,nearest MRI is 1509 days away (exceeds 365-day tolerance),"nearest-day match, MRI_TOLERANCE_DAYS=365"
OAS30879,5634,3497.0,2137.0,False,nearest MRI is 2137 days away (exceeds 365-day tolerance),"nearest-day match, MRI_TOLERANCE_DAYS=365"
OAS30880,0,554.0,554.0,False,nearest MRI is 554 days away (exceeds 365-day tolerance),"nearest-day match, MRI_TOLERANCE_DAYS=365"
OAS30880,1439,1166.0,273.0,True,within tolerance,"nearest-day match, MRI_TOLERANCE_DAYS=365"
OAS30881,0,304.0,304.0,True,within tolerance,"nearest-day match, MRI_TOLERANCE_DAYS=365"
OAS30881,783,804.0,21.0,True,within tolerance,"nearest-day match, MRI_TOLERANCE_DAYS=365"
OAS30881,2532,2593.0,61.0,True,within tolerance,"nearest-day match, MRI_TOLERANCE_DAYS=365"
OAS30881,3048,3163.0,115.0,True,within tolerance,"nearest-day match, MRI_TOLERANCE_DAYS=365"
OAS30881,3422,3163.0,259.0,True,within tolerance,"nearest-day match, MRI_TOLERANCE_DAYS=365"
OAS30881,3786,4295.0,509.0,False,nearest MRI is 509 days away (exceeds 365-day tolerance),"nearest-day match, MRI_TOLERANCE_DAYS=365"
OAS30881,4081,4295.0,214.0,True,within tolerance,"nearest-day match, MRI_TOLERANCE_DAYS=365"
OAS30881,4505,4295.0,210.0,True,within tolerance,"nearest-day match, MRI_TOLERANCE_DAYS=365"
OAS30882,0,191.0,191.0,True,within tolerance,"nearest-day match, MRI_TOLERANCE_DAYS=365"
OAS30883,0,282.0,282.0,True,within tolerance,"nearest-day match, MRI_TOLERANCE_DAYS=365"
OAS30883,737,842.0,105.0,True,within tolerance,"nearest-day match, MRI_TOLERANCE_DAYS=365"
OAS30883,1079,842.0,237.0,True,within tolerance,"nearest-day match, MRI_TOLERANCE_DAYS=365"
OAS30883,1941,842.0,1099.0,False,nearest MRI is 1099 days away (exceeds 365-day tolerance),"nearest-day match, MRI_TOLERANCE_DAYS=365"
OAS30883,2570,842.0,1728.0,False,nearest MRI is 1728 days away (exceeds 365-day tolerance),"nearest-day match, MRI_TOLERANCE_DAYS=365"
OAS30883,2976,842.0,2134.0,False,nearest MRI is 2134 days away (exceeds 365-day tolerance),"nearest-day match, MRI_TOLERANCE_DAYS=365"
OAS30884,0,2400.0,2400.0,False,nearest MRI is 2400 days away (exceeds 365-day tolerance),"nearest-day match, MRI_TOLERANCE_DAYS=365"
OAS30884,384,2400.0,2016.0,False,nearest MRI is 2016 days away (exceeds 365-day tolerance),"nearest-day match, MRI_TOLERANCE_DAYS=365"
OAS30884,1187,2400.0,1213.0,False,nearest MRI is 1213 days away (exceeds 365-day tolerance),"nearest-day match, MRI_TOLERANCE_DAYS=365"
OAS30884,2924,2400.0,524.0,False,nearest MRI is 524 days away (exceeds 365-day tolerance),"nearest-day match, MRI_TOLERANCE_DAYS=365"
OAS30884,3241,2400.0,841.0,False,nearest MRI is 841 days away (exceeds 365-day tolerance),"nearest-day match, MRI_TOLERANCE_DAYS=365"
OAS30885,0,75.0,75.0,True,within tolerance,"nearest-day match, MRI_TOLERANCE_DAYS=365"
OAS30886,0,45.0,45.0,True,within tolerance,"nearest-day match, MRI_TOLERANCE_DAYS=365"
OAS30887,0,64.0,64.0,True,within tolerance,"nearest-day match, MRI_TOLERANCE_DAYS=365"
OAS30887,1258,1407.0,149.0,True,within tolerance,"nearest-day match, MRI_TOLERANCE_DAYS=365"
OAS30887,2690,2368.0,322.0,True,within tolerance,"nearest-day match, MRI_TOLERANCE_DAYS=365"
OAS30888,0,66.0,66.0,True,within tolerance,"nearest-day match, MRI_TOLERANCE_DAYS=365"
OAS30888,463,66.0,397.0,False,nearest MRI is 397 days away (exceeds 365-day tolerance),"nearest-day match, MRI_TOLERANCE_DAYS=365"
OAS30888,856,66.0,790.0,False,nearest MRI is 790 days away (exceeds 365-day tolerance),"nearest-day match, MRI_TOLERANCE_DAYS=365"
OAS30890,410,,,False,subject has zero MRI/FreeSurfer records,"nearest-day match, MRI_TOLERANCE_DAYS=365"
OAS30890,784,,,False,subject has zero MRI/FreeSurfer records,"nearest-day match, MRI_TOLERANCE_DAYS=365"
OAS30890,1211,,,False,subject has zero MRI/FreeSurfer records,"nearest-day match, MRI_TOLERANCE_DAYS=365"
OAS30891,0,213.0,213.0,True,within tolerance,"nearest-day match, MRI_TOLERANCE_DAYS=365"
OAS30891,381,213.0,168.0,True,within tolerance,"nearest-day match, MRI_TOLERANCE_DAYS=365"
OAS30892,0,29.0,29.0,True,within tolerance,"nearest-day match, MRI_TOLERANCE_DAYS=365"
OAS30893,0,53.0,53.0,True,within tolerance,"nearest-day match, MRI_TOLERANCE_DAYS=365"
OAS30893,565,53.0,512.0,False,nearest MRI is 512 days away (exceeds 365-day tolerance),"nearest-day match, MRI_TOLERANCE_DAYS=365"
OAS30895,0,77.0,77.0,True,within tolerance,"nearest-day match, MRI_TOLERANCE_DAYS=365"
OAS30895,320,77.0,243.0,True,within tolerance,"nearest-day match, MRI_TOLERANCE_DAYS=365"
OAS30895,813,1209.0,396.0,False,nearest MRI is 396 days away (exceeds 365-day tolerance),"nearest-day match, MRI_TOLERANCE_DAYS=365"
OAS30895,1113,1209.0,96.0,True,within tolerance,"nearest-day match, MRI_TOLERANCE_DAYS=365"
OAS30896,1,439.0,438.0,False,nearest MRI is 438 days away (exceeds 365-day tolerance),"nearest-day match, MRI_TOLERANCE_DAYS=365"
OAS30896,376,439.0,63.0,True,within tolerance,"nearest-day match, MRI_TOLERANCE_DAYS=365"
OAS30896,1153,1588.0,435.0,False,nearest MRI is 435 days away (exceeds 365-day tolerance),"nearest-day match, MRI_TOLERANCE_DAYS=365"
OAS30896,1511,1588.0,77.0,True,within tolerance,"nearest-day match, MRI_TOLERANCE_DAYS=365"
OAS30896,2256,1588.0,668.0,False,nearest MRI is 668 days away (exceeds 365-day tolerance),"nearest-day match, MRI_TOLERANCE_DAYS=365"
OAS30896,3460,3528.0,68.0,True,within tolerance,"nearest-day match, MRI_TOLERANCE_DAYS=365"
OAS30896,3814,3528.0,286.0,True,within tolerance,"nearest-day match, MRI_TOLERANCE_DAYS=365"
OAS30897,0,1217.0,1217.0,False,nearest MRI is 1217 days away (exceeds 365-day tolerance),"nearest-day match, MRI_TOLERANCE_DAYS=365"
OAS30897,1163,1217.0,54.0,True,within tolerance,"nearest-day match, MRI_TOLERANCE_DAYS=365"
OAS30897,1544,1217.0,327.0,True,within tolerance,"nearest-day match, MRI_TOLERANCE_DAYS=365"
OAS30897,2248,1217.0,1031.0,False,nearest MRI is 1031 days away (exceeds 365-day tolerance),"nearest-day match, MRI_TOLERANCE_DAYS=365"
OAS30897,2654,1217.0,1437.0,False,nearest MRI is 1437 days away (exceeds 365-day tolerance),"nearest-day match, MRI_TOLERANCE_DAYS=365"
OAS30897,4087,1217.0,2870.0,False,nearest MRI is 2870 days away (exceeds 365-day tolerance),"nearest-day match, MRI_TOLERANCE_DAYS=365"
OAS30898,415,358.0,57.0,True,within tolerance,"nearest-day match, MRI_TOLERANCE_DAYS=365"
OAS30898,801,946.0,145.0,True,within tolerance,"nearest-day match, MRI_TOLERANCE_DAYS=365"
OAS30899,0,70.0,70.0,True,within tolerance,"nearest-day match, MRI_TOLERANCE_DAYS=365"
OAS30899,2298,2324.0,26.0,True,within tolerance,"nearest-day match, MRI_TOLERANCE_DAYS=365"
OAS30899,2655,2471.0,184.0,True,within tolerance,"nearest-day match, MRI_TOLERANCE_DAYS=365"
OAS30900,0,51.0,51.0,True,within tolerance,"nearest-day match, MRI_TOLERANCE_DAYS=365"
OAS30901,0,155.0,155.0,True,within tolerance,"nearest-day match, MRI_TOLERANCE_DAYS=365"
OAS30902,0,15.0,15.0,True,within tolerance,"nearest-day match, MRI_TOLERANCE_DAYS=365"
OAS30902,355,15.0,340.0,True,within tolerance,"nearest-day match, MRI_TOLERANCE_DAYS=365"
OAS30902,733,15.0,718.0,False,nearest MRI is 718 days away (exceeds 365-day tolerance),"nearest-day match, MRI_TOLERANCE_DAYS=365"
OAS30902,1087,15.0,1072.0,False,nearest MRI is 1072 days away (exceeds 365-day tolerance),"nearest-day match, MRI_TOLERANCE_DAYS=365"
OAS30903,0,46.0,46.0,True,within tolerance,"nearest-day match, MRI_TOLERANCE_DAYS=365"
OAS30903,364,46.0,318.0,True,within tolerance,"nearest-day match, MRI_TOLERANCE_DAYS=365"
OAS30903,801,46.0,755.0,False,nearest MRI is 755 days away (exceeds 365-day tolerance),"nearest-day match, MRI_TOLERANCE_DAYS=365"
OAS30903,1141,46.0,1095.0,False,nearest MRI is 1095 days away (exceeds 365-day tolerance),"nearest-day match, MRI_TOLERANCE_DAYS=365"
OAS30904,0,1304.0,1304.0,False,nearest MRI is 1304 days away (exceeds 365-day tolerance),"nearest-day match, MRI_TOLERANCE_DAYS=365"
OAS30904,1303,1304.0,1.0,True,within tolerance,"nearest-day match, MRI_TOLERANCE_DAYS=365"
OAS30904,2806,2802.0,4.0,True,within tolerance,"nearest-day match, MRI_TOLERANCE_DAYS=365"
OAS30904,3481,2802.0,679.0,False,nearest MRI is 679 days away (exceeds 365-day tolerance),"nearest-day match, MRI_TOLERANCE_DAYS=365"
OAS30904,4058,4786.0,728.0,False,nearest MRI is 728 days away (exceeds 365-day tolerance),"nearest-day match, MRI_TOLERANCE_DAYS=365"
OAS30904,4783,4786.0,3.0,True,within tolerance,"nearest-day match, MRI_TOLERANCE_DAYS=365"
OAS30905,0,154.0,154.0,True,within tolerance,"nearest-day match, MRI_TOLERANCE_DAYS=365"
OAS30905,754,154.0,600.0,False,nearest MRI is 600 days away (exceeds 365-day tolerance),"nearest-day match, MRI_TOLERANCE_DAYS=365"
OAS30905,1182,154.0,1028.0,False,nearest MRI is 1028 days away (exceeds 365-day tolerance),"nearest-day match, MRI_TOLERANCE_DAYS=365"
OAS30905,2153,2331.0,178.0,True,within tolerance,"nearest-day match, MRI_TOLERANCE_DAYS=365"
OAS30905,2637,2331.0,306.0,True,within tolerance,"nearest-day match, MRI_TOLERANCE_DAYS=365"
OAS30905,2930,3084.0,154.0,True,within tolerance,"nearest-day match, MRI_TOLERANCE_DAYS=365"
OAS30905,3310,3084.0,226.0,True,within tolerance,"nearest-day match, MRI_TOLERANCE_DAYS=365"
OAS30905,3716,3084.0,632.0,False,nearest MRI is 632 days away (exceeds 365-day tolerance),"nearest-day match, MRI_TOLERANCE_DAYS=365"
OAS30906,0,35.0,35.0,True,within tolerance,"nearest-day match, MRI_TOLERANCE_DAYS=365"
OAS30906,392,35.0,357.0,True,within tolerance,"nearest-day match, MRI_TOLERANCE_DAYS=365"
OAS30906,2226,35.0,2191.0,False,nearest MRI is 2191 days away (exceeds 365-day tolerance),"nearest-day match, MRI_TOLERANCE_DAYS=365"
OAS30906,3043,35.0,3008.0,False,nearest MRI is 3008 days away (exceeds 365-day tolerance),"nearest-day match, MRI_TOLERANCE_DAYS=365"
OAS30907,0,84.0,84.0,True,within tolerance,"nearest-day match, MRI_TOLERANCE_DAYS=365"
OAS30907,355,84.0,271.0,True,within tolerance,"nearest-day match, MRI_TOLERANCE_DAYS=365"
OAS30907,721,813.0,92.0,True,within tolerance,"nearest-day match, MRI_TOLERANCE_DAYS=365"
OAS30907,1097,813.0,284.0,True,within tolerance,"nearest-day match, MRI_TOLERANCE_DAYS=365"
OAS30907,1903,1953.0,50.0,True,within tolerance,"nearest-day match, MRI_TOLERANCE_DAYS=365"
OAS30907,2911,3359.0,448.0,False,nearest MRI is 448 days away (exceeds 365-day tolerance),"nearest-day match, MRI_TOLERANCE_DAYS=365"
OAS30907,3267,3359.0,92.0,True,within tolerance,"nearest-day match, MRI_TOLERANCE_DAYS=365"
OAS30907,3638,3359.0,279.0,True,within tolerance,"nearest-day match, MRI_TOLERANCE_DAYS=365"
OAS30907,3971,3359.0,612.0,False,nearest MRI is 612 days away (exceeds 365-day tolerance),"nearest-day match, MRI_TOLERANCE_DAYS=365"
OAS30907,4446,3359.0,1087.0,False,nearest MRI is 1087 days away (exceeds 365-day tolerance),"nearest-day match, MRI_TOLERANCE_DAYS=365"
OAS30908,0,65.0,65.0,True,within tolerance,"nearest-day match, MRI_TOLERANCE_DAYS=365"
OAS30908,749,617.0,132.0,True,within tolerance,"nearest-day match, MRI_TOLERANCE_DAYS=365"
OAS30908,1131,617.0,514.0,False,nearest MRI is 514 days away (exceeds 365-day tolerance),"nearest-day match, MRI_TOLERANCE_DAYS=365"
OAS30908,1472,617.0,855.0,False,nearest MRI is 855 days away (exceeds 365-day tolerance),"nearest-day match, MRI_TOLERANCE_DAYS=365"
OAS30908,1870,617.0,1253.0,False,nearest MRI is 1253 days away (exceeds 365-day tolerance),"nearest-day match, MRI_TOLERANCE_DAYS=365"
OAS30908,2964,3517.0,553.0,False,nearest MRI is 553 days away (exceeds 365-day tolerance),"nearest-day match, MRI_TOLERANCE_DAYS=365"
OAS30908,3467,3517.0,50.0,True,within tolerance,"nearest-day match, MRI_TOLERANCE_DAYS=365"
OAS30908,3839,3517.0,322.0,True,within tolerance,"nearest-day match, MRI_TOLERANCE_DAYS=365"
OAS30908,4426,3517.0,909.0,False,nearest MRI is 909 days away (exceeds 365-day tolerance),"nearest-day match, MRI_TOLERANCE_DAYS=365"
OAS30909,0,109.0,109.0,True,within tolerance,"nearest-day match, MRI_TOLERANCE_DAYS=365"
OAS30909,558,109.0,449.0,False,nearest MRI is 449 days away (exceeds 365-day tolerance),"nearest-day match, MRI_TOLERANCE_DAYS=365"
OAS30910,0,90.0,90.0,True,within tolerance,"nearest-day match, MRI_TOLERANCE_DAYS=365"
OAS30910,964,1028.0,64.0,True,within tolerance,"nearest-day match, MRI_TOLERANCE_DAYS=365"
OAS30910,1664,1028.0,636.0,False,nearest MRI is 636 days away (exceeds 365-day tolerance),"nearest-day match, MRI_TOLERANCE_DAYS=365"
OAS30910,2023,1028.0,995.0,False,nearest MRI is 995 days away (exceeds 365-day tolerance),"nearest-day match, MRI_TOLERANCE_DAYS=365"
OAS30910,2344,1028.0,1316.0,False,nearest MRI is 1316 days away (exceeds 365-day tolerance),"nearest-day match, MRI_TOLERANCE_DAYS=365"
OAS30910,3043,1028.0,2015.0,False,nearest MRI is 2015 days away (exceeds 365-day tolerance),"nearest-day match, MRI_TOLERANCE_DAYS=365"
OAS30913,390,931.0,541.0,False,nearest MRI is 541 days away (exceeds 365-day tolerance),"nearest-day match, MRI_TOLERANCE_DAYS=365"
OAS30913,756,931.0,175.0,True,within tolerance,"nearest-day match, MRI_TOLERANCE_DAYS=365"
OAS30913,1169,931.0,238.0,True,within tolerance,"nearest-day match, MRI_TOLERANCE_DAYS=365"
OAS30913,1930,2007.0,77.0,True,within tolerance,"nearest-day match, MRI_TOLERANCE_DAYS=365"
OAS30913,2281,2007.0,274.0,True,within tolerance,"nearest-day match, MRI_TOLERANCE_DAYS=365"
OAS30913,3385,2007.0,1378.0,False,nearest MRI is 1378 days away (exceeds 365-day tolerance),"nearest-day match, MRI_TOLERANCE_DAYS=365"
OAS30913,3757,2007.0,1750.0,False,nearest MRI is 1750 days away (exceeds 365-day tolerance),"nearest-day match, MRI_TOLERANCE_DAYS=365"
OAS30914,0,,,False,subject has zero MRI/FreeSurfer records,"nearest-day match, MRI_TOLERANCE_DAYS=365"
OAS30914,387,,,False,subject has zero MRI/FreeSurfer records,"nearest-day match, MRI_TOLERANCE_DAYS=365"
OAS30914,842,,,False,subject has zero MRI/FreeSurfer records,"nearest-day match, MRI_TOLERANCE_DAYS=365"
OAS30916,0,172.0,172.0,True,within tolerance,"nearest-day match, MRI_TOLERANCE_DAYS=365"
OAS30916,459,172.0,287.0,True,within tolerance,"nearest-day match, MRI_TOLERANCE_DAYS=365"
OAS30916,874,172.0,702.0,False,nearest MRI is 702 days away (exceeds 365-day tolerance),"nearest-day match, MRI_TOLERANCE_DAYS=365"
OAS30916,1523,172.0,1351.0,False,nearest MRI is 1351 days away (exceeds 365-day tolerance),"nearest-day match, MRI_TOLERANCE_DAYS=365"
OAS30917,413,53.0,360.0,True,within tolerance,"nearest-day match, MRI_TOLERANCE_DAYS=365"
OAS30917,745,1196.0,451.0,False,nearest MRI is 451 days away (exceeds 365-day tolerance),"nearest-day match, MRI_TOLERANCE_DAYS=365"
OAS30917,1063,1196.0,133.0,True,within tolerance,"nearest-day match, MRI_TOLERANCE_DAYS=365"
OAS30918,0,89.0,89.0,True,within tolerance,"nearest-day match, MRI_TOLERANCE_DAYS=365"
OAS30919,0,35.0,35.0,True,within tolerance,"nearest-day match, MRI_TOLERANCE_DAYS=365"
OAS30919,1193,35.0,1158.0,False,nearest MRI is 1158 days away (exceeds 365-day tolerance),"nearest-day match, MRI_TOLERANCE_DAYS=365"
OAS30919,3619,3650.0,31.0,True,within tolerance,"nearest-day match, MRI_TOLERANCE_DAYS=365"
OAS30919,4032,3650.0,382.0,False,nearest MRI is 382 days away (exceeds 365-day tolerance),"nearest-day match, MRI_TOLERANCE_DAYS=365"
OAS30919,4395,4506.0,111.0,True,within tolerance,"nearest-day match, MRI_TOLERANCE_DAYS=365"
OAS30919,4718,4506.0,212.0,True,within tolerance,"nearest-day match, MRI_TOLERANCE_DAYS=365"
OAS30919,5403,5473.0,70.0,True,within tolerance,"nearest-day match, MRI_TOLERANCE_DAYS=365"
OAS30920,0,155.0,155.0,True,within tolerance,"nearest-day match, MRI_TOLERANCE_DAYS=365"
OAS30920,1083,1125.0,42.0,True,within tolerance,"nearest-day match, MRI_TOLERANCE_DAYS=365"
OAS30920,1449,1125.0,324.0,True,within tolerance,"nearest-day match, MRI_TOLERANCE_DAYS=365"
OAS30921,0,382.0,382.0,False,nearest MRI is 382 days away (exceeds 365-day tolerance),"nearest-day match, MRI_TOLERANCE_DAYS=365"
OAS30921,1165,1141.0,24.0,True,within tolerance,"nearest-day match, MRI_TOLERANCE_DAYS=365"
OAS30921,1854,2464.0,610.0,False,nearest MRI is 610 days away (exceeds 365-day tolerance),"nearest-day match, MRI_TOLERANCE_DAYS=365"
OAS30921,2359,2464.0,105.0,True,within tolerance,"nearest-day match, MRI_TOLERANCE_DAYS=365"
OAS30921,3002,3232.0,230.0,True,within tolerance,"nearest-day match, MRI_TOLERANCE_DAYS=365"
OAS30921,3344,3232.0,112.0,True,within tolerance,"nearest-day match, MRI_TOLERANCE_DAYS=365"
OAS30922,0,58.0,58.0,True,within tolerance,"nearest-day match, MRI_TOLERANCE_DAYS=365"
OAS30922,1232,1406.0,174.0,True,within tolerance,"nearest-day match, MRI_TOLERANCE_DAYS=365"
OAS30923,0,4802.0,4802.0,False,nearest MRI is 4802 days away (exceeds 365-day tolerance),"nearest-day match, MRI_TOLERANCE_DAYS=365"
OAS30923,364,4802.0,4438.0,False,nearest MRI is 4438 days away (exceeds 365-day tolerance),"nearest-day match, MRI_TOLERANCE_DAYS=365"
OAS30923,743,4802.0,4059.0,False,nearest MRI is 4059 days away (exceeds 365-day tolerance),"nearest-day match, MRI_TOLERANCE_DAYS=365"
OAS30923,1107,4802.0,3695.0,False,nearest MRI is 3695 days away (exceeds 365-day tolerance),"nearest-day match, MRI_TOLERANCE_DAYS=365"
OAS30923,1871,4802.0,2931.0,False,nearest MRI is 2931 days away (exceeds 365-day tolerance),"nearest-day match, MRI_TOLERANCE_DAYS=365"
OAS30923,2200,4802.0,2602.0,False,nearest MRI is 2602 days away (exceeds 365-day tolerance),"nearest-day match, MRI_TOLERANCE_DAYS=365"
OAS30923,2564,4802.0,2238.0,False,nearest MRI is 2238 days away (exceeds 365-day tolerance),"nearest-day match, MRI_TOLERANCE_DAYS=365"
OAS30923,2911,4802.0,1891.0,False,nearest MRI is 1891 days away (exceeds 365-day tolerance),"nearest-day match, MRI_TOLERANCE_DAYS=365"
OAS30923,3641,4802.0,1161.0,False,nearest MRI is 1161 days away (exceeds 365-day tolerance),"nearest-day match, MRI_TOLERANCE_DAYS=365"
OAS30923,4059,4802.0,743.0,False,nearest MRI is 743 days away (exceeds 365-day tolerance),"nearest-day match, MRI_TOLERANCE_DAYS=365"
OAS30923,4405,4802.0,397.0,False,nearest MRI is 397 days away (exceeds 365-day tolerance),"nearest-day match, MRI_TOLERANCE_DAYS=365"
OAS30923,4731,4802.0,71.0,True,within tolerance,"nearest-day match, MRI_TOLERANCE_DAYS=365"
OAS30923,5117,5307.0,190.0,True,within tolerance,"nearest-day match, MRI_TOLERANCE_DAYS=365"
OAS30923,5455,5307.0,148.0,True,within tolerance,"nearest-day match, MRI_TOLERANCE_DAYS=365"
OAS30923,5878,6337.0,459.0,False,nearest MRI is 459 days away (exceeds 365-day tolerance),"nearest-day match, MRI_TOLERANCE_DAYS=365"
OAS30923,6197,6337.0,140.0,True,within tolerance,"nearest-day match, MRI_TOLERANCE_DAYS=365"
OAS30923,6561,6337.0,224.0,True,within tolerance,"nearest-day match, MRI_TOLERANCE_DAYS=365"
OAS30923,6938,6337.0,601.0,False,nearest MRI is 601 days away (exceeds 365-day tolerance),"nearest-day match, MRI_TOLERANCE_DAYS=365"
OAS30923,7254,6337.0,917.0,False,nearest MRI is 917 days away (exceeds 365-day tolerance),"nearest-day match, MRI_TOLERANCE_DAYS=365"
OAS30924,0,69.0,69.0,True,within tolerance,"nearest-day match, MRI_TOLERANCE_DAYS=365"
OAS30924,399,69.0,330.0,True,within tolerance,"nearest-day match, MRI_TOLERANCE_DAYS=365"
OAS30924,802,69.0,733.0,False,nearest MRI is 733 days away (exceeds 365-day tolerance),"nearest-day match, MRI_TOLERANCE_DAYS=365"
OAS30924,1306,69.0,1237.0,False,nearest MRI is 1237 days away (exceeds 365-day tolerance),"nearest-day match, MRI_TOLERANCE_DAYS=365"
OAS30924,1775,69.0,1706.0,False,nearest MRI is 1706 days away (exceeds 365-day tolerance),"nearest-day match, MRI_TOLERANCE_DAYS=365"
OAS30925,359,196.0,163.0,True,within tolerance,"nearest-day match, MRI_TOLERANCE_DAYS=365"
OAS30926,0,92.0,92.0,True,within tolerance,"nearest-day match, MRI_TOLERANCE_DAYS=365"
OAS30926,377,92.0,285.0,True,within tolerance,"nearest-day match, MRI_TOLERANCE_DAYS=365"
OAS30926,729,92.0,637.0,False,nearest MRI is 637 days away (exceeds 365-day tolerance),"nearest-day match, MRI_TOLERANCE_DAYS=365"
OAS30926,1211,1520.0,309.0,True,within tolerance,"nearest-day match, MRI_TOLERANCE_DAYS=365"
OAS30926,1500,1520.0,20.0,True,within tolerance,"nearest-day match, MRI_TOLERANCE_DAYS=365"
OAS30926,1871,1520.0,351.0,True,within tolerance,"nearest-day match, MRI_TOLERANCE_DAYS=365"
OAS30927,0,145.0,145.0,True,within tolerance,"nearest-day match, MRI_TOLERANCE_DAYS=365"
OAS30927,518,145.0,373.0,False,nearest MRI is 373 days away (exceeds 365-day tolerance),"nearest-day match, MRI_TOLERANCE_DAYS=365"
OAS30927,1008,1180.0,172.0,True,within tolerance,"nearest-day match, MRI_TOLERANCE_DAYS=365"
OAS30927,1322,1180.0,142.0,True,within tolerance,"nearest-day match, MRI_TOLERANCE_DAYS=365"
OAS30927,2261,1180.0,1081.0,False,nearest MRI is 1081 days away (exceeds 365-day tolerance),"nearest-day match, MRI_TOLERANCE_DAYS=365"
OAS30928,411,177.0,234.0,True,within tolerance,"nearest-day match, MRI_TOLERANCE_DAYS=365"
OAS30929,0,115.0,115.0,True,within tolerance,"nearest-day match, MRI_TOLERANCE_DAYS=365"
OAS30929,405,115.0,290.0,True,within tolerance,"nearest-day match, MRI_TOLERANCE_DAYS=365"
OAS30929,797,699.0,98.0,True,within tolerance,"nearest-day match, MRI_TOLERANCE_DAYS=365"
OAS30929,1925,699.0,1226.0,False,nearest MRI is 1226 days away (exceeds 365-day tolerance),"nearest-day match, MRI_TOLERANCE_DAYS=365"
OAS30930,0,414.0,414.0,False,nearest MRI is 414 days away (exceeds 365-day tolerance),"nearest-day match, MRI_TOLERANCE_DAYS=365"
OAS30930,377,414.0,37.0,True,within tolerance,"nearest-day match, MRI_TOLERANCE_DAYS=365"
OAS30930,791,900.0,109.0,True,within tolerance,"nearest-day match, MRI_TOLERANCE_DAYS=365"
OAS30931,0,489.0,489.0,False,nearest MRI is 489 days away (exceeds 365-day tolerance),"nearest-day match, MRI_TOLERANCE_DAYS=365"
OAS30931,386,489.0,103.0,True,within tolerance,"nearest-day match, MRI_TOLERANCE_DAYS=365"
OAS30931,813,489.0,324.0,True,within tolerance,"nearest-day match, MRI_TOLERANCE_DAYS=365"
OAS30931,1164,489.0,675.0,False,nearest MRI is 675 days away (exceeds 365-day tolerance),"nearest-day match, MRI_TOLERANCE_DAYS=365"
OAS30931,1526,489.0,1037.0,False,nearest MRI is 1037 days away (exceeds 365-day tolerance),"nearest-day match, MRI_TOLERANCE_DAYS=365"
OAS30931,2032,489.0,1543.0,False,nearest MRI is 1543 days away (exceeds 365-day tolerance),"nearest-day match, MRI_TOLERANCE_DAYS=365"
OAS30932,0,4007.0,4007.0,False,nearest MRI is 4007 days away (exceeds 365-day tolerance),"nearest-day match, MRI_TOLERANCE_DAYS=365"
OAS30932,858,4007.0,3149.0,False,nearest MRI is 3149 days away (exceeds 365-day tolerance),"nearest-day match, MRI_TOLERANCE_DAYS=365"
OAS30932,1277,4007.0,2730.0,False,nearest MRI is 2730 days away (exceeds 365-day tolerance),"nearest-day match, MRI_TOLERANCE_DAYS=365"
OAS30932,1851,4007.0,2156.0,False,nearest MRI is 2156 days away (exceeds 365-day tolerance),"nearest-day match, MRI_TOLERANCE_DAYS=365"
OAS30932,2214,4007.0,1793.0,False,nearest MRI is 1793 days away (exceeds 365-day tolerance),"nearest-day match, MRI_TOLERANCE_DAYS=365"
OAS30932,3153,4007.0,854.0,False,nearest MRI is 854 days away (exceeds 365-day tolerance),"nearest-day match, MRI_TOLERANCE_DAYS=365"
OAS30932,3719,4007.0,288.0,True,within tolerance,"nearest-day match, MRI_TOLERANCE_DAYS=365"
OAS30932,4078,4007.0,71.0,True,within tolerance,"nearest-day match, MRI_TOLERANCE_DAYS=365"
OAS30933,0,52.0,52.0,True,within tolerance,"nearest-day match, MRI_TOLERANCE_DAYS=365"
OAS30933,1313,2167.0,854.0,False,nearest MRI is 854 days away (exceeds 365-day tolerance),"nearest-day match, MRI_TOLERANCE_DAYS=365"
OAS30933,2622,2251.0,371.0,False,nearest MRI is 371 days away (exceeds 365-day tolerance),"nearest-day match, MRI_TOLERANCE_DAYS=365"
OAS30933,3378,3460.0,82.0,True,within tolerance,"nearest-day match, MRI_TOLERANCE_DAYS=365"
OAS30933,3728,3788.0,60.0,True,within tolerance,"nearest-day match, MRI_TOLERANCE_DAYS=365"
OAS30934,394,520.0,126.0,True,within tolerance,"nearest-day match, MRI_TOLERANCE_DAYS=365"
OAS30934,2040,2150.0,110.0,True,within tolerance,"nearest-day match, MRI_TOLERANCE_DAYS=365"
OAS30934,2398,2150.0,248.0,True,within tolerance,"nearest-day match, MRI_TOLERANCE_DAYS=365"
OAS30934,2697,2150.0,547.0,False,nearest MRI is 547 days away (exceeds 365-day tolerance),"nearest-day match, MRI_TOLERANCE_DAYS=365"
OAS30934,3812,2150.0,1662.0,False,nearest MRI is 1662 days away (exceeds 365-day tolerance),"nearest-day match, MRI_TOLERANCE_DAYS=365"
OAS30935,0,201.0,201.0,True,within tolerance,"nearest-day match, MRI_TOLERANCE_DAYS=365"
OAS30935,1022,427.0,595.0,False,nearest MRI is 595 days away (exceeds 365-day tolerance),"nearest-day match, MRI_TOLERANCE_DAYS=365"
OAS30935,1849,427.0,1422.0,False,nearest MRI is 1422 days away (exceeds 365-day tolerance),"nearest-day match, MRI_TOLERANCE_DAYS=365"
OAS30936,0,5756.0,5756.0,False,nearest MRI is 5756 days away (exceeds 365-day tolerance),"nearest-day match, MRI_TOLERANCE_DAYS=365"
OAS30936,365,5756.0,5391.0,False,nearest MRI is 5391 days away (exceeds 365-day tolerance),"nearest-day match, MRI_TOLERANCE_DAYS=365"
OAS30936,1106,5756.0,4650.0,False,nearest MRI is 4650 days away (exceeds 365-day tolerance),"nearest-day match, MRI_TOLERANCE_DAYS=365"
OAS30936,2094,5756.0,3662.0,False,nearest MRI is 3662 days away (exceeds 365-day tolerance),"nearest-day match, MRI_TOLERANCE_DAYS=365"
OAS30936,2560,5756.0,3196.0,False,nearest MRI is 3196 days away (exceeds 365-day tolerance),"nearest-day match, MRI_TOLERANCE_DAYS=365"
OAS30936,3274,5756.0,2482.0,False,nearest MRI is 2482 days away (exceeds 365-day tolerance),"nearest-day match, MRI_TOLERANCE_DAYS=365"
OAS30936,3647,5756.0,2109.0,False,nearest MRI is 2109 days away (exceeds 365-day tolerance),"nearest-day match, MRI_TOLERANCE_DAYS=365"
OAS30936,4019,5756.0,1737.0,False,nearest MRI is 1737 days away (exceeds 365-day tolerance),"nearest-day match, MRI_TOLERANCE_DAYS=365"
OAS30936,4380,5756.0,1376.0,False,nearest MRI is 1376 days away (exceeds 365-day tolerance),"nearest-day match, MRI_TOLERANCE_DAYS=365"
OAS30936,4761,5756.0,995.0,False,nearest MRI is 995 days away (exceeds 365-day tolerance),"nearest-day match, MRI_TOLERANCE_DAYS=365"
OAS30936,5137,5756.0,619.0,False,nearest MRI is 619 days away (exceeds 365-day tolerance),"nearest-day match, MRI_TOLERANCE_DAYS=365"
OAS30936,6047,6301.0,254.0,True,within tolerance,"nearest-day match, MRI_TOLERANCE_DAYS=365"
OAS30936,6375,6301.0,74.0,True,within tolerance,"nearest-day match, MRI_TOLERANCE_DAYS=365"
OAS30936,6726,6483.0,243.0,True,within tolerance,"nearest-day match, MRI_TOLERANCE_DAYS=365"
OAS30936,7128,7225.0,97.0,True,within tolerance,"nearest-day match, MRI_TOLERANCE_DAYS=365"
OAS30936,8848,7225.0,1623.0,False,nearest MRI is 1623 days away (exceeds 365-day tolerance),"nearest-day match, MRI_TOLERANCE_DAYS=365"
OAS30936,9604,7225.0,2379.0,False,nearest MRI is 2379 days away (exceeds 365-day tolerance),"nearest-day match, MRI_TOLERANCE_DAYS=365"
OAS30936,10711,7225.0,3486.0,False,nearest MRI is 3486 days away (exceeds 365-day tolerance),"nearest-day match, MRI_TOLERANCE_DAYS=365"
OAS30936,11066,7225.0,3841.0,False,nearest MRI is 3841 days away (exceeds 365-day tolerance),"nearest-day match, MRI_TOLERANCE_DAYS=365"
OAS30937,0,,,False,subject has zero MRI/FreeSurfer records,"nearest-day match, MRI_TOLERANCE_DAYS=365"
OAS30937,747,,,False,subject has zero MRI/FreeSurfer records,"nearest-day match, MRI_TOLERANCE_DAYS=365"
OAS30937,1134,,,False,subject has zero MRI/FreeSurfer records,"nearest-day match, MRI_TOLERANCE_DAYS=365"
OAS30937,1490,,,False,subject has zero MRI/FreeSurfer records,"nearest-day match, MRI_TOLERANCE_DAYS=365"
OAS30937,1846,,,False,subject has zero MRI/FreeSurfer records,"nearest-day match, MRI_TOLERANCE_DAYS=365"
OAS30937,2168,,,False,subject has zero MRI/FreeSurfer records,"nearest-day match, MRI_TOLERANCE_DAYS=365"
OAS30937,2835,,,False,subject has zero MRI/FreeSurfer records,"nearest-day match, MRI_TOLERANCE_DAYS=365"
OAS30937,3428,,,False,subject has zero MRI/FreeSurfer records,"nearest-day match, MRI_TOLERANCE_DAYS=365"
OAS30937,4595,,,False,subject has zero MRI/FreeSurfer records,"nearest-day match, MRI_TOLERANCE_DAYS=365"
OAS30937,5066,,,False,subject has zero MRI/FreeSurfer records,"nearest-day match, MRI_TOLERANCE_DAYS=365"
OAS30938,0,95.0,95.0,True,within tolerance,"nearest-day match, MRI_TOLERANCE_DAYS=365"
OAS30938,1131,1242.0,111.0,True,within tolerance,"nearest-day match, MRI_TOLERANCE_DAYS=365"
OAS30938,1831,2411.0,580.0,False,nearest MRI is 580 days away (exceeds 365-day tolerance),"nearest-day match, MRI_TOLERANCE_DAYS=365"
OAS30938,2169,2411.0,242.0,True,within tolerance,"nearest-day match, MRI_TOLERANCE_DAYS=365"
OAS30938,3295,2411.0,884.0,False,nearest MRI is 884 days away (exceeds 365-day tolerance),"nearest-day match, MRI_TOLERANCE_DAYS=365"
OAS30939,0,483.0,483.0,False,nearest MRI is 483 days away (exceeds 365-day tolerance),"nearest-day match, MRI_TOLERANCE_DAYS=365"
OAS30939,411,483.0,72.0,True,within tolerance,"nearest-day match, MRI_TOLERANCE_DAYS=365"
OAS30939,1087,483.0,604.0,False,nearest MRI is 604 days away (exceeds 365-day tolerance),"nearest-day match, MRI_TOLERANCE_DAYS=365"
OAS30939,1483,1968.0,485.0,False,nearest MRI is 485 days away (exceeds 365-day tolerance),"nearest-day match, MRI_TOLERANCE_DAYS=365"
OAS30939,1856,1968.0,112.0,True,within tolerance,"nearest-day match, MRI_TOLERANCE_DAYS=365"
OAS30941,0,786.0,786.0,False,nearest MRI is 786 days away (exceeds 365-day tolerance),"nearest-day match, MRI_TOLERANCE_DAYS=365"
OAS30941,908,786.0,122.0,True,within tolerance,"nearest-day match, MRI_TOLERANCE_DAYS=365"
OAS30942,0,111.0,111.0,True,within tolerance,"nearest-day match, MRI_TOLERANCE_DAYS=365"
OAS30942,340,111.0,229.0,True,within tolerance,"nearest-day match, MRI_TOLERANCE_DAYS=365"
OAS30942,710,752.0,42.0,True,within tolerance,"nearest-day match, MRI_TOLERANCE_DAYS=365"
OAS30942,1471,752.0,719.0,False,nearest MRI is 719 days away (exceeds 365-day tolerance),"nearest-day match, MRI_TOLERANCE_DAYS=365"
OAS30942,1894,752.0,1142.0,False,nearest MRI is 1142 days away (exceeds 365-day tolerance),"nearest-day match, MRI_TOLERANCE_DAYS=365"
OAS30942,2285,752.0,1533.0,False,nearest MRI is 1533 days away (exceeds 365-day tolerance),"nearest-day match, MRI_TOLERANCE_DAYS=365"
OAS30942,2950,752.0,2198.0,False,nearest MRI is 2198 days away (exceeds 365-day tolerance),"nearest-day match, MRI_TOLERANCE_DAYS=365"
OAS30942,3364,752.0,2612.0,False,nearest MRI is 2612 days away (exceeds 365-day tolerance),"nearest-day match, MRI_TOLERANCE_DAYS=365"
OAS30942,3689,752.0,2937.0,False,nearest MRI is 2937 days away (exceeds 365-day tolerance),"nearest-day match, MRI_TOLERANCE_DAYS=365"
OAS30942,4022,752.0,3270.0,False,nearest MRI is 3270 days away (exceeds 365-day tolerance),"nearest-day match, MRI_TOLERANCE_DAYS=365"
OAS30943,0,295.0,295.0,True,within tolerance,"nearest-day match, MRI_TOLERANCE_DAYS=365"
OAS30943,391,295.0,96.0,True,within tolerance,"nearest-day match, MRI_TOLERANCE_DAYS=365"
OAS30943,744,295.0,449.0,False,nearest MRI is 449 days away (exceeds 365-day tolerance),"nearest-day match, MRI_TOLERANCE_DAYS=365"
OAS30943,1118,295.0,823.0,False,nearest MRI is 823 days away (exceeds 365-day tolerance),"nearest-day match, MRI_TOLERANCE_DAYS=365"
OAS30943,1469,295.0,1174.0,False,nearest MRI is 1174 days away (exceeds 365-day tolerance),"nearest-day match, MRI_TOLERANCE_DAYS=365"
OAS30944,0,89.0,89.0,True,within tolerance,"nearest-day match, MRI_TOLERANCE_DAYS=365"
OAS30944,402,89.0,313.0,True,within tolerance,"nearest-day match, MRI_TOLERANCE_DAYS=365"
OAS30944,746,89.0,657.0,False,nearest MRI is 657 days away (exceeds 365-day tolerance),"nearest-day match, MRI_TOLERANCE_DAYS=365"
OAS30944,1139,89.0,1050.0,False,nearest MRI is 1050 days away (exceeds 365-day tolerance),"nearest-day match, MRI_TOLERANCE_DAYS=365"
OAS30944,1869,89.0,1780.0,False,nearest MRI is 1780 days away (exceeds 365-day tolerance),"nearest-day match, MRI_TOLERANCE_DAYS=365"
OAS30944,2238,89.0,2149.0,False,nearest MRI is 2149 days away (exceeds 365-day tolerance),"nearest-day match, MRI_TOLERANCE_DAYS=365"
OAS30944,2593,89.0,2504.0,False,nearest MRI is 2504 days away (exceeds 365-day tolerance),"nearest-day match, MRI_TOLERANCE_DAYS=365"
OAS30944,2965,89.0,2876.0,False,nearest MRI is 2876 days away (exceeds 365-day tolerance),"nearest-day match, MRI_TOLERANCE_DAYS=365"
OAS30944,3370,89.0,3281.0,False,nearest MRI is 3281 days away (exceeds 365-day tolerance),"nearest-day match, MRI_TOLERANCE_DAYS=365"
OAS30944,3731,89.0,3642.0,False,nearest MRI is 3642 days away (exceeds 365-day tolerance),"nearest-day match, MRI_TOLERANCE_DAYS=365"
OAS30944,4038,89.0,3949.0,False,nearest MRI is 3949 days away (exceeds 365-day tolerance),"nearest-day match, MRI_TOLERANCE_DAYS=365"
OAS30944,4521,89.0,4432.0,False,nearest MRI is 4432 days away (exceeds 365-day tolerance),"nearest-day match, MRI_TOLERANCE_DAYS=365"
OAS30945,0,155.0,155.0,True,within tolerance,"nearest-day match, MRI_TOLERANCE_DAYS=365"
OAS30945,437,155.0,282.0,True,within tolerance,"nearest-day match, MRI_TOLERANCE_DAYS=365"
OAS30945,899,155.0,744.0,False,nearest MRI is 744 days away (exceeds 365-day tolerance),"nearest-day match, MRI_TOLERANCE_DAYS=365"
OAS30945,1281,155.0,1126.0,False,nearest MRI is 1126 days away (exceeds 365-day tolerance),"nearest-day match, MRI_TOLERANCE_DAYS=365"
OAS30946,0,96.0,96.0,True,within tolerance,"nearest-day match, MRI_TOLERANCE_DAYS=365"
OAS30947,0,1688.0,1688.0,False,nearest MRI is 1688 days away (exceeds 365-day tolerance),"nearest-day match, MRI_TOLERANCE_DAYS=365"
OAS30947,728,1688.0,960.0,False,nearest MRI is 960 days away (exceeds 365-day tolerance),"nearest-day match, MRI_TOLERANCE_DAYS=365"
OAS30947,1156,1688.0,532.0,False,nearest MRI is 532 days away (exceeds 365-day tolerance),"nearest-day match, MRI_TOLERANCE_DAYS=365"
OAS30947,1930,1688.0,242.0,True,within tolerance,"nearest-day match, MRI_TOLERANCE_DAYS=365"
OAS30947,2305,1688.0,617.0,False,nearest MRI is 617 days away (exceeds 365-day tolerance),"nearest-day match, MRI_TOLERANCE_DAYS=365"
OAS30948,826,76.0,750.0,False,nearest MRI is 750 days away (exceeds 365-day tolerance),"nearest-day match, MRI_TOLERANCE_DAYS=365"
OAS30949,399,53.0,346.0,True,within tolerance,"nearest-day match, MRI_TOLERANCE_DAYS=365"
OAS30949,1372,1418.0,46.0,True,within tolerance,"nearest-day match, MRI_TOLERANCE_DAYS=365"
OAS30949,1708,1418.0,290.0,True,within tolerance,"nearest-day match, MRI_TOLERANCE_DAYS=365"
OAS30949,2051,1418.0,633.0,False,nearest MRI is 633 days away (exceeds 365-day tolerance),"nearest-day match, MRI_TOLERANCE_DAYS=365"
OAS30949,2373,1418.0,955.0,False,nearest MRI is 955 days away (exceeds 365-day tolerance),"nearest-day match, MRI_TOLERANCE_DAYS=365"
OAS30949,2753,1418.0,1335.0,False,nearest MRI is 1335 days away (exceeds 365-day tolerance),"nearest-day match, MRI_TOLERANCE_DAYS=365"
OAS30949,3077,1418.0,1659.0,False,nearest MRI is 1659 days away (exceeds 365-day tolerance),"nearest-day match, MRI_TOLERANCE_DAYS=365"
OAS30949,3831,1418.0,2413.0,False,nearest MRI is 2413 days away (exceeds 365-day tolerance),"nearest-day match, MRI_TOLERANCE_DAYS=365"
OAS30949,4268,1418.0,2850.0,False,nearest MRI is 2850 days away (exceeds 365-day tolerance),"nearest-day match, MRI_TOLERANCE_DAYS=365"
OAS30950,0,63.0,63.0,True,within tolerance,"nearest-day match, MRI_TOLERANCE_DAYS=365"
OAS30951,0,3786.0,3786.0,False,nearest MRI is 3786 days away (exceeds 365-day tolerance),"nearest-day match, MRI_TOLERANCE_DAYS=365"
OAS30951,1125,3786.0,2661.0,False,nearest MRI is 2661 days away (exceeds 365-day tolerance),"nearest-day match, MRI_TOLERANCE_DAYS=365"
OAS30951,6080,3786.0,2294.0,False,nearest MRI is 2294 days away (exceeds 365-day tolerance),"nearest-day match, MRI_TOLERANCE_DAYS=365"
OAS30952,0,,,False,subject has zero MRI/FreeSurfer records,"nearest-day match, MRI_TOLERANCE_DAYS=365"
OAS30952,325,,,False,subject has zero MRI/FreeSurfer records,"nearest-day match, MRI_TOLERANCE_DAYS=365"
OAS30953,0,103.0,103.0,True,within tolerance,"nearest-day match, MRI_TOLERANCE_DAYS=365"
OAS30953,360,103.0,257.0,True,within tolerance,"nearest-day match, MRI_TOLERANCE_DAYS=365"
OAS30953,1146,103.0,1043.0,False,nearest MRI is 1043 days away (exceeds 365-day tolerance),"nearest-day match, MRI_TOLERANCE_DAYS=365"
OAS30954,0,182.0,182.0,True,within tolerance,"nearest-day match, MRI_TOLERANCE_DAYS=365"
OAS30955,0,133.0,133.0,True,within tolerance,"nearest-day match, MRI_TOLERANCE_DAYS=365"
OAS30957,0,30.0,30.0,True,within tolerance,"nearest-day match, MRI_TOLERANCE_DAYS=365"
OAS30958,0,900.0,900.0,False,nearest MRI is 900 days away (exceeds 365-day tolerance),"nearest-day match, MRI_TOLERANCE_DAYS=365"
OAS30959,0,123.0,123.0,True,within tolerance,"nearest-day match, MRI_TOLERANCE_DAYS=365"
OAS30959,469,714.0,245.0,True,within tolerance,"nearest-day match, MRI_TOLERANCE_DAYS=365"
OAS30959,951,714.0,237.0,True,within tolerance,"nearest-day match, MRI_TOLERANCE_DAYS=365"
OAS30959,1406,1301.0,105.0,True,within tolerance,"nearest-day match, MRI_TOLERANCE_DAYS=365"
OAS30959,2132,2684.0,552.0,False,nearest MRI is 552 days away (exceeds 365-day tolerance),"nearest-day match, MRI_TOLERANCE_DAYS=365"
OAS30959,2594,2684.0,90.0,True,within tolerance,"nearest-day match, MRI_TOLERANCE_DAYS=365"
OAS30959,2995,3174.0,179.0,True,within tolerance,"nearest-day match, MRI_TOLERANCE_DAYS=365"
OAS30959,3314,3385.0,71.0,True,within tolerance,"nearest-day match, MRI_TOLERANCE_DAYS=365"
OAS30959,3640,3385.0,255.0,True,within tolerance,"nearest-day match, MRI_TOLERANCE_DAYS=365"
OAS30959,4022,4116.0,94.0,True,within tolerance,"nearest-day match, MRI_TOLERANCE_DAYS=365"
OAS30959,4430,4631.0,201.0,True,within tolerance,"nearest-day match, MRI_TOLERANCE_DAYS=365"
OAS30959,4795,4632.0,163.0,True,within tolerance,"nearest-day match, MRI_TOLERANCE_DAYS=365"
OAS30959,5187,4632.0,555.0,False,nearest MRI is 555 days away (exceeds 365-day tolerance),"nearest-day match, MRI_TOLERANCE_DAYS=365"
OAS30959,5576,4632.0,944.0,False,nearest MRI is 944 days away (exceeds 365-day tolerance),"nearest-day match, MRI_TOLERANCE_DAYS=365"
OAS30960,0,61.0,61.0,True,within tolerance,"nearest-day match, MRI_TOLERANCE_DAYS=365"
OAS30960,4401,4513.0,112.0,True,within tolerance,"nearest-day match, MRI_TOLERANCE_DAYS=365"
OAS30960,5822,5864.0,42.0,True,within tolerance,"nearest-day match, MRI_TOLERANCE_DAYS=365"
OAS30961,0,62.0,62.0,True,within tolerance,"nearest-day match, MRI_TOLERANCE_DAYS=365"
OAS30961,392,62.0,330.0,True,within tolerance,"nearest-day match, MRI_TOLERANCE_DAYS=365"
OAS30961,696,62.0,634.0,False,nearest MRI is 634 days away (exceeds 365-day tolerance),"nearest-day match, MRI_TOLERANCE_DAYS=365"
OAS30961,1193,62.0,1131.0,False,nearest MRI is 1131 days away (exceeds 365-day tolerance),"nearest-day match, MRI_TOLERANCE_DAYS=365"
OAS30962,0,7.0,7.0,True,within tolerance,"nearest-day match, MRI_TOLERANCE_DAYS=365"
OAS30962,442,7.0,435.0,False,nearest MRI is 435 days away (exceeds 365-day tolerance),"nearest-day match, MRI_TOLERANCE_DAYS=365"
OAS30962,1143,7.0,1136.0,False,nearest MRI is 1136 days away (exceeds 365-day tolerance),"nearest-day match, MRI_TOLERANCE_DAYS=365"
OAS30962,1518,7.0,1511.0,False,nearest MRI is 1511 days away (exceeds 365-day tolerance),"nearest-day match, MRI_TOLERANCE_DAYS=365"
OAS30962,2486,7.0,2479.0,False,nearest MRI is 2479 days away (exceeds 365-day tolerance),"nearest-day match, MRI_TOLERANCE_DAYS=365"
OAS30962,2806,7.0,2799.0,False,nearest MRI is 2799 days away (exceeds 365-day tolerance),"nearest-day match, MRI_TOLERANCE_DAYS=365"
OAS30963,0,47.0,47.0,True,within tolerance,"nearest-day match, MRI_TOLERANCE_DAYS=365"
OAS30963,1105,1279.0,174.0,True,within tolerance,"nearest-day match, MRI_TOLERANCE_DAYS=365"
OAS30963,3376,3464.0,88.0,True,within tolerance,"nearest-day match, MRI_TOLERANCE_DAYS=365"
OAS30964,0,397.0,397.0,False,nearest MRI is 397 days away (exceeds 365-day tolerance),"nearest-day match, MRI_TOLERANCE_DAYS=365"
OAS30964,359,397.0,38.0,True,within tolerance,"nearest-day match, MRI_TOLERANCE_DAYS=365"
OAS30964,782,1135.0,353.0,True,within tolerance,"nearest-day match, MRI_TOLERANCE_DAYS=365"
OAS30964,1204,1135.0,69.0,True,within tolerance,"nearest-day match, MRI_TOLERANCE_DAYS=365"
OAS30964,1594,1587.0,7.0,True,within tolerance,"nearest-day match, MRI_TOLERANCE_DAYS=365"
OAS30964,1927,1587.0,340.0,True,within tolerance,"nearest-day match, MRI_TOLERANCE_DAYS=365"
OAS30964,2290,2772.0,482.0,False,nearest MRI is 482 days away (exceeds 365-day tolerance),"nearest-day match, MRI_TOLERANCE_DAYS=365"
OAS30964,2707,2772.0,65.0,True,within tolerance,"nearest-day match, MRI_TOLERANCE_DAYS=365"
OAS30964,3360,3870.0,510.0,False,nearest MRI is 510 days away (exceeds 365-day tolerance),"nearest-day match, MRI_TOLERANCE_DAYS=365"
OAS30964,3740,3870.0,130.0,True,within tolerance,"nearest-day match, MRI_TOLERANCE_DAYS=365"
OAS30964,4097,3870.0,227.0,True,within tolerance,"nearest-day match, MRI_TOLERANCE_DAYS=365"
OAS30964,4754,3870.0,884.0,False,nearest MRI is 884 days away (exceeds 365-day tolerance),"nearest-day match, MRI_TOLERANCE_DAYS=365"
OAS30964,5213,3870.0,1343.0,False,nearest MRI is 1343 days away (exceeds 365-day tolerance),"nearest-day match, MRI_TOLERANCE_DAYS=365"
OAS30965,0,434.0,434.0,False,nearest MRI is 434 days away (exceeds 365-day tolerance),"nearest-day match, MRI_TOLERANCE_DAYS=365"
OAS30965,356,434.0,78.0,True,within tolerance,"nearest-day match, MRI_TOLERANCE_DAYS=365"
OAS30965,762,434.0,328.0,True,within tolerance,"nearest-day match, MRI_TOLERANCE_DAYS=365"
OAS30965,1462,434.0,1028.0,False,nearest MRI is 1028 days away (exceeds 365-day tolerance),"nearest-day match, MRI_TOLERANCE_DAYS=365"
OAS30965,1827,434.0,1393.0,False,nearest MRI is 1393 days away (exceeds 365-day tolerance),"nearest-day match, MRI_TOLERANCE_DAYS=365"
OAS30966,0,189.0,189.0,True,within tolerance,"nearest-day match, MRI_TOLERANCE_DAYS=365"
OAS30966,372,189.0,183.0,True,within tolerance,"nearest-day match, MRI_TOLERANCE_DAYS=365"
OAS30966,741,903.0,162.0,True,within tolerance,"nearest-day match, MRI_TOLERANCE_DAYS=365"
OAS30966,1103,1267.0,164.0,True,within tolerance,"nearest-day match, MRI_TOLERANCE_DAYS=365"
OAS30966,1467,1267.0,200.0,True,within tolerance,"nearest-day match, MRI_TOLERANCE_DAYS=365"
OAS30966,2601,1923.0,678.0,False,nearest MRI is 678 days away (exceeds 365-day tolerance),"nearest-day match, MRI_TOLERANCE_DAYS=365"
OAS30966,2961,3381.0,420.0,False,nearest MRI is 420 days away (exceeds 365-day tolerance),"nearest-day match, MRI_TOLERANCE_DAYS=365"
OAS30966,3316,3381.0,65.0,True,within tolerance,"nearest-day match, MRI_TOLERANCE_DAYS=365"
OAS30966,3703,3381.0,322.0,True,within tolerance,"nearest-day match, MRI_TOLERANCE_DAYS=365"
OAS30966,4036,3381.0,655.0,False,nearest MRI is 655 days away (exceeds 365-day tolerance),"nearest-day match, MRI_TOLERANCE_DAYS=365"
OAS30966,4401,3381.0,1020.0,False,nearest MRI is 1020 days away (exceeds 365-day tolerance),"nearest-day match, MRI_TOLERANCE_DAYS=365"
OAS30966,4787,3381.0,1406.0,False,nearest MRI is 1406 days away (exceeds 365-day tolerance),"nearest-day match, MRI_TOLERANCE_DAYS=365"
OAS30967,0,98.0,98.0,True,within tolerance,"nearest-day match, MRI_TOLERANCE_DAYS=365"
OAS30967,357,120.0,237.0,True,within tolerance,"nearest-day match, MRI_TOLERANCE_DAYS=365"
OAS30967,728,854.0,126.0,True,within tolerance,"nearest-day match, MRI_TOLERANCE_DAYS=365"
OAS30967,1085,988.0,97.0,True,within tolerance,"nearest-day match, MRI_TOLERANCE_DAYS=365"
OAS30967,1476,988.0,488.0,False,nearest MRI is 488 days away (exceeds 365-day tolerance),"nearest-day match, MRI_TOLERANCE_DAYS=365"
OAS30967,1834,988.0,846.0,False,nearest MRI is 846 days away (exceeds 365-day tolerance),"nearest-day match, MRI_TOLERANCE_DAYS=365"
OAS30967,2240,988.0,1252.0,False,nearest MRI is 1252 days away (exceeds 365-day tolerance),"nearest-day match, MRI_TOLERANCE_DAYS=365"
OAS30967,2611,988.0,1623.0,False,nearest MRI is 1623 days away (exceeds 365-day tolerance),"nearest-day match, MRI_TOLERANCE_DAYS=365"
OAS30967,2984,988.0,1996.0,False,nearest MRI is 1996 days away (exceeds 365-day tolerance),"nearest-day match, MRI_TOLERANCE_DAYS=365"
OAS30967,3317,988.0,2329.0,False,nearest MRI is 2329 days away (exceeds 365-day tolerance),"nearest-day match, MRI_TOLERANCE_DAYS=365"
OAS30967,3689,988.0,2701.0,False,nearest MRI is 2701 days away (exceeds 365-day tolerance),"nearest-day match, MRI_TOLERANCE_DAYS=365"
OAS30967,4025,988.0,3037.0,False,nearest MRI is 3037 days away (exceeds 365-day tolerance),"nearest-day match, MRI_TOLERANCE_DAYS=365"
OAS30967,4377,988.0,3389.0,False,nearest MRI is 3389 days away (exceeds 365-day tolerance),"nearest-day match, MRI_TOLERANCE_DAYS=365"
OAS30967,4747,988.0,3759.0,False,nearest MRI is 3759 days away (exceeds 365-day tolerance),"nearest-day match, MRI_TOLERANCE_DAYS=365"
OAS30968,0,166.0,166.0,True,within tolerance,"nearest-day match, MRI_TOLERANCE_DAYS=365"
OAS30968,1281,1537.0,256.0,True,within tolerance,"nearest-day match, MRI_TOLERANCE_DAYS=365"
OAS30968,2273,1537.0,736.0,False,nearest MRI is 736 days away (exceeds 365-day tolerance),"nearest-day match, MRI_TOLERANCE_DAYS=365"
OAS30969,0,47.0,47.0,True,within tolerance,"nearest-day match, MRI_TOLERANCE_DAYS=365"
OAS30969,364,47.0,317.0,True,within tolerance,"nearest-day match, MRI_TOLERANCE_DAYS=365"
OAS30969,733,1345.0,612.0,False,nearest MRI is 612 days away (exceeds 365-day tolerance),"nearest-day match, MRI_TOLERANCE_DAYS=365"
OAS30969,2228,1345.0,883.0,False,nearest MRI is 883 days away (exceeds 365-day tolerance),"nearest-day match, MRI_TOLERANCE_DAYS=365"
OAS30969,2597,1345.0,1252.0,False,nearest MRI is 1252 days away (exceeds 365-day tolerance),"nearest-day match, MRI_TOLERANCE_DAYS=365"
OAS30970,0,237.0,237.0,True,within tolerance,"nearest-day match, MRI_TOLERANCE_DAYS=365"
OAS30970,516,238.0,278.0,True,within tolerance,"nearest-day match, MRI_TOLERANCE_DAYS=365"
OAS30970,882,238.0,644.0,False,nearest MRI is 644 days away (exceeds 365-day tolerance),"nearest-day match, MRI_TOLERANCE_DAYS=365"
OAS30970,1286,238.0,1048.0,False,nearest MRI is 1048 days away (exceeds 365-day tolerance),"nearest-day match, MRI_TOLERANCE_DAYS=365"
OAS30972,548,842.0,294.0,True,within tolerance,"nearest-day match, MRI_TOLERANCE_DAYS=365"
OAS30972,842,842.0,0.0,True,within tolerance,"nearest-day match, MRI_TOLERANCE_DAYS=365"
OAS30972,1226,842.0,384.0,False,nearest MRI is 384 days away (exceeds 365-day tolerance),"nearest-day match, MRI_TOLERANCE_DAYS=365"
OAS30972,1648,2270.0,622.0,False,nearest MRI is 622 days away (exceeds 365-day tolerance),"nearest-day match, MRI_TOLERANCE_DAYS=365"
OAS30972,2015,2270.0,255.0,True,within tolerance,"nearest-day match, MRI_TOLERANCE_DAYS=365"
OAS30972,3740,2270.0,1470.0,False,nearest MRI is 1470 days away (exceeds 365-day tolerance),"nearest-day match, MRI_TOLERANCE_DAYS=365"
OAS30972,4031,2270.0,1761.0,False,nearest MRI is 1761 days away (exceeds 365-day tolerance),"nearest-day match, MRI_TOLERANCE_DAYS=365"
OAS30972,5536,2270.0,3266.0,False,nearest MRI is 3266 days away (exceeds 365-day tolerance),"nearest-day match, MRI_TOLERANCE_DAYS=365"
OAS30972,5937,2270.0,3667.0,False,nearest MRI is 3667 days away (exceeds 365-day tolerance),"nearest-day match, MRI_TOLERANCE_DAYS=365"
OAS30973,0,65.0,65.0,True,within tolerance,"nearest-day match, MRI_TOLERANCE_DAYS=365"
OAS30973,421,65.0,356.0,True,within tolerance,"nearest-day match, MRI_TOLERANCE_DAYS=365"
OAS30973,1809,1318.0,491.0,False,nearest MRI is 491 days away (exceeds 365-day tolerance),"nearest-day match, MRI_TOLERANCE_DAYS=365"
OAS30973,2233,1318.0,915.0,False,nearest MRI is 915 days away (exceeds 365-day tolerance),"nearest-day match, MRI_TOLERANCE_DAYS=365"
OAS30974,0,901.0,901.0,False,nearest MRI is 901 days away (exceeds 365-day tolerance),"nearest-day match, MRI_TOLERANCE_DAYS=365"
OAS30974,435,901.0,466.0,False,nearest MRI is 466 days away (exceeds 365-day tolerance),"nearest-day match, MRI_TOLERANCE_DAYS=365"
OAS30974,2343,901.0,1442.0,False,nearest MRI is 1442 days away (exceeds 365-day tolerance),"nearest-day match, MRI_TOLERANCE_DAYS=365"
OAS30975,0,8.0,8.0,True,within tolerance,"nearest-day match, MRI_TOLERANCE_DAYS=365"
OAS30975,406,8.0,398.0,False,nearest MRI is 398 days away (exceeds 365-day tolerance),"nearest-day match, MRI_TOLERANCE_DAYS=365"
OAS30975,778,8.0,770.0,False,nearest MRI is 770 days away (exceeds 365-day tolerance),"nearest-day match, MRI_TOLERANCE_DAYS=365"
OAS30975,1192,8.0,1184.0,False,nearest MRI is 1184 days away (exceeds 365-day tolerance),"nearest-day match, MRI_TOLERANCE_DAYS=365"
OAS30975,1498,8.0,1490.0,False,nearest MRI is 1490 days away (exceeds 365-day tolerance),"nearest-day match, MRI_TOLERANCE_DAYS=365"
OAS30976,0,65.0,65.0,True,within tolerance,"nearest-day match, MRI_TOLERANCE_DAYS=365"
OAS30976,835,65.0,770.0,False,nearest MRI is 770 days away (exceeds 365-day tolerance),"nearest-day match, MRI_TOLERANCE_DAYS=365"
OAS30977,0,404.0,404.0,False,nearest MRI is 404 days away (exceeds 365-day tolerance),"nearest-day match, MRI_TOLERANCE_DAYS=365"
OAS30977,364,404.0,40.0,True,within tolerance,"nearest-day match, MRI_TOLERANCE_DAYS=365"
OAS30977,796,404.0,392.0,False,nearest MRI is 392 days away (exceeds 365-day tolerance),"nearest-day match, MRI_TOLERANCE_DAYS=365"
OAS30977,1517,404.0,1113.0,False,nearest MRI is 1113 days away (exceeds 365-day tolerance),"nearest-day match, MRI_TOLERANCE_DAYS=365"
OAS30977,1888,404.0,1484.0,False,nearest MRI is 1484 days away (exceeds 365-day tolerance),"nearest-day match, MRI_TOLERANCE_DAYS=365"
OAS30977,2230,404.0,1826.0,False,nearest MRI is 1826 days away (exceeds 365-day tolerance),"nearest-day match, MRI_TOLERANCE_DAYS=365"
OAS30977,3023,404.0,2619.0,False,nearest MRI is 2619 days away (exceeds 365-day tolerance),"nearest-day match, MRI_TOLERANCE_DAYS=365"
OAS30977,3384,404.0,2980.0,False,nearest MRI is 2980 days away (exceeds 365-day tolerance),"nearest-day match, MRI_TOLERANCE_DAYS=365"
OAS30977,3770,404.0,3366.0,False,nearest MRI is 3366 days away (exceeds 365-day tolerance),"nearest-day match, MRI_TOLERANCE_DAYS=365"
OAS30978,392,425.0,33.0,True,within tolerance,"nearest-day match, MRI_TOLERANCE_DAYS=365"
OAS30978,717,425.0,292.0,True,within tolerance,"nearest-day match, MRI_TOLERANCE_DAYS=365"
OAS30978,1103,1207.0,104.0,True,within tolerance,"nearest-day match, MRI_TOLERANCE_DAYS=365"
OAS30978,1634,1207.0,427.0,False,nearest MRI is 427 days away (exceeds 365-day tolerance),"nearest-day match, MRI_TOLERANCE_DAYS=365"
OAS30978,2041,2117.0,76.0,True,within tolerance,"nearest-day match, MRI_TOLERANCE_DAYS=365"
OAS30978,2532,2118.0,414.0,False,nearest MRI is 414 days away (exceeds 365-day tolerance),"nearest-day match, MRI_TOLERANCE_DAYS=365"
OAS30978,2958,2118.0,840.0,False,nearest MRI is 840 days away (exceeds 365-day tolerance),"nearest-day match, MRI_TOLERANCE_DAYS=365"
OAS30979,0,51.0,51.0,True,within tolerance,"nearest-day match, MRI_TOLERANCE_DAYS=365"
OAS30979,367,435.0,68.0,True,within tolerance,"nearest-day match, MRI_TOLERANCE_DAYS=365"
OAS30979,1078,435.0,643.0,False,nearest MRI is 643 days away (exceeds 365-day tolerance),"nearest-day match, MRI_TOLERANCE_DAYS=365"
OAS30979,1379,435.0,944.0,False,nearest MRI is 944 days away (exceeds 365-day tolerance),"nearest-day match, MRI_TOLERANCE_DAYS=365"
OAS30979,1719,435.0,1284.0,False,nearest MRI is 1284 days away (exceeds 365-day tolerance),"nearest-day match, MRI_TOLERANCE_DAYS=365"
OAS30982,0,63.0,63.0,True,within tolerance,"nearest-day match, MRI_TOLERANCE_DAYS=365"
OAS30982,385,63.0,322.0,True,within tolerance,"nearest-day match, MRI_TOLERANCE_DAYS=365"
OAS30982,741,63.0,678.0,False,nearest MRI is 678 days away (exceeds 365-day tolerance),"nearest-day match, MRI_TOLERANCE_DAYS=365"
OAS30982,1119,1705.0,586.0,False,nearest MRI is 586 days away (exceeds 365-day tolerance),"nearest-day match, MRI_TOLERANCE_DAYS=365"
OAS30982,1574,1705.0,131.0,True,within tolerance,"nearest-day match, MRI_TOLERANCE_DAYS=365"
OAS30982,1938,1708.0,230.0,True,within tolerance,"nearest-day match, MRI_TOLERANCE_DAYS=365"
OAS30982,2275,1708.0,567.0,False,nearest MRI is 567 days away (exceeds 365-day tolerance),"nearest-day match, MRI_TOLERANCE_DAYS=365"
OAS30982,2643,1708.0,935.0,False,nearest MRI is 935 days away (exceeds 365-day tolerance),"nearest-day match, MRI_TOLERANCE_DAYS=365"
OAS30982,3003,1708.0,1295.0,False,nearest MRI is 1295 days away (exceeds 365-day tolerance),"nearest-day match, MRI_TOLERANCE_DAYS=365"
OAS30982,3451,1708.0,1743.0,False,nearest MRI is 1743 days away (exceeds 365-day tolerance),"nearest-day match, MRI_TOLERANCE_DAYS=365"
OAS30984,0,3927.0,3927.0,False,nearest MRI is 3927 days away (exceeds 365-day tolerance),"nearest-day match, MRI_TOLERANCE_DAYS=365"
OAS30984,2834,3927.0,1093.0,False,nearest MRI is 1093 days away (exceeds 365-day tolerance),"nearest-day match, MRI_TOLERANCE_DAYS=365"
OAS30984,3596,3927.0,331.0,True,within tolerance,"nearest-day match, MRI_TOLERANCE_DAYS=365"
OAS30984,3940,3927.0,13.0,True,within tolerance,"nearest-day match, MRI_TOLERANCE_DAYS=365"
OAS30984,4319,4520.0,201.0,True,within tolerance,"nearest-day match, MRI_TOLERANCE_DAYS=365"
OAS30985,0,84.0,84.0,True,within tolerance,"nearest-day match, MRI_TOLERANCE_DAYS=365"
OAS30985,363,84.0,279.0,True,within tolerance,"nearest-day match, MRI_TOLERANCE_DAYS=365"
OAS30985,764,84.0,680.0,False,nearest MRI is 680 days away (exceeds 365-day tolerance),"nearest-day match, MRI_TOLERANCE_DAYS=365"
OAS30985,1261,84.0,1177.0,False,nearest MRI is 1177 days away (exceeds 365-day tolerance),"nearest-day match, MRI_TOLERANCE_DAYS=365"
OAS30985,1962,84.0,1878.0,False,nearest MRI is 1878 days away (exceeds 365-day tolerance),"nearest-day match, MRI_TOLERANCE_DAYS=365"
OAS30986,1160,1188.0,28.0,True,within tolerance,"nearest-day match, MRI_TOLERANCE_DAYS=365"
OAS30986,4604,4711.0,107.0,True,within tolerance,"nearest-day match, MRI_TOLERANCE_DAYS=365"
OAS30986,5563,4712.0,851.0,False,nearest MRI is 851 days away (exceeds 365-day tolerance),"nearest-day match, MRI_TOLERANCE_DAYS=365"
OAS30987,0,965.0,965.0,False,nearest MRI is 965 days away (exceeds 365-day tolerance),"nearest-day match, MRI_TOLERANCE_DAYS=365"
OAS30987,945,965.0,20.0,True,within tolerance,"nearest-day match, MRI_TOLERANCE_DAYS=365"
OAS30988,0,,,False,subject has zero MRI/FreeSurfer records,"nearest-day match, MRI_TOLERANCE_DAYS=365"
OAS30988,383,,,False,subject has zero MRI/FreeSurfer records,"nearest-day match, MRI_TOLERANCE_DAYS=365"
OAS30988,715,,,False,subject has zero MRI/FreeSurfer records,"nearest-day match, MRI_TOLERANCE_DAYS=365"
OAS30988,1150,,,False,subject has zero MRI/FreeSurfer records,"nearest-day match, MRI_TOLERANCE_DAYS=365"
OAS30988,1461,,,False,subject has zero MRI/FreeSurfer records,"nearest-day match, MRI_TOLERANCE_DAYS=365"
OAS30989,0,109.0,109.0,True,within tolerance,"nearest-day match, MRI_TOLERANCE_DAYS=365"
OAS30989,1111,109.0,1002.0,False,nearest MRI is 1002 days away (exceeds 365-day tolerance),"nearest-day match, MRI_TOLERANCE_DAYS=365"
OAS30990,0,107.0,107.0,True,within tolerance,"nearest-day match, MRI_TOLERANCE_DAYS=365"
OAS30990,414,107.0,307.0,True,within tolerance,"nearest-day match, MRI_TOLERANCE_DAYS=365"
OAS30990,786,107.0,679.0,False,nearest MRI is 679 days away (exceeds 365-day tolerance),"nearest-day match, MRI_TOLERANCE_DAYS=365"
OAS30990,1191,107.0,1084.0,False,nearest MRI is 1084 days away (exceeds 365-day tolerance),"nearest-day match, MRI_TOLERANCE_DAYS=365"
OAS30990,1661,107.0,1554.0,False,nearest MRI is 1554 days away (exceeds 365-day tolerance),"nearest-day match, MRI_TOLERANCE_DAYS=365"
OAS30991,0,106.0,106.0,True,within tolerance,"nearest-day match, MRI_TOLERANCE_DAYS=365"
OAS30991,378,106.0,272.0,True,within tolerance,"nearest-day match, MRI_TOLERANCE_DAYS=365"
OAS30991,737,106.0,631.0,False,nearest MRI is 631 days away (exceeds 365-day tolerance),"nearest-day match, MRI_TOLERANCE_DAYS=365"
OAS30991,1087,106.0,981.0,False,nearest MRI is 981 days away (exceeds 365-day tolerance),"nearest-day match, MRI_TOLERANCE_DAYS=365"
OAS30991,1478,106.0,1372.0,False,nearest MRI is 1372 days away (exceeds 365-day tolerance),"nearest-day match, MRI_TOLERANCE_DAYS=365"
OAS30991,1842,106.0,1736.0,False,nearest MRI is 1736 days away (exceeds 365-day tolerance),"nearest-day match, MRI_TOLERANCE_DAYS=365"
OAS30991,2198,106.0,2092.0,False,nearest MRI is 2092 days away (exceeds 365-day tolerance),"nearest-day match, MRI_TOLERANCE_DAYS=365"
OAS30991,2551,106.0,2445.0,False,nearest MRI is 2445 days away (exceeds 365-day tolerance),"nearest-day match, MRI_TOLERANCE_DAYS=365"
OAS30991,2933,106.0,2827.0,False,nearest MRI is 2827 days away (exceeds 365-day tolerance),"nearest-day match, MRI_TOLERANCE_DAYS=365"
OAS30991,3282,106.0,3176.0,False,nearest MRI is 3176 days away (exceeds 365-day tolerance),"nearest-day match, MRI_TOLERANCE_DAYS=365"
OAS30991,3648,106.0,3542.0,False,nearest MRI is 3542 days away (exceeds 365-day tolerance),"nearest-day match, MRI_TOLERANCE_DAYS=365"
OAS30991,4088,106.0,3982.0,False,nearest MRI is 3982 days away (exceeds 365-day tolerance),"nearest-day match, MRI_TOLERANCE_DAYS=365"
OAS30992,413,16.0,397.0,False,nearest MRI is 397 days away (exceeds 365-day tolerance),"nearest-day match, MRI_TOLERANCE_DAYS=365"
OAS30992,784,16.0,768.0,False,nearest MRI is 768 days away (exceeds 365-day tolerance),"nearest-day match, MRI_TOLERANCE_DAYS=365"
OAS30992,1257,16.0,1241.0,False,nearest MRI is 1241 days away (exceeds 365-day tolerance),"nearest-day match, MRI_TOLERANCE_DAYS=365"
OAS30992,1604,16.0,1588.0,False,nearest MRI is 1588 days away (exceeds 365-day tolerance),"nearest-day match, MRI_TOLERANCE_DAYS=365"
OAS30992,1977,16.0,1961.0,False,nearest MRI is 1961 days away (exceeds 365-day tolerance),"nearest-day match, MRI_TOLERANCE_DAYS=365"
OAS30992,2390,16.0,2374.0,False,nearest MRI is 2374 days away (exceeds 365-day tolerance),"nearest-day match, MRI_TOLERANCE_DAYS=365"
OAS30993,0,59.0,59.0,True,within tolerance,"nearest-day match, MRI_TOLERANCE_DAYS=365"
OAS30993,847,920.0,73.0,True,within tolerance,"nearest-day match, MRI_TOLERANCE_DAYS=365"
OAS30995,0,54.0,54.0,True,within tolerance,"nearest-day match, MRI_TOLERANCE_DAYS=365"
OAS30996,0,4705.0,4705.0,False,nearest MRI is 4705 days away (exceeds 365-day tolerance),"nearest-day match, MRI_TOLERANCE_DAYS=365"
OAS30996,4581,4705.0,124.0,True,within tolerance,"nearest-day match, MRI_TOLERANCE_DAYS=365"
OAS30996,4963,4705.0,258.0,True,within tolerance,"nearest-day match, MRI_TOLERANCE_DAYS=365"
OAS30996,5342,5818.0,476.0,False,nearest MRI is 476 days away (exceeds 365-day tolerance),"nearest-day match, MRI_TOLERANCE_DAYS=365"
OAS30996,6029,5818.0,211.0,True,within tolerance,"nearest-day match, MRI_TOLERANCE_DAYS=365"
OAS30996,6455,5818.0,637.0,False,nearest MRI is 637 days away (exceeds 365-day tolerance),"nearest-day match, MRI_TOLERANCE_DAYS=365"
OAS30997,0,58.0,58.0,True,within tolerance,"nearest-day match, MRI_TOLERANCE_DAYS=365"
OAS30997,1113,1356.0,243.0,True,within tolerance,"nearest-day match, MRI_TOLERANCE_DAYS=365"
OAS30997,2395,1356.0,1039.0,False,nearest MRI is 1039 days away (exceeds 365-day tolerance),"nearest-day match, MRI_TOLERANCE_DAYS=365"
OAS30998,0,51.0,51.0,True,within tolerance,"nearest-day match, MRI_TOLERANCE_DAYS=365"
OAS30998,736,51.0,685.0,False,nearest MRI is 685 days away (exceeds 365-day tolerance),"nearest-day match, MRI_TOLERANCE_DAYS=365"
OAS30999,0,153.0,153.0,True,within tolerance,"nearest-day match, MRI_TOLERANCE_DAYS=365"
OAS31000,0,72.0,72.0,True,within tolerance,"nearest-day match, MRI_TOLERANCE_DAYS=365"
OAS31000,350,72.0,278.0,True,within tolerance,"nearest-day match, MRI_TOLERANCE_DAYS=365"
OAS31000,736,72.0,664.0,False,nearest MRI is 664 days away (exceeds 365-day tolerance),"nearest-day match, MRI_TOLERANCE_DAYS=365"
OAS31000,1193,72.0,1121.0,False,nearest MRI is 1121 days away (exceeds 365-day tolerance),"nearest-day match, MRI_TOLERANCE_DAYS=365"
OAS31001,0,64.0,64.0,True,within tolerance,"nearest-day match, MRI_TOLERANCE_DAYS=365"
OAS31001,1107,1079.0,28.0,True,within tolerance,"nearest-day match, MRI_TOLERANCE_DAYS=365"
OAS31001,1471,1079.0,392.0,False,nearest MRI is 392 days away (exceeds 365-day tolerance),"nearest-day match, MRI_TOLERANCE_DAYS=365"
OAS31001,1826,1079.0,747.0,False,nearest MRI is 747 days away (exceeds 365-day tolerance),"nearest-day match, MRI_TOLERANCE_DAYS=365"
OAS31001,2190,1079.0,1111.0,False,nearest MRI is 1111 days away (exceeds 365-day tolerance),"nearest-day match, MRI_TOLERANCE_DAYS=365"
OAS31001,2599,3394.0,795.0,False,nearest MRI is 795 days away (exceeds 365-day tolerance),"nearest-day match, MRI_TOLERANCE_DAYS=365"
OAS31001,2959,3394.0,435.0,False,nearest MRI is 435 days away (exceeds 365-day tolerance),"nearest-day match, MRI_TOLERANCE_DAYS=365"
OAS31001,3310,3394.0,84.0,True,within tolerance,"nearest-day match, MRI_TOLERANCE_DAYS=365"
OAS31001,4045,4543.0,498.0,False,nearest MRI is 498 days away (exceeds 365-day tolerance),"nearest-day match, MRI_TOLERANCE_DAYS=365"
OAS31001,4459,4543.0,84.0,True,within tolerance,"nearest-day match, MRI_TOLERANCE_DAYS=365"
OAS31001,4795,4543.0,252.0,True,within tolerance,"nearest-day match, MRI_TOLERANCE_DAYS=365"
OAS31001,5182,4543.0,639.0,False,nearest MRI is 639 days away (exceeds 365-day tolerance),"nearest-day match, MRI_TOLERANCE_DAYS=365"
OAS31001,5552,4543.0,1009.0,False,nearest MRI is 1009 days away (exceeds 365-day tolerance),"nearest-day match, MRI_TOLERANCE_DAYS=365"
OAS31002,0,3832.0,3832.0,False,nearest MRI is 3832 days away (exceeds 365-day tolerance),"nearest-day match, MRI_TOLERANCE_DAYS=365"
OAS31002,783,3832.0,3049.0,False,nearest MRI is 3049 days away (exceeds 365-day tolerance),"nearest-day match, MRI_TOLERANCE_DAYS=365"
OAS31002,1136,3832.0,2696.0,False,nearest MRI is 2696 days away (exceeds 365-day tolerance),"nearest-day match, MRI_TOLERANCE_DAYS=365"
OAS31002,1627,3832.0,2205.0,False,nearest MRI is 2205 days away (exceeds 365-day tolerance),"nearest-day match, MRI_TOLERANCE_DAYS=365"
OAS31002,2072,3832.0,1760.0,False,nearest MRI is 1760 days away (exceeds 365-day tolerance),"nearest-day match, MRI_TOLERANCE_DAYS=365"
OAS31002,2403,3832.0,1429.0,False,nearest MRI is 1429 days away (exceeds 365-day tolerance),"nearest-day match, MRI_TOLERANCE_DAYS=365"
OAS31002,2802,3832.0,1030.0,False,nearest MRI is 1030 days away (exceeds 365-day tolerance),"nearest-day match, MRI_TOLERANCE_DAYS=365"
OAS31002,3150,3832.0,682.0,False,nearest MRI is 682 days away (exceeds 365-day tolerance),"nearest-day match, MRI_TOLERANCE_DAYS=365"
OAS31002,3465,3832.0,367.0,False,nearest MRI is 367 days away (exceeds 365-day tolerance),"nearest-day match, MRI_TOLERANCE_DAYS=365"
OAS31002,3886,3832.0,54.0,True,within tolerance,"nearest-day match, MRI_TOLERANCE_DAYS=365"
OAS31002,4249,3832.0,417.0,False,nearest MRI is 417 days away (exceeds 365-day tolerance),"nearest-day match, MRI_TOLERANCE_DAYS=365"
OAS31002,4616,4948.0,332.0,True,within tolerance,"nearest-day match, MRI_TOLERANCE_DAYS=365"
OAS31002,4943,4948.0,5.0,True,within tolerance,"nearest-day match, MRI_TOLERANCE_DAYS=365"
OAS31002,5333,5329.0,4.0,True,within tolerance,"nearest-day match, MRI_TOLERANCE_DAYS=365"
OAS31002,5712,5329.0,383.0,False,nearest MRI is 383 days away (exceeds 365-day tolerance),"nearest-day match, MRI_TOLERANCE_DAYS=365"
OAS31002,6078,5329.0,749.0,False,nearest MRI is 749 days away (exceeds 365-day tolerance),"nearest-day match, MRI_TOLERANCE_DAYS=365"
OAS31002,6447,5329.0,1118.0,False,nearest MRI is 1118 days away (exceeds 365-day tolerance),"nearest-day match, MRI_TOLERANCE_DAYS=365"
OAS31003,0,75.0,75.0,True,within tolerance,"nearest-day match, MRI_TOLERANCE_DAYS=365"
OAS31003,413,75.0,338.0,True,within tolerance,"nearest-day match, MRI_TOLERANCE_DAYS=365"
OAS31003,859,75.0,784.0,False,nearest MRI is 784 days away (exceeds 365-day tolerance),"nearest-day match, MRI_TOLERANCE_DAYS=365"
OAS31003,1171,75.0,1096.0,False,nearest MRI is 1096 days away (exceeds 365-day tolerance),"nearest-day match, MRI_TOLERANCE_DAYS=365"
OAS31004,0,0.0,0.0,True,within tolerance,"nearest-day match, MRI_TOLERANCE_DAYS=365"
OAS31004,415,0.0,415.0,False,nearest MRI is 415 days away (exceeds 365-day tolerance),"nearest-day match, MRI_TOLERANCE_DAYS=365"
OAS31005,390,66.0,324.0,True,within tolerance,"nearest-day match, MRI_TOLERANCE_DAYS=365"
OAS31005,786,66.0,720.0,False,nearest MRI is 720 days away (exceeds 365-day tolerance),"nearest-day match, MRI_TOLERANCE_DAYS=365"
OAS31005,1203,1649.0,446.0,False,nearest MRI is 446 days away (exceeds 365-day tolerance),"nearest-day match, MRI_TOLERANCE_DAYS=365"
OAS31005,1557,1649.0,92.0,True,within tolerance,"nearest-day match, MRI_TOLERANCE_DAYS=365"
OAS31005,1851,1649.0,202.0,True,within tolerance,"nearest-day match, MRI_TOLERANCE_DAYS=365"
OAS31006,0,120.0,120.0,True,within tolerance,"nearest-day match, MRI_TOLERANCE_DAYS=365"
OAS31007,577,304.0,273.0,True,within tolerance,"nearest-day match, MRI_TOLERANCE_DAYS=365"
OAS31007,970,304.0,666.0,False,nearest MRI is 666 days away (exceeds 365-day tolerance),"nearest-day match, MRI_TOLERANCE_DAYS=365"
OAS31007,1311,304.0,1007.0,False,nearest MRI is 1007 days away (exceeds 365-day tolerance),"nearest-day match, MRI_TOLERANCE_DAYS=365"
OAS31007,1647,304.0,1343.0,False,nearest MRI is 1343 days away (exceeds 365-day tolerance),"nearest-day match, MRI_TOLERANCE_DAYS=365"
OAS31008,0,142.0,142.0,True,within tolerance,"nearest-day match, MRI_TOLERANCE_DAYS=365"
OAS31009,0,512.0,512.0,False,nearest MRI is 512 days away (exceeds 365-day tolerance),"nearest-day match, MRI_TOLERANCE_DAYS=365"
OAS31009,1139,1049.0,90.0,True,within tolerance,"nearest-day match, MRI_TOLERANCE_DAYS=365"
OAS31009,2217,2325.0,108.0,True,within tolerance,"nearest-day match, MRI_TOLERANCE_DAYS=365"
OAS31009,3294,3330.0,36.0,True,within tolerance,"nearest-day match, MRI_TOLERANCE_DAYS=365"
OAS31009,3721,3611.0,110.0,True,within tolerance,"nearest-day match, MRI_TOLERANCE_DAYS=365"
OAS31009,4025,3611.0,414.0,False,nearest MRI is 414 days away (exceeds 365-day tolerance),"nearest-day match, MRI_TOLERANCE_DAYS=365"
OAS31009,4320,3611.0,709.0,False,nearest MRI is 709 days away (exceeds 365-day tolerance),"nearest-day match, MRI_TOLERANCE_DAYS=365"
OAS31010,0,86.0,86.0,True,within tolerance,"nearest-day match, MRI_TOLERANCE_DAYS=365"
OAS31010,422,86.0,336.0,True,within tolerance,"nearest-day match, MRI_TOLERANCE_DAYS=365"
OAS31010,713,86.0,627.0,False,nearest MRI is 627 days away (exceeds 365-day tolerance),"nearest-day match, MRI_TOLERANCE_DAYS=365"
OAS31010,1170,86.0,1084.0,False,nearest MRI is 1084 days away (exceeds 365-day tolerance),"nearest-day match, MRI_TOLERANCE_DAYS=365"
OAS31011,0,89.0,89.0,True,within tolerance,"nearest-day match, MRI_TOLERANCE_DAYS=365"
OAS31011,385,89.0,296.0,True,within tolerance,"nearest-day match, MRI_TOLERANCE_DAYS=365"
OAS31011,1589,89.0,1500.0,False,nearest MRI is 1500 days away (exceeds 365-day tolerance),"nearest-day match, MRI_TOLERANCE_DAYS=365"
OAS31012,0,308.0,308.0,True,within tolerance,"nearest-day match, MRI_TOLERANCE_DAYS=365"
OAS31012,371,308.0,63.0,True,within tolerance,"nearest-day match, MRI_TOLERANCE_DAYS=365"
OAS31012,1461,2449.0,988.0,False,nearest MRI is 988 days away (exceeds 365-day tolerance),"nearest-day match, MRI_TOLERANCE_DAYS=365"
OAS31012,2205,2449.0,244.0,True,within tolerance,"nearest-day match, MRI_TOLERANCE_DAYS=365"
OAS31012,2714,2449.0,265.0,True,within tolerance,"nearest-day match, MRI_TOLERANCE_DAYS=365"
OAS31012,3485,4024.0,539.0,False,nearest MRI is 539 days away (exceeds 365-day tolerance),"nearest-day match, MRI_TOLERANCE_DAYS=365"
OAS31012,3896,4024.0,128.0,True,within tolerance,"nearest-day match, MRI_TOLERANCE_DAYS=365"
OAS31012,4173,4024.0,149.0,True,within tolerance,"nearest-day match, MRI_TOLERANCE_DAYS=365"
OAS31012,4960,5114.0,154.0,True,within tolerance,"nearest-day match, MRI_TOLERANCE_DAYS=365"
OAS31012,5466,5114.0,352.0,True,within tolerance,"nearest-day match, MRI_TOLERANCE_DAYS=365"
OAS31013,0,39.0,39.0,True,within tolerance,"nearest-day match, MRI_TOLERANCE_DAYS=365"
OAS31013,473,628.0,155.0,True,within tolerance,"nearest-day match, MRI_TOLERANCE_DAYS=365"
OAS31013,805,628.0,177.0,True,within tolerance,"nearest-day match, MRI_TOLERANCE_DAYS=365"
OAS31013,1158,1656.0,498.0,False,nearest MRI is 498 days away (exceeds 365-day tolerance),"nearest-day match, MRI_TOLERANCE_DAYS=365"
OAS31013,1552,1656.0,104.0,True,within tolerance,"nearest-day match, MRI_TOLERANCE_DAYS=365"
OAS31014,0,133.0,133.0,True,within tolerance,"nearest-day match, MRI_TOLERANCE_DAYS=365"
OAS31014,413,133.0,280.0,True,within tolerance,"nearest-day match, MRI_TOLERANCE_DAYS=365"
OAS31014,1148,1363.0,215.0,True,within tolerance,"nearest-day match, MRI_TOLERANCE_DAYS=365"
OAS31014,1575,1363.0,212.0,True,within tolerance,"nearest-day match, MRI_TOLERANCE_DAYS=365"
OAS31014,1960,2235.0,275.0,True,within tolerance,"nearest-day match, MRI_TOLERANCE_DAYS=365"
OAS31014,2961,3555.0,594.0,False,nearest MRI is 594 days away (exceeds 365-day tolerance),"nearest-day match, MRI_TOLERANCE_DAYS=365"
OAS31014,3331,3555.0,224.0,True,within tolerance,"nearest-day match, MRI_TOLERANCE_DAYS=365"
OAS31015,0,,,False,subject has zero MRI/FreeSurfer records,"nearest-day match, MRI_TOLERANCE_DAYS=365"
OAS31015,760,,,False,subject has zero MRI/FreeSurfer records,"nearest-day match, MRI_TOLERANCE_DAYS=365"
OAS31015,1147,,,False,subject has zero MRI/FreeSurfer records,"nearest-day match, MRI_TOLERANCE_DAYS=365"
OAS31016,0,126.0,126.0,True,within tolerance,"nearest-day match, MRI_TOLERANCE_DAYS=365"
OAS31016,462,126.0,336.0,True,within tolerance,"nearest-day match, MRI_TOLERANCE_DAYS=365"
OAS31017,0,72.0,72.0,True,within tolerance,"nearest-day match, MRI_TOLERANCE_DAYS=365"
OAS31017,3001,72.0,2929.0,False,nearest MRI is 2929 days away (exceeds 365-day tolerance),"nearest-day match, MRI_TOLERANCE_DAYS=365"
OAS31018,1152,1208.0,56.0,True,within tolerance,"nearest-day match, MRI_TOLERANCE_DAYS=365"
OAS31018,2253,2397.0,144.0,True,within tolerance,"nearest-day match, MRI_TOLERANCE_DAYS=365"
OAS31018,2603,2398.0,205.0,True,within tolerance,"nearest-day match, MRI_TOLERANCE_DAYS=365"
OAS31019,0,76.0,76.0,True,within tolerance,"nearest-day match, MRI_TOLERANCE_DAYS=365"
OAS31019,467,76.0,391.0,False,nearest MRI is 391 days away (exceeds 365-day tolerance),"nearest-day match, MRI_TOLERANCE_DAYS=365"
OAS31019,761,1370.0,609.0,False,nearest MRI is 609 days away (exceeds 365-day tolerance),"nearest-day match, MRI_TOLERANCE_DAYS=365"
OAS31019,1626,1370.0,256.0,True,within tolerance,"nearest-day match, MRI_TOLERANCE_DAYS=365"
OAS31019,1979,1370.0,609.0,False,nearest MRI is 609 days away (exceeds 365-day tolerance),"nearest-day match, MRI_TOLERANCE_DAYS=365"
OAS31019,2677,1370.0,1307.0,False,nearest MRI is 1307 days away (exceeds 365-day tolerance),"nearest-day match, MRI_TOLERANCE_DAYS=365"
OAS31020,0,83.0,83.0,True,within tolerance,"nearest-day match, MRI_TOLERANCE_DAYS=365"
OAS31020,1366,1475.0,109.0,True,within tolerance,"nearest-day match, MRI_TOLERANCE_DAYS=365"
OAS31020,1792,1475.0,317.0,True,within tolerance,"nearest-day match, MRI_TOLERANCE_DAYS=365"
OAS31020,2268,1475.0,793.0,False,nearest MRI is 793 days away (exceeds 365-day tolerance),"nearest-day match, MRI_TOLERANCE_DAYS=365"
OAS31020,2672,1475.0,1197.0,False,nearest MRI is 1197 days away (exceeds 365-day tolerance),"nearest-day match, MRI_TOLERANCE_DAYS=365"
OAS31021,0,49.0,49.0,True,within tolerance,"nearest-day match, MRI_TOLERANCE_DAYS=365"
OAS31021,1262,1318.0,56.0,True,within tolerance,"nearest-day match, MRI_TOLERANCE_DAYS=365"
OAS31021,1793,1318.0,475.0,False,nearest MRI is 475 days away (exceeds 365-day tolerance),"nearest-day match, MRI_TOLERANCE_DAYS=365"
OAS31021,2176,2281.0,105.0,True,within tolerance,"nearest-day match, MRI_TOLERANCE_DAYS=365"
OAS31021,2729,2281.0,448.0,False,nearest MRI is 448 days away (exceeds 365-day tolerance),"nearest-day match, MRI_TOLERANCE_DAYS=365"
OAS31021,3027,2281.0,746.0,False,nearest MRI is 746 days away (exceeds 365-day tolerance),"nearest-day match, MRI_TOLERANCE_DAYS=365"
OAS31022,726,896.0,170.0,True,within tolerance,"nearest-day match, MRI_TOLERANCE_DAYS=365"
OAS31022,1057,896.0,161.0,True,within tolerance,"nearest-day match, MRI_TOLERANCE_DAYS=365"
OAS31022,1403,896.0,507.0,False,nearest MRI is 507 days away (exceeds 365-day tolerance),"nearest-day match, MRI_TOLERANCE_DAYS=365"
OAS31023,2343,2441.0,98.0,True,within tolerance,"nearest-day match, MRI_TOLERANCE_DAYS=365"
OAS31023,3441,3561.0,120.0,True,within tolerance,"nearest-day match, MRI_TOLERANCE_DAYS=365"
OAS31023,4757,3561.0,1196.0,False,nearest MRI is 1196 days away (exceeds 365-day tolerance),"nearest-day match, MRI_TOLERANCE_DAYS=365"
OAS31024,0,204.0,204.0,True,within tolerance,"nearest-day match, MRI_TOLERANCE_DAYS=365"
OAS31024,719,1057.0,338.0,True,within tolerance,"nearest-day match, MRI_TOLERANCE_DAYS=365"
OAS31024,1083,1057.0,26.0,True,within tolerance,"nearest-day match, MRI_TOLERANCE_DAYS=365"
OAS31025,0,410.0,410.0,False,nearest MRI is 410 days away (exceeds 365-day tolerance),"nearest-day match, MRI_TOLERANCE_DAYS=365"
OAS31025,385,410.0,25.0,True,within tolerance,"nearest-day match, MRI_TOLERANCE_DAYS=365"
OAS31025,768,410.0,358.0,True,within tolerance,"nearest-day match, MRI_TOLERANCE_DAYS=365"
OAS31025,1201,1258.0,57.0,True,within tolerance,"nearest-day match, MRI_TOLERANCE_DAYS=365"
OAS31025,1580,1258.0,322.0,True,within tolerance,"nearest-day match, MRI_TOLERANCE_DAYS=365"
OAS31025,1929,2560.0,631.0,False,nearest MRI is 631 days away (exceeds 365-day tolerance),"nearest-day match, MRI_TOLERANCE_DAYS=365"
OAS31025,2371,2560.0,189.0,True,within tolerance,"nearest-day match, MRI_TOLERANCE_DAYS=365"
OAS31025,2742,2560.0,182.0,True,within tolerance,"nearest-day match, MRI_TOLERANCE_DAYS=365"
OAS31025,3395,3510.0,115.0,True,within tolerance,"nearest-day match, MRI_TOLERANCE_DAYS=365"
OAS31025,3755,3510.0,245.0,True,within tolerance,"nearest-day match, MRI_TOLERANCE_DAYS=365"
OAS31025,4235,3510.0,725.0,False,nearest MRI is 725 days away (exceeds 365-day tolerance),"nearest-day match, MRI_TOLERANCE_DAYS=365"
OAS31026,0,43.0,43.0,True,within tolerance,"nearest-day match, MRI_TOLERANCE_DAYS=365"
OAS31026,370,43.0,327.0,True,within tolerance,"nearest-day match, MRI_TOLERANCE_DAYS=365"
OAS31026,749,43.0,706.0,False,nearest MRI is 706 days away (exceeds 365-day tolerance),"nearest-day match, MRI_TOLERANCE_DAYS=365"
OAS31026,1155,43.0,1112.0,False,nearest MRI is 1112 days away (exceeds 365-day tolerance),"nearest-day match, MRI_TOLERANCE_DAYS=365"
OAS31026,1548,43.0,1505.0,False,nearest MRI is 1505 days away (exceeds 365-day tolerance),"nearest-day match, MRI_TOLERANCE_DAYS=365"
OAS31028,0,58.0,58.0,True,within tolerance,"nearest-day match, MRI_TOLERANCE_DAYS=365"
OAS31028,930,1285.0,355.0,True,within tolerance,"nearest-day match, MRI_TOLERANCE_DAYS=365"
OAS31028,1252,1285.0,33.0,True,within tolerance,"nearest-day match, MRI_TOLERANCE_DAYS=365"
OAS31028,1607,1285.0,322.0,True,within tolerance,"nearest-day match, MRI_TOLERANCE_DAYS=365"
OAS31028,1913,2386.0,473.0,False,nearest MRI is 473 days away (exceeds 365-day tolerance),"nearest-day match, MRI_TOLERANCE_DAYS=365"
OAS31028,2299,2386.0,87.0,True,within tolerance,"nearest-day match, MRI_TOLERANCE_DAYS=365"
OAS31029,503,2448.0,1945.0,False,nearest MRI is 1945 days away (exceeds 365-day tolerance),"nearest-day match, MRI_TOLERANCE_DAYS=365"
OAS31029,864,2448.0,1584.0,False,nearest MRI is 1584 days away (exceeds 365-day tolerance),"nearest-day match, MRI_TOLERANCE_DAYS=365"
OAS31029,1231,2448.0,1217.0,False,nearest MRI is 1217 days away (exceeds 365-day tolerance),"nearest-day match, MRI_TOLERANCE_DAYS=365"
OAS31029,1663,2448.0,785.0,False,nearest MRI is 785 days away (exceeds 365-day tolerance),"nearest-day match, MRI_TOLERANCE_DAYS=365"
OAS31029,2295,2448.0,153.0,True,within tolerance,"nearest-day match, MRI_TOLERANCE_DAYS=365"
OAS31029,2722,2448.0,274.0,True,within tolerance,"nearest-day match, MRI_TOLERANCE_DAYS=365"
OAS31030,0,31.0,31.0,True,within tolerance,"nearest-day match, MRI_TOLERANCE_DAYS=365"
OAS31030,421,31.0,390.0,False,nearest MRI is 390 days away (exceeds 365-day tolerance),"nearest-day match, MRI_TOLERANCE_DAYS=365"
OAS31031,0,69.0,69.0,True,within tolerance,"nearest-day match, MRI_TOLERANCE_DAYS=365"
OAS31031,1107,1119.0,12.0,True,within tolerance,"nearest-day match, MRI_TOLERANCE_DAYS=365"
OAS31031,2200,1861.0,339.0,True,within tolerance,"nearest-day match, MRI_TOLERANCE_DAYS=365"
OAS31031,2683,1861.0,822.0,False,nearest MRI is 822 days away (exceeds 365-day tolerance),"nearest-day match, MRI_TOLERANCE_DAYS=365"
OAS31031,3134,3596.0,462.0,False,nearest MRI is 462 days away (exceeds 365-day tolerance),"nearest-day match, MRI_TOLERANCE_DAYS=365"
OAS31031,3505,3596.0,91.0,True,within tolerance,"nearest-day match, MRI_TOLERANCE_DAYS=365"
OAS31031,3829,3596.0,233.0,True,within tolerance,"nearest-day match, MRI_TOLERANCE_DAYS=365"
OAS31031,4173,4072.0,101.0,True,within tolerance,"nearest-day match, MRI_TOLERANCE_DAYS=365"
OAS31031,4564,5046.0,482.0,False,nearest MRI is 482 days away (exceeds 365-day tolerance),"nearest-day match, MRI_TOLERANCE_DAYS=365"
OAS31031,4943,5046.0,103.0,True,within tolerance,"nearest-day match, MRI_TOLERANCE_DAYS=365"
OAS31031,5311,5047.0,264.0,True,within tolerance,"nearest-day match, MRI_TOLERANCE_DAYS=365"
OAS31032,0,139.0,139.0,True,within tolerance,"nearest-day match, MRI_TOLERANCE_DAYS=365"
OAS31032,531,896.0,365.0,True,within tolerance,"nearest-day match, MRI_TOLERANCE_DAYS=365"
OAS31032,1077,896.0,181.0,True,within tolerance,"nearest-day match, MRI_TOLERANCE_DAYS=365"
OAS31032,1462,896.0,566.0,False,nearest MRI is 566 days away (exceeds 365-day tolerance),"nearest-day match, MRI_TOLERANCE_DAYS=365"
OAS31033,0,2.0,2.0,True,within tolerance,"nearest-day match, MRI_TOLERANCE_DAYS=365"
OAS31033,356,2.0,354.0,True,within tolerance,"nearest-day match, MRI_TOLERANCE_DAYS=365"
OAS31034,0,203.0,203.0,True,within tolerance,"nearest-day match, MRI_TOLERANCE_DAYS=365"
OAS31034,777,203.0,574.0,False,nearest MRI is 574 days away (exceeds 365-day tolerance),"nearest-day match, MRI_TOLERANCE_DAYS=365"
OAS31035,0,5659.0,5659.0,False,nearest MRI is 5659 days away (exceeds 365-day tolerance),"nearest-day match, MRI_TOLERANCE_DAYS=365"
OAS31035,373,5659.0,5286.0,False,nearest MRI is 5286 days away (exceeds 365-day tolerance),"nearest-day match, MRI_TOLERANCE_DAYS=365"
OAS31035,2960,5659.0,2699.0,False,nearest MRI is 2699 days away (exceeds 365-day tolerance),"nearest-day match, MRI_TOLERANCE_DAYS=365"
OAS31035,3300,5659.0,2359.0,False,nearest MRI is 2359 days away (exceeds 365-day tolerance),"nearest-day match, MRI_TOLERANCE_DAYS=365"
OAS31035,3716,5659.0,1943.0,False,nearest MRI is 1943 days away (exceeds 365-day tolerance),"nearest-day match, MRI_TOLERANCE_DAYS=365"
OAS31035,5393,5659.0,266.0,True,within tolerance,"nearest-day match, MRI_TOLERANCE_DAYS=365"
OAS31035,5830,5659.0,171.0,True,within tolerance,"nearest-day match, MRI_TOLERANCE_DAYS=365"
OAS31036,0,56.0,56.0,True,within tolerance,"nearest-day match, MRI_TOLERANCE_DAYS=365"
OAS31036,378,56.0,322.0,True,within tolerance,"nearest-day match, MRI_TOLERANCE_DAYS=365"
OAS31036,742,56.0,686.0,False,nearest MRI is 686 days away (exceeds 365-day tolerance),"nearest-day match, MRI_TOLERANCE_DAYS=365"
OAS31037,0,3295.0,3295.0,False,nearest MRI is 3295 days away (exceeds 365-day tolerance),"nearest-day match, MRI_TOLERANCE_DAYS=365"
OAS31037,516,3295.0,2779.0,False,nearest MRI is 2779 days away (exceeds 365-day tolerance),"nearest-day match, MRI_TOLERANCE_DAYS=365"
OAS31037,1511,3295.0,1784.0,False,nearest MRI is 1784 days away (exceeds 365-day tolerance),"nearest-day match, MRI_TOLERANCE_DAYS=365"
OAS31037,2163,3295.0,1132.0,False,nearest MRI is 1132 days away (exceeds 365-day tolerance),"nearest-day match, MRI_TOLERANCE_DAYS=365"
OAS31037,2966,3295.0,329.0,True,within tolerance,"nearest-day match, MRI_TOLERANCE_DAYS=365"
OAS31037,3520,3295.0,225.0,True,within tolerance,"nearest-day match, MRI_TOLERANCE_DAYS=365"
OAS31037,4324,4395.0,71.0,True,within tolerance,"nearest-day match, MRI_TOLERANCE_DAYS=365"
OAS31037,5981,6061.0,80.0,True,within tolerance,"nearest-day match, MRI_TOLERANCE_DAYS=365"
OAS31037,6662,6061.0,601.0,False,nearest MRI is 601 days away (exceeds 365-day tolerance),"nearest-day match, MRI_TOLERANCE_DAYS=365"
OAS31038,1169,3010.0,1841.0,False,nearest MRI is 1841 days away (exceeds 365-day tolerance),"nearest-day match, MRI_TOLERANCE_DAYS=365"
OAS31038,1524,3010.0,1486.0,False,nearest MRI is 1486 days away (exceeds 365-day tolerance),"nearest-day match, MRI_TOLERANCE_DAYS=365"
OAS31038,1889,3010.0,1121.0,False,nearest MRI is 1121 days away (exceeds 365-day tolerance),"nearest-day match, MRI_TOLERANCE_DAYS=365"
OAS31038,2322,3010.0,688.0,False,nearest MRI is 688 days away (exceeds 365-day tolerance),"nearest-day match, MRI_TOLERANCE_DAYS=365"
OAS31038,2840,3010.0,170.0,True,within tolerance,"nearest-day match, MRI_TOLERANCE_DAYS=365"
OAS31038,3564,4037.0,473.0,False,nearest MRI is 473 days away (exceeds 365-day tolerance),"nearest-day match, MRI_TOLERANCE_DAYS=365"
OAS31038,3940,4037.0,97.0,True,within tolerance,"nearest-day match, MRI_TOLERANCE_DAYS=365"
OAS31038,4303,4037.0,266.0,True,within tolerance,"nearest-day match, MRI_TOLERANCE_DAYS=365"
OAS31038,5033,4037.0,996.0,False,nearest MRI is 996 days away (exceeds 365-day tolerance),"nearest-day match, MRI_TOLERANCE_DAYS=365"
OAS31039,0,1.0,1.0,True,within tolerance,"nearest-day match, MRI_TOLERANCE_DAYS=365"
OAS31039,353,1.0,352.0,True,within tolerance,"nearest-day match, MRI_TOLERANCE_DAYS=365"
OAS31039,713,1184.0,471.0,False,nearest MRI is 471 days away (exceeds 365-day tolerance),"nearest-day match, MRI_TOLERANCE_DAYS=365"
OAS31039,1182,1184.0,2.0,True,within tolerance,"nearest-day match, MRI_TOLERANCE_DAYS=365"
OAS31039,1497,1184.0,313.0,True,within tolerance,"nearest-day match, MRI_TOLERANCE_DAYS=365"
OAS31039,1828,2184.0,356.0,True,within tolerance,"nearest-day match, MRI_TOLERANCE_DAYS=365"
OAS31039,2184,2184.0,0.0,True,within tolerance,"nearest-day match, MRI_TOLERANCE_DAYS=365"
OAS31039,2554,2184.0,370.0,False,nearest MRI is 370 days away (exceeds 365-day tolerance),"nearest-day match, MRI_TOLERANCE_DAYS=365"
OAS31040,0,67.0,67.0,True,within tolerance,"nearest-day match, MRI_TOLERANCE_DAYS=365"
OAS31040,2246,1328.0,918.0,False,nearest MRI is 918 days away (exceeds 365-day tolerance),"nearest-day match, MRI_TOLERANCE_DAYS=365"
OAS31041,0,528.0,528.0,False,nearest MRI is 528 days away (exceeds 365-day tolerance),"nearest-day match, MRI_TOLERANCE_DAYS=365"
OAS31041,2345,1426.0,919.0,False,nearest MRI is 919 days away (exceeds 365-day tolerance),"nearest-day match, MRI_TOLERANCE_DAYS=365"
OAS31042,371,3618.0,3247.0,False,nearest MRI is 3247 days away (exceeds 365-day tolerance),"nearest-day match, MRI_TOLERANCE_DAYS=365"
OAS31042,804,3618.0,2814.0,False,nearest MRI is 2814 days away (exceeds 365-day tolerance),"nearest-day match, MRI_TOLERANCE_DAYS=365"
OAS31042,3477,3618.0,141.0,True,within tolerance,"nearest-day match, MRI_TOLERANCE_DAYS=365"
OAS31042,4086,3618.0,468.0,False,nearest MRI is 468 days away (exceeds 365-day tolerance),"nearest-day match, MRI_TOLERANCE_DAYS=365"
OAS31042,4479,3618.0,861.0,False,nearest MRI is 861 days away (exceeds 365-day tolerance),"nearest-day match, MRI_TOLERANCE_DAYS=365"
OAS31042,4852,3618.0,1234.0,False,nearest MRI is 1234 days away (exceeds 365-day tolerance),"nearest-day match, MRI_TOLERANCE_DAYS=365"
OAS31043,0,437.0,437.0,False,nearest MRI is 437 days away (exceeds 365-day tolerance),"nearest-day match, MRI_TOLERANCE_DAYS=365"
OAS31043,371,437.0,66.0,True,within tolerance,"nearest-day match, MRI_TOLERANCE_DAYS=365"
OAS31043,745,437.0,308.0,True,within tolerance,"nearest-day match, MRI_TOLERANCE_DAYS=365"
OAS31043,1841,1731.0,110.0,True,within tolerance,"nearest-day match, MRI_TOLERANCE_DAYS=365"
OAS31043,2268,1731.0,537.0,False,nearest MRI is 537 days away (exceeds 365-day tolerance),"nearest-day match, MRI_TOLERANCE_DAYS=365"
OAS31043,2583,1731.0,852.0,False,nearest MRI is 852 days away (exceeds 365-day tolerance),"nearest-day match, MRI_TOLERANCE_DAYS=365"
OAS31043,2972,1731.0,1241.0,False,nearest MRI is 1241 days away (exceeds 365-day tolerance),"nearest-day match, MRI_TOLERANCE_DAYS=365"
OAS31043,3556,1731.0,1825.0,False,nearest MRI is 1825 days away (exceeds 365-day tolerance),"nearest-day match, MRI_TOLERANCE_DAYS=365"
OAS31043,3982,1731.0,2251.0,False,nearest MRI is 2251 days away (exceeds 365-day tolerance),"nearest-day match, MRI_TOLERANCE_DAYS=365"
OAS31043,4447,1731.0,2716.0,False,nearest MRI is 2716 days away (exceeds 365-day tolerance),"nearest-day match, MRI_TOLERANCE_DAYS=365"
OAS31044,0,,,False,subject has zero MRI/FreeSurfer records,"nearest-day match, MRI_TOLERANCE_DAYS=365"
OAS31045,0,1257.0,1257.0,False,nearest MRI is 1257 days away (exceeds 365-day tolerance),"nearest-day match, MRI_TOLERANCE_DAYS=365"
OAS31045,392,1257.0,865.0,False,nearest MRI is 865 days away (exceeds 365-day tolerance),"nearest-day match, MRI_TOLERANCE_DAYS=365"
OAS31045,745,1257.0,512.0,False,nearest MRI is 512 days away (exceeds 365-day tolerance),"nearest-day match, MRI_TOLERANCE_DAYS=365"
OAS31045,1172,1257.0,85.0,True,within tolerance,"nearest-day match, MRI_TOLERANCE_DAYS=365"
OAS31045,1941,1901.0,40.0,True,within tolerance,"nearest-day match, MRI_TOLERANCE_DAYS=365"
OAS31045,3112,1901.0,1211.0,False,nearest MRI is 1211 days away (exceeds 365-day tolerance),"nearest-day match, MRI_TOLERANCE_DAYS=365"
OAS31045,3374,1901.0,1473.0,False,nearest MRI is 1473 days away (exceeds 365-day tolerance),"nearest-day match, MRI_TOLERANCE_DAYS=365"
OAS31045,3746,1901.0,1845.0,False,nearest MRI is 1845 days away (exceeds 365-day tolerance),"nearest-day match, MRI_TOLERANCE_DAYS=365"
OAS31045,4356,1901.0,2455.0,False,nearest MRI is 2455 days away (exceeds 365-day tolerance),"nearest-day match, MRI_TOLERANCE_DAYS=365"
OAS31046,0,473.0,473.0,False,nearest MRI is 473 days away (exceeds 365-day tolerance),"nearest-day match, MRI_TOLERANCE_DAYS=365"
OAS31046,362,473.0,111.0,True,within tolerance,"nearest-day match, MRI_TOLERANCE_DAYS=365"
OAS31046,718,473.0,245.0,True,within tolerance,"nearest-day match, MRI_TOLERANCE_DAYS=365"
OAS31046,1174,1260.0,86.0,True,within tolerance,"nearest-day match, MRI_TOLERANCE_DAYS=365"
OAS31046,1470,1260.0,210.0,True,within tolerance,"nearest-day match, MRI_TOLERANCE_DAYS=365"
OAS31046,1904,2360.0,456.0,False,nearest MRI is 456 days away (exceeds 365-day tolerance),"nearest-day match, MRI_TOLERANCE_DAYS=365"
OAS31046,2667,2360.0,307.0,True,within tolerance,"nearest-day match, MRI_TOLERANCE_DAYS=365"
OAS31046,2976,2360.0,616.0,False,nearest MRI is 616 days away (exceeds 365-day tolerance),"nearest-day match, MRI_TOLERANCE_DAYS=365"
OAS31046,3346,2360.0,986.0,False,nearest MRI is 986 days away (exceeds 365-day tolerance),"nearest-day match, MRI_TOLERANCE_DAYS=365"
OAS31047,0,183.0,183.0,True,within tolerance,"nearest-day match, MRI_TOLERANCE_DAYS=365"
OAS31047,392,183.0,209.0,True,within tolerance,"nearest-day match, MRI_TOLERANCE_DAYS=365"
OAS31047,736,1165.0,429.0,False,nearest MRI is 429 days away (exceeds 365-day tolerance),"nearest-day match, MRI_TOLERANCE_DAYS=365"
OAS31047,1109,1165.0,56.0,True,within tolerance,"nearest-day match, MRI_TOLERANCE_DAYS=365"
OAS31047,2198,1165.0,1033.0,False,nearest MRI is 1033 days away (exceeds 365-day tolerance),"nearest-day match, MRI_TOLERANCE_DAYS=365"
OAS31047,2565,1165.0,1400.0,False,nearest MRI is 1400 days away (exceeds 365-day tolerance),"nearest-day match, MRI_TOLERANCE_DAYS=365"
OAS31047,2934,1165.0,1769.0,False,nearest MRI is 1769 days away (exceeds 365-day tolerance),"nearest-day match, MRI_TOLERANCE_DAYS=365"
OAS31047,3262,1165.0,2097.0,False,nearest MRI is 2097 days away (exceeds 365-day tolerance),"nearest-day match, MRI_TOLERANCE_DAYS=365"
OAS31047,3634,1165.0,2469.0,False,nearest MRI is 2469 days away (exceeds 365-day tolerance),"nearest-day match, MRI_TOLERANCE_DAYS=365"
OAS31047,4075,1165.0,2910.0,False,nearest MRI is 2910 days away (exceeds 365-day tolerance),"nearest-day match, MRI_TOLERANCE_DAYS=365"
OAS31047,4442,1165.0,3277.0,False,nearest MRI is 3277 days away (exceeds 365-day tolerance),"nearest-day match, MRI_TOLERANCE_DAYS=365"
OAS31048,0,122.0,122.0,True,within tolerance,"nearest-day match, MRI_TOLERANCE_DAYS=365"
OAS31048,1097,1151.0,54.0,True,within tolerance,"nearest-day match, MRI_TOLERANCE_DAYS=365"
OAS31048,2272,2398.0,126.0,True,within tolerance,"nearest-day match, MRI_TOLERANCE_DAYS=365"
OAS31048,3246,3195.0,51.0,True,within tolerance,"nearest-day match, MRI_TOLERANCE_DAYS=365"
OAS31048,3708,3426.0,282.0,True,within tolerance,"nearest-day match, MRI_TOLERANCE_DAYS=365"
OAS31048,4009,4535.0,526.0,False,nearest MRI is 526 days away (exceeds 365-day tolerance),"nearest-day match, MRI_TOLERANCE_DAYS=365"
OAS31048,4478,4535.0,57.0,True,within tolerance,"nearest-day match, MRI_TOLERANCE_DAYS=365"
OAS31049,0,575.0,575.0,False,nearest MRI is 575 days away (exceeds 365-day tolerance),"nearest-day match, MRI_TOLERANCE_DAYS=365"
OAS31049,448,575.0,127.0,True,within tolerance,"nearest-day match, MRI_TOLERANCE_DAYS=365"
OAS31052,0,93.0,93.0,True,within tolerance,"nearest-day match, MRI_TOLERANCE_DAYS=365"
OAS31052,348,93.0,255.0,True,within tolerance,"nearest-day match, MRI_TOLERANCE_DAYS=365"
OAS31052,702,93.0,609.0,False,nearest MRI is 609 days away (exceeds 365-day tolerance),"nearest-day match, MRI_TOLERANCE_DAYS=365"
OAS31053,0,57.0,57.0,True,within tolerance,"nearest-day match, MRI_TOLERANCE_DAYS=365"
OAS31053,749,57.0,692.0,False,nearest MRI is 692 days away (exceeds 365-day tolerance),"nearest-day match, MRI_TOLERANCE_DAYS=365"
OAS31054,0,2787.0,2787.0,False,nearest MRI is 2787 days away (exceeds 365-day tolerance),"nearest-day match, MRI_TOLERANCE_DAYS=365"
OAS31054,354,2787.0,2433.0,False,nearest MRI is 2433 days away (exceeds 365-day tolerance),"nearest-day match, MRI_TOLERANCE_DAYS=365"
OAS31054,721,2787.0,2066.0,False,nearest MRI is 2066 days away (exceeds 365-day tolerance),"nearest-day match, MRI_TOLERANCE_DAYS=365"
OAS31054,1114,2787.0,1673.0,False,nearest MRI is 1673 days away (exceeds 365-day tolerance),"nearest-day match, MRI_TOLERANCE_DAYS=365"
OAS31054,1492,2787.0,1295.0,False,nearest MRI is 1295 days away (exceeds 365-day tolerance),"nearest-day match, MRI_TOLERANCE_DAYS=365"
OAS31054,1893,2787.0,894.0,False,nearest MRI is 894 days away (exceeds 365-day tolerance),"nearest-day match, MRI_TOLERANCE_DAYS=365"
OAS31054,2299,2787.0,488.0,False,nearest MRI is 488 days away (exceeds 365-day tolerance),"nearest-day match, MRI_TOLERANCE_DAYS=365"
OAS31054,2703,2787.0,84.0,True,within tolerance,"nearest-day match, MRI_TOLERANCE_DAYS=365"
OAS31056,763,808.0,45.0,True,within tolerance,"nearest-day match, MRI_TOLERANCE_DAYS=365"
OAS31056,1171,808.0,363.0,True,within tolerance,"nearest-day match, MRI_TOLERANCE_DAYS=365"
OAS31056,1493,1912.0,419.0,False,nearest MRI is 419 days away (exceeds 365-day tolerance),"nearest-day match, MRI_TOLERANCE_DAYS=365"
OAS31057,0,1054.0,1054.0,False,nearest MRI is 1054 days away (exceeds 365-day tolerance),"nearest-day match, MRI_TOLERANCE_DAYS=365"
OAS31057,359,1054.0,695.0,False,nearest MRI is 695 days away (exceeds 365-day tolerance),"nearest-day match, MRI_TOLERANCE_DAYS=365"
OAS31057,676,1054.0,378.0,False,nearest MRI is 378 days away (exceeds 365-day tolerance),"nearest-day match, MRI_TOLERANCE_DAYS=365"
OAS31057,1054,1054.0,0.0,True,within tolerance,"nearest-day match, MRI_TOLERANCE_DAYS=365"
OAS31057,1439,1054.0,385.0,False,nearest MRI is 385 days away (exceeds 365-day tolerance),"nearest-day match, MRI_TOLERANCE_DAYS=365"
OAS31057,1838,1054.0,784.0,False,nearest MRI is 784 days away (exceeds 365-day tolerance),"nearest-day match, MRI_TOLERANCE_DAYS=365"
OAS31057,2139,1054.0,1085.0,False,nearest MRI is 1085 days away (exceeds 365-day tolerance),"nearest-day match, MRI_TOLERANCE_DAYS=365"
OAS31057,2503,1054.0,1449.0,False,nearest MRI is 1449 days away (exceeds 365-day tolerance),"nearest-day match, MRI_TOLERANCE_DAYS=365"
OAS31057,2888,1054.0,1834.0,False,nearest MRI is 1834 days away (exceeds 365-day tolerance),"nearest-day match, MRI_TOLERANCE_DAYS=365"
OAS31057,3224,1054.0,2170.0,False,nearest MRI is 2170 days away (exceeds 365-day tolerance),"nearest-day match, MRI_TOLERANCE_DAYS=365"
OAS31057,3602,1054.0,2548.0,False,nearest MRI is 2548 days away (exceeds 365-day tolerance),"nearest-day match, MRI_TOLERANCE_DAYS=365"
OAS31057,4371,1054.0,3317.0,False,nearest MRI is 3317 days away (exceeds 365-day tolerance),"nearest-day match, MRI_TOLERANCE_DAYS=365"
OAS31058,0,877.0,877.0,False,nearest MRI is 877 days away (exceeds 365-day tolerance),"nearest-day match, MRI_TOLERANCE_DAYS=365"
OAS31058,5342,3519.0,1823.0,False,nearest MRI is 1823 days away (exceeds 365-day tolerance),"nearest-day match, MRI_TOLERANCE_DAYS=365"
OAS31058,5790,3519.0,2271.0,False,nearest MRI is 2271 days away (exceeds 365-day tolerance),"nearest-day match, MRI_TOLERANCE_DAYS=365"
OAS31058,6215,3519.0,2696.0,False,nearest MRI is 2696 days away (exceeds 365-day tolerance),"nearest-day match, MRI_TOLERANCE_DAYS=365"
OAS31059,0,1231.0,1231.0,False,nearest MRI is 1231 days away (exceeds 365-day tolerance),"nearest-day match, MRI_TOLERANCE_DAYS=365"
OAS31059,1217,1231.0,14.0,True,within tolerance,"nearest-day match, MRI_TOLERANCE_DAYS=365"
OAS31059,2260,1231.0,1029.0,False,nearest MRI is 1029 days away (exceeds 365-day tolerance),"nearest-day match, MRI_TOLERANCE_DAYS=365"
OAS31059,3485,3491.0,6.0,True,within tolerance,"nearest-day match, MRI_TOLERANCE_DAYS=365"
OAS31059,4411,4501.0,90.0,True,within tolerance,"nearest-day match, MRI_TOLERANCE_DAYS=365"
OAS31059,5535,4501.0,1034.0,False,nearest MRI is 1034 days away (exceeds 365-day tolerance),"nearest-day match, MRI_TOLERANCE_DAYS=365"
OAS31060,0,83.0,83.0,True,within tolerance,"nearest-day match, MRI_TOLERANCE_DAYS=365"
OAS31061,0,964.0,964.0,False,nearest MRI is 964 days away (exceeds 365-day tolerance),"nearest-day match, MRI_TOLERANCE_DAYS=365"
OAS31061,391,964.0,573.0,False,nearest MRI is 573 days away (exceeds 365-day tolerance),"nearest-day match, MRI_TOLERANCE_DAYS=365"
OAS31062,0,,,False,subject has zero MRI/FreeSurfer records,"nearest-day match, MRI_TOLERANCE_DAYS=365"
OAS31062,378,,,False,subject has zero MRI/FreeSurfer records,"nearest-day match, MRI_TOLERANCE_DAYS=365"
OAS31063,0,146.0,146.0,True,within tolerance,"nearest-day match, MRI_TOLERANCE_DAYS=365"
OAS31063,468,146.0,322.0,True,within tolerance,"nearest-day match, MRI_TOLERANCE_DAYS=365"
OAS31063,875,917.0,42.0,True,within tolerance,"nearest-day match, MRI_TOLERANCE_DAYS=365"
OAS31063,1247,917.0,330.0,True,within tolerance,"nearest-day match, MRI_TOLERANCE_DAYS=365"
OAS31063,1702,917.0,785.0,False,nearest MRI is 785 days away (exceeds 365-day tolerance),"nearest-day match, MRI_TOLERANCE_DAYS=365"
OAS31064,0,54.0,54.0,True,within tolerance,"nearest-day match, MRI_TOLERANCE_DAYS=365"
OAS31064,1085,785.0,300.0,True,within tolerance,"nearest-day match, MRI_TOLERANCE_DAYS=365"
OAS31064,2170,2091.0,79.0,True,within tolerance,"nearest-day match, MRI_TOLERANCE_DAYS=365"
OAS31064,4479,3883.0,596.0,False,nearest MRI is 596 days away (exceeds 365-day tolerance),"nearest-day match, MRI_TOLERANCE_DAYS=365"
OAS31065,0,34.0,34.0,True,within tolerance,"nearest-day match, MRI_TOLERANCE_DAYS=365"
OAS31066,0,77.0,77.0,True,within tolerance,"nearest-day match, MRI_TOLERANCE_DAYS=365"
OAS31066,343,77.0,266.0,True,within tolerance,"nearest-day match, MRI_TOLERANCE_DAYS=365"
OAS31066,744,77.0,667.0,False,nearest MRI is 667 days away (exceeds 365-day tolerance),"nearest-day match, MRI_TOLERANCE_DAYS=365"
OAS31066,1155,77.0,1078.0,False,nearest MRI is 1078 days away (exceeds 365-day tolerance),"nearest-day match, MRI_TOLERANCE_DAYS=365"
OAS31066,1609,77.0,1532.0,False,nearest MRI is 1532 days away (exceeds 365-day tolerance),"nearest-day match, MRI_TOLERANCE_DAYS=365"
OAS31066,2220,77.0,2143.0,False,nearest MRI is 2143 days away (exceeds 365-day tolerance),"nearest-day match, MRI_TOLERANCE_DAYS=365"
OAS31066,2579,77.0,2502.0,False,nearest MRI is 2502 days away (exceeds 365-day tolerance),"nearest-day match, MRI_TOLERANCE_DAYS=365"
OAS31066,2939,77.0,2862.0,False,nearest MRI is 2862 days away (exceeds 365-day tolerance),"nearest-day match, MRI_TOLERANCE_DAYS=365"
OAS31066,3297,77.0,3220.0,False,nearest MRI is 3220 days away (exceeds 365-day tolerance),"nearest-day match, MRI_TOLERANCE_DAYS=365"
OAS31066,3784,77.0,3707.0,False,nearest MRI is 3707 days away (exceeds 365-day tolerance),"nearest-day match, MRI_TOLERANCE_DAYS=365"
OAS31067,0,,,False,subject has zero MRI/FreeSurfer records,"nearest-day match, MRI_TOLERANCE_DAYS=365"
OAS31067,450,,,False,subject has zero MRI/FreeSurfer records,"nearest-day match, MRI_TOLERANCE_DAYS=365"
OAS31068,0,1547.0,1547.0,False,nearest MRI is 1547 days away (exceeds 365-day tolerance),"nearest-day match, MRI_TOLERANCE_DAYS=365"
OAS31068,1491,1547.0,56.0,True,within tolerance,"nearest-day match, MRI_TOLERANCE_DAYS=365"
OAS31068,1861,1547.0,314.0,True,within tolerance,"nearest-day match, MRI_TOLERANCE_DAYS=365"
OAS31068,2618,2654.0,36.0,True,within tolerance,"nearest-day match, MRI_TOLERANCE_DAYS=365"
OAS31068,3337,3484.0,147.0,True,within tolerance,"nearest-day match, MRI_TOLERANCE_DAYS=365"
OAS31068,3694,3484.0,210.0,True,within tolerance,"nearest-day match, MRI_TOLERANCE_DAYS=365"
OAS31068,4120,3484.0,636.0,False,nearest MRI is 636 days away (exceeds 365-day tolerance),"nearest-day match, MRI_TOLERANCE_DAYS=365"
OAS31068,4487,3484.0,1003.0,False,nearest MRI is 1003 days away (exceeds 365-day tolerance),"nearest-day match, MRI_TOLERANCE_DAYS=365"
OAS31068,4948,3484.0,1464.0,False,nearest MRI is 1464 days away (exceeds 365-day tolerance),"nearest-day match, MRI_TOLERANCE_DAYS=365"
OAS31068,5263,3484.0,1779.0,False,nearest MRI is 1779 days away (exceeds 365-day tolerance),"nearest-day match, MRI_TOLERANCE_DAYS=365"
OAS31070,0,84.0,84.0,True,within tolerance,"nearest-day match, MRI_TOLERANCE_DAYS=365"
OAS31070,1157,1352.0,195.0,True,within tolerance,"nearest-day match, MRI_TOLERANCE_DAYS=365"
OAS31071,0,68.0,68.0,True,within tolerance,"nearest-day match, MRI_TOLERANCE_DAYS=365"
OAS31071,571,68.0,503.0,False,nearest MRI is 503 days away (exceeds 365-day tolerance),"nearest-day match, MRI_TOLERANCE_DAYS=365"
OAS31071,880,68.0,812.0,False,nearest MRI is 812 days away (exceeds 365-day tolerance),"nearest-day match, MRI_TOLERANCE_DAYS=365"
OAS31071,1259,68.0,1191.0,False,nearest MRI is 1191 days away (exceeds 365-day tolerance),"nearest-day match, MRI_TOLERANCE_DAYS=365"
OAS31072,0,833.0,833.0,False,nearest MRI is 833 days away (exceeds 365-day tolerance),"nearest-day match, MRI_TOLERANCE_DAYS=365"
OAS31072,4505,4621.0,116.0,True,within tolerance,"nearest-day match, MRI_TOLERANCE_DAYS=365"
OAS31073,0,196.0,196.0,True,within tolerance,"nearest-day match, MRI_TOLERANCE_DAYS=365"
OAS31073,743,779.0,36.0,True,within tolerance,"nearest-day match, MRI_TOLERANCE_DAYS=365"
OAS31073,1140,779.0,361.0,True,within tolerance,"nearest-day match, MRI_TOLERANCE_DAYS=365"
OAS31073,1542,779.0,763.0,False,nearest MRI is 763 days away (exceeds 365-day tolerance),"nearest-day match, MRI_TOLERANCE_DAYS=365"
OAS31073,1905,2443.0,538.0,False,nearest MRI is 538 days away (exceeds 365-day tolerance),"nearest-day match, MRI_TOLERANCE_DAYS=365"
OAS31073,2312,2443.0,131.0,True,within tolerance,"nearest-day match, MRI_TOLERANCE_DAYS=365"
OAS31073,3334,3760.0,426.0,False,nearest MRI is 426 days away (exceeds 365-day tolerance),"nearest-day match, MRI_TOLERANCE_DAYS=365"
OAS31073,3682,3760.0,78.0,True,within tolerance,"nearest-day match, MRI_TOLERANCE_DAYS=365"
OAS31073,4062,3760.0,302.0,True,within tolerance,"nearest-day match, MRI_TOLERANCE_DAYS=365"
OAS31073,4488,3760.0,728.0,False,nearest MRI is 728 days away (exceeds 365-day tolerance),"nearest-day match, MRI_TOLERANCE_DAYS=365"
OAS31074,0,3372.0,3372.0,False,nearest MRI is 3372 days away (exceeds 365-day tolerance),"nearest-day match, MRI_TOLERANCE_DAYS=365"
OAS31074,362,3372.0,3010.0,False,nearest MRI is 3010 days away (exceeds 365-day tolerance),"nearest-day match, MRI_TOLERANCE_DAYS=365"
OAS31074,695,3372.0,2677.0,False,nearest MRI is 2677 days away (exceeds 365-day tolerance),"nearest-day match, MRI_TOLERANCE_DAYS=365"
OAS31074,1065,3372.0,2307.0,False,nearest MRI is 2307 days away (exceeds 365-day tolerance),"nearest-day match, MRI_TOLERANCE_DAYS=365"
OAS31074,1450,3372.0,1922.0,False,nearest MRI is 1922 days away (exceeds 365-day tolerance),"nearest-day match, MRI_TOLERANCE_DAYS=365"
OAS31074,1819,3372.0,1553.0,False,nearest MRI is 1553 days away (exceeds 365-day tolerance),"nearest-day match, MRI_TOLERANCE_DAYS=365"
OAS31074,2157,3372.0,1215.0,False,nearest MRI is 1215 days away (exceeds 365-day tolerance),"nearest-day match, MRI_TOLERANCE_DAYS=365"
OAS31074,2520,3372.0,852.0,False,nearest MRI is 852 days away (exceeds 365-day tolerance),"nearest-day match, MRI_TOLERANCE_DAYS=365"
OAS31074,2877,3372.0,495.0,False,nearest MRI is 495 days away (exceeds 365-day tolerance),"nearest-day match, MRI_TOLERANCE_DAYS=365"
OAS31074,3240,3372.0,132.0,True,within tolerance,"nearest-day match, MRI_TOLERANCE_DAYS=365"
OAS31074,3645,3372.0,273.0,True,within tolerance,"nearest-day match, MRI_TOLERANCE_DAYS=365"
OAS31074,4362,3372.0,990.0,False,nearest MRI is 990 days away (exceeds 365-day tolerance),"nearest-day match, MRI_TOLERANCE_DAYS=365"
OAS31075,415,1199.0,784.0,False,nearest MRI is 784 days away (exceeds 365-day tolerance),"nearest-day match, MRI_TOLERANCE_DAYS=365"
OAS31075,778,1199.0,421.0,False,nearest MRI is 421 days away (exceeds 365-day tolerance),"nearest-day match, MRI_TOLERANCE_DAYS=365"
OAS31075,1150,1199.0,49.0,True,within tolerance,"nearest-day match, MRI_TOLERANCE_DAYS=365"
OAS31075,1529,1199.0,330.0,True,within tolerance,"nearest-day match, MRI_TOLERANCE_DAYS=365"
OAS31076,0,71.0,71.0,True,within tolerance,"nearest-day match, MRI_TOLERANCE_DAYS=365"
OAS31076,778,1235.0,457.0,False,nearest MRI is 457 days away (exceeds 365-day tolerance),"nearest-day match, MRI_TOLERANCE_DAYS=365"
OAS31076,1142,1235.0,93.0,True,within tolerance,"nearest-day match, MRI_TOLERANCE_DAYS=365"
OAS31076,1565,1261.0,304.0,True,within tolerance,"nearest-day match, MRI_TOLERANCE_DAYS=365"
OAS31076,1911,1261.0,650.0,False,nearest MRI is 650 days away (exceeds 365-day tolerance),"nearest-day match, MRI_TOLERANCE_DAYS=365"
OAS31077,0,194.0,194.0,True,within tolerance,"nearest-day match, MRI_TOLERANCE_DAYS=365"
OAS31077,362,194.0,168.0,True,within tolerance,"nearest-day match, MRI_TOLERANCE_DAYS=365"
OAS31077,1092,853.0,239.0,True,within tolerance,"nearest-day match, MRI_TOLERANCE_DAYS=365"
OAS31078,0,27.0,27.0,True,within tolerance,"nearest-day match, MRI_TOLERANCE_DAYS=365"
OAS31078,1145,1173.0,28.0,True,within tolerance,"nearest-day match, MRI_TOLERANCE_DAYS=365"
OAS31080,787,183.0,604.0,False,nearest MRI is 604 days away (exceeds 365-day tolerance),"nearest-day match, MRI_TOLERANCE_DAYS=365"
OAS31080,1487,183.0,1304.0,False,nearest MRI is 1304 days away (exceeds 365-day tolerance),"nearest-day match, MRI_TOLERANCE_DAYS=365"
OAS31080,1899,183.0,1716.0,False,nearest MRI is 1716 days away (exceeds 365-day tolerance),"nearest-day match, MRI_TOLERANCE_DAYS=365"
OAS31081,0,129.0,129.0,True,within tolerance,"nearest-day match, MRI_TOLERANCE_DAYS=365"
OAS31081,2376,2012.0,364.0,True,within tolerance,"nearest-day match, MRI_TOLERANCE_DAYS=365"
OAS31083,0,91.0,91.0,True,within tolerance,"nearest-day match, MRI_TOLERANCE_DAYS=365"
OAS31083,376,91.0,285.0,True,within tolerance,"nearest-day match, MRI_TOLERANCE_DAYS=365"
OAS31083,1916,1981.0,65.0,True,within tolerance,"nearest-day match, MRI_TOLERANCE_DAYS=365"
OAS31083,2549,2661.0,112.0,True,within tolerance,"nearest-day match, MRI_TOLERANCE_DAYS=365"
OAS31083,2910,2661.0,249.0,True,within tolerance,"nearest-day match, MRI_TOLERANCE_DAYS=365"
OAS31083,3221,3346.0,125.0,True,within tolerance,"nearest-day match, MRI_TOLERANCE_DAYS=365"
OAS31083,3732,3346.0,386.0,False,nearest MRI is 386 days away (exceeds 365-day tolerance),"nearest-day match, MRI_TOLERANCE_DAYS=365"
OAS31084,0,2319.0,2319.0,False,nearest MRI is 2319 days away (exceeds 365-day tolerance),"nearest-day match, MRI_TOLERANCE_DAYS=365"
OAS31084,343,2319.0,1976.0,False,nearest MRI is 1976 days away (exceeds 365-day tolerance),"nearest-day match, MRI_TOLERANCE_DAYS=365"
OAS31084,715,2319.0,1604.0,False,nearest MRI is 1604 days away (exceeds 365-day tolerance),"nearest-day match, MRI_TOLERANCE_DAYS=365"
OAS31084,1165,2319.0,1154.0,False,nearest MRI is 1154 days away (exceeds 365-day tolerance),"nearest-day match, MRI_TOLERANCE_DAYS=365"
OAS31084,1553,2319.0,766.0,False,nearest MRI is 766 days away (exceeds 365-day tolerance),"nearest-day match, MRI_TOLERANCE_DAYS=365"
OAS31084,1858,2319.0,461.0,False,nearest MRI is 461 days away (exceeds 365-day tolerance),"nearest-day match, MRI_TOLERANCE_DAYS=365"
OAS31084,2198,2319.0,121.0,True,within tolerance,"nearest-day match, MRI_TOLERANCE_DAYS=365"
OAS31085,0,112.0,112.0,True,within tolerance,"nearest-day match, MRI_TOLERANCE_DAYS=365"
OAS31085,481,504.0,23.0,True,within tolerance,"nearest-day match, MRI_TOLERANCE_DAYS=365"
OAS31085,833,504.0,329.0,True,within tolerance,"nearest-day match, MRI_TOLERANCE_DAYS=365"
OAS31085,1191,504.0,687.0,False,nearest MRI is 687 days away (exceeds 365-day tolerance),"nearest-day match, MRI_TOLERANCE_DAYS=365"
OAS31085,1660,504.0,1156.0,False,nearest MRI is 1156 days away (exceeds 365-day tolerance),"nearest-day match, MRI_TOLERANCE_DAYS=365"
OAS31085,2121,504.0,1617.0,False,nearest MRI is 1617 days away (exceeds 365-day tolerance),"nearest-day match, MRI_TOLERANCE_DAYS=365"
OAS31086,0,65.0,65.0,True,within tolerance,"nearest-day match, MRI_TOLERANCE_DAYS=365"
OAS31086,364,65.0,299.0,True,within tolerance,"nearest-day match, MRI_TOLERANCE_DAYS=365"
OAS31086,728,65.0,663.0,False,nearest MRI is 663 days away (exceeds 365-day tolerance),"nearest-day match, MRI_TOLERANCE_DAYS=365"
OAS31086,1067,65.0,1002.0,False,nearest MRI is 1002 days away (exceeds 365-day tolerance),"nearest-day match, MRI_TOLERANCE_DAYS=365"
OAS31086,1386,65.0,1321.0,False,nearest MRI is 1321 days away (exceeds 365-day tolerance),"nearest-day match, MRI_TOLERANCE_DAYS=365"
OAS31087,0,168.0,168.0,True,within tolerance,"nearest-day match, MRI_TOLERANCE_DAYS=365"
OAS31087,3421,2421.0,1000.0,False,nearest MRI is 1000 days away (exceeds 365-day tolerance),"nearest-day match, MRI_TOLERANCE_DAYS=365"
OAS31088,362,2045.0,1683.0,False,nearest MRI is 1683 days away (exceeds 365-day tolerance),"nearest-day match, MRI_TOLERANCE_DAYS=365"
OAS31088,1850,2045.0,195.0,True,within tolerance,"nearest-day match, MRI_TOLERANCE_DAYS=365"
OAS31088,2218,2045.0,173.0,True,within tolerance,"nearest-day match, MRI_TOLERANCE_DAYS=365"
OAS31088,2550,2045.0,505.0,False,nearest MRI is 505 days away (exceeds 365-day tolerance),"nearest-day match, MRI_TOLERANCE_DAYS=365"
OAS31088,3106,3212.0,106.0,True,within tolerance,"nearest-day match, MRI_TOLERANCE_DAYS=365"
OAS31088,3879,4383.0,504.0,False,nearest MRI is 504 days away (exceeds 365-day tolerance),"nearest-day match, MRI_TOLERANCE_DAYS=365"
OAS31088,4271,4383.0,112.0,True,within tolerance,"nearest-day match, MRI_TOLERANCE_DAYS=365"
OAS31088,5117,4383.0,734.0,False,nearest MRI is 734 days away (exceeds 365-day tolerance),"nearest-day match, MRI_TOLERANCE_DAYS=365"
OAS31089,0,23.0,23.0,True,within tolerance,"nearest-day match, MRI_TOLERANCE_DAYS=365"
OAS31089,814,23.0,791.0,False,nearest MRI is 791 days away (exceeds 365-day tolerance),"nearest-day match, MRI_TOLERANCE_DAYS=365"
OAS31089,1870,23.0,1847.0,False,nearest MRI is 1847 days away (exceeds 365-day tolerance),"nearest-day match, MRI_TOLERANCE_DAYS=365"
OAS31089,2443,23.0,2420.0,False,nearest MRI is 2420 days away (exceeds 365-day tolerance),"nearest-day match, MRI_TOLERANCE_DAYS=365"
OAS31090,0,353.0,353.0,True,within tolerance,"nearest-day match, MRI_TOLERANCE_DAYS=365"
OAS31090,385,353.0,32.0,True,within tolerance,"nearest-day match, MRI_TOLERANCE_DAYS=365"
OAS31090,912,833.0,79.0,True,within tolerance,"nearest-day match, MRI_TOLERANCE_DAYS=365"
OAS31090,1408,1879.0,471.0,False,nearest MRI is 471 days away (exceeds 365-day tolerance),"nearest-day match, MRI_TOLERANCE_DAYS=365"
OAS31090,1820,1879.0,59.0,True,within tolerance,"nearest-day match, MRI_TOLERANCE_DAYS=365"
OAS31090,2678,1879.0,799.0,False,nearest MRI is 799 days away (exceeds 365-day tolerance),"nearest-day match, MRI_TOLERANCE_DAYS=365"
OAS31091,0,3949.0,3949.0,False,nearest MRI is 3949 days away (exceeds 365-day tolerance),"nearest-day match, MRI_TOLERANCE_DAYS=365"
OAS31091,486,3949.0,3463.0,False,nearest MRI is 3463 days away (exceeds 365-day tolerance),"nearest-day match, MRI_TOLERANCE_DAYS=365"
OAS31091,1106,3949.0,2843.0,False,nearest MRI is 2843 days away (exceeds 365-day tolerance),"nearest-day match, MRI_TOLERANCE_DAYS=365"
OAS31091,1848,3949.0,2101.0,False,nearest MRI is 2101 days away (exceeds 365-day tolerance),"nearest-day match, MRI_TOLERANCE_DAYS=365"
OAS31091,2208,3949.0,1741.0,False,nearest MRI is 1741 days away (exceeds 365-day tolerance),"nearest-day match, MRI_TOLERANCE_DAYS=365"
OAS31091,2907,3949.0,1042.0,False,nearest MRI is 1042 days away (exceeds 365-day tolerance),"nearest-day match, MRI_TOLERANCE_DAYS=365"
OAS31091,3285,3949.0,664.0,False,nearest MRI is 664 days away (exceeds 365-day tolerance),"nearest-day match, MRI_TOLERANCE_DAYS=365"
OAS31091,3661,3949.0,288.0,True,within tolerance,"nearest-day match, MRI_TOLERANCE_DAYS=365"
OAS31091,4025,3949.0,76.0,True,within tolerance,"nearest-day match, MRI_TOLERANCE_DAYS=365"
OAS31091,4396,3949.0,447.0,False,nearest MRI is 447 days away (exceeds 365-day tolerance),"nearest-day match, MRI_TOLERANCE_DAYS=365"
OAS31091,4774,3949.0,825.0,False,nearest MRI is 825 days away (exceeds 365-day tolerance),"nearest-day match, MRI_TOLERANCE_DAYS=365"
OAS31091,6156,3949.0,2207.0,False,nearest MRI is 2207 days away (exceeds 365-day tolerance),"nearest-day match, MRI_TOLERANCE_DAYS=365"
OAS31091,6580,3949.0,2631.0,False,nearest MRI is 2631 days away (exceeds 365-day tolerance),"nearest-day match, MRI_TOLERANCE_DAYS=365"
OAS31092,0,203.0,203.0,True,within tolerance,"nearest-day match, MRI_TOLERANCE_DAYS=365"
OAS31092,361,203.0,158.0,True,within tolerance,"nearest-day match, MRI_TOLERANCE_DAYS=365"
OAS31092,746,1211.0,465.0,False,nearest MRI is 465 days away (exceeds 365-day tolerance),"nearest-day match, MRI_TOLERANCE_DAYS=365"
OAS31092,1099,1211.0,112.0,True,within tolerance,"nearest-day match, MRI_TOLERANCE_DAYS=365"
OAS31092,1470,1211.0,259.0,True,within tolerance,"nearest-day match, MRI_TOLERANCE_DAYS=365"
OAS31092,1828,1211.0,617.0,False,nearest MRI is 617 days away (exceeds 365-day tolerance),"nearest-day match, MRI_TOLERANCE_DAYS=365"
OAS31092,2182,3113.0,931.0,False,nearest MRI is 931 days away (exceeds 365-day tolerance),"nearest-day match, MRI_TOLERANCE_DAYS=365"
OAS31092,2560,3113.0,553.0,False,nearest MRI is 553 days away (exceeds 365-day tolerance),"nearest-day match, MRI_TOLERANCE_DAYS=365"
OAS31092,2994,3113.0,119.0,True,within tolerance,"nearest-day match, MRI_TOLERANCE_DAYS=365"
OAS31092,3336,3113.0,223.0,True,within tolerance,"nearest-day match, MRI_TOLERANCE_DAYS=365"
OAS31092,3689,3113.0,576.0,False,nearest MRI is 576 days away (exceeds 365-day tolerance),"nearest-day match, MRI_TOLERANCE_DAYS=365"
OAS31092,4080,3113.0,967.0,False,nearest MRI is 967 days away (exceeds 365-day tolerance),"nearest-day match, MRI_TOLERANCE_DAYS=365"
OAS31092,4435,3113.0,1322.0,False,nearest MRI is 1322 days away (exceeds 365-day tolerance),"nearest-day match, MRI_TOLERANCE_DAYS=365"
OAS31093,0,63.0,63.0,True,within tolerance,"nearest-day match, MRI_TOLERANCE_DAYS=365"
OAS31093,348,63.0,285.0,True,within tolerance,"nearest-day match, MRI_TOLERANCE_DAYS=365"
OAS31094,1154,1195.0,41.0,True,within tolerance,"nearest-day match, MRI_TOLERANCE_DAYS=365"
OAS31094,3229,3350.0,121.0,True,within tolerance,"nearest-day match, MRI_TOLERANCE_DAYS=365"
OAS31096,0,1308.0,1308.0,False,nearest MRI is 1308 days away (exceeds 365-day tolerance),"nearest-day match, MRI_TOLERANCE_DAYS=365"
OAS31096,384,1308.0,924.0,False,nearest MRI is 924 days away (exceeds 365-day tolerance),"nearest-day match, MRI_TOLERANCE_DAYS=365"
OAS31096,728,1308.0,580.0,False,nearest MRI is 580 days away (exceeds 365-day tolerance),"nearest-day match, MRI_TOLERANCE_DAYS=365"
OAS31096,1176,1308.0,132.0,True,within tolerance,"nearest-day match, MRI_TOLERANCE_DAYS=365"
OAS31096,1496,1308.0,188.0,True,within tolerance,"nearest-day match, MRI_TOLERANCE_DAYS=365"
OAS31097,0,2763.0,2763.0,False,nearest MRI is 2763 days away (exceeds 365-day tolerance),"nearest-day match, MRI_TOLERANCE_DAYS=365"
OAS31097,409,2763.0,2354.0,False,nearest MRI is 2354 days away (exceeds 365-day tolerance),"nearest-day match, MRI_TOLERANCE_DAYS=365"
OAS31097,766,2763.0,1997.0,False,nearest MRI is 1997 days away (exceeds 365-day tolerance),"nearest-day match, MRI_TOLERANCE_DAYS=365"
OAS31097,1139,2763.0,1624.0,False,nearest MRI is 1624 days away (exceeds 365-day tolerance),"nearest-day match, MRI_TOLERANCE_DAYS=365"
OAS31097,1844,2763.0,919.0,False,nearest MRI is 919 days away (exceeds 365-day tolerance),"nearest-day match, MRI_TOLERANCE_DAYS=365"
OAS31097,2611,2763.0,152.0,True,within tolerance,"nearest-day match, MRI_TOLERANCE_DAYS=365"
OAS31097,2999,2763.0,236.0,True,within tolerance,"nearest-day match, MRI_TOLERANCE_DAYS=365"
OAS31098,0,48.0,48.0,True,within tolerance,"nearest-day match, MRI_TOLERANCE_DAYS=365"
OAS31099,0,86.0,86.0,True,within tolerance,"nearest-day match, MRI_TOLERANCE_DAYS=365"
OAS31099,2208,900.0,1308.0,False,nearest MRI is 1308 days away (exceeds 365-day tolerance),"nearest-day match, MRI_TOLERANCE_DAYS=365"
OAS31099,3338,3526.0,188.0,True,within tolerance,"nearest-day match, MRI_TOLERANCE_DAYS=365"
OAS31099,4927,4993.0,66.0,True,within tolerance,"nearest-day match, MRI_TOLERANCE_DAYS=365"
OAS31099,5533,4993.0,540.0,False,nearest MRI is 540 days away (exceeds 365-day tolerance),"nearest-day match, MRI_TOLERANCE_DAYS=365"
OAS31100,0,6834.0,6834.0,False,nearest MRI is 6834 days away (exceeds 365-day tolerance),"nearest-day match, MRI_TOLERANCE_DAYS=365"
OAS31100,1480,6834.0,5354.0,False,nearest MRI is 5354 days away (exceeds 365-day tolerance),"nearest-day match, MRI_TOLERANCE_DAYS=365"
OAS31100,1996,6834.0,4838.0,False,nearest MRI is 4838 days away (exceeds 365-day tolerance),"nearest-day match, MRI_TOLERANCE_DAYS=365"
OAS31100,2356,6834.0,4478.0,False,nearest MRI is 4478 days away (exceeds 365-day tolerance),"nearest-day match, MRI_TOLERANCE_DAYS=365"
OAS31100,2738,6834.0,4096.0,False,nearest MRI is 4096 days away (exceeds 365-day tolerance),"nearest-day match, MRI_TOLERANCE_DAYS=365"
OAS31100,3089,6834.0,3745.0,False,nearest MRI is 3745 days away (exceeds 365-day tolerance),"nearest-day match, MRI_TOLERANCE_DAYS=365"
OAS31100,3847,6834.0,2987.0,False,nearest MRI is 2987 days away (exceeds 365-day tolerance),"nearest-day match, MRI_TOLERANCE_DAYS=365"
OAS31100,4565,6834.0,2269.0,False,nearest MRI is 2269 days away (exceeds 365-day tolerance),"nearest-day match, MRI_TOLERANCE_DAYS=365"
OAS31100,4915,6834.0,1919.0,False,nearest MRI is 1919 days away (exceeds 365-day tolerance),"nearest-day match, MRI_TOLERANCE_DAYS=365"
OAS31100,5294,6834.0,1540.0,False,nearest MRI is 1540 days away (exceeds 365-day tolerance),"nearest-day match, MRI_TOLERANCE_DAYS=365"
OAS31100,5653,6834.0,1181.0,False,nearest MRI is 1181 days away (exceeds 365-day tolerance),"nearest-day match, MRI_TOLERANCE_DAYS=365"
OAS31100,6021,6834.0,813.0,False,nearest MRI is 813 days away (exceeds 365-day tolerance),"nearest-day match, MRI_TOLERANCE_DAYS=365"
OAS31100,6393,6834.0,441.0,False,nearest MRI is 441 days away (exceeds 365-day tolerance),"nearest-day match, MRI_TOLERANCE_DAYS=365"
OAS31100,6749,6834.0,85.0,True,within tolerance,"nearest-day match, MRI_TOLERANCE_DAYS=365"
OAS31100,7128,7350.0,222.0,True,within tolerance,"nearest-day match, MRI_TOLERANCE_DAYS=365"
OAS31100,7487,7350.0,137.0,True,within tolerance,"nearest-day match, MRI_TOLERANCE_DAYS=365"
OAS31100,7842,7350.0,492.0,False,nearest MRI is 492 days away (exceeds 365-day tolerance),"nearest-day match, MRI_TOLERANCE_DAYS=365"
OAS31100,8221,7350.0,871.0,False,nearest MRI is 871 days away (exceeds 365-day tolerance),"nearest-day match, MRI_TOLERANCE_DAYS=365"
OAS31100,8603,7350.0,1253.0,False,nearest MRI is 1253 days away (exceeds 365-day tolerance),"nearest-day match, MRI_TOLERANCE_DAYS=365"
OAS31101,0,76.0,76.0,True,within tolerance,"nearest-day match, MRI_TOLERANCE_DAYS=365"
OAS31101,357,76.0,281.0,True,within tolerance,"nearest-day match, MRI_TOLERANCE_DAYS=365"
OAS31101,738,76.0,662.0,False,nearest MRI is 662 days away (exceeds 365-day tolerance),"nearest-day match, MRI_TOLERANCE_DAYS=365"
OAS31101,1151,76.0,1075.0,False,nearest MRI is 1075 days away (exceeds 365-day tolerance),"nearest-day match, MRI_TOLERANCE_DAYS=365"
OAS31101,1578,2286.0,708.0,False,nearest MRI is 708 days away (exceeds 365-day tolerance),"nearest-day match, MRI_TOLERANCE_DAYS=365"
OAS31101,1960,2286.0,326.0,True,within tolerance,"nearest-day match, MRI_TOLERANCE_DAYS=365"
OAS31101,2285,2286.0,1.0,True,within tolerance,"nearest-day match, MRI_TOLERANCE_DAYS=365"
OAS31103,0,170.0,170.0,True,within tolerance,"nearest-day match, MRI_TOLERANCE_DAYS=365"
OAS31103,3732,3821.0,89.0,True,within tolerance,"nearest-day match, MRI_TOLERANCE_DAYS=365"
OAS31103,4060,3821.0,239.0,True,within tolerance,"nearest-day match, MRI_TOLERANCE_DAYS=365"
OAS31103,4924,4815.0,109.0,True,within tolerance,"nearest-day match, MRI_TOLERANCE_DAYS=365"
OAS31103,5295,4815.0,480.0,False,nearest MRI is 480 days away (exceeds 365-day tolerance),"nearest-day match, MRI_TOLERANCE_DAYS=365"
OAS31103,5666,4815.0,851.0,False,nearest MRI is 851 days away (exceeds 365-day tolerance),"nearest-day match, MRI_TOLERANCE_DAYS=365"
OAS31104,0,1321.0,1321.0,False,nearest MRI is 1321 days away (exceeds 365-day tolerance),"nearest-day match, MRI_TOLERANCE_DAYS=365"
OAS31104,1108,1321.0,213.0,True,within tolerance,"nearest-day match, MRI_TOLERANCE_DAYS=365"
OAS31104,2256,2333.0,77.0,True,within tolerance,"nearest-day match, MRI_TOLERANCE_DAYS=365"
OAS31104,2585,2333.0,252.0,True,within tolerance,"nearest-day match, MRI_TOLERANCE_DAYS=365"
OAS31105,809,1017.0,208.0,True,within tolerance,"nearest-day match, MRI_TOLERANCE_DAYS=365"
OAS31106,0,65.0,65.0,True,within tolerance,"nearest-day match, MRI_TOLERANCE_DAYS=365"
OAS31107,0,912.0,912.0,False,nearest MRI is 912 days away (exceeds 365-day tolerance),"nearest-day match, MRI_TOLERANCE_DAYS=365"
OAS31107,371,912.0,541.0,False,nearest MRI is 541 days away (exceeds 365-day tolerance),"nearest-day match, MRI_TOLERANCE_DAYS=365"
OAS31107,757,912.0,155.0,True,within tolerance,"nearest-day match, MRI_TOLERANCE_DAYS=365"
OAS31107,1189,912.0,277.0,True,within tolerance,"nearest-day match, MRI_TOLERANCE_DAYS=365"
OAS31107,1569,912.0,657.0,False,nearest MRI is 657 days away (exceeds 365-day tolerance),"nearest-day match, MRI_TOLERANCE_DAYS=365"
OAS31107,2295,912.0,1383.0,False,nearest MRI is 1383 days away (exceeds 365-day tolerance),"nearest-day match, MRI_TOLERANCE_DAYS=365"
OAS31107,2675,912.0,1763.0,False,nearest MRI is 1763 days away (exceeds 365-day tolerance),"nearest-day match, MRI_TOLERANCE_DAYS=365"
OAS31107,3242,912.0,2330.0,False,nearest MRI is 2330 days away (exceeds 365-day tolerance),"nearest-day match, MRI_TOLERANCE_DAYS=365"
OAS31107,3696,912.0,2784.0,False,nearest MRI is 2784 days away (exceeds 365-day tolerance),"nearest-day match, MRI_TOLERANCE_DAYS=365"
OAS31108,0,3850.0,3850.0,False,nearest MRI is 3850 days away (exceeds 365-day tolerance),"nearest-day match, MRI_TOLERANCE_DAYS=365"
OAS31108,349,3850.0,3501.0,False,nearest MRI is 3501 days away (exceeds 365-day tolerance),"nearest-day match, MRI_TOLERANCE_DAYS=365"
OAS31108,713,3850.0,3137.0,False,nearest MRI is 3137 days away (exceeds 365-day tolerance),"nearest-day match, MRI_TOLERANCE_DAYS=365"
OAS31108,1077,3850.0,2773.0,False,nearest MRI is 2773 days away (exceeds 365-day tolerance),"nearest-day match, MRI_TOLERANCE_DAYS=365"
OAS31108,1449,3850.0,2401.0,False,nearest MRI is 2401 days away (exceeds 365-day tolerance),"nearest-day match, MRI_TOLERANCE_DAYS=365"
OAS31108,1805,3850.0,2045.0,False,nearest MRI is 2045 days away (exceeds 365-day tolerance),"nearest-day match, MRI_TOLERANCE_DAYS=365"
OAS31108,2183,3850.0,1667.0,False,nearest MRI is 1667 days away (exceeds 365-day tolerance),"nearest-day match, MRI_TOLERANCE_DAYS=365"
OAS31108,2567,3850.0,1283.0,False,nearest MRI is 1283 days away (exceeds 365-day tolerance),"nearest-day match, MRI_TOLERANCE_DAYS=365"
OAS31108,2919,3850.0,931.0,False,nearest MRI is 931 days away (exceeds 365-day tolerance),"nearest-day match, MRI_TOLERANCE_DAYS=365"
OAS31108,3269,3850.0,581.0,False,nearest MRI is 581 days away (exceeds 365-day tolerance),"nearest-day match, MRI_TOLERANCE_DAYS=365"
OAS31108,3637,3850.0,213.0,True,within tolerance,"nearest-day match, MRI_TOLERANCE_DAYS=365"
OAS31108,4002,3850.0,152.0,True,within tolerance,"nearest-day match, MRI_TOLERANCE_DAYS=365"
OAS31108,4361,4795.0,434.0,False,nearest MRI is 434 days away (exceeds 365-day tolerance),"nearest-day match, MRI_TOLERANCE_DAYS=365"
OAS31108,4751,4795.0,44.0,True,within tolerance,"nearest-day match, MRI_TOLERANCE_DAYS=365"
OAS31108,5129,4795.0,334.0,True,within tolerance,"nearest-day match, MRI_TOLERANCE_DAYS=365"
OAS31108,6716,4795.0,1921.0,False,nearest MRI is 1921 days away (exceeds 365-day tolerance),"nearest-day match, MRI_TOLERANCE_DAYS=365"
OAS31108,7298,4795.0,2503.0,False,nearest MRI is 2503 days away (exceeds 365-day tolerance),"nearest-day match, MRI_TOLERANCE_DAYS=365"
OAS31108,7622,4795.0,2827.0,False,nearest MRI is 2827 days away (exceeds 365-day tolerance),"nearest-day match, MRI_TOLERANCE_DAYS=365"
OAS31108,7992,4795.0,3197.0,False,nearest MRI is 3197 days away (exceeds 365-day tolerance),"nearest-day match, MRI_TOLERANCE_DAYS=365"
OAS31109,0,0.0,0.0,True,within tolerance,"nearest-day match, MRI_TOLERANCE_DAYS=365"
OAS31109,453,0.0,453.0,False,nearest MRI is 453 days away (exceeds 365-day tolerance),"nearest-day match, MRI_TOLERANCE_DAYS=365"
OAS31110,0,31.0,31.0,True,within tolerance,"nearest-day match, MRI_TOLERANCE_DAYS=365"
OAS31110,356,31.0,325.0,True,within tolerance,"nearest-day match, MRI_TOLERANCE_DAYS=365"
OAS31110,717,31.0,686.0,False,nearest MRI is 686 days away (exceeds 365-day tolerance),"nearest-day match, MRI_TOLERANCE_DAYS=365"
OAS31110,1187,2336.0,1149.0,False,nearest MRI is 1149 days away (exceeds 365-day tolerance),"nearest-day match, MRI_TOLERANCE_DAYS=365"
OAS31110,2223,2336.0,113.0,True,within tolerance,"nearest-day match, MRI_TOLERANCE_DAYS=365"
OAS31110,2700,2336.0,364.0,True,within tolerance,"nearest-day match, MRI_TOLERANCE_DAYS=365"
OAS31110,3083,2336.0,747.0,False,nearest MRI is 747 days away (exceeds 365-day tolerance),"nearest-day match, MRI_TOLERANCE_DAYS=365"
OAS31111,0,246.0,246.0,True,within tolerance,"nearest-day match, MRI_TOLERANCE_DAYS=365"
OAS31111,378,246.0,132.0,True,within tolerance,"nearest-day match, MRI_TOLERANCE_DAYS=365"
OAS31111,735,1108.0,373.0,False,nearest MRI is 373 days away (exceeds 365-day tolerance),"nearest-day match, MRI_TOLERANCE_DAYS=365"
OAS31111,1092,1108.0,16.0,True,within tolerance,"nearest-day match, MRI_TOLERANCE_DAYS=365"
OAS31111,1427,1108.0,319.0,True,within tolerance,"nearest-day match, MRI_TOLERANCE_DAYS=365"
OAS31111,1911,1108.0,803.0,False,nearest MRI is 803 days away (exceeds 365-day tolerance),"nearest-day match, MRI_TOLERANCE_DAYS=365"
OAS31111,2366,3618.0,1252.0,False,nearest MRI is 1252 days away (exceeds 365-day tolerance),"nearest-day match, MRI_TOLERANCE_DAYS=365"
OAS31111,2778,3618.0,840.0,False,nearest MRI is 840 days away (exceeds 365-day tolerance),"nearest-day match, MRI_TOLERANCE_DAYS=365"
OAS31111,3101,3618.0,517.0,False,nearest MRI is 517 days away (exceeds 365-day tolerance),"nearest-day match, MRI_TOLERANCE_DAYS=365"
OAS31111,3501,3618.0,117.0,True,within tolerance,"nearest-day match, MRI_TOLERANCE_DAYS=365"
OAS31111,3801,3618.0,183.0,True,within tolerance,"nearest-day match, MRI_TOLERANCE_DAYS=365"
OAS31111,4437,3618.0,819.0,False,nearest MRI is 819 days away (exceeds 365-day tolerance),"nearest-day match, MRI_TOLERANCE_DAYS=365"
OAS31112,0,276.0,276.0,True,within tolerance,"nearest-day match, MRI_TOLERANCE_DAYS=365"
OAS31112,376,276.0,100.0,True,within tolerance,"nearest-day match, MRI_TOLERANCE_DAYS=365"
OAS31112,719,276.0,443.0,False,nearest MRI is 443 days away (exceeds 365-day tolerance),"nearest-day match, MRI_TOLERANCE_DAYS=365"
OAS31113,0,33.0,33.0,True,within tolerance,"nearest-day match, MRI_TOLERANCE_DAYS=365"
OAS31113,370,33.0,337.0,True,within tolerance,"nearest-day match, MRI_TOLERANCE_DAYS=365"
OAS31113,827,881.0,54.0,True,within tolerance,"nearest-day match, MRI_TOLERANCE_DAYS=365"
OAS31113,1317,881.0,436.0,False,nearest MRI is 436 days away (exceeds 365-day tolerance),"nearest-day match, MRI_TOLERANCE_DAYS=365"
OAS31113,1687,881.0,806.0,False,nearest MRI is 806 days away (exceeds 365-day tolerance),"nearest-day match, MRI_TOLERANCE_DAYS=365"
OAS31113,2292,881.0,1411.0,False,nearest MRI is 1411 days away (exceeds 365-day tolerance),"nearest-day match, MRI_TOLERANCE_DAYS=365"
OAS31113,2721,881.0,1840.0,False,nearest MRI is 1840 days away (exceeds 365-day tolerance),"nearest-day match, MRI_TOLERANCE_DAYS=365"
OAS31114,0,695.0,695.0,False,nearest MRI is 695 days away (exceeds 365-day tolerance),"nearest-day match, MRI_TOLERANCE_DAYS=365"
OAS31114,1066,695.0,371.0,False,nearest MRI is 371 days away (exceeds 365-day tolerance),"nearest-day match, MRI_TOLERANCE_DAYS=365"
OAS31114,1820,1864.0,44.0,True,within tolerance,"nearest-day match, MRI_TOLERANCE_DAYS=365"
OAS31114,2193,1864.0,329.0,True,within tolerance,"nearest-day match, MRI_TOLERANCE_DAYS=365"
OAS31114,2610,2644.0,34.0,True,within tolerance,"nearest-day match, MRI_TOLERANCE_DAYS=365"
OAS31114,3701,3479.0,222.0,True,within tolerance,"nearest-day match, MRI_TOLERANCE_DAYS=365"
OAS31114,5140,4375.0,765.0,False,nearest MRI is 765 days away (exceeds 365-day tolerance),"nearest-day match, MRI_TOLERANCE_DAYS=365"
OAS31115,0,466.0,466.0,False,nearest MRI is 466 days away (exceeds 365-day tolerance),"nearest-day match, MRI_TOLERANCE_DAYS=365"
OAS31115,368,466.0,98.0,True,within tolerance,"nearest-day match, MRI_TOLERANCE_DAYS=365"
OAS31117,0,73.0,73.0,True,within tolerance,"nearest-day match, MRI_TOLERANCE_DAYS=365"
OAS31117,395,73.0,322.0,True,within tolerance,"nearest-day match, MRI_TOLERANCE_DAYS=365"
OAS31117,805,73.0,732.0,False,nearest MRI is 732 days away (exceeds 365-day tolerance),"nearest-day match, MRI_TOLERANCE_DAYS=365"
OAS31117,1295,73.0,1222.0,False,nearest MRI is 1222 days away (exceeds 365-day tolerance),"nearest-day match, MRI_TOLERANCE_DAYS=365"
OAS31117,1641,73.0,1568.0,False,nearest MRI is 1568 days away (exceeds 365-day tolerance),"nearest-day match, MRI_TOLERANCE_DAYS=365"
OAS31117,1977,73.0,1904.0,False,nearest MRI is 1904 days away (exceeds 365-day tolerance),"nearest-day match, MRI_TOLERANCE_DAYS=365"
OAS31118,1377,2023.0,646.0,False,nearest MRI is 646 days away (exceeds 365-day tolerance),"nearest-day match, MRI_TOLERANCE_DAYS=365"
OAS31118,1966,2023.0,57.0,True,within tolerance,"nearest-day match, MRI_TOLERANCE_DAYS=365"
OAS31118,3078,2847.0,231.0,True,within tolerance,"nearest-day match, MRI_TOLERANCE_DAYS=365"
OAS31118,3576,3618.0,42.0,True,within tolerance,"nearest-day match, MRI_TOLERANCE_DAYS=365"
OAS31118,3893,3618.0,275.0,True,within tolerance,"nearest-day match, MRI_TOLERANCE_DAYS=365"
OAS31118,4295,3618.0,677.0,False,nearest MRI is 677 days away (exceeds 365-day tolerance),"nearest-day match, MRI_TOLERANCE_DAYS=365"
OAS31118,4649,3618.0,1031.0,False,nearest MRI is 1031 days away (exceeds 365-day tolerance),"nearest-day match, MRI_TOLERANCE_DAYS=365"
OAS31118,5045,3618.0,1427.0,False,nearest MRI is 1427 days away (exceeds 365-day tolerance),"nearest-day match, MRI_TOLERANCE_DAYS=365"
OAS31119,0,69.0,69.0,True,within tolerance,"nearest-day match, MRI_TOLERANCE_DAYS=365"
OAS31119,1270,1493.0,223.0,True,within tolerance,"nearest-day match, MRI_TOLERANCE_DAYS=365"
OAS31119,2673,2757.0,84.0,True,within tolerance,"nearest-day match, MRI_TOLERANCE_DAYS=365"
OAS31122,0,2180.0,2180.0,False,nearest MRI is 2180 days away (exceeds 365-day tolerance),"nearest-day match, MRI_TOLERANCE_DAYS=365"
OAS31122,399,2180.0,1781.0,False,nearest MRI is 1781 days away (exceeds 365-day tolerance),"nearest-day match, MRI_TOLERANCE_DAYS=365"
OAS31122,803,2180.0,1377.0,False,nearest MRI is 1377 days away (exceeds 365-day tolerance),"nearest-day match, MRI_TOLERANCE_DAYS=365"
OAS31122,1364,2180.0,816.0,False,nearest MRI is 816 days away (exceeds 365-day tolerance),"nearest-day match, MRI_TOLERANCE_DAYS=365"
OAS31122,1896,2180.0,284.0,True,within tolerance,"nearest-day match, MRI_TOLERANCE_DAYS=365"
OAS31122,2455,2180.0,275.0,True,within tolerance,"nearest-day match, MRI_TOLERANCE_DAYS=365"
OAS31122,3734,2180.0,1554.0,False,nearest MRI is 1554 days away (exceeds 365-day tolerance),"nearest-day match, MRI_TOLERANCE_DAYS=365"
OAS31122,4094,2180.0,1914.0,False,nearest MRI is 1914 days away (exceeds 365-day tolerance),"nearest-day match, MRI_TOLERANCE_DAYS=365"
OAS31122,4715,2180.0,2535.0,False,nearest MRI is 2535 days away (exceeds 365-day tolerance),"nearest-day match, MRI_TOLERANCE_DAYS=365"
OAS31123,0,78.0,78.0,True,within tolerance,"nearest-day match, MRI_TOLERANCE_DAYS=365"
OAS31123,380,78.0,302.0,True,within tolerance,"nearest-day match, MRI_TOLERANCE_DAYS=365"
OAS31124,0,436.0,436.0,False,nearest MRI is 436 days away (exceeds 365-day tolerance),"nearest-day match, MRI_TOLERANCE_DAYS=365"
OAS31124,1157,436.0,721.0,False,nearest MRI is 721 days away (exceeds 365-day tolerance),"nearest-day match, MRI_TOLERANCE_DAYS=365"
OAS31125,0,49.0,49.0,True,within tolerance,"nearest-day match, MRI_TOLERANCE_DAYS=365"
OAS31125,358,49.0,309.0,True,within tolerance,"nearest-day match, MRI_TOLERANCE_DAYS=365"
OAS31125,746,735.0,11.0,True,within tolerance,"nearest-day match, MRI_TOLERANCE_DAYS=365"
OAS31125,1131,735.0,396.0,False,nearest MRI is 396 days away (exceeds 365-day tolerance),"nearest-day match, MRI_TOLERANCE_DAYS=365"
OAS31125,1471,735.0,736.0,False,nearest MRI is 736 days away (exceeds 365-day tolerance),"nearest-day match, MRI_TOLERANCE_DAYS=365"
OAS31125,1887,735.0,1152.0,False,nearest MRI is 1152 days away (exceeds 365-day tolerance),"nearest-day match, MRI_TOLERANCE_DAYS=365"
OAS31125,2202,3093.0,891.0,False,nearest MRI is 891 days away (exceeds 365-day tolerance),"nearest-day match, MRI_TOLERANCE_DAYS=365"
OAS31125,2562,3093.0,531.0,False,nearest MRI is 531 days away (exceeds 365-day tolerance),"nearest-day match, MRI_TOLERANCE_DAYS=365"
OAS31125,2953,3093.0,140.0,True,within tolerance,"nearest-day match, MRI_TOLERANCE_DAYS=365"
OAS31125,3296,3093.0,203.0,True,within tolerance,"nearest-day match, MRI_TOLERANCE_DAYS=365"
OAS31125,3665,3847.0,182.0,True,within tolerance,"nearest-day match, MRI_TOLERANCE_DAYS=365"
OAS31125,3984,3847.0,137.0,True,within tolerance,"nearest-day match, MRI_TOLERANCE_DAYS=365"
OAS31125,4439,3847.0,592.0,False,nearest MRI is 592 days away (exceeds 365-day tolerance),"nearest-day match, MRI_TOLERANCE_DAYS=365"
OAS31125,4820,3847.0,973.0,False,nearest MRI is 973 days away (exceeds 365-day tolerance),"nearest-day match, MRI_TOLERANCE_DAYS=365"
OAS31126,0,1156.0,1156.0,False,nearest MRI is 1156 days away (exceeds 365-day tolerance),"nearest-day match, MRI_TOLERANCE_DAYS=365"
OAS31126,1071,1156.0,85.0,True,within tolerance,"nearest-day match, MRI_TOLERANCE_DAYS=365"
OAS31126,2548,1156.0,1392.0,False,nearest MRI is 1392 days away (exceeds 365-day tolerance),"nearest-day match, MRI_TOLERANCE_DAYS=365"
OAS31126,3666,1156.0,2510.0,False,nearest MRI is 2510 days away (exceeds 365-day tolerance),"nearest-day match, MRI_TOLERANCE_DAYS=365"
OAS31126,5227,1156.0,4071.0,False,nearest MRI is 4071 days away (exceeds 365-day tolerance),"nearest-day match, MRI_TOLERANCE_DAYS=365"
OAS31127,0,123.0,123.0,True,within tolerance,"nearest-day match, MRI_TOLERANCE_DAYS=365"
OAS31127,404,123.0,281.0,True,within tolerance,"nearest-day match, MRI_TOLERANCE_DAYS=365"
OAS31127,887,123.0,764.0,False,nearest MRI is 764 days away (exceeds 365-day tolerance),"nearest-day match, MRI_TOLERANCE_DAYS=365"
OAS31127,2063,2140.0,77.0,True,within tolerance,"nearest-day match, MRI_TOLERANCE_DAYS=365"
OAS31127,2944,2140.0,804.0,False,nearest MRI is 804 days away (exceeds 365-day tolerance),"nearest-day match, MRI_TOLERANCE_DAYS=365"
OAS31127,3526,2140.0,1386.0,False,nearest MRI is 1386 days away (exceeds 365-day tolerance),"nearest-day match, MRI_TOLERANCE_DAYS=365"
OAS31128,0,673.0,673.0,False,nearest MRI is 673 days away (exceeds 365-day tolerance),"nearest-day match, MRI_TOLERANCE_DAYS=365"
OAS31128,1157,1405.0,248.0,True,within tolerance,"nearest-day match, MRI_TOLERANCE_DAYS=365"
OAS31128,1563,1405.0,158.0,True,within tolerance,"nearest-day match, MRI_TOLERANCE_DAYS=365"
OAS31128,1979,2332.0,353.0,True,within tolerance,"nearest-day match, MRI_TOLERANCE_DAYS=365"
OAS31128,2331,2332.0,1.0,True,within tolerance,"nearest-day match, MRI_TOLERANCE_DAYS=365"
OAS31128,2679,2332.0,347.0,True,within tolerance,"nearest-day match, MRI_TOLERANCE_DAYS=365"
OAS31128,3089,2332.0,757.0,False,nearest MRI is 757 days away (exceeds 365-day tolerance),"nearest-day match, MRI_TOLERANCE_DAYS=365"
OAS31128,4088,2332.0,1756.0,False,nearest MRI is 1756 days away (exceeds 365-day tolerance),"nearest-day match, MRI_TOLERANCE_DAYS=365"
OAS31129,0,55.0,55.0,True,within tolerance,"nearest-day match, MRI_TOLERANCE_DAYS=365"
OAS31129,375,55.0,320.0,True,within tolerance,"nearest-day match, MRI_TOLERANCE_DAYS=365"
OAS31129,747,55.0,692.0,False,nearest MRI is 692 days away (exceeds 365-day tolerance),"nearest-day match, MRI_TOLERANCE_DAYS=365"
OAS31129,1138,55.0,1083.0,False,nearest MRI is 1083 days away (exceeds 365-day tolerance),"nearest-day match, MRI_TOLERANCE_DAYS=365"
OAS31129,1642,55.0,1587.0,False,nearest MRI is 1587 days away (exceeds 365-day tolerance),"nearest-day match, MRI_TOLERANCE_DAYS=365"
OAS31131,0,101.0,101.0,True,within tolerance,"nearest-day match, MRI_TOLERANCE_DAYS=365"
OAS31131,441,101.0,340.0,True,within tolerance,"nearest-day match, MRI_TOLERANCE_DAYS=365"
OAS31131,881,101.0,780.0,False,nearest MRI is 780 days away (exceeds 365-day tolerance),"nearest-day match, MRI_TOLERANCE_DAYS=365"
OAS31132,0,2580.0,2580.0,False,nearest MRI is 2580 days away (exceeds 365-day tolerance),"nearest-day match, MRI_TOLERANCE_DAYS=365"
OAS31132,1827,2580.0,753.0,False,nearest MRI is 753 days away (exceeds 365-day tolerance),"nearest-day match, MRI_TOLERANCE_DAYS=365"
OAS31132,2197,2580.0,383.0,False,nearest MRI is 383 days away (exceeds 365-day tolerance),"nearest-day match, MRI_TOLERANCE_DAYS=365"
OAS31132,2786,2580.0,206.0,True,within tolerance,"nearest-day match, MRI_TOLERANCE_DAYS=365"
OAS31132,3878,3576.0,302.0,True,within tolerance,"nearest-day match, MRI_TOLERANCE_DAYS=365"
OAS31132,4232,4297.0,65.0,True,within tolerance,"nearest-day match, MRI_TOLERANCE_DAYS=365"
OAS31132,7453,4297.0,3156.0,False,nearest MRI is 3156 days away (exceeds 365-day tolerance),"nearest-day match, MRI_TOLERANCE_DAYS=365"
OAS31133,0,0.0,0.0,True,within tolerance,"nearest-day match, MRI_TOLERANCE_DAYS=365"
OAS31133,420,0.0,420.0,False,nearest MRI is 420 days away (exceeds 365-day tolerance),"nearest-day match, MRI_TOLERANCE_DAYS=365"
OAS31133,1275,0.0,1275.0,False,nearest MRI is 1275 days away (exceeds 365-day tolerance),"nearest-day match, MRI_TOLERANCE_DAYS=365"
OAS31133,1702,0.0,1702.0,False,nearest MRI is 1702 days away (exceeds 365-day tolerance),"nearest-day match, MRI_TOLERANCE_DAYS=365"
OAS31134,483,,,False,subject has zero MRI/FreeSurfer records,"nearest-day match, MRI_TOLERANCE_DAYS=365"
OAS31134,797,,,False,subject has zero MRI/FreeSurfer records,"nearest-day match, MRI_TOLERANCE_DAYS=365"
OAS31135,0,,,False,subject has zero MRI/FreeSurfer records,"nearest-day match, MRI_TOLERANCE_DAYS=365"
OAS31136,0,156.0,156.0,True,within tolerance,"nearest-day match, MRI_TOLERANCE_DAYS=365"
OAS31136,1155,156.0,999.0,False,nearest MRI is 999 days away (exceeds 365-day tolerance),"nearest-day match, MRI_TOLERANCE_DAYS=365"
OAS31137,0,3443.0,3443.0,False,nearest MRI is 3443 days away (exceeds 365-day tolerance),"nearest-day match, MRI_TOLERANCE_DAYS=365"
OAS31137,3374,3443.0,69.0,True,within tolerance,"nearest-day match, MRI_TOLERANCE_DAYS=365"
OAS31137,4399,4519.0,120.0,True,within tolerance,"nearest-day match, MRI_TOLERANCE_DAYS=365"
OAS31137,5457,5508.0,51.0,True,within tolerance,"nearest-day match, MRI_TOLERANCE_DAYS=365"
OAS31138,0,487.0,487.0,False,nearest MRI is 487 days away (exceeds 365-day tolerance),"nearest-day match, MRI_TOLERANCE_DAYS=365"
OAS31138,417,487.0,70.0,True,within tolerance,"nearest-day match, MRI_TOLERANCE_DAYS=365"
OAS31138,1176,487.0,689.0,False,nearest MRI is 689 days away (exceeds 365-day tolerance),"nearest-day match, MRI_TOLERANCE_DAYS=365"
OAS31138,1533,2040.0,507.0,False,nearest MRI is 507 days away (exceeds 365-day tolerance),"nearest-day match, MRI_TOLERANCE_DAYS=365"
OAS31138,1953,2040.0,87.0,True,within tolerance,"nearest-day match, MRI_TOLERANCE_DAYS=365"
OAS31138,2261,2040.0,221.0,True,within tolerance,"nearest-day match, MRI_TOLERANCE_DAYS=365"
OAS31138,2625,2040.0,585.0,False,nearest MRI is 585 days away (exceeds 365-day tolerance),"nearest-day match, MRI_TOLERANCE_DAYS=365"
OAS31138,2927,2040.0,887.0,False,nearest MRI is 887 days away (exceeds 365-day tolerance),"nearest-day match, MRI_TOLERANCE_DAYS=365"
OAS31139,0,533.0,533.0,False,nearest MRI is 533 days away (exceeds 365-day tolerance),"nearest-day match, MRI_TOLERANCE_DAYS=365"
OAS31139,408,533.0,125.0,True,within tolerance,"nearest-day match, MRI_TOLERANCE_DAYS=365"
OAS31139,791,533.0,258.0,True,within tolerance,"nearest-day match, MRI_TOLERANCE_DAYS=365"
OAS31139,1464,1568.0,104.0,True,within tolerance,"nearest-day match, MRI_TOLERANCE_DAYS=365"
OAS31139,1848,1568.0,280.0,True,within tolerance,"nearest-day match, MRI_TOLERANCE_DAYS=365"
OAS31139,2193,1568.0,625.0,False,nearest MRI is 625 days away (exceeds 365-day tolerance),"nearest-day match, MRI_TOLERANCE_DAYS=365"
OAS31139,2624,1568.0,1056.0,False,nearest MRI is 1056 days away (exceeds 365-day tolerance),"nearest-day match, MRI_TOLERANCE_DAYS=365"
OAS31140,0,332.0,332.0,True,within tolerance,"nearest-day match, MRI_TOLERANCE_DAYS=365"
OAS31140,345,332.0,13.0,True,within tolerance,"nearest-day match, MRI_TOLERANCE_DAYS=365"
OAS31140,762,332.0,430.0,False,nearest MRI is 430 days away (exceeds 365-day tolerance),"nearest-day match, MRI_TOLERANCE_DAYS=365"
OAS31140,1143,332.0,811.0,False,nearest MRI is 811 days away (exceeds 365-day tolerance),"nearest-day match, MRI_TOLERANCE_DAYS=365"
OAS31141,0,106.0,106.0,True,within tolerance,"nearest-day match, MRI_TOLERANCE_DAYS=365"
OAS31141,713,106.0,607.0,False,nearest MRI is 607 days away (exceeds 365-day tolerance),"nearest-day match, MRI_TOLERANCE_DAYS=365"
OAS31141,1979,106.0,1873.0,False,nearest MRI is 1873 days away (exceeds 365-day tolerance),"nearest-day match, MRI_TOLERANCE_DAYS=365"
OAS31142,735,889.0,154.0,True,within tolerance,"nearest-day match, MRI_TOLERANCE_DAYS=365"
OAS31142,1463,1267.0,196.0,True,within tolerance,"nearest-day match, MRI_TOLERANCE_DAYS=365"
OAS31142,2209,2109.0,100.0,True,within tolerance,"nearest-day match, MRI_TOLERANCE_DAYS=365"
OAS31142,4453,4594.0,141.0,True,within tolerance,"nearest-day match, MRI_TOLERANCE_DAYS=365"
OAS31142,4804,4594.0,210.0,True,within tolerance,"nearest-day match, MRI_TOLERANCE_DAYS=365"
OAS31142,5189,4594.0,595.0,False,nearest MRI is 595 days away (exceeds 365-day tolerance),"nearest-day match, MRI_TOLERANCE_DAYS=365"
OAS31142,5614,4594.0,1020.0,False,nearest MRI is 1020 days away (exceeds 365-day tolerance),"nearest-day match, MRI_TOLERANCE_DAYS=365"
OAS31143,0,109.0,109.0,True,within tolerance,"nearest-day match, MRI_TOLERANCE_DAYS=365"
OAS31143,558,109.0,449.0,False,nearest MRI is 449 days away (exceeds 365-day tolerance),"nearest-day match, MRI_TOLERANCE_DAYS=365"
OAS31145,0,483.0,483.0,False,nearest MRI is 483 days away (exceeds 365-day tolerance),"nearest-day match, MRI_TOLERANCE_DAYS=365"
OAS31145,385,483.0,98.0,True,within tolerance,"nearest-day match, MRI_TOLERANCE_DAYS=365"
OAS31145,1505,483.0,1022.0,False,nearest MRI is 1022 days away (exceeds 365-day tolerance),"nearest-day match, MRI_TOLERANCE_DAYS=365"
OAS31145,3747,483.0,3264.0,False,nearest MRI is 3264 days away (exceeds 365-day tolerance),"nearest-day match, MRI_TOLERANCE_DAYS=365"
OAS31145,4116,483.0,3633.0,False,nearest MRI is 3633 days away (exceeds 365-day tolerance),"nearest-day match, MRI_TOLERANCE_DAYS=365"
OAS31145,4533,483.0,4050.0,False,nearest MRI is 4050 days away (exceeds 365-day tolerance),"nearest-day match, MRI_TOLERANCE_DAYS=365"
OAS31146,420,73.0,347.0,True,within tolerance,"nearest-day match, MRI_TOLERANCE_DAYS=365"
OAS31146,1081,1882.0,801.0,False,nearest MRI is 801 days away (exceeds 365-day tolerance),"nearest-day match, MRI_TOLERANCE_DAYS=365"
OAS31146,1449,1882.0,433.0,False,nearest MRI is 433 days away (exceeds 365-day tolerance),"nearest-day match, MRI_TOLERANCE_DAYS=365"
OAS31146,1882,1882.0,0.0,True,within tolerance,"nearest-day match, MRI_TOLERANCE_DAYS=365"
OAS31146,2177,1882.0,295.0,True,within tolerance,"nearest-day match, MRI_TOLERANCE_DAYS=365"
OAS31146,2541,1882.0,659.0,False,nearest MRI is 659 days away (exceeds 365-day tolerance),"nearest-day match, MRI_TOLERANCE_DAYS=365"
OAS31147,1086,1218.0,132.0,True,within tolerance,"nearest-day match, MRI_TOLERANCE_DAYS=365"
OAS31148,0,254.0,254.0,True,within tolerance,"nearest-day match, MRI_TOLERANCE_DAYS=365"
OAS31148,1218,1997.0,779.0,False,nearest MRI is 779 days away (exceeds 365-day tolerance),"nearest-day match, MRI_TOLERANCE_DAYS=365"
OAS31149,0,61.0,61.0,True,within tolerance,"nearest-day match, MRI_TOLERANCE_DAYS=365"
OAS31149,950,1386.0,436.0,False,nearest MRI is 436 days away (exceeds 365-day tolerance),"nearest-day match, MRI_TOLERANCE_DAYS=365"
OAS31149,1321,1386.0,65.0,True,within tolerance,"nearest-day match, MRI_TOLERANCE_DAYS=365"
OAS31149,1691,1386.0,305.0,True,within tolerance,"nearest-day match, MRI_TOLERANCE_DAYS=365"
OAS31150,0,73.0,73.0,True,within tolerance,"nearest-day match, MRI_TOLERANCE_DAYS=365"
OAS31150,379,73.0,306.0,True,within tolerance,"nearest-day match, MRI_TOLERANCE_DAYS=365"
OAS31150,863,1416.0,553.0,False,nearest MRI is 553 days away (exceeds 365-day tolerance),"nearest-day match, MRI_TOLERANCE_DAYS=365"
OAS31150,2436,2604.0,168.0,True,within tolerance,"nearest-day match, MRI_TOLERANCE_DAYS=365"
OAS31151,0,86.0,86.0,True,within tolerance,"nearest-day match, MRI_TOLERANCE_DAYS=365"
OAS31151,723,86.0,637.0,False,nearest MRI is 637 days away (exceeds 365-day tolerance),"nearest-day match, MRI_TOLERANCE_DAYS=365"
OAS31151,1457,86.0,1371.0,False,nearest MRI is 1371 days away (exceeds 365-day tolerance),"nearest-day match, MRI_TOLERANCE_DAYS=365"
OAS31152,0,92.0,92.0,True,within tolerance,"nearest-day match, MRI_TOLERANCE_DAYS=365"
OAS31152,373,92.0,281.0,True,within tolerance,"nearest-day match, MRI_TOLERANCE_DAYS=365"
OAS31153,0,771.0,771.0,False,nearest MRI is 771 days away (exceeds 365-day tolerance),"nearest-day match, MRI_TOLERANCE_DAYS=365"
OAS31153,1169,1174.0,5.0,True,within tolerance,"nearest-day match, MRI_TOLERANCE_DAYS=365"
OAS31153,1478,1239.0,239.0,True,within tolerance,"nearest-day match, MRI_TOLERANCE_DAYS=365"
OAS31153,1834,2282.0,448.0,False,nearest MRI is 448 days away (exceeds 365-day tolerance),"nearest-day match, MRI_TOLERANCE_DAYS=365"
OAS31153,2178,2282.0,104.0,True,within tolerance,"nearest-day match, MRI_TOLERANCE_DAYS=365"
OAS31153,2575,2282.0,293.0,True,within tolerance,"nearest-day match, MRI_TOLERANCE_DAYS=365"
OAS31154,0,34.0,34.0,True,within tolerance,"nearest-day match, MRI_TOLERANCE_DAYS=365"
OAS31154,363,34.0,329.0,True,within tolerance,"nearest-day match, MRI_TOLERANCE_DAYS=365"
OAS31155,0,6242.0,6242.0,False,nearest MRI is 6242 days away (exceeds 365-day tolerance),"nearest-day match, MRI_TOLERANCE_DAYS=365"
OAS31155,773,6242.0,5469.0,False,nearest MRI is 5469 days away (exceeds 365-day tolerance),"nearest-day match, MRI_TOLERANCE_DAYS=365"
OAS31155,1151,6242.0,5091.0,False,nearest MRI is 5091 days away (exceeds 365-day tolerance),"nearest-day match, MRI_TOLERANCE_DAYS=365"
OAS31155,1460,6242.0,4782.0,False,nearest MRI is 4782 days away (exceeds 365-day tolerance),"nearest-day match, MRI_TOLERANCE_DAYS=365"
OAS31155,2271,6242.0,3971.0,False,nearest MRI is 3971 days away (exceeds 365-day tolerance),"nearest-day match, MRI_TOLERANCE_DAYS=365"
OAS31155,2896,6242.0,3346.0,False,nearest MRI is 3346 days away (exceeds 365-day tolerance),"nearest-day match, MRI_TOLERANCE_DAYS=365"
OAS31155,3281,6242.0,2961.0,False,nearest MRI is 2961 days away (exceeds 365-day tolerance),"nearest-day match, MRI_TOLERANCE_DAYS=365"
OAS31155,4058,6242.0,2184.0,False,nearest MRI is 2184 days away (exceeds 365-day tolerance),"nearest-day match, MRI_TOLERANCE_DAYS=365"
OAS31155,4455,6242.0,1787.0,False,nearest MRI is 1787 days away (exceeds 365-day tolerance),"nearest-day match, MRI_TOLERANCE_DAYS=365"
OAS31155,4819,6242.0,1423.0,False,nearest MRI is 1423 days away (exceeds 365-day tolerance),"nearest-day match, MRI_TOLERANCE_DAYS=365"
OAS31155,5239,6242.0,1003.0,False,nearest MRI is 1003 days away (exceeds 365-day tolerance),"nearest-day match, MRI_TOLERANCE_DAYS=365"
OAS31155,5612,6242.0,630.0,False,nearest MRI is 630 days away (exceeds 365-day tolerance),"nearest-day match, MRI_TOLERANCE_DAYS=365"
OAS31155,5936,6242.0,306.0,True,within tolerance,"nearest-day match, MRI_TOLERANCE_DAYS=365"
OAS31155,6984,7635.0,651.0,False,nearest MRI is 651 days away (exceeds 365-day tolerance),"nearest-day match, MRI_TOLERANCE_DAYS=365"
OAS31155,7347,7635.0,288.0,True,within tolerance,"nearest-day match, MRI_TOLERANCE_DAYS=365"
OAS31155,7691,7635.0,56.0,True,within tolerance,"nearest-day match, MRI_TOLERANCE_DAYS=365"
OAS31155,8064,7635.0,429.0,False,nearest MRI is 429 days away (exceeds 365-day tolerance),"nearest-day match, MRI_TOLERANCE_DAYS=365"
OAS31155,8438,8643.0,205.0,True,within tolerance,"nearest-day match, MRI_TOLERANCE_DAYS=365"
OAS31155,9922,8643.0,1279.0,False,nearest MRI is 1279 days away (exceeds 365-day tolerance),"nearest-day match, MRI_TOLERANCE_DAYS=365"
OAS31155,10287,8643.0,1644.0,False,nearest MRI is 1644 days away (exceeds 365-day tolerance),"nearest-day match, MRI_TOLERANCE_DAYS=365"
OAS31155,10694,8643.0,2051.0,False,nearest MRI is 2051 days away (exceeds 365-day tolerance),"nearest-day match, MRI_TOLERANCE_DAYS=365"
OAS31157,0,1361.0,1361.0,False,nearest MRI is 1361 days away (exceeds 365-day tolerance),"nearest-day match, MRI_TOLERANCE_DAYS=365"
OAS31157,2213,1964.0,249.0,True,within tolerance,"nearest-day match, MRI_TOLERANCE_DAYS=365"
OAS31157,4799,4924.0,125.0,True,within tolerance,"nearest-day match, MRI_TOLERANCE_DAYS=365"
OAS31157,5499,4924.0,575.0,False,nearest MRI is 575 days away (exceeds 365-day tolerance),"nearest-day match, MRI_TOLERANCE_DAYS=365"
OAS31157,6293,6328.0,35.0,True,within tolerance,"nearest-day match, MRI_TOLERANCE_DAYS=365"
OAS31158,0,29.0,29.0,True,within tolerance,"nearest-day match, MRI_TOLERANCE_DAYS=365"
OAS31158,1137,668.0,469.0,False,nearest MRI is 469 days away (exceeds 365-day tolerance),"nearest-day match, MRI_TOLERANCE_DAYS=365"
OAS31158,1514,668.0,846.0,False,nearest MRI is 846 days away (exceeds 365-day tolerance),"nearest-day match, MRI_TOLERANCE_DAYS=365"
OAS31159,0,74.0,74.0,True,within tolerance,"nearest-day match, MRI_TOLERANCE_DAYS=365"
OAS31159,437,74.0,363.0,True,within tolerance,"nearest-day match, MRI_TOLERANCE_DAYS=365"
OAS31159,780,1019.0,239.0,True,within tolerance,"nearest-day match, MRI_TOLERANCE_DAYS=365"
OAS31159,1221,1019.0,202.0,True,within tolerance,"nearest-day match, MRI_TOLERANCE_DAYS=365"
OAS31159,1701,1019.0,682.0,False,nearest MRI is 682 days away (exceeds 365-day tolerance),"nearest-day match, MRI_TOLERANCE_DAYS=365"
OAS31159,2323,1019.0,1304.0,False,nearest MRI is 1304 days away (exceeds 365-day tolerance),"nearest-day match, MRI_TOLERANCE_DAYS=365"
OAS31159,4070,1019.0,3051.0,False,nearest MRI is 3051 days away (exceeds 365-day tolerance),"nearest-day match, MRI_TOLERANCE_DAYS=365"
OAS31160,719,6062.0,5343.0,False,nearest MRI is 5343 days away (exceeds 365-day tolerance),"nearest-day match, MRI_TOLERANCE_DAYS=365"
OAS31160,2241,6062.0,3821.0,False,nearest MRI is 3821 days away (exceeds 365-day tolerance),"nearest-day match, MRI_TOLERANCE_DAYS=365"
OAS31160,2567,6062.0,3495.0,False,nearest MRI is 3495 days away (exceeds 365-day tolerance),"nearest-day match, MRI_TOLERANCE_DAYS=365"
OAS31160,2917,6062.0,3145.0,False,nearest MRI is 3145 days away (exceeds 365-day tolerance),"nearest-day match, MRI_TOLERANCE_DAYS=365"
OAS31160,3653,6062.0,2409.0,False,nearest MRI is 2409 days away (exceeds 365-day tolerance),"nearest-day match, MRI_TOLERANCE_DAYS=365"
OAS31160,4746,6062.0,1316.0,False,nearest MRI is 1316 days away (exceeds 365-day tolerance),"nearest-day match, MRI_TOLERANCE_DAYS=365"
OAS31160,5479,6062.0,583.0,False,nearest MRI is 583 days away (exceeds 365-day tolerance),"nearest-day match, MRI_TOLERANCE_DAYS=365"
OAS31160,6246,6062.0,184.0,True,within tolerance,"nearest-day match, MRI_TOLERANCE_DAYS=365"
OAS31160,6561,6062.0,499.0,False,nearest MRI is 499 days away (exceeds 365-day tolerance),"nearest-day match, MRI_TOLERANCE_DAYS=365"
OAS31160,6960,6062.0,898.0,False,nearest MRI is 898 days away (exceeds 365-day tolerance),"nearest-day match, MRI_TOLERANCE_DAYS=365"
OAS31160,7330,6062.0,1268.0,False,nearest MRI is 1268 days away (exceeds 365-day tolerance),"nearest-day match, MRI_TOLERANCE_DAYS=365"
OAS31160,7657,6062.0,1595.0,False,nearest MRI is 1595 days away (exceeds 365-day tolerance),"nearest-day match, MRI_TOLERANCE_DAYS=365"
OAS31160,8072,6062.0,2010.0,False,nearest MRI is 2010 days away (exceeds 365-day tolerance),"nearest-day match, MRI_TOLERANCE_DAYS=365"
OAS31160,8489,6062.0,2427.0,False,nearest MRI is 2427 days away (exceeds 365-day tolerance),"nearest-day match, MRI_TOLERANCE_DAYS=365"
OAS31161,0,56.0,56.0,True,within tolerance,"nearest-day match, MRI_TOLERANCE_DAYS=365"
OAS31162,0,107.0,107.0,True,within tolerance,"nearest-day match, MRI_TOLERANCE_DAYS=365"
OAS31162,476,107.0,369.0,False,nearest MRI is 369 days away (exceeds 365-day tolerance),"nearest-day match, MRI_TOLERANCE_DAYS=365"
OAS31162,2319,107.0,2212.0,False,nearest MRI is 2212 days away (exceeds 365-day tolerance),"nearest-day match, MRI_TOLERANCE_DAYS=365"
OAS31164,0,69.0,69.0,True,within tolerance,"nearest-day match, MRI_TOLERANCE_DAYS=365"
OAS31164,452,69.0,383.0,False,nearest MRI is 383 days away (exceeds 365-day tolerance),"nearest-day match, MRI_TOLERANCE_DAYS=365"
OAS31164,866,69.0,797.0,False,nearest MRI is 797 days away (exceeds 365-day tolerance),"nearest-day match, MRI_TOLERANCE_DAYS=365"
OAS31164,1319,1678.0,359.0,True,within tolerance,"nearest-day match, MRI_TOLERANCE_DAYS=365"
OAS31164,1680,1678.0,2.0,True,within tolerance,"nearest-day match, MRI_TOLERANCE_DAYS=365"
OAS31164,2121,1678.0,443.0,False,nearest MRI is 443 days away (exceeds 365-day tolerance),"nearest-day match, MRI_TOLERANCE_DAYS=365"
OAS31164,2950,1678.0,1272.0,False,nearest MRI is 1272 days away (exceeds 365-day tolerance),"nearest-day match, MRI_TOLERANCE_DAYS=365"
OAS31164,3423,1678.0,1745.0,False,nearest MRI is 1745 days away (exceeds 365-day tolerance),"nearest-day match, MRI_TOLERANCE_DAYS=365"
OAS31165,0,426.0,426.0,False,nearest MRI is 426 days away (exceeds 365-day tolerance),"nearest-day match, MRI_TOLERANCE_DAYS=365"
OAS31165,1072,1122.0,50.0,True,within tolerance,"nearest-day match, MRI_TOLERANCE_DAYS=365"
OAS31165,2262,1122.0,1140.0,False,nearest MRI is 1140 days away (exceeds 365-day tolerance),"nearest-day match, MRI_TOLERANCE_DAYS=365"
OAS31166,0,947.0,947.0,False,nearest MRI is 947 days away (exceeds 365-day tolerance),"nearest-day match, MRI_TOLERANCE_DAYS=365"
OAS31166,1347,947.0,400.0,False,nearest MRI is 400 days away (exceeds 365-day tolerance),"nearest-day match, MRI_TOLERANCE_DAYS=365"
OAS31166,2373,947.0,1426.0,False,nearest MRI is 1426 days away (exceeds 365-day tolerance),"nearest-day match, MRI_TOLERANCE_DAYS=365"
OAS31167,0,64.0,64.0,True,within tolerance,"nearest-day match, MRI_TOLERANCE_DAYS=365"
OAS31167,4565,4564.0,1.0,True,within tolerance,"nearest-day match, MRI_TOLERANCE_DAYS=365"
OAS31168,0,148.0,148.0,True,within tolerance,"nearest-day match, MRI_TOLERANCE_DAYS=365"
OAS31168,371,148.0,223.0,True,within tolerance,"nearest-day match, MRI_TOLERANCE_DAYS=365"
OAS31168,737,148.0,589.0,False,nearest MRI is 589 days away (exceeds 365-day tolerance),"nearest-day match, MRI_TOLERANCE_DAYS=365"
OAS31168,1114,1566.0,452.0,False,nearest MRI is 452 days away (exceeds 365-day tolerance),"nearest-day match, MRI_TOLERANCE_DAYS=365"
OAS31168,1506,1566.0,60.0,True,within tolerance,"nearest-day match, MRI_TOLERANCE_DAYS=365"
OAS31168,1933,1566.0,367.0,False,nearest MRI is 367 days away (exceeds 365-day tolerance),"nearest-day match, MRI_TOLERANCE_DAYS=365"
OAS31168,2438,2526.0,88.0,True,within tolerance,"nearest-day match, MRI_TOLERANCE_DAYS=365"
OAS31168,3081,3493.0,412.0,False,nearest MRI is 412 days away (exceeds 365-day tolerance),"nearest-day match, MRI_TOLERANCE_DAYS=365"
OAS31168,3374,3493.0,119.0,True,within tolerance,"nearest-day match, MRI_TOLERANCE_DAYS=365"
OAS31168,3696,3493.0,203.0,True,within tolerance,"nearest-day match, MRI_TOLERANCE_DAYS=365"
OAS31168,4138,3493.0,645.0,False,nearest MRI is 645 days away (exceeds 365-day tolerance),"nearest-day match, MRI_TOLERANCE_DAYS=365"
OAS31168,4535,3493.0,1042.0,False,nearest MRI is 1042 days away (exceeds 365-day tolerance),"nearest-day match, MRI_TOLERANCE_DAYS=365"
OAS31169,0,620.0,620.0,False,nearest MRI is 620 days away (exceeds 365-day tolerance),"nearest-day match, MRI_TOLERANCE_DAYS=365"
OAS31169,1537,620.0,917.0,False,nearest MRI is 917 days away (exceeds 365-day tolerance),"nearest-day match, MRI_TOLERANCE_DAYS=365"
OAS31170,0,2410.0,2410.0,False,nearest MRI is 2410 days away (exceeds 365-day tolerance),"nearest-day match, MRI_TOLERANCE_DAYS=365"
OAS31170,2276,2410.0,134.0,True,within tolerance,"nearest-day match, MRI_TOLERANCE_DAYS=365"
OAS31170,2697,2410.0,287.0,True,within tolerance,"nearest-day match, MRI_TOLERANCE_DAYS=365"
OAS31170,3135,2410.0,725.0,False,nearest MRI is 725 days away (exceeds 365-day tolerance),"nearest-day match, MRI_TOLERANCE_DAYS=365"
OAS31171,0,,,False,subject has zero MRI/FreeSurfer records,"nearest-day match, MRI_TOLERANCE_DAYS=365"
OAS31171,350,,,False,subject has zero MRI/FreeSurfer records,"nearest-day match, MRI_TOLERANCE_DAYS=365"
OAS31171,763,,,False,subject has zero MRI/FreeSurfer records,"nearest-day match, MRI_TOLERANCE_DAYS=365"
OAS31172,0,407.0,407.0,False,nearest MRI is 407 days away (exceeds 365-day tolerance),"nearest-day match, MRI_TOLERANCE_DAYS=365"
OAS31172,406,407.0,1.0,True,within tolerance,"nearest-day match, MRI_TOLERANCE_DAYS=365"
OAS31172,823,407.0,416.0,False,nearest MRI is 416 days away (exceeds 365-day tolerance),"nearest-day match, MRI_TOLERANCE_DAYS=365"
OAS31172,1215,1717.0,502.0,False,nearest MRI is 502 days away (exceeds 365-day tolerance),"nearest-day match, MRI_TOLERANCE_DAYS=365"
OAS31172,1565,1717.0,152.0,True,within tolerance,"nearest-day match, MRI_TOLERANCE_DAYS=365"
OAS31172,1908,1717.0,191.0,True,within tolerance,"nearest-day match, MRI_TOLERANCE_DAYS=365"
OAS31172,2816,1717.0,1099.0,False,nearest MRI is 1099 days away (exceeds 365-day tolerance),"nearest-day match, MRI_TOLERANCE_DAYS=365"
OAS31172,3294,1717.0,1577.0,False,nearest MRI is 1577 days away (exceeds 365-day tolerance),"nearest-day match, MRI_TOLERANCE_DAYS=365"
OAS31175,0,69.0,69.0,True,within tolerance,"nearest-day match, MRI_TOLERANCE_DAYS=365"
OAS31175,324,69.0,255.0,True,within tolerance,"nearest-day match, MRI_TOLERANCE_DAYS=365"
OAS31175,783,69.0,714.0,False,nearest MRI is 714 days away (exceeds 365-day tolerance),"nearest-day match, MRI_TOLERANCE_DAYS=365"
OAS31175,1149,69.0,1080.0,False,nearest MRI is 1080 days away (exceeds 365-day tolerance),"nearest-day match, MRI_TOLERANCE_DAYS=365"
OAS31176,0,97.0,97.0,True,within tolerance,"nearest-day match, MRI_TOLERANCE_DAYS=365"
OAS31176,1150,97.0,1053.0,False,nearest MRI is 1053 days away (exceeds 365-day tolerance),"nearest-day match, MRI_TOLERANCE_DAYS=365"
OAS31177,0,22.0,22.0,True,within tolerance,"nearest-day match, MRI_TOLERANCE_DAYS=365"
OAS31178,0,3655.0,3655.0,False,nearest MRI is 3655 days away (exceeds 365-day tolerance),"nearest-day match, MRI_TOLERANCE_DAYS=365"
OAS31178,462,3655.0,3193.0,False,nearest MRI is 3193 days away (exceeds 365-day tolerance),"nearest-day match, MRI_TOLERANCE_DAYS=365"
OAS31178,819,3655.0,2836.0,False,nearest MRI is 2836 days away (exceeds 365-day tolerance),"nearest-day match, MRI_TOLERANCE_DAYS=365"
OAS31178,1129,3655.0,2526.0,False,nearest MRI is 2526 days away (exceeds 365-day tolerance),"nearest-day match, MRI_TOLERANCE_DAYS=365"
OAS31178,1476,3655.0,2179.0,False,nearest MRI is 2179 days away (exceeds 365-day tolerance),"nearest-day match, MRI_TOLERANCE_DAYS=365"
OAS31178,2028,3655.0,1627.0,False,nearest MRI is 1627 days away (exceeds 365-day tolerance),"nearest-day match, MRI_TOLERANCE_DAYS=365"
OAS31178,2578,3655.0,1077.0,False,nearest MRI is 1077 days away (exceeds 365-day tolerance),"nearest-day match, MRI_TOLERANCE_DAYS=365"
OAS31178,2990,3655.0,665.0,False,nearest MRI is 665 days away (exceeds 365-day tolerance),"nearest-day match, MRI_TOLERANCE_DAYS=365"
OAS31178,3534,3655.0,121.0,True,within tolerance,"nearest-day match, MRI_TOLERANCE_DAYS=365"
OAS31178,3852,3655.0,197.0,True,within tolerance,"nearest-day match, MRI_TOLERANCE_DAYS=365"
OAS31178,4241,3655.0,586.0,False,nearest MRI is 586 days away (exceeds 365-day tolerance),"nearest-day match, MRI_TOLERANCE_DAYS=365"
OAS31179,0,180.0,180.0,True,within tolerance,"nearest-day match, MRI_TOLERANCE_DAYS=365"
OAS31180,0,161.0,161.0,True,within tolerance,"nearest-day match, MRI_TOLERANCE_DAYS=365"
OAS31180,1148,162.0,986.0,False,nearest MRI is 986 days away (exceeds 365-day tolerance),"nearest-day match, MRI_TOLERANCE_DAYS=365"
OAS31181,0,120.0,120.0,True,within tolerance,"nearest-day match, MRI_TOLERANCE_DAYS=365"
OAS31184,0,56.0,56.0,True,within tolerance,"nearest-day match, MRI_TOLERANCE_DAYS=365"
OAS31184,857,56.0,801.0,False,nearest MRI is 801 days away (exceeds 365-day tolerance),"nearest-day match, MRI_TOLERANCE_DAYS=365"
OAS31184,1217,56.0,1161.0,False,nearest MRI is 1161 days away (exceeds 365-day tolerance),"nearest-day match, MRI_TOLERANCE_DAYS=365"
OAS31184,1560,56.0,1504.0,False,nearest MRI is 1504 days away (exceeds 365-day tolerance),"nearest-day match, MRI_TOLERANCE_DAYS=365"
OAS31185,0,172.0,172.0,True,within tolerance,"nearest-day match, MRI_TOLERANCE_DAYS=365"
OAS31186,0,102.0,102.0,True,within tolerance,"nearest-day match, MRI_TOLERANCE_DAYS=365"
OAS31186,1158,102.0,1056.0,False,nearest MRI is 1056 days away (exceeds 365-day tolerance),"nearest-day match, MRI_TOLERANCE_DAYS=365"
OAS31188,0,81.0,81.0,True,within tolerance,"nearest-day match, MRI_TOLERANCE_DAYS=365"
OAS31189,0,112.0,112.0,True,within tolerance,"nearest-day match, MRI_TOLERANCE_DAYS=365"
OAS31189,382,112.0,270.0,True,within tolerance,"nearest-day match, MRI_TOLERANCE_DAYS=365"
OAS31189,893,112.0,781.0,False,nearest MRI is 781 days away (exceeds 365-day tolerance),"nearest-day match, MRI_TOLERANCE_DAYS=365"
OAS31189,1215,112.0,1103.0,False,nearest MRI is 1103 days away (exceeds 365-day tolerance),"nearest-day match, MRI_TOLERANCE_DAYS=365"
OAS31190,0,81.0,81.0,True,within tolerance,"nearest-day match, MRI_TOLERANCE_DAYS=365"
OAS31191,0,69.0,69.0,True,within tolerance,"nearest-day match, MRI_TOLERANCE_DAYS=365"
OAS31192,0,36.0,36.0,True,within tolerance,"nearest-day match, MRI_TOLERANCE_DAYS=365"
OAS31193,0,275.0,275.0,True,within tolerance,"nearest-day match, MRI_TOLERANCE_DAYS=365"
OAS31195,0,98.0,98.0,True,within tolerance,"nearest-day match, MRI_TOLERANCE_DAYS=365"
OAS31195,398,98.0,300.0,True,within tolerance,"nearest-day match, MRI_TOLERANCE_DAYS=365"
OAS31196,0,135.0,135.0,True,within tolerance,"nearest-day match, MRI_TOLERANCE_DAYS=365"
OAS31196,350,135.0,215.0,True,within tolerance,"nearest-day match, MRI_TOLERANCE_DAYS=365"
OAS31196,793,135.0,658.0,False,nearest MRI is 658 days away (exceeds 365-day tolerance),"nearest-day match, MRI_TOLERANCE_DAYS=365"
OAS31196,1150,135.0,1015.0,False,nearest MRI is 1015 days away (exceeds 365-day tolerance),"nearest-day match, MRI_TOLERANCE_DAYS=365"
OAS31196,1493,135.0,1358.0,False,nearest MRI is 1358 days away (exceeds 365-day tolerance),"nearest-day match, MRI_TOLERANCE_DAYS=365"
OAS31197,0,179.0,179.0,True,within tolerance,"nearest-day match, MRI_TOLERANCE_DAYS=365"
OAS31197,738,179.0,559.0,False,nearest MRI is 559 days away (exceeds 365-day tolerance),"nearest-day match, MRI_TOLERANCE_DAYS=365"
OAS31198,456,120.0,336.0,True,within tolerance,"nearest-day match, MRI_TOLERANCE_DAYS=365"
OAS31198,794,120.0,674.0,False,nearest MRI is 674 days away (exceeds 365-day tolerance),"nearest-day match, MRI_TOLERANCE_DAYS=365"
OAS31199,0,111.0,111.0,True,within tolerance,"nearest-day match, MRI_TOLERANCE_DAYS=365"
OAS31201,0,172.0,172.0,True,within tolerance,"nearest-day match, MRI_TOLERANCE_DAYS=365"
OAS31201,362,172.0,190.0,True,within tolerance,"nearest-day match, MRI_TOLERANCE_DAYS=365"
OAS31201,564,172.0,392.0,False,nearest MRI is 392 days away (exceeds 365-day tolerance),"nearest-day match, MRI_TOLERANCE_DAYS=365"
OAS31202,0,43.0,43.0,True,within tolerance,"nearest-day match, MRI_TOLERANCE_DAYS=365"
OAS31202,442,106.0,336.0,True,within tolerance,"nearest-day match, MRI_TOLERANCE_DAYS=365"
OAS31203,0,237.0,237.0,True,within tolerance,"nearest-day match, MRI_TOLERANCE_DAYS=365"
OAS31203,476,238.0,238.0,True,within tolerance,"nearest-day match, MRI_TOLERANCE_DAYS=365"
OAS31203,1223,238.0,985.0,False,nearest MRI is 985 days away (exceeds 365-day tolerance),"nearest-day match, MRI_TOLERANCE_DAYS=365"
OAS31204,0,6.0,6.0,True,within tolerance,"nearest-day match, MRI_TOLERANCE_DAYS=365"
OAS31204,364,6.0,358.0,True,within tolerance,"nearest-day match, MRI_TOLERANCE_DAYS=365"
OAS31204,763,6.0,757.0,False,nearest MRI is 757 days away (exceeds 365-day tolerance),"nearest-day match, MRI_TOLERANCE_DAYS=365"
OAS31204,1051,6.0,1045.0,False,nearest MRI is 1045 days away (exceeds 365-day tolerance),"nearest-day match, MRI_TOLERANCE_DAYS=365"
OAS31205,0,77.0,77.0,True,within tolerance,"nearest-day match, MRI_TOLERANCE_DAYS=365"
OAS31205,586,77.0,509.0,False,nearest MRI is 509 days away (exceeds 365-day tolerance),"nearest-day match, MRI_TOLERANCE_DAYS=365"
OAS31206,0,218.0,218.0,True,within tolerance,"nearest-day match, MRI_TOLERANCE_DAYS=365"
OAS31206,468,218.0,250.0,True,within tolerance,"nearest-day match, MRI_TOLERANCE_DAYS=365"
OAS31207,0,49.0,49.0,True,within tolerance,"nearest-day match, MRI_TOLERANCE_DAYS=365"
OAS31208,0,94.0,94.0,True,within tolerance,"nearest-day match, MRI_TOLERANCE_DAYS=365"
OAS31209,0,95.0,95.0,True,within tolerance,"nearest-day match, MRI_TOLERANCE_DAYS=365"
OAS31209,446,95.0,351.0,True,within tolerance,"nearest-day match, MRI_TOLERANCE_DAYS=365"
OAS31209,861,95.0,766.0,False,nearest MRI is 766 days away (exceeds 365-day tolerance),"nearest-day match, MRI_TOLERANCE_DAYS=365"
OAS31209,1208,95.0,1113.0,False,nearest MRI is 1113 days away (exceeds 365-day tolerance),"nearest-day match, MRI_TOLERANCE_DAYS=365"
OAS31210,0,64.0,64.0,True,within tolerance,"nearest-day match, MRI_TOLERANCE_DAYS=365"
OAS31213,0,114.0,114.0,True,within tolerance,"nearest-day match, MRI_TOLERANCE_DAYS=365"
OAS31214,0,77.0,77.0,True,within tolerance,"nearest-day match, MRI_TOLERANCE_DAYS=365"
OAS31217,0,118.0,118.0,True,within tolerance,"nearest-day match, MRI_TOLERANCE_DAYS=365"
OAS31217,402,119.0,283.0,True,within tolerance,"nearest-day match, MRI_TOLERANCE_DAYS=365"
OAS31217,1115,119.0,996.0,False,nearest MRI is 996 days away (exceeds 365-day tolerance),"nearest-day match, MRI_TOLERANCE_DAYS=365"
OAS31219,0,98.0,98.0,True,within tolerance,"nearest-day match, MRI_TOLERANCE_DAYS=365"
OAS31220,0,82.0,82.0,True,within tolerance,"nearest-day match, MRI_TOLERANCE_DAYS=365"
OAS31220,384,82.0,302.0,True,within tolerance,"nearest-day match, MRI_TOLERANCE_DAYS=365"
OAS31220,738,82.0,656.0,False,nearest MRI is 656 days away (exceeds 365-day tolerance),"nearest-day match, MRI_TOLERANCE_DAYS=365"
OAS31220,1168,82.0,1086.0,False,nearest MRI is 1086 days away (exceeds 365-day tolerance),"nearest-day match, MRI_TOLERANCE_DAYS=365"
OAS31221,0,17.0,17.0,True,within tolerance,"nearest-day match, MRI_TOLERANCE_DAYS=365"
OAS31222,0,40.0,40.0,True,within tolerance,"nearest-day match, MRI_TOLERANCE_DAYS=365"
OAS31224,0,116.0,116.0,True,within tolerance,"nearest-day match, MRI_TOLERANCE_DAYS=365"
OAS31224,1155,116.0,1039.0,False,nearest MRI is 1039 days away (exceeds 365-day tolerance),"nearest-day match, MRI_TOLERANCE_DAYS=365"
OAS31225,0,132.0,132.0,True,within tolerance,"nearest-day match, MRI_TOLERANCE_DAYS=365"
OAS31225,355,132.0,223.0,True,within tolerance,"nearest-day match, MRI_TOLERANCE_DAYS=365"
OAS31225,887,132.0,755.0,False,nearest MRI is 755 days away (exceeds 365-day tolerance),"nearest-day match, MRI_TOLERANCE_DAYS=365"
OAS31226,0,63.0,63.0,True,within tolerance,"nearest-day match, MRI_TOLERANCE_DAYS=365"
OAS31226,743,63.0,680.0,False,nearest MRI is 680 days away (exceeds 365-day tolerance),"nearest-day match, MRI_TOLERANCE_DAYS=365"
OAS31226,1160,63.0,1097.0,False,nearest MRI is 1097 days away (exceeds 365-day tolerance),"nearest-day match, MRI_TOLERANCE_DAYS=365"
OAS31227,0,50.0,50.0,True,within tolerance,"nearest-day match, MRI_TOLERANCE_DAYS=365"
OAS31227,846,50.0,796.0,False,nearest MRI is 796 days away (exceeds 365-day tolerance),"nearest-day match, MRI_TOLERANCE_DAYS=365"
OAS31228,549,218.0,331.0,True,within tolerance,"nearest-day match, MRI_TOLERANCE_DAYS=365"
OAS31228,961,218.0,743.0,False,nearest MRI is 743 days away (exceeds 365-day tolerance),"nearest-day match, MRI_TOLERANCE_DAYS=365"
OAS31229,0,25.0,25.0,True,within tolerance,"nearest-day match, MRI_TOLERANCE_DAYS=365"
OAS31229,424,130.0,294.0,True,within tolerance,"nearest-day match, MRI_TOLERANCE_DAYS=365"
OAS31229,802,130.0,672.0,False,nearest MRI is 672 days away (exceeds 365-day tolerance),"nearest-day match, MRI_TOLERANCE_DAYS=365"
OAS31230,0,,,False,subject has zero MRI/FreeSurfer records,"nearest-day match, MRI_TOLERANCE_DAYS=365"
OAS31230,359,,,False,subject has zero MRI/FreeSurfer records,"nearest-day match, MRI_TOLERANCE_DAYS=365"
OAS31230,800,,,False,subject has zero MRI/FreeSurfer records,"nearest-day match, MRI_TOLERANCE_DAYS=365"
OAS31231,0,35.0,35.0,True,within tolerance,"nearest-day match, MRI_TOLERANCE_DAYS=365"
OAS31231,357,35.0,322.0,True,within tolerance,"nearest-day match, MRI_TOLERANCE_DAYS=365"
OAS31231,765,35.0,730.0,False,nearest MRI is 730 days away (exceeds 365-day tolerance),"nearest-day match, MRI_TOLERANCE_DAYS=365"
OAS31231,1167,35.0,1132.0,False,nearest MRI is 1132 days away (exceeds 365-day tolerance),"nearest-day match, MRI_TOLERANCE_DAYS=365"
OAS31232,0,124.0,124.0,True,within tolerance,"nearest-day match, MRI_TOLERANCE_DAYS=365"
OAS31233,0,246.0,246.0,True,within tolerance,"nearest-day match, MRI_TOLERANCE_DAYS=365"
OAS31233,436,246.0,190.0,True,within tolerance,"nearest-day match, MRI_TOLERANCE_DAYS=365"
OAS31233,805,246.0,559.0,False,nearest MRI is 559 days away (exceeds 365-day tolerance),"nearest-day match, MRI_TOLERANCE_DAYS=365"
OAS31233,1155,246.0,909.0,False,nearest MRI is 909 days away (exceeds 365-day tolerance),"nearest-day match, MRI_TOLERANCE_DAYS=365"
OAS31235,0,54.0,54.0,True,within tolerance,"nearest-day match, MRI_TOLERANCE_DAYS=365"
OAS31236,0,48.0,48.0,True,within tolerance,"nearest-day match, MRI_TOLERANCE_DAYS=365"
OAS31236,540,48.0,492.0,False,nearest MRI is 492 days away (exceeds 365-day tolerance),"nearest-day match, MRI_TOLERANCE_DAYS=365"
OAS31236,826,48.0,778.0,False,nearest MRI is 778 days away (exceeds 365-day tolerance),"nearest-day match, MRI_TOLERANCE_DAYS=365"
OAS31237,0,172.0,172.0,True,within tolerance,"nearest-day match, MRI_TOLERANCE_DAYS=365"
OAS31238,0,57.0,57.0,True,within tolerance,"nearest-day match, MRI_TOLERANCE_DAYS=365"
OAS31239,0,48.0,48.0,True,within tolerance,"nearest-day match, MRI_TOLERANCE_DAYS=365"
OAS31240,0,108.0,108.0,True,within tolerance,"nearest-day match, MRI_TOLERANCE_DAYS=365"
OAS31241,0,69.0,69.0,True,within tolerance,"nearest-day match, MRI_TOLERANCE_DAYS=365"
OAS31241,415,69.0,346.0,True,within tolerance,"nearest-day match, MRI_TOLERANCE_DAYS=365"
OAS31242,0,129.0,129.0,True,within tolerance,"nearest-day match, MRI_TOLERANCE_DAYS=365"
OAS31242,507,129.0,378.0,False,nearest MRI is 378 days away (exceeds 365-day tolerance),"nearest-day match, MRI_TOLERANCE_DAYS=365"
OAS31242,853,129.0,724.0,False,nearest MRI is 724 days away (exceeds 365-day tolerance),"nearest-day match, MRI_TOLERANCE_DAYS=365"
OAS31243,0,11.0,11.0,True,within tolerance,"nearest-day match, MRI_TOLERANCE_DAYS=365"
OAS31245,0,133.0,133.0,True,within tolerance,"nearest-day match, MRI_TOLERANCE_DAYS=365"
OAS31246,0,132.0,132.0,True,within tolerance,"nearest-day match, MRI_TOLERANCE_DAYS=365"
OAS31246,1147,132.0,1015.0,False,nearest MRI is 1015 days away (exceeds 365-day tolerance),"nearest-day match, MRI_TOLERANCE_DAYS=365"
OAS31247,0,110.0,110.0,True,within tolerance,"nearest-day match, MRI_TOLERANCE_DAYS=365"
OAS31248,0,239.0,239.0,True,within tolerance,"nearest-day match, MRI_TOLERANCE_DAYS=365"
OAS31248,429,239.0,190.0,True,within tolerance,"nearest-day match, MRI_TOLERANCE_DAYS=365"
OAS31248,798,239.0,559.0,False,nearest MRI is 559 days away (exceeds 365-day tolerance),"nearest-day match, MRI_TOLERANCE_DAYS=365"
OAS31248,1148,239.0,909.0,False,nearest MRI is 909 days away (exceeds 365-day tolerance),"nearest-day match, MRI_TOLERANCE_DAYS=365"
OAS31249,0,63.0,63.0,True,within tolerance,"nearest-day match, MRI_TOLERANCE_DAYS=365"
OAS31249,370,153.0,217.0,True,within tolerance,"nearest-day match, MRI_TOLERANCE_DAYS=365"
OAS31250,0,174.0,174.0,True,within tolerance,"nearest-day match, MRI_TOLERANCE_DAYS=365"
OAS31251,0,197.0,197.0,True,within tolerance,"nearest-day match, MRI_TOLERANCE_DAYS=365"
OAS31251,433,197.0,236.0,True,within tolerance,"nearest-day match, MRI_TOLERANCE_DAYS=365"
OAS31251,804,197.0,607.0,False,nearest MRI is 607 days away (exceeds 365-day tolerance),"nearest-day match, MRI_TOLERANCE_DAYS=365"
OAS31252,0,113.0,113.0,True,within tolerance,"nearest-day match, MRI_TOLERANCE_DAYS=365"
OAS31252,449,113.0,336.0,True,within tolerance,"nearest-day match, MRI_TOLERANCE_DAYS=365"
OAS31252,813,113.0,700.0,False,nearest MRI is 700 days away (exceeds 365-day tolerance),"nearest-day match, MRI_TOLERANCE_DAYS=365"
OAS31254,0,43.0,43.0,True,within tolerance,"nearest-day match, MRI_TOLERANCE_DAYS=365"
OAS31254,411,138.0,273.0,True,within tolerance,"nearest-day match, MRI_TOLERANCE_DAYS=365"
OAS31255,0,100.0,100.0,True,within tolerance,"nearest-day match, MRI_TOLERANCE_DAYS=365"
OAS31255,423,100.0,323.0,True,within tolerance,"nearest-day match, MRI_TOLERANCE_DAYS=365"
OAS31256,0,163.0,163.0,True,within tolerance,"nearest-day match, MRI_TOLERANCE_DAYS=365"
OAS31256,770,163.0,607.0,False,nearest MRI is 607 days away (exceeds 365-day tolerance),"nearest-day match, MRI_TOLERANCE_DAYS=365"
OAS31257,0,97.0,97.0,True,within tolerance,"nearest-day match, MRI_TOLERANCE_DAYS=365"
OAS31259,570,314.0,256.0,True,within tolerance,"nearest-day match, MRI_TOLERANCE_DAYS=365"
OAS31259,921,314.0,607.0,False,nearest MRI is 607 days away (exceeds 365-day tolerance),"nearest-day match, MRI_TOLERANCE_DAYS=365"
OAS31260,0,138.0,138.0,True,within tolerance,"nearest-day match, MRI_TOLERANCE_DAYS=365"
OAS31260,455,139.0,316.0,True,within tolerance,"nearest-day match, MRI_TOLERANCE_DAYS=365"
OAS31260,1176,139.0,1037.0,False,nearest MRI is 1037 days away (exceeds 365-day tolerance),"nearest-day match, MRI_TOLERANCE_DAYS=365"
OAS31261,0,95.0,95.0,True,within tolerance,"nearest-day match, MRI_TOLERANCE_DAYS=365"
OAS31262,0,33.0,33.0,True,within tolerance,"nearest-day match, MRI_TOLERANCE_DAYS=365"
OAS31262,399,33.0,366.0,False,nearest MRI is 366 days away (exceeds 365-day tolerance),"nearest-day match, MRI_TOLERANCE_DAYS=365"
OAS31263,0,69.0,69.0,True,within tolerance,"nearest-day match, MRI_TOLERANCE_DAYS=365"
OAS31264,0,,,False,subject has zero MRI/FreeSurfer records,"nearest-day match, MRI_TOLERANCE_DAYS=365"
OAS31264,494,,,False,subject has zero MRI/FreeSurfer records,"nearest-day match, MRI_TOLERANCE_DAYS=365"
OAS31265,0,28.0,28.0,True,within tolerance,"nearest-day match, MRI_TOLERANCE_DAYS=365"
OAS31267,0,90.0,90.0,True,within tolerance,"nearest-day match, MRI_TOLERANCE_DAYS=365"
OAS31267,1149,90.0,1059.0,False,nearest MRI is 1059 days away (exceeds 365-day tolerance),"nearest-day match, MRI_TOLERANCE_DAYS=365"
OAS31268,0,40.0,40.0,True,within tolerance,"nearest-day match, MRI_TOLERANCE_DAYS=365"
OAS31268,758,132.0,626.0,False,nearest MRI is 626 days away (exceeds 365-day tolerance),"nearest-day match, MRI_TOLERANCE_DAYS=365"
OAS31269,0,31.0,31.0,True,within tolerance,"nearest-day match, MRI_TOLERANCE_DAYS=365"
OAS31269,1164,31.0,1133.0,False,nearest MRI is 1133 days away (exceeds 365-day tolerance),"nearest-day match, MRI_TOLERANCE_DAYS=365"
OAS31270,0,,,False,subject has zero MRI/FreeSurfer records,"nearest-day match, MRI_TOLERANCE_DAYS=365"
OAS31271,427,139.0,288.0,True,within tolerance,"nearest-day match, MRI_TOLERANCE_DAYS=365"
OAS31272,0,,,False,subject has zero MRI/FreeSurfer records,"nearest-day match, MRI_TOLERANCE_DAYS=365"
OAS31272,413,,,False,subject has zero MRI/FreeSurfer records,"nearest-day match, MRI_TOLERANCE_DAYS=365"
OAS31273,0,52.0,52.0,True,within tolerance,"nearest-day match, MRI_TOLERANCE_DAYS=365"
OAS31273,381,52.0,329.0,True,within tolerance,"nearest-day match, MRI_TOLERANCE_DAYS=365"
OAS31273,791,52.0,739.0,False,nearest MRI is 739 days away (exceeds 365-day tolerance),"nearest-day match, MRI_TOLERANCE_DAYS=365"
OAS31274,369,132.0,237.0,True,within tolerance,"nearest-day match, MRI_TOLERANCE_DAYS=365"
OAS31274,795,132.0,663.0,False,nearest MRI is 663 days away (exceeds 365-day tolerance),"nearest-day match, MRI_TOLERANCE_DAYS=365"
OAS31275,0,183.0,183.0,True,within tolerance,"nearest-day match, MRI_TOLERANCE_DAYS=365"
OAS31275,410,183.0,227.0,True,within tolerance,"nearest-day match, MRI_TOLERANCE_DAYS=365"
OAS31276,780,52.0,728.0,False,nearest MRI is 728 days away (exceeds 365-day tolerance),"nearest-day match, MRI_TOLERANCE_DAYS=365"
OAS31277,0,84.0,84.0,True,within tolerance,"nearest-day match, MRI_TOLERANCE_DAYS=365"
OAS31277,415,84.0,331.0,True,within tolerance,"nearest-day match, MRI_TOLERANCE_DAYS=365"
OAS31278,0,,,False,subject has zero MRI/FreeSurfer records,"nearest-day match, MRI_TOLERANCE_DAYS=365"
OAS31278,530,,,False,subject has zero MRI/FreeSurfer records,"nearest-day match, MRI_TOLERANCE_DAYS=365"
OAS31279,0,20.0,20.0,True,within tolerance,"nearest-day match, MRI_TOLERANCE_DAYS=365"
OAS31280,0,16.0,16.0,True,within tolerance,"nearest-day match, MRI_TOLERANCE_DAYS=365"
OAS31281,0,55.0,55.0,True,within tolerance,"nearest-day match, MRI_TOLERANCE_DAYS=365"
OAS31281,455,55.0,400.0,False,nearest MRI is 400 days away (exceeds 365-day tolerance),"nearest-day match, MRI_TOLERANCE_DAYS=365"
OAS31282,0,36.0,36.0,True,within tolerance,"nearest-day match, MRI_TOLERANCE_DAYS=365"
OAS31282,344,36.0,308.0,True,within tolerance,"nearest-day match, MRI_TOLERANCE_DAYS=365"
OAS31282,793,36.0,757.0,False,nearest MRI is 757 days away (exceeds 365-day tolerance),"nearest-day match, MRI_TOLERANCE_DAYS=365"
OAS31282,1151,36.0,1115.0,False,nearest MRI is 1115 days away (exceeds 365-day tolerance),"nearest-day match, MRI_TOLERANCE_DAYS=365"
OAS31283,476,344.0,132.0,True,within tolerance,"nearest-day match, MRI_TOLERANCE_DAYS=365"
OAS31283,849,344.0,505.0,False,nearest MRI is 505 days away (exceeds 365-day tolerance),"nearest-day match, MRI_TOLERANCE_DAYS=365"
OAS31284,0,45.0,45.0,True,within tolerance,"nearest-day match, MRI_TOLERANCE_DAYS=365"
OAS31284,421,45.0,376.0,False,nearest MRI is 376 days away (exceeds 365-day tolerance),"nearest-day match, MRI_TOLERANCE_DAYS=365"
OAS31285,0,,,False,subject has zero MRI/FreeSurfer records,"nearest-day match, MRI_TOLERANCE_DAYS=365"
OAS31288,0,124.0,124.0,True,within tolerance,"nearest-day match, MRI_TOLERANCE_DAYS=365"
OAS31288,383,124.0,259.0,True,within tolerance,"nearest-day match, MRI_TOLERANCE_DAYS=365"
OAS31288,747,124.0,623.0,False,nearest MRI is 623 days away (exceeds 365-day tolerance),"nearest-day match, MRI_TOLERANCE_DAYS=365"
OAS31288,1148,124.0,1024.0,False,nearest MRI is 1024 days away (exceeds 365-day tolerance),"nearest-day match, MRI_TOLERANCE_DAYS=365"
OAS31290,0,48.0,48.0,True,within tolerance,"nearest-day match, MRI_TOLERANCE_DAYS=365"
OAS31293,0,84.0,84.0,True,within tolerance,"nearest-day match, MRI_TOLERANCE_DAYS=365"
OAS31293,406,84.0,322.0,True,within tolerance,"nearest-day match, MRI_TOLERANCE_DAYS=365"
OAS31293,777,84.0,693.0,False,nearest MRI is 693 days away (exceeds 365-day tolerance),"nearest-day match, MRI_TOLERANCE_DAYS=365"
OAS31293,1168,84.0,1084.0,False,nearest MRI is 1084 days away (exceeds 365-day tolerance),"nearest-day match, MRI_TOLERANCE_DAYS=365"
OAS31293,1484,84.0,1400.0,False,nearest MRI is 1400 days away (exceeds 365-day tolerance),"nearest-day match, MRI_TOLERANCE_DAYS=365"
OAS31294,0,21.0,21.0,True,within tolerance,"nearest-day match, MRI_TOLERANCE_DAYS=365"
OAS31294,439,21.0,418.0,False,nearest MRI is 418 days away (exceeds 365-day tolerance),"nearest-day match, MRI_TOLERANCE_DAYS=365"
OAS31294,763,21.0,742.0,False,nearest MRI is 742 days away (exceeds 365-day tolerance),"nearest-day match, MRI_TOLERANCE_DAYS=365"
OAS31295,0,120.0,120.0,True,within tolerance,"nearest-day match, MRI_TOLERANCE_DAYS=365"
OAS31297,0,35.0,35.0,True,within tolerance,"nearest-day match, MRI_TOLERANCE_DAYS=365"
OAS31297,433,35.0,398.0,False,nearest MRI is 398 days away (exceeds 365-day tolerance),"nearest-day match, MRI_TOLERANCE_DAYS=365"
OAS31299,0,61.0,61.0,True,within tolerance,"nearest-day match, MRI_TOLERANCE_DAYS=365"
OAS31300,0,212.0,212.0,True,within tolerance,"nearest-day match, MRI_TOLERANCE_DAYS=365"
OAS31300,513,212.0,301.0,True,within tolerance,"nearest-day match, MRI_TOLERANCE_DAYS=365"
OAS31300,903,212.0,691.0,False,nearest MRI is 691 days away (exceeds 365-day tolerance),"nearest-day match, MRI_TOLERANCE_DAYS=365"
OAS31301,0,85.0,85.0,True,within tolerance,"nearest-day match, MRI_TOLERANCE_DAYS=365"
OAS31301,492,86.0,406.0,False,nearest MRI is 406 days away (exceeds 365-day tolerance),"nearest-day match, MRI_TOLERANCE_DAYS=365"
OAS31301,1163,86.0,1077.0,False,nearest MRI is 1077 days away (exceeds 365-day tolerance),"nearest-day match, MRI_TOLERANCE_DAYS=365"
OAS31302,0,56.0,56.0,True,within tolerance,"nearest-day match, MRI_TOLERANCE_DAYS=365"
OAS31303,0,15.0,15.0,True,within tolerance,"nearest-day match, MRI_TOLERANCE_DAYS=365"
OAS31303,347,15.0,332.0,True,within tolerance,"nearest-day match, MRI_TOLERANCE_DAYS=365"
OAS31305,0,112.0,112.0,True,within tolerance,"nearest-day match, MRI_TOLERANCE_DAYS=365"
OAS31305,952,112.0,840.0,False,nearest MRI is 840 days away (exceeds 365-day tolerance),"nearest-day match, MRI_TOLERANCE_DAYS=365"
OAS31306,0,28.0,28.0,True,within tolerance,"nearest-day match, MRI_TOLERANCE_DAYS=365"
OAS31307,0,113.0,113.0,True,within tolerance,"nearest-day match, MRI_TOLERANCE_DAYS=365"
OAS31307,447,113.0,334.0,True,within tolerance,"nearest-day match, MRI_TOLERANCE_DAYS=365"
OAS31307,784,113.0,671.0,False,nearest MRI is 671 days away (exceeds 365-day tolerance),"nearest-day match, MRI_TOLERANCE_DAYS=365"
OAS31308,403,93.0,310.0,True,within tolerance,"nearest-day match, MRI_TOLERANCE_DAYS=365"
OAS31308,799,93.0,706.0,False,nearest MRI is 706 days away (exceeds 365-day tolerance),"nearest-day match, MRI_TOLERANCE_DAYS=365"
OAS31309,0,173.0,173.0,True,within tolerance,"nearest-day match, MRI_TOLERANCE_DAYS=365"
OAS31309,468,174.0,294.0,True,within tolerance,"nearest-day match, MRI_TOLERANCE_DAYS=365"
OAS31309,824,174.0,650.0,False,nearest MRI is 650 days away (exceeds 365-day tolerance),"nearest-day match, MRI_TOLERANCE_DAYS=365"
OAS31310,0,82.0,82.0,True,within tolerance,"nearest-day match, MRI_TOLERANCE_DAYS=365"
OAS31310,433,82.0,351.0,True,within tolerance,"nearest-day match, MRI_TOLERANCE_DAYS=365"
OAS31311,0,55.0,55.0,True,within tolerance,"nearest-day match, MRI_TOLERANCE_DAYS=365"
OAS31312,0,89.0,89.0,True,within tolerance,"nearest-day match, MRI_TOLERANCE_DAYS=365"
OAS31312,491,89.0,402.0,False,nearest MRI is 402 days away (exceeds 365-day tolerance),"nearest-day match, MRI_TOLERANCE_DAYS=365"
OAS31313,427,,,False,subject has zero MRI/FreeSurfer records,"nearest-day match, MRI_TOLERANCE_DAYS=365"
OAS31313,796,,,False,subject has zero MRI/FreeSurfer records,"nearest-day match, MRI_TOLERANCE_DAYS=365"
OAS31314,0,280.0,280.0,True,within tolerance,"nearest-day match, MRI_TOLERANCE_DAYS=365"
OAS31314,334,280.0,54.0,True,within tolerance,"nearest-day match, MRI_TOLERANCE_DAYS=365"
OAS31315,0,143.0,143.0,True,within tolerance,"nearest-day match, MRI_TOLERANCE_DAYS=365"
OAS31316,0,61.0,61.0,True,within tolerance,"nearest-day match, MRI_TOLERANCE_DAYS=365"
OAS31316,1177,61.0,1116.0,False,nearest MRI is 1116 days away (exceeds 365-day tolerance),"nearest-day match, MRI_TOLERANCE_DAYS=365"
OAS31317,0,77.0,77.0,True,within tolerance,"nearest-day match, MRI_TOLERANCE_DAYS=365"
OAS31319,0,75.0,75.0,True,within tolerance,"nearest-day match, MRI_TOLERANCE_DAYS=365"
OAS31320,0,36.0,36.0,True,within tolerance,"nearest-day match, MRI_TOLERANCE_DAYS=365"
OAS31320,404,36.0,368.0,False,nearest MRI is 368 days away (exceeds 365-day tolerance),"nearest-day match, MRI_TOLERANCE_DAYS=365"
OAS31321,0,44.0,44.0,True,within tolerance,"nearest-day match, MRI_TOLERANCE_DAYS=365"
OAS31322,372,105.0,267.0,True,within tolerance,"nearest-day match, MRI_TOLERANCE_DAYS=365"
OAS31322,862,105.0,757.0,False,nearest MRI is 757 days away (exceeds 365-day tolerance),"nearest-day match, MRI_TOLERANCE_DAYS=365"
OAS31322,1589,105.0,1484.0,False,nearest MRI is 1484 days away (exceeds 365-day tolerance),"nearest-day match, MRI_TOLERANCE_DAYS=365"
OAS31323,335,123.0,212.0,True,within tolerance,"nearest-day match, MRI_TOLERANCE_DAYS=365"
OAS31324,0,218.0,218.0,True,within tolerance,"nearest-day match, MRI_TOLERANCE_DAYS=365"
OAS31324,441,218.0,223.0,True,within tolerance,"nearest-day match, MRI_TOLERANCE_DAYS=365"
OAS31324,785,218.0,567.0,False,nearest MRI is 567 days away (exceeds 365-day tolerance),"nearest-day match, MRI_TOLERANCE_DAYS=365"
OAS31324,1168,218.0,950.0,False,nearest MRI is 950 days away (exceeds 365-day tolerance),"nearest-day match, MRI_TOLERANCE_DAYS=365"
OAS31325,0,86.0,86.0,True,within tolerance,"nearest-day match, MRI_TOLERANCE_DAYS=365"
OAS31325,317,86.0,231.0,True,within tolerance,"nearest-day match, MRI_TOLERANCE_DAYS=365"
OAS31325,731,86.0,645.0,False,nearest MRI is 645 days away (exceeds 365-day tolerance),"nearest-day match, MRI_TOLERANCE_DAYS=365"
OAS31326,0,28.0,28.0,True,within tolerance,"nearest-day match, MRI_TOLERANCE_DAYS=365"
OAS31327,0,,,False,subject has zero MRI/FreeSurfer records,"nearest-day match, MRI_TOLERANCE_DAYS=365"
OAS31329,0,137.0,137.0,True,within tolerance,"nearest-day match, MRI_TOLERANCE_DAYS=365"
OAS31329,362,137.0,225.0,True,within tolerance,"nearest-day match, MRI_TOLERANCE_DAYS=365"
OAS31329,801,137.0,664.0,False,nearest MRI is 664 days away (exceeds 365-day tolerance),"nearest-day match, MRI_TOLERANCE_DAYS=365"
OAS31330,0,229.0,229.0,True,within tolerance,"nearest-day match, MRI_TOLERANCE_DAYS=365"
OAS31330,335,229.0,106.0,True,within tolerance,"nearest-day match, MRI_TOLERANCE_DAYS=365"
OAS31330,1166,229.0,937.0,False,nearest MRI is 937 days away (exceeds 365-day tolerance),"nearest-day match, MRI_TOLERANCE_DAYS=365"
OAS31331,0,175.0,175.0,True,within tolerance,"nearest-day match, MRI_TOLERANCE_DAYS=365"
OAS31331,1144,175.0,969.0,False,nearest MRI is 969 days away (exceeds 365-day tolerance),"nearest-day match, MRI_TOLERANCE_DAYS=365"
OAS31333,0,23.0,23.0,True,within tolerance,"nearest-day match, MRI_TOLERANCE_DAYS=365"
OAS31333,440,56.0,384.0,False,nearest MRI is 384 days away (exceeds 365-day tolerance),"nearest-day match, MRI_TOLERANCE_DAYS=365"
OAS31334,0,88.0,88.0,True,within tolerance,"nearest-day match, MRI_TOLERANCE_DAYS=365"
OAS31334,1098,88.0,1010.0,False,nearest MRI is 1010 days away (exceeds 365-day tolerance),"nearest-day match, MRI_TOLERANCE_DAYS=365"
OAS31335,0,164.0,164.0,True,within tolerance,"nearest-day match, MRI_TOLERANCE_DAYS=365"
OAS31335,316,164.0,152.0,True,within tolerance,"nearest-day match, MRI_TOLERANCE_DAYS=365"
OAS31335,770,164.0,606.0,False,nearest MRI is 606 days away (exceeds 365-day tolerance),"nearest-day match, MRI_TOLERANCE_DAYS=365"
OAS31335,1151,164.0,987.0,False,nearest MRI is 987 days away (exceeds 365-day tolerance),"nearest-day match, MRI_TOLERANCE_DAYS=365"
OAS31336,0,176.0,176.0,True,within tolerance,"nearest-day match, MRI_TOLERANCE_DAYS=365"
OAS31336,393,176.0,217.0,True,within tolerance,"nearest-day match, MRI_TOLERANCE_DAYS=365"
OAS31336,764,176.0,588.0,False,nearest MRI is 588 days away (exceeds 365-day tolerance),"nearest-day match, MRI_TOLERANCE_DAYS=365"
OAS31337,0,32.0,32.0,True,within tolerance,"nearest-day match, MRI_TOLERANCE_DAYS=365"
OAS31338,0,91.0,91.0,True,within tolerance,"nearest-day match, MRI_TOLERANCE_DAYS=365"
OAS31339,0,,,False,subject has zero MRI/FreeSurfer records,"nearest-day match, MRI_TOLERANCE_DAYS=365"
OAS31340,0,143.0,143.0,True,within tolerance,"nearest-day match, MRI_TOLERANCE_DAYS=365"
OAS31340,728,143.0,585.0,False,nearest MRI is 585 days away (exceeds 365-day tolerance),"nearest-day match, MRI_TOLERANCE_DAYS=365"
OAS31340,1168,143.0,1025.0,False,nearest MRI is 1025 days away (exceeds 365-day tolerance),"nearest-day match, MRI_TOLERANCE_DAYS=365"
OAS31342,0,97.0,97.0,True,within tolerance,"nearest-day match, MRI_TOLERANCE_DAYS=365"
OAS31343,0,902.0,902.0,False,nearest MRI is 902 days away (exceeds 365-day tolerance),"nearest-day match, MRI_TOLERANCE_DAYS=365"
OAS31343,378,902.0,524.0,False,nearest MRI is 524 days away (exceeds 365-day tolerance),"nearest-day match, MRI_TOLERANCE_DAYS=365"
OAS31343,687,902.0,215.0,True,within tolerance,"nearest-day match, MRI_TOLERANCE_DAYS=365"
OAS31343,1177,902.0,275.0,True,within tolerance,"nearest-day match, MRI_TOLERANCE_DAYS=365"
OAS31343,1546,902.0,644.0,False,nearest MRI is 644 days away (exceeds 365-day tolerance),"nearest-day match, MRI_TOLERANCE_DAYS=365"
OAS31343,1847,902.0,945.0,False,nearest MRI is 945 days away (exceeds 365-day tolerance),"nearest-day match, MRI_TOLERANCE_DAYS=365"
OAS31344,0,200.0,200.0,True,within tolerance,"nearest-day match, MRI_TOLERANCE_DAYS=365"
OAS31344,444,200.0,244.0,True,within tolerance,"nearest-day match, MRI_TOLERANCE_DAYS=365"
OAS31345,0,34.0,34.0,True,within tolerance,"nearest-day match, MRI_TOLERANCE_DAYS=365"
OAS31346,0,58.0,58.0,True,within tolerance,"nearest-day match, MRI_TOLERANCE_DAYS=365"
OAS31346,317,58.0,259.0,True,within tolerance,"nearest-day match, MRI_TOLERANCE_DAYS=365"
OAS31346,811,58.0,753.0,False,nearest MRI is 753 days away (exceeds 365-day tolerance),"nearest-day match, MRI_TOLERANCE_DAYS=365"
OAS31348,472,164.0,308.0,True,within tolerance,"nearest-day match, MRI_TOLERANCE_DAYS=365"
OAS31348,819,164.0,655.0,False,nearest MRI is 655 days away (exceeds 365-day tolerance),"nearest-day match, MRI_TOLERANCE_DAYS=365"
OAS31349,0,,,False,subject has zero MRI/FreeSurfer records,"nearest-day match, MRI_TOLERANCE_DAYS=365"
OAS31350,0,30.0,30.0,True,within tolerance,"nearest-day match, MRI_TOLERANCE_DAYS=365"
OAS31351,0,8.0,8.0,True,within tolerance,"nearest-day match, MRI_TOLERANCE_DAYS=365"
OAS31351,416,147.0,269.0,True,within tolerance,"nearest-day match, MRI_TOLERANCE_DAYS=365"
OAS31351,773,147.0,626.0,False,nearest MRI is 626 days away (exceeds 365-day tolerance),"nearest-day match, MRI_TOLERANCE_DAYS=365"
OAS31352,0,131.0,131.0,True,within tolerance,"nearest-day match, MRI_TOLERANCE_DAYS=365"
OAS31352,449,132.0,317.0,True,within tolerance,"nearest-day match, MRI_TOLERANCE_DAYS=365"
OAS31352,810,132.0,678.0,False,nearest MRI is 678 days away (exceeds 365-day tolerance),"nearest-day match, MRI_TOLERANCE_DAYS=365"
OAS31353,0,,,False,subject has zero MRI/FreeSurfer records,"nearest-day match, MRI_TOLERANCE_DAYS=365"
OAS31353,484,,,False,subject has zero MRI/FreeSurfer records,"nearest-day match, MRI_TOLERANCE_DAYS=365"
OAS31353,727,,,False,subject has zero MRI/FreeSurfer records,"nearest-day match, MRI_TOLERANCE_DAYS=365"
OAS31354,0,139.0,139.0,True,within tolerance,"nearest-day match, MRI_TOLERANCE_DAYS=365"
OAS31354,432,140.0,292.0,True,within tolerance,"nearest-day match, MRI_TOLERANCE_DAYS=365"
OAS31354,714,140.0,574.0,False,nearest MRI is 574 days away (exceeds 365-day tolerance),"nearest-day match, MRI_TOLERANCE_DAYS=365"
OAS31354,1146,140.0,1006.0,False,nearest MRI is 1006 days away (exceeds 365-day tolerance),"nearest-day match, MRI_TOLERANCE_DAYS=365"
OAS31356,0,91.0,91.0,True,within tolerance,"nearest-day match, MRI_TOLERANCE_DAYS=365"
OAS31357,0,,,False,subject has zero MRI/FreeSurfer records,"nearest-day match, MRI_TOLERANCE_DAYS=365"
OAS31358,465,239.0,226.0,True,within tolerance,"nearest-day match, MRI_TOLERANCE_DAYS=365"
OAS31358,865,239.0,626.0,False,nearest MRI is 626 days away (exceeds 365-day tolerance),"nearest-day match, MRI_TOLERANCE_DAYS=365"
OAS31359,0,1.0,1.0,True,within tolerance,"nearest-day match, MRI_TOLERANCE_DAYS=365"
OAS31360,0,158.0,158.0,True,within tolerance,"nearest-day match, MRI_TOLERANCE_DAYS=365"
OAS31360,448,159.0,289.0,True,within tolerance,"nearest-day match, MRI_TOLERANCE_DAYS=365"
OAS31361,0,238.0,238.0,True,within tolerance,"nearest-day match, MRI_TOLERANCE_DAYS=365"
OAS31362,0,354.0,354.0,True,within tolerance,"nearest-day match, MRI_TOLERANCE_DAYS=365"
OAS31362,739,355.0,384.0,False,nearest MRI is 384 days away (exceeds 365-day tolerance),"nearest-day match, MRI_TOLERANCE_DAYS=365"
OAS31365,0,33.0,33.0,True,within tolerance,"nearest-day match, MRI_TOLERANCE_DAYS=365"
OAS31365,368,33.0,335.0,True,within tolerance,"nearest-day match, MRI_TOLERANCE_DAYS=365"
OAS31365,777,33.0,744.0,False,nearest MRI is 744 days away (exceeds 365-day tolerance),"nearest-day match, MRI_TOLERANCE_DAYS=365"
OAS31365,1154,33.0,1121.0,False,nearest MRI is 1121 days away (exceeds 365-day tolerance),"nearest-day match, MRI_TOLERANCE_DAYS=365"
OAS31366,0,40.0,40.0,True,within tolerance,"nearest-day match, MRI_TOLERANCE_DAYS=365"
OAS31367,0,142.0,142.0,True,within tolerance,"nearest-day match, MRI_TOLERANCE_DAYS=365"
OAS31368,0,,,False,subject has zero MRI/FreeSurfer records,"nearest-day match, MRI_TOLERANCE_DAYS=365"
OAS31369,0,74.0,74.0,True,within tolerance,"nearest-day match, MRI_TOLERANCE_DAYS=365"
OAS31369,1155,74.0,1081.0,False,nearest MRI is 1081 days away (exceeds 365-day tolerance),"nearest-day match, MRI_TOLERANCE_DAYS=365"
OAS31370,0,97.0,97.0,True,within tolerance,"nearest-day match, MRI_TOLERANCE_DAYS=365"
OAS31370,1113,97.0,1016.0,False,nearest MRI is 1016 days away (exceeds 365-day tolerance),"nearest-day match, MRI_TOLERANCE_DAYS=365"
OAS31372,0,1245.0,1245.0,False,nearest MRI is 1245 days away (exceeds 365-day tolerance),"nearest-day match, MRI_TOLERANCE_DAYS=365"
OAS31372,368,1245.0,877.0,False,nearest MRI is 877 days away (exceeds 365-day tolerance),"nearest-day match, MRI_TOLERANCE_DAYS=365"
OAS31372,810,1245.0,435.0,False,nearest MRI is 435 days away (exceeds 365-day tolerance),"nearest-day match, MRI_TOLERANCE_DAYS=365"
OAS31372,1133,1245.0,112.0,True,within tolerance,"nearest-day match, MRI_TOLERANCE_DAYS=365"
OAS31372,1435,1245.0,190.0,True,within tolerance,"nearest-day match, MRI_TOLERANCE_DAYS=365"
OAS31372,1874,1245.0,629.0,False,nearest MRI is 629 days away (exceeds 365-day tolerance),"nearest-day match, MRI_TOLERANCE_DAYS=365"
OAS31373,0,133.0,133.0,True,within tolerance,"nearest-day match, MRI_TOLERANCE_DAYS=365"
OAS31373,438,134.0,304.0,True,within tolerance,"nearest-day match, MRI_TOLERANCE_DAYS=365"
OAS31373,798,134.0,664.0,False,nearest MRI is 664 days away (exceeds 365-day tolerance),"nearest-day match, MRI_TOLERANCE_DAYS=365"
OAS31373,1142,134.0,1008.0,False,nearest MRI is 1008 days away (exceeds 365-day tolerance),"nearest-day match, MRI_TOLERANCE_DAYS=365"
OAS31374,0,306.0,306.0,True,within tolerance,"nearest-day match, MRI_TOLERANCE_DAYS=365"
OAS31374,510,306.0,204.0,True,within tolerance,"nearest-day match, MRI_TOLERANCE_DAYS=365"
OAS31374,916,306.0,610.0,False,nearest MRI is 610 days away (exceeds 365-day tolerance),"nearest-day match, MRI_TOLERANCE_DAYS=365"
OAS31376,357,1213.0,856.0,False,nearest MRI is 856 days away (exceeds 365-day tolerance),"nearest-day match, MRI_TOLERANCE_DAYS=365"
OAS31376,1128,1213.0,85.0,True,within tolerance,"nearest-day match, MRI_TOLERANCE_DAYS=365"
OAS31376,1792,1213.0,579.0,False,nearest MRI is 579 days away (exceeds 365-day tolerance),"nearest-day match, MRI_TOLERANCE_DAYS=365"
OAS31376,2199,1213.0,986.0,False,nearest MRI is 986 days away (exceeds 365-day tolerance),"nearest-day match, MRI_TOLERANCE_DAYS=365"
OAS31378,0,,,False,subject has zero MRI/FreeSurfer records,"nearest-day match, MRI_TOLERANCE_DAYS=365"
OAS31378,391,,,False,subject has zero MRI/FreeSurfer records,"nearest-day match, MRI_TOLERANCE_DAYS=365"
OAS31378,810,,,False,subject has zero MRI/FreeSurfer records,"nearest-day match, MRI_TOLERANCE_DAYS=365"
OAS31379,0,71.0,71.0,True,within tolerance,"nearest-day match, MRI_TOLERANCE_DAYS=365"
OAS31379,336,71.0,265.0,True,within tolerance,"nearest-day match, MRI_TOLERANCE_DAYS=365"
OAS31379,758,71.0,687.0,False,nearest MRI is 687 days away (exceeds 365-day tolerance),"nearest-day match, MRI_TOLERANCE_DAYS=365"
OAS31379,1080,71.0,1009.0,False,nearest MRI is 1009 days away (exceeds 365-day tolerance),"nearest-day match, MRI_TOLERANCE_DAYS=365"
OAS31379,1505,71.0,1434.0,False,nearest MRI is 1434 days away (exceeds 365-day tolerance),"nearest-day match, MRI_TOLERANCE_DAYS=365"
OAS31380,0,132.0,132.0,True,within tolerance,"nearest-day match, MRI_TOLERANCE_DAYS=365"
OAS31380,602,132.0,470.0,False,nearest MRI is 470 days away (exceeds 365-day tolerance),"nearest-day match, MRI_TOLERANCE_DAYS=365"
OAS31380,989,132.0,857.0,False,nearest MRI is 857 days away (exceeds 365-day tolerance),"nearest-day match, MRI_TOLERANCE_DAYS=365"
OAS31381,0,32.0,32.0,True,within tolerance,"nearest-day match, MRI_TOLERANCE_DAYS=365"
OAS31381,420,32.0,388.0,False,nearest MRI is 388 days away (exceeds 365-day tolerance),"nearest-day match, MRI_TOLERANCE_DAYS=365"
OAS31382,802,89.0,713.0,False,nearest MRI is 713 days away (exceeds 365-day tolerance),"nearest-day match, MRI_TOLERANCE_DAYS=365"
OAS31382,1148,89.0,1059.0,False,nearest MRI is 1059 days away (exceeds 365-day tolerance),"nearest-day match, MRI_TOLERANCE_DAYS=365"
OAS31383,1178,148.0,1030.0,False,nearest MRI is 1030 days away (exceeds 365-day tolerance),"nearest-day match, MRI_TOLERANCE_DAYS=365"
OAS31384,0,143.0,143.0,True,within tolerance,"nearest-day match, MRI_TOLERANCE_DAYS=365"
OAS31384,363,143.0,220.0,True,within tolerance,"nearest-day match, MRI_TOLERANCE_DAYS=365"
OAS31385,0,224.0,224.0,True,within tolerance,"nearest-day match, MRI_TOLERANCE_DAYS=365"
OAS31388,0,26.0,26.0,True,within tolerance,"nearest-day match, MRI_TOLERANCE_DAYS=365"
OAS31390,0,60.0,60.0,True,within tolerance,"nearest-day match, MRI_TOLERANCE_DAYS=365"
OAS31391,0,112.0,112.0,True,within tolerance,"nearest-day match, MRI_TOLERANCE_DAYS=365"
OAS31391,307,112.0,195.0,True,within tolerance,"nearest-day match, MRI_TOLERANCE_DAYS=365"
OAS31391,1144,112.0,1032.0,False,nearest MRI is 1032 days away (exceeds 365-day tolerance),"nearest-day match, MRI_TOLERANCE_DAYS=365"
OAS31393,0,125.0,125.0,True,within tolerance,"nearest-day match, MRI_TOLERANCE_DAYS=365"
OAS31394,0,56.0,56.0,True,within tolerance,"nearest-day match, MRI_TOLERANCE_DAYS=365"
OAS31395,0,44.0,44.0,True,within tolerance,"nearest-day match, MRI_TOLERANCE_DAYS=365"
OAS31395,378,44.0,334.0,True,within tolerance,"nearest-day match, MRI_TOLERANCE_DAYS=365"
OAS31395,773,44.0,729.0,False,nearest MRI is 729 days away (exceeds 365-day tolerance),"nearest-day match, MRI_TOLERANCE_DAYS=365"
OAS31396,0,68.0,68.0,True,within tolerance,"nearest-day match, MRI_TOLERANCE_DAYS=365"
OAS31397,0,58.0,58.0,True,within tolerance,"nearest-day match, MRI_TOLERANCE_DAYS=365"
OAS31398,0,98.0,98.0,True,within tolerance,"nearest-day match, MRI_TOLERANCE_DAYS=365"
OAS31400,0,73.0,73.0,True,within tolerance,"nearest-day match, MRI_TOLERANCE_DAYS=365"
OAS31400,358,73.0,285.0,True,within tolerance,"nearest-day match, MRI_TOLERANCE_DAYS=365"
OAS31401,0,120.0,120.0,True,within tolerance,"nearest-day match, MRI_TOLERANCE_DAYS=365"
OAS31401,403,120.0,283.0,True,within tolerance,"nearest-day match, MRI_TOLERANCE_DAYS=365"
OAS31401,785,120.0,665.0,False,nearest MRI is 665 days away (exceeds 365-day tolerance),"nearest-day match, MRI_TOLERANCE_DAYS=365"
OAS31402,0,104.0,104.0,True,within tolerance,"nearest-day match, MRI_TOLERANCE_DAYS=365"
OAS31402,455,104.0,351.0,True,within tolerance,"nearest-day match, MRI_TOLERANCE_DAYS=365"
OAS31404,0,10.0,10.0,True,within tolerance,"nearest-day match, MRI_TOLERANCE_DAYS=365"
OAS31405,0,149.0,149.0,True,within tolerance,"nearest-day match, MRI_TOLERANCE_DAYS=365"
OAS31405,1239,149.0,1090.0,False,nearest MRI is 1090 days away (exceeds 365-day tolerance),"nearest-day match, MRI_TOLERANCE_DAYS=365"
OAS31406,0,129.0,129.0,True,within tolerance,"nearest-day match, MRI_TOLERANCE_DAYS=365"
OAS31406,416,129.0,287.0,True,within tolerance,"nearest-day match, MRI_TOLERANCE_DAYS=365"
OAS31406,781,129.0,652.0,False,nearest MRI is 652 days away (exceeds 365-day tolerance),"nearest-day match, MRI_TOLERANCE_DAYS=365"
OAS31407,0,98.0,98.0,True,within tolerance,"nearest-day match, MRI_TOLERANCE_DAYS=365"
OAS31407,607,98.0,509.0,False,nearest MRI is 509 days away (exceeds 365-day tolerance),"nearest-day match, MRI_TOLERANCE_DAYS=365"
OAS31407,1449,98.0,1351.0,False,nearest MRI is 1351 days away (exceeds 365-day tolerance),"nearest-day match, MRI_TOLERANCE_DAYS=365"
OAS31408,0,86.0,86.0,True,within tolerance,"nearest-day match, MRI_TOLERANCE_DAYS=365"
OAS31408,426,253.0,173.0,True,within tolerance,"nearest-day match, MRI_TOLERANCE_DAYS=365"
OAS31409,0,42.0,42.0,True,within tolerance,"nearest-day match, MRI_TOLERANCE_DAYS=365"
OAS31409,475,42.0,433.0,False,nearest MRI is 433 days away (exceeds 365-day tolerance),"nearest-day match, MRI_TOLERANCE_DAYS=365"
OAS31410,0,259.0,259.0,True,within tolerance,"nearest-day match, MRI_TOLERANCE_DAYS=365"
OAS31410,605,259.0,346.0,True,within tolerance,"nearest-day match, MRI_TOLERANCE_DAYS=365"
OAS31411,0,53.0,53.0,True,within tolerance,"nearest-day match, MRI_TOLERANCE_DAYS=365"
OAS31412,0,137.0,137.0,True,within tolerance,"nearest-day match, MRI_TOLERANCE_DAYS=365"
OAS31412,1190,137.0,1053.0,False,nearest MRI is 1053 days away (exceeds 365-day tolerance),"nearest-day match, MRI_TOLERANCE_DAYS=365"
OAS31414,0,147.0,147.0,True,within tolerance,"nearest-day match, MRI_TOLERANCE_DAYS=365"
OAS31414,401,148.0,253.0,True,within tolerance,"nearest-day match, MRI_TOLERANCE_DAYS=365"
OAS31414,814,148.0,666.0,False,nearest MRI is 666 days away (exceeds 365-day tolerance),"nearest-day match, MRI_TOLERANCE_DAYS=365"
OAS31414,1122,148.0,974.0,False,nearest MRI is 974 days away (exceeds 365-day tolerance),"nearest-day match, MRI_TOLERANCE_DAYS=365"
OAS31415,0,70.0,70.0,True,within tolerance,"nearest-day match, MRI_TOLERANCE_DAYS=365"
OAS31415,329,70.0,259.0,True,within tolerance,"nearest-day match, MRI_TOLERANCE_DAYS=365"
OAS31415,842,70.0,772.0,False,nearest MRI is 772 days away (exceeds 365-day tolerance),"nearest-day match, MRI_TOLERANCE_DAYS=365"
OAS31416,0,25.0,25.0,True,within tolerance,"nearest-day match, MRI_TOLERANCE_DAYS=365"
OAS31416,356,25.0,331.0,True,within tolerance,"nearest-day match, MRI_TOLERANCE_DAYS=365"
OAS31417,0,59.0,59.0,True,within tolerance,"nearest-day match, MRI_TOLERANCE_DAYS=365"
OAS31417,339,59.0,280.0,True,within tolerance,"nearest-day match, MRI_TOLERANCE_DAYS=365"
OAS31417,721,59.0,662.0,False,nearest MRI is 662 days away (exceeds 365-day tolerance),"nearest-day match, MRI_TOLERANCE_DAYS=365"
OAS31418,0,68.0,68.0,True,within tolerance,"nearest-day match, MRI_TOLERANCE_DAYS=365"
OAS31419,0,37.0,37.0,True,within tolerance,"nearest-day match, MRI_TOLERANCE_DAYS=365"
OAS31420,0,25.0,25.0,True,within tolerance,"nearest-day match, MRI_TOLERANCE_DAYS=365"
OAS31421,0,68.0,68.0,True,within tolerance,"nearest-day match, MRI_TOLERANCE_DAYS=365"
OAS31421,438,68.0,370.0,False,nearest MRI is 370 days away (exceeds 365-day tolerance),"nearest-day match, MRI_TOLERANCE_DAYS=365"
OAS31423,0,46.0,46.0,True,within tolerance,"nearest-day match, MRI_TOLERANCE_DAYS=365"
OAS31424,0,15.0,15.0,True,within tolerance,"nearest-day match, MRI_TOLERANCE_DAYS=365"
OAS31427,0,63.0,63.0,True,within tolerance,"nearest-day match, MRI_TOLERANCE_DAYS=365"
OAS31427,1167,63.0,1104.0,False,nearest MRI is 1104 days away (exceeds 365-day tolerance),"nearest-day match, MRI_TOLERANCE_DAYS=365"
OAS31427,1526,63.0,1463.0,False,nearest MRI is 1463 days away (exceeds 365-day tolerance),"nearest-day match, MRI_TOLERANCE_DAYS=365"
OAS31428,0,22.0,22.0,True,within tolerance,"nearest-day match, MRI_TOLERANCE_DAYS=365"
OAS31429,0,62.0,62.0,True,within tolerance,"nearest-day match, MRI_TOLERANCE_DAYS=365"
OAS31429,554,62.0,492.0,False,nearest MRI is 492 days away (exceeds 365-day tolerance),"nearest-day match, MRI_TOLERANCE_DAYS=365"
OAS31429,840,62.0,778.0,False,nearest MRI is 778 days away (exceeds 365-day tolerance),"nearest-day match, MRI_TOLERANCE_DAYS=365"
OAS31430,0,60.0,60.0,True,within tolerance,"nearest-day match, MRI_TOLERANCE_DAYS=365"
OAS31431,0,70.0,70.0,True,within tolerance,"nearest-day match, MRI_TOLERANCE_DAYS=365"
OAS31432,0,224.0,224.0,True,within tolerance,"nearest-day match, MRI_TOLERANCE_DAYS=365"
OAS31433,0,61.0,61.0,True,within tolerance,"nearest-day match, MRI_TOLERANCE_DAYS=365"
OAS31435,0,71.0,71.0,True,within tolerance,"nearest-day match, MRI_TOLERANCE_DAYS=365"
OAS31437,0,140.0,140.0,True,within tolerance,"nearest-day match, MRI_TOLERANCE_DAYS=365"
OAS31440,0,40.0,40.0,True,within tolerance,"nearest-day match, MRI_TOLERANCE_DAYS=365"
OAS31440,445,40.0,405.0,False,nearest MRI is 405 days away (exceeds 365-day tolerance),"nearest-day match, MRI_TOLERANCE_DAYS=365"
OAS31441,0,67.0,67.0,True,within tolerance,"nearest-day match, MRI_TOLERANCE_DAYS=365"
OAS31442,0,84.0,84.0,True,within tolerance,"nearest-day match, MRI_TOLERANCE_DAYS=365"
OAS31442,786,84.0,702.0,False,nearest MRI is 702 days away (exceeds 365-day tolerance),"nearest-day match, MRI_TOLERANCE_DAYS=365"
OAS31444,0,321.0,321.0,True,within tolerance,"nearest-day match, MRI_TOLERANCE_DAYS=365"
OAS31444,369,321.0,48.0,True,within tolerance,"nearest-day match, MRI_TOLERANCE_DAYS=365"
OAS31446,0,70.0,70.0,True,within tolerance,"nearest-day match, MRI_TOLERANCE_DAYS=365"
OAS31447,0,89.0,89.0,True,within tolerance,"nearest-day match, MRI_TOLERANCE_DAYS=365"
OAS31447,1120,89.0,1031.0,False,nearest MRI is 1031 days away (exceeds 365-day tolerance),"nearest-day match, MRI_TOLERANCE_DAYS=365"
OAS31448,0,137.0,137.0,True,within tolerance,"nearest-day match, MRI_TOLERANCE_DAYS=365"
OAS31448,382,137.0,245.0,True,within tolerance,"nearest-day match, MRI_TOLERANCE_DAYS=365"
OAS31448,768,137.0,631.0,False,nearest MRI is 631 days away (exceeds 365-day tolerance),"nearest-day match, MRI_TOLERANCE_DAYS=365"
OAS31449,0,63.0,63.0,True,within tolerance,"nearest-day match, MRI_TOLERANCE_DAYS=365"
OAS31450,0,379.0,379.0,False,nearest MRI is 379 days away (exceeds 365-day tolerance),"nearest-day match, MRI_TOLERANCE_DAYS=365"
OAS31450,343,379.0,36.0,True,within tolerance,"nearest-day match, MRI_TOLERANCE_DAYS=365"
OAS31450,886,379.0,507.0,False,nearest MRI is 507 days away (exceeds 365-day tolerance),"nearest-day match, MRI_TOLERANCE_DAYS=365"
OAS31453,0,197.0,197.0,True,within tolerance,"nearest-day match, MRI_TOLERANCE_DAYS=365"
OAS31453,399,197.0,202.0,True,within tolerance,"nearest-day match, MRI_TOLERANCE_DAYS=365"
OAS31453,756,197.0,559.0,False,nearest MRI is 559 days away (exceeds 365-day tolerance),"nearest-day match, MRI_TOLERANCE_DAYS=365"
OAS31453,1456,197.0,1259.0,False,nearest MRI is 1259 days away (exceeds 365-day tolerance),"nearest-day match, MRI_TOLERANCE_DAYS=365"
OAS31455,0,87.0,87.0,True,within tolerance,"nearest-day match, MRI_TOLERANCE_DAYS=365"
OAS31455,456,87.0,369.0,False,nearest MRI is 369 days away (exceeds 365-day tolerance),"nearest-day match, MRI_TOLERANCE_DAYS=365"
OAS31455,816,87.0,729.0,False,nearest MRI is 729 days away (exceeds 365-day tolerance),"nearest-day match, MRI_TOLERANCE_DAYS=365"
OAS31455,1142,87.0,1055.0,False,nearest MRI is 1055 days away (exceeds 365-day tolerance),"nearest-day match, MRI_TOLERANCE_DAYS=365"
OAS31456,0,90.0,90.0,True,within tolerance,"nearest-day match, MRI_TOLERANCE_DAYS=365"
OAS31456,1167,90.0,1077.0,False,nearest MRI is 1077 days away (exceeds 365-day tolerance),"nearest-day match, MRI_TOLERANCE_DAYS=365"
OAS31457,0,113.0,113.0,True,within tolerance,"nearest-day match, MRI_TOLERANCE_DAYS=365"
OAS31458,0,30.0,30.0,True,within tolerance,"nearest-day match, MRI_TOLERANCE_DAYS=365"
OAS31458,330,30.0,300.0,True,within tolerance,"nearest-day match, MRI_TOLERANCE_DAYS=365"
OAS31459,0,125.0,125.0,True,within tolerance,"nearest-day match, MRI_TOLERANCE_DAYS=365"
OAS31462,0,105.0,105.0,True,within tolerance,"nearest-day match, MRI_TOLERANCE_DAYS=365"
OAS31462,448,107.0,341.0,True,within tolerance,"nearest-day match, MRI_TOLERANCE_DAYS=365"
OAS31462,1136,107.0,1029.0,False,nearest MRI is 1029 days away (exceeds 365-day tolerance),"nearest-day match, MRI_TOLERANCE_DAYS=365"
OAS31463,0,364.0,364.0,True,within tolerance,"nearest-day match, MRI_TOLERANCE_DAYS=365"
OAS31464,0,14.0,14.0,True,within tolerance,"nearest-day match, MRI_TOLERANCE_DAYS=365"
OAS31465,0,89.0,89.0,True,within tolerance,"nearest-day match, MRI_TOLERANCE_DAYS=365"
OAS31466,0,,,False,subject has zero MRI/FreeSurfer records,"nearest-day match, MRI_TOLERANCE_DAYS=365"
OAS31469,0,105.0,105.0,True,within tolerance,"nearest-day match, MRI_TOLERANCE_DAYS=365"
OAS31469,477,106.0,371.0,False,nearest MRI is 371 days away (exceeds 365-day tolerance),"nearest-day match, MRI_TOLERANCE_DAYS=365"
OAS31469,841,106.0,735.0,False,nearest MRI is 735 days away (exceeds 365-day tolerance),"nearest-day match, MRI_TOLERANCE_DAYS=365"
OAS31470,0,7.0,7.0,True,within tolerance,"nearest-day match, MRI_TOLERANCE_DAYS=365"
OAS31471,0,59.0,59.0,True,within tolerance,"nearest-day match, MRI_TOLERANCE_DAYS=365"
OAS31472,0,45.0,45.0,True,within tolerance,"nearest-day match, MRI_TOLERANCE_DAYS=365"
OAS31472,482,45.0,437.0,False,nearest MRI is 437 days away (exceeds 365-day tolerance),"nearest-day match, MRI_TOLERANCE_DAYS=365"
OAS31473,0,136.0,136.0,True,within tolerance,"nearest-day match, MRI_TOLERANCE_DAYS=365"
OAS31474,0,150.0,150.0,True,within tolerance,"nearest-day match, MRI_TOLERANCE_DAYS=365"
OAS31474,732,150.0,582.0,False,nearest MRI is 582 days away (exceeds 365-day tolerance),"nearest-day match, MRI_TOLERANCE_DAYS=365"
