OASISID,DIGIF,DIGIFLEN,DIGIB,DIGIBLEN,LOGIMEM,MEMUNITS,ANIMALS,VEG,TRAILA,TRAILB,WAIS,BOSTON,lhCortexVol,IntraCranialVol,SupraTentorialVol,LhCorticalWhiteMatterVol,SubCortGrayVol,AgeAtEntry,MMSE,APOE,Height,Weight,CortexVol,RhCortexVol,CorticalWhiteMatterVol,TotalGrayVol,RhCorticalWhiteMatterVol,severity_label,CDRTOT_source
OAS30001,,,,,15.0,14.0,20.0,16.0,27.0,64.0,52.0,56.0,191917.3941,1136503.981,810585.1136,184600.4881,50687.0,65.1945,28.0,23.0,999.0,999.0,379446.1801,187528.786,367262.9335,517683.1801,182662.4454,0,0.0
OAS30001,,,,,17.0,17.0,20.0,15.0,31.0,64.0,51.0,58.0,191917.3941,1136503.981,810585.1136,184600.4881,50687.0,65.1945,28.0,23.0,64.0,155.0,379446.1801,187528.786,367262.9335,517683.1801,182662.4454,0,0.0
OAS30001,,,,,12.0,12.0,22.0,15.0,24.0,73.0,57.0,60.0,184473.2762,1134037.255,799341.9212,185224.7799,50071.0,65.1945,30.0,23.0,64.0,162.0,362040.1509,177566.8747,373376.7702,500699.1509,188151.9903,0,0.0
OAS30001,,,,,13.0,13.0,23.0,14.0,42.0,74.0,50.0,58.0,184473.2762,1134037.255,799341.9212,185224.7799,50071.0,65.1945,30.0,23.0,63.5,167.0,362040.1509,177566.8747,373376.7702,500699.1509,188151.9903,0,0.0
OAS30001,,,,,14.0,16.0,18.0,18.0,28.0,82.0,57.0,58.0,,,,,,65.1945,30.0,23.0,63.5,173.0,,,,,,0,0.0
OAS30001,,,,,16.0,17.0,21.0,17.0,37.0,69.0,56.0,58.0,178911.8094,1238313.36,777931.2712,175955.9689,49058.0,65.1945,29.0,23.0,63.5,184.1999512,357784.4896,178872.6802,354128.7815,487405.4896,178172.8127,0,0.0
OAS30001,,,,,15.0,17.0,23.0,17.0,33.0,64.0,57.0,60.0,181943.6988,1186090.901,773671.5993,174372.3294,48400.0,65.1945,30.0,23.0,63.5,180.0,359975.2576,178031.5589,347616.3416,491102.2576,173244.0122,0,0.0
OAS30001,,,,,13.0,15.0,22.0,14.0,29.0,55.0,59.0,58.0,181943.6988,1186090.901,773671.5993,174372.3294,48400.0,65.1945,30.0,23.0,63.0,185.0,359975.2576,178031.5589,347616.3416,491102.2576,173244.0122,0,0.0
OAS30001,,,,,12.0,12.0,25.0,19.0,28.0,55.0,54.0,60.0,176812.8146,1196994.47,768151.8601,177204.1444,47701.0,65.1945,29.0,23.0,63.5,191.75,349989.3297,173176.5152,353057.5304,480667.3297,175853.386,0,0.0
OAS30001,9.0,7.0,8.0,6.0,,,19.0,15.0,25.0,61.0,55.0,,176812.8146,1196994.47,768151.8601,177204.1444,47701.0,65.1945,29.0,23.0,63.5,193.0,349989.3297,173176.5152,353057.5304,480667.3297,175853.386,0,0.0
OAS30001,8.0,7.0,8.0,5.0,,,19.0,15.0,22.0,66.0,57.0,,173067.5354,1217307.928,764168.5144,176235.0638,48007.0,65.1945,30.0,23.0,63.5,193.3999023,343759.0953,170691.56,352911.4191,475338.0953,176676.3553,0,0.0
OAS30001,7.0,6.0,5.0,4.0,,,24.0,9.0,26.0,58.0,65.0,,173067.5354,1217307.928,764168.5144,176235.0638,48007.0,65.1945,29.0,23.0,63.3,193.0,343759.0953,170691.56,352911.4191,475338.0953,176676.3553,0,0.0
OAS30002,,,,,7.0,5.0,19.0,12.0,33.0,35.0,46.0,58.0,234286.4109,1727245.999,1085864.506,253411.1757,60386.0,67.2521,29.0,34.0,63.5,145.0,471180.9506,236894.5397,511207.555,628934.9506,257796.3793,0,0.0
OAS30002,,,,,14.0,14.0,21.0,9.0,31.0,48.0,47.0,60.0,,,,,,67.2521,29.0,34.0,63.0,147.0,,,,,,0,0.0
OAS30002,,,,,12.0,8.0,19.0,11.0,26.0,51.0,50.0,58.0,229564.419,1711692.095,1057388.882,241656.6228,58241.0,67.2521,29.0,34.0,63.5,148.0,459808.559,230244.14,490897.3232,612299.559,249240.7004,0,0.0
OAS30002,,,,,12.0,12.0,15.0,11.0,24.0,59.0,51.0,58.0,229564.419,1711692.095,1057388.882,241656.6228,58241.0,67.2521,30.0,34.0,63.0,151.0,459808.559,230244.14,490897.3232,612299.559,249240.7004,0,0.0
OAS30002,,,,,10.0,8.0,19.0,14.0,21.0,40.0,47.0,58.0,231832.0961,1676427.861,1055490.448,234635.617,57064.0,67.2521,30.0,34.0,63.0,151.0,466301.3249,234469.2288,478172.1229,614581.3249,243536.5058,0,0.0
OAS30002,,,,,13.0,10.0,15.0,13.0,20.0,48.0,51.0,58.0,,,,,,67.2521,29.0,34.0,63.3,157.0,,,,,,0,0.0
OAS30003,,,,,32.0,,22.0,,23.0,61.0,,,,,,,,58.8137,30.0,33.0,65.0,159.0,,,,,,0,0.0
OAS30003,,,,,39.0,,23.0,,25.0,,,,,,,,,58.8137,30.0,33.0,65.0,164.0,,,,,,0,0.0
OAS30003,,,,,41.0,,25.0,,23.0,55.0,,,,,,,,58.8137,30.0,33.0,65.8,170.0,,,,,,0,0.0
OAS30003,,,,,41.0,,18.0,,25.0,51.0,,,204825.7186,1405091.548,929930.4669,213905.1597,59379.0,58.8137,30.0,33.0,65.0,163.7999268,414466.9383,209641.2197,436137.5286,557900.9383,222232.3689,0,0.0
OAS30003,,,,,44.0,,20.0,,27.0,65.0,,,201060.2305,1419507.429,905382.7932,205556.7978,56945.0,58.8137,30.0,33.0,64.7,162.0,408440.8977,207380.6672,417545.8955,549915.8977,211989.0978,0,0.0
OAS30003,,,,,37.0,,17.0,,25.0,52.0,,,199614.9857,1395160.412,908799.0281,208001.2976,58791.0,58.8137,30.0,33.0,67.0,160.0,404740.5005,205125.5148,422687.5276,547785.5005,214686.23,0,0.0
OAS30003,,,,,39.0,,17.0,,32.0,64.0,,,192387.3948,1379398.333,899889.1903,208803.7499,57584.0,58.8137,30.0,33.0,65.0,164.7999268,391607.0874,199219.6927,425387.1029,533797.0874,216583.353,0,0.0
OAS30003,6.0,5.0,7.0,5.0,,,21.0,18.0,,,,,,,,,,58.8137,30.0,33.0,,,,,,,,0,0.0
OAS30003,6.0,5.0,8.0,6.0,,,17.0,16.0,,,,,,,,,,58.8137,30.0,33.0,,,,,,,,0,0.0
OAS30004,,,,,29.0,,26.0,,16.0,66.0,,,219323.7545,1441778.886,979405.6859,238398.0896,54136.0,55.1342,29.0,23.0,63.0,217.0,436061.6281,216737.8736,472832.0577,585563.6281,234433.9681,0,0.0
OAS30004,,,,,25.0,,28.0,,19.0,62.0,,,202223.0468,1420010.559,945257.9938,235140.7604,53151.0,55.1342,29.0,23.0,63.5,197.0,402186.5745,199963.5276,469603.4194,550228.5745,234462.659,0,0.0
OAS30004,,,,,31.0,,20.0,,26.0,57.0,,,207310.5882,1454473.551,951293.3536,232746.0049,52625.0,55.1342,30.0,23.0,63.0,202.5,412852.7729,205542.1847,460956.5806,552694.7729,228210.5757,0,0.0
OAS30004,,,,,28.0,,27.0,,32.0,57.0,,,206958.2692,1477401.953,954395.9241,229115.6364,52605.0,55.1342,29.0,23.0,63.0,201.7999268,412489.2143,205530.9451,459664.7097,558759.2143,230549.0733,0,0.0
OAS30004,9.0,7.0,9.0,6.0,,,22.0,10.0,,,,,,,,,,55.1342,,23.0,,,,,,,,0,0.0
OAS30005,,,,,26.0,,16.0,,33.0,68.0,,,234654.4381,1570229.143,1008153.104,232497.0415,64417.0,48.063,28.0,33.0,62.0,174.0,465579.1266,230924.6885,466488.9773,630303.1266,233991.9359,0,0.0
OAS30005,,,,,26.0,,22.0,,32.0,66.0,,,225743.6559,1554566.124,986734.8929,229534.9634,63545.0,48.063,30.0,33.0,62.0,178.0,450055.1064,224311.4505,460462.7865,611117.1064,230927.8231,0,0.0
OAS30005,,,,,25.0,,20.0,,26.0,59.0,,,216829.888,1506343.938,956342.6017,225527.2279,61398.0,48.063,27.0,33.0,61.5,178.0,429058.3709,212228.4829,452086.2308,586710.3709,226559.0029,0,0.0
OAS30005,,,,,25.0,,18.0,,28.0,68.0,,,223612.9995,1531999.852,992196.6284,234123.656,62104.0,48.063,27.0,33.0,61.5,182.3999023,444959.8162,221346.8167,470826.8123,605002.8162,236703.1563,0,0.0
OAS30006,,,,,32.0,,20.0,,36.0,60.0,,,258234.9403,1973194.307,1264226.11,309289.375,223286.0,62.1288,27.0,33.0,70.0,193.0,514942.2516,256707.3113,618399.3281,738228.2516,309109.9531,0,0.0
OAS30006,,,,,28.0,,27.0,,16.0,59.0,,,250985.2283,1906449.418,1168192.827,278566.3586,60543.0,62.1288,30.0,33.0,70.3,198.0,500518.9667,249533.7384,552544.8601,675736.9667,273978.5015,0,0.0
OAS30006,,,,,29.0,,32.0,,22.0,65.0,,,250985.2283,1906449.418,1168192.827,278566.3586,60543.0,62.1288,30.0,33.0,69.0,196.0,500518.9667,249533.7384,552544.8601,675736.9667,273978.5015,0,0.0
OAS30006,,,,,31.0,,24.0,,24.0,60.0,,,,,,,,62.1288,29.0,33.0,70.0,203.0,,,,,,0,0.0
OAS30006,,,,,31.0,,30.0,,23.0,58.0,,,,,,,,62.1288,29.0,33.0,70.0,204.0,,,,,,0,0.0
OAS30006,,,,,31.0,,25.0,,27.0,59.0,,,,,,,,62.1288,30.0,33.0,69.5,208.0,,,,,,0,0.0
OAS30006,,,,,33.0,,24.0,,20.0,59.0,,,,,,,,62.1288,30.0,33.0,69.7,204.0,,,,,,0,0.0
OAS30006,,,,,40.0,,23.0,,28.0,71.0,,,,,,,,62.1288,30.0,33.0,69.5,206.75,,,,,,0,0.0
OAS30006,,,,,27.0,,21.0,,26.0,63.0,,,235597.859,1939411.878,1170201.77,277566.5246,58021.0,62.1288,30.0,33.0,69.5,210.0,470806.3454,235208.4864,553695.4244,639244.3454,276128.8998,0,0.0
OAS30006,,,,,29.0,,26.0,,21.0,70.0,,,,,,,,62.1288,29.0,33.0,69.25,197.5999756,,,,,,0,0.0
OAS30006,7.0,6.0,4.0,3.0,,,19.0,15.0,,,,,,,,,,62.1288,,33.0,,,,,,,,0,0.0
OAS30007,,,,,20.0,19.0,23.0,17.0,21.0,61.0,58.0,56.0,224099.5287,1641879.5,957582.7084,206922.8924,53490.0,71.5863,29.0,24.0,68.0,180.0,452008.6996,227909.171,413802.0088,608098.6996,206879.1164,0,0.0
OAS30007,,,,,16.0,16.0,26.0,16.0,25.0,76.0,54.0,60.0,224099.5287,1641879.5,957582.7084,206922.8924,53490.0,71.5863,30.0,24.0,68.0,187.0,452008.6996,227909.171,413802.0088,608098.6996,206879.1164,0,0.0
OAS30007,,,,,17.0,18.0,27.0,12.0,37.0,71.0,52.0,58.0,,,,,,71.5863,30.0,24.0,68.0,184.0,,,,,,0,0.0
OAS30007,,,,,10.0,13.0,27.0,10.0,21.0,62.0,53.0,54.0,,,,,,71.5863,30.0,24.0,68.0,175.0,,,,,,0,0.0
OAS30007,,,,,16.0,14.0,23.0,15.0,20.0,78.0,53.0,54.0,219501.5268,1629881.492,930182.5152,194828.4424,51566.0,71.5863,30.0,24.0,67.0,185.0,445298.4414,225796.9146,388628.0738,597802.4414,193799.6314,0,0.0
OAS30007,,,,,18.0,18.0,27.0,18.0,26.0,58.0,58.0,54.0,216857.2981,1621727.109,923628.878,194406.1873,51225.0,71.5863,30.0,24.0,67.0,182.0,439099.2473,222241.9492,386899.6307,589525.2473,192493.4434,0,0.0
OAS30007,,,,,15.0,12.0,29.0,11.0,19.0,50.0,61.0,58.0,216857.2981,1621727.109,923628.878,194406.1873,51225.0,71.5863,30.0,24.0,67.5,183.0,439099.2473,222241.9492,386899.6307,589525.2473,192493.4434,0,0.0
OAS30007,,,,,14.0,13.0,24.0,9.0,27.0,68.0,52.0,58.0,,,,,,71.5863,28.0,24.0,67.5,181.0,,,,,,1,0.5
OAS30007,,,,,13.0,10.0,24.0,14.0,21.0,78.0,50.0,56.0,,,,,,71.5863,28.0,24.0,67.5,180.0,,,,,,1,0.5
OAS30007,5.0,5.0,4.0,4.0,,,25.0,12.0,24.0,64.0,54.0,,,,,,,71.5863,30.0,24.0,67.3,184.0,,,,,,1,0.5
OAS30007,5.0,5.0,4.0,3.0,,,16.0,8.0,25.0,90.0,49.0,,204684.6023,1622499.648,912831.6912,193967.9472,49504.0,71.5863,30.0,24.0,68.4,179.5999756,416924.092,212239.4898,392879.5992,561664.092,198911.652,1,0.5
OAS30007,4.0,4.0,3.0,3.0,,,18.0,12.0,21.0,82.0,50.0,,204684.6023,1622499.648,912831.6912,193967.9472,49504.0,71.5863,30.0,24.0,67.3,181.0,416924.092,212239.4898,392879.5992,561664.092,198911.652,0,0.0
OAS30007,3.0,4.0,6.0,4.0,,,14.0,10.0,,,,,,,,,,71.5863,,24.0,,,,,,,,2,1.0
OAS30008,,,,,22.0,,23.0,,19.0,107.0,,,210194.4407,1352354.261,921202.032,213011.8869,58321.0,52.3425,30.0,33.0,63.0,130.0,423347.5399,213153.0992,428918.4921,579126.5399,215906.6052,0,0.0
OAS30009,,,,,30.0,,32.0,,15.0,52.0,,,246409.3871,1623229.066,1075072.131,252545.0654,58677.0,48.8658,30.0,34.0,63.5,160.0,491966.524,245557.1369,504108.6073,646071.524,251563.5419,0,0.0
OAS30009,,,,,36.0,,22.0,,20.0,71.0,,,238252.1051,1615415.719,1059738.918,253253.3064,58808.0,48.8658,28.0,34.0,64.0,166.0,474107.826,235855.7209,505305.0916,626992.826,252051.7852,0,0.0
OAS30009,12.0,9.0,8.0,6.0,,,24.0,15.0,,,,,,,,,,48.8658,,34.0,,,,,,,,0,0.0
OAS30010,,,,,16.0,15.0,16.0,13.0,38.0,128.0,45.0,52.0,,,,,,68.4438,29.0,33.0,61.0,179.0,,,,,,0,0.0
OAS30011,,,,,13.0,9.0,15.0,16.0,69.0,180.0,33.0,52.0,165294.2669,1346829.868,765499.4277,172192.7332,43951.0,78.5151,28.0,33.0,62.0,188.0,333793.8122,168499.5453,346533.6155,463604.8122,174340.8823,0,0.0
OAS30011,,,,,9.0,8.0,16.0,20.0,59.0,180.0,32.0,52.0,,,,,,78.5151,29.0,33.0,62.0,190.0,,,,,,0,0.0
OAS30011,,,,,12.0,6.0,15.0,16.0,96.0,180.0,29.0,46.0,,,,,,78.5151,28.0,33.0,61.0,178.0,,,,,,0,0.0
OAS30011,,,,,9.0,8.0,13.0,18.0,76.0,180.0,28.0,46.0,,,,,,78.5151,26.0,33.0,61.0,170.0,,,,,,0,0.0
OAS30012,,,,,,,17.0,,38.0,58.0,31.0,56.0,250234.9234,1921844.528,1183518.3,271244.9844,194591.1844,87.2027,27.0,33.0,,144.0,500114.7246,249879.8012,555080.2344,694705.9091,283835.25,0,0.0
OAS30012,,,,,,,16.0,,27.0,80.0,39.0,56.0,236747.3665,1942851.325,1173220.851,274234.25,192830.72,87.2027,30.0,33.0,,134.0,473787.1339,237039.7675,562994.6875,666617.8539,288760.4375,0,0.0
OAS30013,,,,,15.0,9.0,19.0,13.0,34.0,69.0,42.0,52.0,205202.2797,1653113.443,1011093.488,248449.985,55021.0,71.0658,27.0,33.0,63.0,146.0,416600.6547,211398.3749,495933.8329,562132.6547,247483.8479,1,0.5
OAS30013,,,,,13.0,13.0,22.0,12.0,32.0,65.0,37.0,46.0,205202.2797,1653113.443,1011093.488,248449.985,55021.0,71.0658,27.0,33.0,63.5,151.0,416600.6547,211398.3749,495933.8329,562132.6547,247483.8479,0,0.0
OAS30013,,,,,9.0,10.0,15.0,10.0,39.0,74.0,37.0,46.0,,,,,,71.0658,27.0,33.0,63.0,154.0,,,,,,1,0.5
OAS30013,,,,,15.0,13.0,15.0,13.0,25.0,92.0,38.0,48.0,185130.9042,1616795.144,979917.5527,245617.8759,50424.0,71.0658,29.0,33.0,63.7,160.0,381065.5948,195934.6907,494871.9579,515036.5948,249254.0819,1,0.5
OAS30013,8.0,6.0,6.0,5.0,,,13.0,13.0,29.0,158.0,38.0,,185130.9042,1616795.144,979917.5527,245617.8759,50424.0,71.0658,28.0,33.0,63.3,159.0,381065.5948,195934.6907,494871.9579,515036.5948,249254.0819,1,0.5
OAS30013,10.0,7.0,7.0,6.0,,,13.0,10.0,50.0,79.0,37.0,,,,,,,71.0658,28.0,33.0,63.5,159.0,,,,,,1,0.5
OAS30013,11.0,8.0,9.0,6.0,,,17.0,8.0,42.0,108.0,30.0,,,,,,,71.0658,28.0,33.0,63.5,162.7999268,,,,,,0,0.0
OAS30015,,,,,12.0,11.0,21.0,16.0,22.0,74.0,54.0,60.0,224481.9266,1569804.538,997328.0484,230498.2065,52724.0,65.3096,30.0,33.0,74.5,199.0,449028.1683,224546.2418,462792.88,600702.1683,232294.6735,0,0.0
OAS30015,,,,,17.0,16.0,22.0,17.0,25.0,69.0,41.0,60.0,224481.9266,1569804.538,997328.0484,230498.2065,52724.0,65.3096,28.0,33.0,74.0,214.0,449028.1683,224546.2418,462792.88,600702.1683,232294.6735,0,0.0
OAS30015,,,,,17.0,20.0,20.0,23.0,31.0,45.0,66.0,58.0,219491.2278,1580282.528,991017.6132,230169.3397,53747.0,65.3096,30.0,33.0,74.7,203.0,440447.4649,220956.2371,462074.1482,592939.4649,231904.8086,0,0.0
OAS30015,,,,,20.0,15.0,24.0,18.0,27.0,54.0,67.0,58.0,213206.2349,1577486.074,973560.926,227291.7934,50362.0,65.3096,30.0,33.0,74.2,197.0,427896.9682,214690.7333,456443.9578,573316.9682,229152.1644,0,0.0
OAS30015,,,,,16.0,13.0,23.0,14.0,22.0,55.0,60.0,58.0,,,,,,65.3096,30.0,33.0,73.6,204.1999512,,,,,,0,0.0
OAS30015,,,,,15.0,15.0,21.0,18.0,26.0,46.0,65.0,60.0,,,,,,65.3096,30.0,33.0,73.0,204.5,,,,,,0,0.0
OAS30015,12.0,8.0,11.0,8.0,,,25.0,21.0,20.0,74.0,64.0,,,,,,,65.3096,29.0,33.0,73.3,199.0,,,,,,0,0.0
OAS30015,12.0,9.0,11.0,7.0,,,28.0,10.0,30.0,79.0,70.0,,,,,,,65.3096,29.0,33.0,73.3,203.0,,,,,,0,0.0
OAS30015,11.0,9.0,13.0,8.0,,,16.0,16.0,,,,,,,,,,65.3096,,33.0,,,,,,,,0,0.0
OAS30017,,,,,28.0,,30.0,,20.0,44.0,,,209681.1484,1326480.827,889411.6306,199048.8086,53288.0,53.5534,29.0,33.0,65.0,162.0,421496.9614,211815.813,398288.6692,563718.9614,199239.8605,0,0.0
OAS30018,,,,,9.0,6.0,15.0,12.0,45.0,129.0,34.0,52.0,199341.6827,1567267.588,889244.035,188484.2191,48874.0,71.0685,30.0,34.0,66.0,174.0,405332.5903,205990.9076,377138.4446,541260.5903,188654.2256,0,0.0
OAS30018,,,,,13.0,13.0,13.0,10.0,53.0,132.0,39.0,50.0,206233.4072,1570639.183,903000.1858,190427.2544,49936.0,71.0685,30.0,34.0,66.0,168.0,412289.5644,206056.1572,379206.6214,551433.5644,188779.3671,0,0.0
OAS30019,,,,,9.0,13.0,23.0,15.0,31.0,73.0,53.0,52.0,,,,,,74.4301,29.0,23.0,64.0,213.0,,,,,,0,0.0
OAS30019,,,,,7.0,5.0,15.0,11.0,32.0,131.0,44.0,48.0,,,,,,74.4301,24.0,23.0,64.0,189.0,,,,,,1,0.5
OAS30019,,,,,6.0,5.0,8.0,11.0,34.0,103.0,43.0,54.0,,,,,,74.4301,29.0,23.0,63.0,190.0,,,,,,1,0.5
OAS30021,,,,,16.0,15.0,31.0,17.0,58.0,85.0,42.0,56.0,202592.7959,1517902.771,976655.8968,242651.13,47947.0,69.8384,29.0,34.0,70.0,184.0,402638.6812,200045.8853,486964.2156,531884.6812,244313.0856,0,0.0
OAS30021,,,,,10.0,10.0,32.0,17.0,29.0,56.0,46.0,56.0,202592.7959,1517902.771,976655.8968,242651.13,47947.0,69.8384,26.0,34.0,70.0,184.5,402638.6812,200045.8853,486964.2156,531884.6812,244313.0856,0,0.0
OAS30021,,,,,14.0,14.0,29.0,20.0,27.0,64.0,43.0,60.0,,,,,,69.8384,26.0,34.0,70.0,182.0,,,,,,0,0.0
OAS30021,8.0,7.0,4.0,3.0,,,23.0,14.0,39.0,58.0,44.0,,,,,,,69.8384,28.0,34.0,70.0,178.0,,,,,,0,0.0
OAS30021,7.0,6.0,4.0,3.0,,,29.0,19.0,32.0,66.0,43.0,,,,,,,69.8384,29.0,34.0,69.75,183.7999268,,,,,,0,0.0
OAS30022,,,,,,,11.0,,58.0,118.0,35.0,52.0,194428.9958,1602755.082,915409.2588,215464.5,151522.1605,74.3753,27.0,34.0,,200.0,388745.9,194316.9042,431351.0469,540268.0605,215886.5469,0,0.0
OAS30022,,,,,11.0,6.0,13.0,10.0,40.0,180.0,21.0,46.0,,,,,,74.3753,20.0,34.0,69.0,187.0,,,,,,2,1.0
OAS30024,6.0,6.0,2.0,2.0,12.0,6.0,10.0,3.0,39.0,163.0,42.0,,165254.053,1412165.68,796707.317,186645.8179,44298.0,76.6959,27.0,34.0,55.0,89.0,325825.6768,160571.6238,373664.6402,445390.6768,187018.8223,1,0.5
OAS30024,4.0,4.0,5.0,4.0,9.0,0.0,13.0,9.0,67.0,178.0,33.0,,165254.053,1412165.68,796707.317,186645.8179,44298.0,76.6959,26.0,34.0,54.5,92.0,325825.6768,160571.6238,373664.6402,445390.6768,187018.8223,1,0.5
OAS30025,,,,,14.0,15.0,18.0,19.0,32.0,77.0,45.0,52.0,194485.6647,1339395.614,905529.3455,223866.3842,52633.0,64.8575,26.0,33.0,63.0,137.0,384199.2082,189713.5435,444304.1373,527648.2082,220437.7532,0,0.0
OAS30026,,,,,12.0,9.0,17.0,9.0,46.0,104.0,24.0,56.0,200963.8166,1649972.737,975112.7063,233649.1657,51119.0,80.4329,29.0,33.0,68.0,178.0,401448.3795,200484.563,469146.3268,541927.3795,235497.1611,0,0.0
OAS30026,,,,,13.0,10.0,15.0,13.0,63.0,147.0,26.0,56.0,201818.9141,1659718.89,960121.1468,220710.487,51749.0,80.4329,29.0,33.0,69.0,172.0,403104.1155,201285.2014,451569.0313,547333.1155,230858.5442,0,0.0
OAS30026,,,,,10.0,11.0,14.0,10.0,59.0,124.0,29.0,56.0,201818.9141,1659718.89,960121.1468,220710.487,51749.0,80.4329,30.0,33.0,68.0,166.0,403104.1155,201285.2014,451569.0313,547333.1155,230858.5442,0,0.0
OAS30027,,,,,7.0,6.0,10.0,7.0,26.0,109.0,34.0,44.0,,,,,,69.2082,27.0,34.0,71.0,211.0,,,,,,0,0.0
OAS30027,,,,,5.0,3.0,16.0,7.0,63.0,119.0,33.0,36.0,217901.7946,1773915.397,1029798.617,252329.8349,50340.0,69.2082,24.0,34.0,71.0,213.0,431825.1608,213923.3662,501610.4557,583537.1608,249280.6209,0,0.0
OAS30027,,,,,0.0,0.0,7.0,6.0,81.0,180.0,21.0,28.0,,,,,,69.2082,21.0,34.0,71.3,217.0,,,,,,2,1.0
OAS30028,,,,,8.0,5.0,37.0,13.0,26.0,48.0,58.0,60.0,215102.4779,1580698.295,991709.5515,240003.0918,59000.0,68.0521,30.0,34.0,65.0,165.0,433390.8837,218288.4058,482812.6679,584140.8837,242809.5761,0,0.0
OAS30028,,,,,9.0,6.0,26.0,13.0,26.0,64.0,55.0,58.0,215102.4779,1580698.295,991709.5515,240003.0918,59000.0,68.0521,30.0,34.0,65.0,167.0,433390.8837,218288.4058,482812.6679,584140.8837,242809.5761,0,0.0
OAS30028,,,,,11.0,12.0,23.0,16.0,29.0,50.0,58.0,58.0,,,,,,68.0521,30.0,34.0,65.0,166.0,,,,,,0,0.0
OAS30028,,,,,12.0,11.0,33.0,17.0,26.0,50.0,55.0,58.0,212983.006,1531575.142,972909.6741,234037.3611,59372.0,68.0521,30.0,34.0,64.0,170.0,424773.5035,211790.4975,470522.1706,572486.5035,236484.8095,0,0.0
OAS30028,,,,,12.0,12.0,23.0,14.0,25.0,64.0,54.0,58.0,212983.006,1531575.142,972909.6741,234037.3611,59372.0,68.0521,30.0,34.0,64.0,174.0,424773.5035,211790.4975,470522.1706,572486.5035,236484.8095,0,0.0
OAS30028,,,,,11.0,12.0,27.0,16.0,17.0,47.0,59.0,58.0,211539.2055,1525771.772,961607.9177,229624.5727,59279.0,68.0521,30.0,34.0,64.2,176.0,421738.6639,210199.4583,462302.2538,570955.6639,232677.681,0,0.0
OAS30028,,,,,14.0,14.0,28.0,15.0,25.0,50.0,51.0,58.0,,,,,,68.0521,30.0,34.0,64.0,182.0,,,,,,0,0.0
OAS30028,11.0,8.0,13.0,8.0,,,28.0,16.0,21.0,51.0,51.0,,,,,,,68.0521,30.0,34.0,64.25,175.0,,,,,,0,0.0
OAS30028,10.0,8.0,11.0,7.0,,,22.0,16.0,28.0,56.0,54.0,,,,,,,68.0521,30.0,34.0,64.5,180.0,,,,,,0,0.0
OAS30029,,,,,9.0,5.0,23.0,14.0,104.0,180.0,31.0,58.0,201894.1746,1825319.511,1015384.318,243295.6837,61266.0,72.4192,28.0,34.0,66.5,147.0,401808.8196,199914.645,480296.4985,593194.8196,237000.8149,1,0.5
OAS30029,,,,,6.0,5.0,16.0,8.0,180.0,,15.0,60.0,201894.1746,1825319.511,1015384.318,243295.6837,61266.0,72.4192,22.0,34.0,67.0,149.0,401808.8196,199914.645,480296.4985,593194.8196,237000.8149,1,0.5
OAS30029,,,,,10.0,6.0,22.0,11.0,132.0,,17.0,58.0,,,,,,72.4192,22.0,34.0,66.0,141.0,,,,,,2,1.0
OAS30029,,,,,7.0,6.0,8.0,8.0,180.0,,3.0,58.0,,,,,,72.4192,22.0,34.0,66.0,139.0,,,,,,2,1.0
OAS30030,,,,,13.0,13.0,16.0,14.0,20.0,60.0,45.0,60.0,223989.2726,1629667.756,1033278.671,244723.4783,58612.0,66.5096,30.0,33.0,67.0,178.0,450186.2324,226196.9598,488435.4384,610043.2324,243711.9601,0,0.0
OAS30030,,,,,7.0,8.0,18.0,9.0,35.0,68.0,43.0,56.0,223989.2726,1629667.756,1033278.671,244723.4783,58612.0,66.5096,30.0,33.0,66.0,181.0,450186.2324,226196.9598,488435.4384,610043.2324,243711.9601,0,0.0
OAS30031,,,,,8.0,3.0,8.0,6.0,45.0,180.0,24.0,38.0,,,,,,80.1836,26.0,33.0,62.0,112.0,,,,,,1,0.5
OAS30031,,,,,0.0,0.0,5.0,3.0,47.0,180.0,20.0,30.0,214236.8561,1650054.704,940656.4446,202320.797,51532.0,80.1836,24.0,33.0,61.5,102.0,428622.8629,214386.0068,404376.5817,578865.8629,202055.7847,2,1.0
OAS30032,,,,,,,28.0,,24.0,61.0,69.0,54.0,194612.6398,1344828.408,908703.235,242475.75,171552.661,50.1808,30.0,23.0,,132.0,388471.0234,193858.3836,486874.8438,560023.6844,244399.0938,0,0.0
OAS30032,,,,,35.0,,28.0,,24.0,58.0,,,,,,,,50.1808,29.0,23.0,63.0,128.0,,,,,,0,0.0
OAS30032,,,,,33.0,,27.0,,21.0,58.0,,,,,,,,50.1808,29.0,23.0,62.5,160.0,,,,,,0,0.0
OAS30033,,,,,10.0,11.0,13.0,11.0,63.0,140.0,28.0,54.0,183134.8078,1419804.034,803246.6565,179472.7147,51455.0,79.4384,29.0,33.0,62.0,191.0,354757.7581,171622.9503,352128.8984,490899.7581,172656.1837,0,0.0
OAS30033,,,,,8.0,11.0,11.0,16.0,63.0,125.0,27.0,54.0,170699.1716,1405947.895,792047.5976,181394.0649,47299.0,79.4384,29.0,33.0,62.0,154.0,322037.2387,151338.0671,365924.3589,450912.2387,184530.294,0,0.0
OAS30033,,,,,10.0,8.0,15.0,12.0,43.0,177.0,25.0,50.0,,,,,,79.4384,28.0,33.0,62.0,154.0,,,,,,0,0.0
OAS30034,,,,,40.0,,16.0,,33.0,142.0,,,202404.8834,1453329.448,919434.9067,215280.3093,52531.0,65.0877,26.0,34.0,62.5,145.0,408474.0087,206069.1253,437960.8979,551292.0087,222680.5886,0,0.0
OAS30035,,,,,,,18.0,,60.0,120.0,37.0,50.0,,,,,,75.9562,30.0,33.0,,140.0,,,,,,1,0.5
OAS30035,,,,,,,16.0,,58.0,118.0,40.0,52.0,,,,,,75.9562,30.0,33.0,,149.0,,,,,,1,0.5
OAS30035,,,,,,,17.0,,54.0,129.0,33.0,48.0,,,,,,75.9562,30.0,33.0,,144.0,,,,,,0,0.0
OAS30035,,,,,,,19.0,,60.0,104.0,34.0,57.0,,,,,,75.9562,30.0,33.0,,144.0,,,,,,0,0.0
OAS30035,,,,,15.0,13.0,19.0,16.0,44.0,103.0,35.0,46.0,,,,,,75.9562,28.0,33.0,64.0,146.0,,,,,,0,0.0
OAS30035,,,,,17.0,16.0,16.0,16.0,52.0,108.0,33.0,48.0,,,,,,75.9562,27.0,33.0,64.0,146.0,,,,,,0,0.0
OAS30035,,,,,15.0,15.0,16.0,15.0,63.0,128.0,33.0,48.0,180632.2357,1350981.371,784237.3818,166069.7821,45109.0,75.9562,29.0,33.0,64.0,146.0,366079.6133,185447.3776,327537.7685,482492.6133,161467.9864,0,0.0
OAS30035,,,,,17.0,14.0,16.0,16.0,78.0,138.0,35.0,50.0,,,,,,75.9562,28.0,33.0,64.0,143.0,,,,,,0,0.0
OAS30035,,,,,17.0,13.0,18.0,13.0,60.0,115.0,26.0,50.0,,,,,,75.9562,30.0,33.0,64.0,132.0,,,,,,0,0.0
OAS30035,,,,,16.0,16.0,12.0,11.0,65.0,149.0,35.0,44.0,188846.6478,1351221.091,791266.4052,157267.2973,43793.0,75.9562,28.0,33.0,64.0,141.0,379119.7562,190273.1084,314899.6489,490055.7562,157632.3516,1,0.5
OAS30035,,,,,15.0,16.0,12.0,10.0,58.0,180.0,30.0,44.0,188846.6478,1351221.091,791266.4052,157267.2973,43793.0,75.9562,25.0,33.0,63.0,124.0,379119.7562,190273.1084,314899.6489,490055.7562,157632.3516,1,0.5
OAS30036,,,,,13.0,12.0,32.0,24.0,27.0,79.0,60.0,56.0,221490.9973,1578322.355,967839.989,221846.6964,52816.0,66.2959,30.0,23.0,65.0,292.0,445023.2617,223532.2644,448565.7273,607445.2617,226719.0309,0,0.0
OAS30036,,,,,16.0,16.0,30.0,23.0,25.0,52.0,66.0,56.0,221490.9973,1578322.355,967839.989,221846.6964,52816.0,66.2959,30.0,23.0,65.3,263.0,445023.2617,223532.2644,448565.7273,607445.2617,226719.0309,0,0.0
OAS30036,,,,,12.0,14.0,33.0,18.0,28.0,57.0,73.0,58.0,,,,,,66.2959,27.0,23.0,65.5,287.0,,,,,,0,0.0
OAS30036,,,,,19.0,20.0,29.0,19.0,23.0,57.0,69.0,56.0,209452.4201,1527391.918,947298.0786,222141.6181,51743.0,66.2959,30.0,23.0,65.25,298.0,423912.3874,214459.9674,448999.6912,574166.3874,226858.0731,0,0.0
OAS30036,10.0,8.0,10.0,6.0,,,23.0,18.0,16.0,34.0,72.0,,209452.4201,1527391.918,947298.0786,222141.6181,51743.0,66.2959,30.0,23.0,65.0,268.0,423912.3874,214459.9674,448999.6912,574166.3874,226858.0731,0,0.0
OAS30036,12.0,8.0,9.0,6.0,,,22.0,23.0,21.0,44.0,70.0,,,,,,,66.2959,29.0,23.0,65.5,272.1999512,,,,,,0,0.0
OAS30036,11.0,8.0,10.0,6.0,,,25.0,19.0,,,,,,,,,,66.2959,,23.0,,,,,,,,0,0.0
OAS30036,11.0,8.0,10.0,6.0,,,24.0,15.0,,,,,,,,,,66.2959,,23.0,,,,,,,,0,0.0
OAS30037,,,,,34.0,,23.0,,30.0,47.0,,,237828.3518,1529816.927,1027048.554,227917.5813,55950.0,58.8329,29.0,23.0,60.0,144.7999268,477669.7884,239841.4366,456434.7652,634005.7884,228517.1839,0,0.0
OAS30037,,,,,35.0,,29.0,,34.0,52.0,,,225980.5914,1451128.323,1000182.382,227111.1106,55066.0,58.8329,30.0,23.0,60.0,154.0,453951.3024,227970.7109,453464.0797,607415.3024,226352.9691,0,0.0
OAS30037,8.0,8.0,11.0,8.0,,,29.0,27.0,29.0,48.0,44.0,,232452.7035,1641949.941,1036649.241,232081.7356,54987.0,58.8329,30.0,23.0,60.5,159.5999756,471255.3659,238802.6624,467011.8749,626601.3659,234930.1393,0,0.0
OAS30038,,,,,,,25.0,,24.0,47.0,74.0,57.0,,,,,,57.5507,30.0,34.0,,128.0,,,,,,0,0.0
OAS30038,,,,,30.0,,27.0,,20.0,36.0,,,227358.5702,1536893.199,1015710.984,259507.6719,188757.7793,57.5507,30.0,34.0,,132.0,454581.0251,227222.4548,522055.0156,643338.8044,262547.3438,0,0.0
OAS30038,,,,,33.0,,23.0,,22.0,57.0,,,224562.5276,1595222.461,1007899.514,240727.3259,59781.0,57.5507,30.0,34.0,66.5,134.0,449242.4704,224679.9428,484399.0438,614313.4704,243671.7179,0,0.0
OAS30038,,,,,32.0,,19.0,,24.0,52.0,,,225834.9433,1582076.934,1001952.795,237788.7219,57806.0,57.5507,30.0,34.0,66.5,136.0,451516.6926,225681.7493,476227.1022,611597.6926,238438.3803,0,0.0
OAS30038,,,,,29.0,,30.0,,25.0,44.0,,,,,,,,57.5507,30.0,34.0,67.0,145.0,,,,,,0,0.0
OAS30038,,,,,36.0,,25.0,,15.0,46.0,,,227629.0809,1574320.248,992314.6299,228691.1082,58154.0,57.5507,30.0,34.0,66.3,142.0,455889.6572,228260.5763,460109.9727,614100.6572,231418.8645,0,0.0
OAS30038,,,,,33.0,,23.0,,18.0,58.0,,,227629.0809,1574320.248,992314.6299,228691.1082,58154.0,57.5507,30.0,34.0,66.5,138.0,455889.6572,228260.5763,460109.9727,614100.6572,231418.8645,0,0.0
OAS30038,,,,,35.0,,20.0,,17.0,49.0,,,,,,,,57.5507,30.0,34.0,66.0,135.0,,,,,,0,0.0
OAS30038,,,,,27.0,,22.0,,23.0,43.0,,,215513.5835,1548217.84,969328.8175,230480.5204,57214.0,57.5507,29.0,34.0,68.0,116.0,428081.932,212568.3485,462194.8855,585900.932,231714.3651,0,0.0
OAS30038,,,,,35.0,,23.0,,20.0,54.0,,,,,,,,57.5507,30.0,34.0,65.8,111.7999878,,,,,,1,0.5
OAS30038,11.0,8.0,8.0,5.0,,,19.0,8.0,,,,,,,,,,57.5507,,34.0,,,,,,,,1,0.5
OAS30039,11.0,8.0,9.0,6.0,16.0,17.0,22.0,19.0,41.0,80.0,57.0,,203877.032,1470258.705,900041.4002,205057.9401,54195.0,73.2712,30.0,34.0,60.5,144.0,402861.0022,198983.9702,405678.3981,544575.0022,200620.458,0,0.0
OAS30039,12.0,8.0,11.0,7.0,16.0,19.0,31.0,20.0,33.0,72.0,57.0,,203877.032,1470258.705,900041.4002,205057.9401,54195.0,73.2712,30.0,34.0,60.0,149.0,402861.0022,198983.9702,405678.3981,544575.0022,200620.458,0,0.0
OAS30039,12.0,9.0,14.0,8.0,,,33.0,29.0,31.0,74.0,57.0,,,,,,,73.2712,30.0,34.0,60.0,145.0,,,,,,0,0.0
OAS30039,14.0,9.0,11.0,8.0,,,26.0,21.0,34.0,80.0,55.0,,194309.0195,1518789.687,896163.8495,201848.029,56770.0,73.2712,30.0,34.0,59.3,145.0,386289.5243,191980.5048,403542.3251,534369.5243,201694.2962,0,0.0
OAS30039,13.0,9.0,9.0,6.0,,,31.0,23.0,48.0,137.0,51.0,,194309.0195,1518789.687,896163.8495,201848.029,56770.0,73.2712,30.0,34.0,59.5,142.1999512,386289.5243,191980.5048,403542.3251,534369.5243,201694.2962,0,0.0
OAS30039,10.0,7.0,7.0,5.0,,,24.0,20.0,,,,,,,,,,73.2712,,34.0,,,,,,,,0,0.0
OAS30040,,,,,,,21.0,,33.0,92.0,60.0,53.0,,,,,,67.589,29.0,33.0,,112.0,,,,,,0,0.0
OAS30040,,,,,,,22.0,,25.0,73.0,63.0,52.0,,,,,,67.589,30.0,33.0,,109.0,,,,,,0,0.0
OAS30040,,,,,,,14.0,,27.0,81.0,60.0,57.0,,,,,,67.589,28.0,33.0,,107.0,,,,,,0,0.0
OAS30040,,,,,,,16.0,,33.0,83.0,56.0,56.0,,,,,,67.589,28.0,33.0,,,,,,,,0,0.0
OAS30040,,,,,17.0,15.0,15.0,12.0,23.0,96.0,55.0,50.0,,,,,,67.589,30.0,33.0,62.0,110.0,,,,,,1,0.5
OAS30040,,,,,13.0,10.0,16.0,13.0,38.0,132.0,56.0,56.0,198046.0512,1368053.202,853188.3597,190199.0113,46470.0,67.589,29.0,33.0,62.0,108.0,399265.3752,201219.324,379392.9845,532903.3752,189193.9732,1,0.5
OAS30040,,,,,16.0,13.0,20.0,16.0,29.0,134.0,49.0,54.0,198046.0512,1368053.202,853188.3597,190199.0113,46470.0,67.589,30.0,33.0,62.0,102.0,399265.3752,201219.324,379392.9845,532903.3752,189193.9732,0,0.0
OAS30041,,,,,,,,,38.0,,58.0,52.0,,,,,,65.1671,,33.0,,,,,,,,0,0.0
OAS30041,,,,,,,,,33.0,,49.0,51.0,,,,,,65.1671,,33.0,,,,,,,,0,0.0
OAS30041,,,,,,,,,40.0,,54.0,53.0,,,,,,65.1671,,33.0,,,,,,,,0,0.0
OAS30041,,,,,,,,,32.0,,56.0,52.0,,,,,,65.1671,,33.0,,,,,,,,0,0.0
OAS30041,,,,,,,,,41.0,70.0,48.0,49.0,,,,,,65.1671,,33.0,,159.0,,,,,,0,0.0
OAS30041,,,,,,,,,45.0,,52.0,50.0,,,,,,65.1671,,33.0,,163.0,,,,,,0,0.0
OAS30041,,,,,,,,,30.0,63.0,48.0,49.0,,,,,,65.1671,,33.0,,142.0,,,,,,0,0.0
OAS30041,,,,,,,19.0,,37.0,90.0,50.0,45.0,,,,,,65.1671,29.0,33.0,,153.0,,,,,,0,0.0
OAS30041,,,,,,,18.0,,30.0,116.0,42.0,43.0,,,,,,65.1671,28.0,33.0,,147.0,,,,,,0,0.0
OAS30041,,,,,,,17.0,,37.0,135.0,36.0,43.0,,,,,,65.1671,28.0,33.0,,151.0,,,,,,0,0.0
OAS30041,,,,,,,14.0,,44.0,131.0,39.0,41.0,148564.6001,1298817.02,779345.8184,201969.1563,143987.2243,65.1671,29.0,33.0,,134.0,301671.5301,153106.9299,408822.1875,445658.7544,206853.0313,0,0.0
OAS30041,,,,,16.0,11.0,17.0,14.0,45.0,118.0,42.0,38.0,148564.6001,1298817.02,779345.8184,201969.1563,143987.2243,65.1671,28.0,33.0,54.0,129.0,301671.5301,153106.9299,408822.1875,445658.7544,206853.0313,1,0.5
OAS30042,8.0,7.0,10.0,6.0,13.0,12.0,32.0,20.0,18.0,70.0,65.0,,233208.6371,1477230.474,998153.5807,223259.6628,55705.0,68.6959,30.0,44.0,63.0,137.0,467538.8525,234330.2154,450158.7282,599535.8525,226899.0654,0,0.0
OAS30042,6.0,6.0,7.0,5.0,,,32.0,17.0,20.0,48.0,69.0,,,,,,,68.6959,30.0,44.0,63.0,134.0,,,,,,0,0.0
OAS30042,9.0,7.0,8.0,6.0,,,29.0,13.0,20.0,66.0,66.0,,217888.8614,1490153.869,983546.9048,228722.3344,54489.0,68.6959,28.0,44.0,63.0,143.0,435423.4302,217534.5688,461102.4746,570552.4302,232380.1402,0,0.0
OAS30042,9.0,7.0,10.0,7.0,,,33.0,11.0,21.0,45.0,63.0,,217888.8614,1490153.869,983546.9048,228722.3344,54489.0,68.6959,30.0,44.0,63.5,137.3999023,435423.4302,217534.5688,461102.4746,570552.4302,232380.1402,0,0.0
OAS30042,9.0,7.0,7.0,5.0,,,30.0,11.0,,,,,,,,,,68.6959,,44.0,,,,,,,,0,0.0
OAS30043,,,,,5.0,0.0,10.0,5.0,44.0,180.0,28.0,42.0,213362.6851,1651853.523,927765.9598,199076.7765,47863.0,86.0301,24.0,33.0,66.5,145.0,427963.1106,214600.4255,399308.8492,574192.1106,200232.0727,2,1.0
OAS30044,,,,,24.0,,21.0,,27.0,63.0,,,177676.6263,1254244.582,787116.804,181513.6602,52552.0,62.9699,30.0,33.0,66.1,209.0,352059.5848,174382.9585,367136.2192,481798.5848,185622.559,0,0.0
OAS30044,,,,,23.0,,20.0,,39.0,77.0,,,,,,,,62.9699,29.0,33.0,63.5,206.0,,,,,,0,0.0
OAS30046,,,,,9.0,8.0,14.0,9.0,29.0,70.0,39.0,60.0,209501.663,1601511.241,938600.2659,209387.3847,53054.0,80.3699,30.0,33.0,69.0,238.0,418434.3961,208932.7331,421873.8698,558871.3961,212486.4851,0,0.0
OAS30046,,,,,12.0,13.0,20.0,7.0,39.0,61.0,33.0,60.0,209501.663,1601511.241,938600.2659,209387.3847,53054.0,80.3699,30.0,33.0,70.0,244.0,418434.3961,208932.7331,421873.8698,558871.3961,212486.4851,0,0.0
OAS30046,,,,,16.0,17.0,19.0,21.0,31.0,55.0,40.0,60.0,211492.9569,1588950.123,938890.1095,205865.7115,54779.0,80.3699,30.0,33.0,69.0,243.0,426934.4369,215441.48,409815.6726,571675.4369,203949.9611,0,0.0
OAS30046,,,,,14.0,15.0,27.0,16.0,26.0,93.0,39.0,56.0,211492.9569,1588950.123,938890.1095,205865.7115,54779.0,80.3699,28.0,33.0,69.0,244.0,426934.4369,215441.48,409815.6726,571675.4369,203949.9611,0,0.0
OAS30046,,,,,12.0,16.0,22.0,9.0,24.0,69.0,36.0,56.0,,,,,,80.3699,28.0,33.0,69.0,245.0,,,,,,0,0.0
OAS30046,,,,,17.0,19.0,25.0,12.0,25.0,60.0,40.0,60.0,206523.0332,1541784.303,917735.0204,198094.9841,53680.0,80.3699,30.0,33.0,69.0,248.0,413001.0083,206477.9751,399001.0121,554245.0083,200906.028,0,0.0
OAS30046,,,,,14.0,16.0,29.0,12.0,28.0,70.0,42.0,60.0,,,,,,80.3699,30.0,33.0,68.75,251.0,,,,,,0,0.0
OAS30048,,,,,,,22.0,,27.0,70.0,59.0,57.0,,,,,,60.1616,30.0,33.0,,116.0,,,,,,0,0.0
OAS30048,,,,,25.0,,30.0,,23.0,56.0,,,212383.6739,1437833.721,947055.7384,222793.9909,55164.0,60.1616,30.0,33.0,65.0,110.0,428756.869,216373.1951,446441.8694,584145.869,223647.8785,0,0.0
OAS30048,,,,,30.0,,32.0,,24.0,56.0,,,210334.2738,1439232.858,936495.7416,221241.853,55691.0,60.1616,30.0,33.0,65.0,111.1999512,422178.9951,211844.7213,441075.7465,577455.9951,219833.8935,0,0.0
OAS30048,,,,,35.0,,26.0,,27.0,46.0,,,211685.5926,1418091.6,929977.2593,215173.0916,53791.0,60.1616,30.0,33.0,65.0,112.0,425884.9141,214199.3215,431864.3452,579878.9141,216691.2537,0,0.0
OAS30048,,,,,33.0,,21.0,,24.0,57.0,,,211685.5926,1418091.6,929977.2593,215173.0916,53791.0,60.1616,30.0,33.0,65.0,115.0,425884.9141,214199.3215,431864.3452,579878.9141,216691.2537,0,0.0
OAS30048,,,,,31.0,,23.0,,28.0,44.0,,,211685.5926,1418091.6,929977.2593,215173.0916,53791.0,60.1616,27.0,33.0,65.0,114.5,425884.9141,214199.3215,431864.3452,579878.9141,216691.2537,0,0.0
OAS30048,,,,,36.0,,25.0,,20.0,49.0,,,,,,,,60.1616,30.0,33.0,65.0,116.0,,,,,,0,0.0
OAS30048,,,,,37.0,,27.0,,21.0,74.0,,,,,,,,60.1616,30.0,33.0,64.5,109.0,,,,,,0,0.0
OAS30049,,,,,16.0,12.0,24.0,16.0,39.0,135.0,29.0,60.0,196273.2083,1585535.077,949028.1908,231936.0898,45277.0,73.326,30.0,33.0,66.0,184.0,393968.5062,197695.2979,464010.6846,526898.5062,232074.5948,0,0.0
OAS30049,,,,,17.0,16.0,30.0,17.0,20.0,43.0,40.0,56.0,,,,,,73.326,30.0,33.0,67.0,186.0,,,,,,0,0.0
OAS30049,,,,,16.0,15.0,30.0,17.0,22.0,55.0,44.0,58.0,197935.7682,1524768.554,927201.9306,218186.2127,44679.0,73.326,29.0,33.0,66.0,195.0,397222.8767,199287.1085,439010.0539,524701.8767,220823.8413,0,0.0
OAS30049,,,,,17.0,17.0,31.0,14.0,24.0,73.0,43.0,58.0,197935.7682,1524768.554,927201.9306,218186.2127,44679.0,73.326,30.0,33.0,66.3,188.0,397222.8767,199287.1085,439010.0539,524701.8767,220823.8413,0,0.0
OAS30049,,,,,12.0,16.0,25.0,12.0,21.0,63.0,42.0,60.0,197935.7682,1524768.554,927201.9306,218186.2127,44679.0,73.326,30.0,33.0,66.0,185.0,397222.8767,199287.1085,439010.0539,524701.8767,220823.8413,0,0.0
OAS30049,,,,,14.0,17.0,29.0,18.0,22.0,65.0,37.0,60.0,,,,,,73.326,28.0,33.0,65.5,178.0,,,,,,0,0.0
OAS30049,6.0,5.0,9.0,6.0,,,24.0,9.0,26.0,89.0,31.0,,198584.2259,1544585.569,921548.0453,212054.9798,44481.0,73.326,30.0,33.0,66.25,184.0,397097.9714,198513.7455,431995.0739,524148.9714,219940.094,0,0.0
OAS30049,9.0,8.0,7.0,5.0,,,25.0,15.0,21.0,75.0,36.0,,198584.2259,1544585.569,921548.0453,212054.9798,44481.0,73.326,28.0,33.0,65.5,173.0,397097.9714,198513.7455,431995.0739,524148.9714,219940.094,0,0.0
OAS30049,9.0,8.0,7.0,5.0,,,29.0,15.0,27.0,70.0,37.0,,,,,,,73.326,29.0,33.0,66.5,164.5999756,,,,,,0,0.0
OAS30050,,,,,11.0,8.0,12.0,19.0,36.0,62.0,43.0,52.0,197236.5611,1267873.669,925082.0921,207446.7602,50600.0,69.9315,30.0,33.0,61.0,156.0,400610.884,203374.3229,419612.208,537010.884,212165.4479,0,0.0
OAS30050,,,,,11.0,10.0,19.0,13.0,28.0,58.0,49.0,54.0,,,,,,69.9315,28.0,33.0,61.0,160.0,,,,,,0,0.0
OAS30050,,,,,13.0,11.0,11.0,16.0,28.0,77.0,49.0,44.0,190897.92,1410214.547,896528.4704,200934.4087,50599.0,69.9315,27.0,33.0,61.0,156.0,381906.6892,191008.7693,406799.7812,519096.6892,205865.3725,0,0.0
OAS30050,8.0,7.0,7.0,5.0,,,13.0,15.0,41.0,69.0,49.0,,,,,,,69.9315,28.0,33.0,61.5,162.3999023,,,,,,0,0.0
OAS30050,8.0,6.0,6.0,5.0,,,14.0,12.0,,,,,,,,,,69.9315,,33.0,,,,,,,,0,0.0
OAS30051,,,,,14.0,15.0,14.0,15.0,29.0,74.0,60.0,58.0,220024.5997,1535027.589,951375.2936,218440.1324,53097.0,66.3753,29.0,23.0,63.0,140.0,440087.7482,220063.1485,435660.5454,586958.7482,217220.413,1,0.5
OAS30051,,,,,12.0,12.0,15.0,10.0,30.0,90.0,58.0,60.0,220024.5997,1535027.589,951375.2936,218440.1324,53097.0,66.3753,29.0,23.0,62.5,141.0,440087.7482,220063.1485,435660.5454,586958.7482,217220.413,1,0.5
OAS30051,,,,,13.0,16.0,18.0,15.0,29.0,69.0,61.0,58.0,203902.579,1537249.859,924540.7018,216301.6017,53570.0,66.3753,30.0,23.0,62.0,148.0,416239.0769,212336.4979,427819.6249,558181.0769,211518.0232,1,0.5
OAS30051,,,,,17.0,14.0,16.0,13.0,34.0,71.0,56.0,58.0,203902.579,1537249.859,924540.7018,216301.6017,53570.0,66.3753,27.0,23.0,62.0,132.0,416239.0769,212336.4979,427819.6249,558181.0769,211518.0232,1,0.5
OAS30052,,,,,8.0,6.0,19.0,18.0,31.0,64.0,53.0,58.0,,,,,,59.063,28.0,23.0,63.0,132.0,,,,,,0,0.0
OAS30052,,,,,15.0,14.0,22.0,16.0,29.0,85.0,52.0,52.0,212564.6944,1370627.194,904872.8073,204354.7195,50579.0,59.063,30.0,23.0,62.0,125.0,428540.9163,215976.2219,411107.8909,555485.9163,206753.1714,0,0.0
OAS30052,,,,,13.0,10.0,23.0,8.0,60.0,103.0,49.0,60.0,212564.6944,1370627.194,904872.8073,204354.7195,50579.0,59.063,29.0,23.0,62.0,122.0,428540.9163,215976.2219,411107.8909,555485.9163,206753.1714,0,0.0
OAS30052,,,,,19.0,17.0,17.0,13.0,47.0,108.0,47.0,56.0,206591.9105,1357201.04,880858.8803,201300.8376,48629.0,59.063,28.0,23.0,62.5,125.0,414858.16,208266.2495,402918.7203,539464.16,201617.8827,0,0.0
OAS30052,,,,,16.0,13.0,17.0,14.0,41.0,135.0,44.0,56.0,206591.9105,1357201.04,880858.8803,201300.8376,48629.0,59.063,29.0,23.0,62.5,125.0,414858.16,208266.2495,402918.7203,539464.16,201617.8827,0,0.0
OAS30052,,,,,14.0,13.0,17.0,16.0,32.0,115.0,49.0,54.0,,,,,,59.063,26.0,23.0,62.0,126.0,,,,,,0,0.0
OAS30052,,,,,17.0,19.0,15.0,17.0,46.0,153.0,48.0,54.0,,,,,,59.063,29.0,23.0,62.0,123.0,,,,,,1,0.5
OAS30052,,,,,20.0,15.0,25.0,15.0,27.0,67.0,58.0,54.0,208125.5288,1337168.853,873107.8783,190869.0285,49085.0,59.063,30.0,23.0,62.0,130.0,421341.9461,213216.4173,387489.9322,544103.9461,196620.9036,0,0.0
OAS30052,,,,,24.0,19.0,19.0,16.0,35.0,71.0,55.0,54.0,201458.6018,1322513.524,865835.8509,195150.6484,48809.0,59.063,28.0,23.0,61.0,128.0,407038.9439,205580.3421,394862.907,527189.9439,199712.2586,0,0.0
OAS30052,,,,,17.0,19.0,25.0,14.0,27.0,70.0,58.0,56.0,,,,,,59.063,29.0,23.0,61.5,125.0,,,,,,0,0.0
OAS30052,,,,,14.0,15.0,17.0,15.0,28.0,90.0,54.0,54.0,,,,,,59.063,28.0,23.0,62.0,128.0,,,,,,0,0.0
OAS30052,13.0,9.0,12.0,8.0,,,20.0,12.0,28.0,72.0,53.0,,202746.103,1287541.588,851821.5868,188635.5062,48009.0,59.063,27.0,23.0,61.0,125.0,408943.1593,206197.0563,379367.4275,528343.1593,190731.9213,0,0.0
OAS30052,10.0,8.0,10.0,7.0,,,21.0,14.0,32.0,80.0,55.0,,202746.103,1287541.588,851821.5868,188635.5062,48009.0,59.063,29.0,23.0,61.3,128.0,408943.1593,206197.0563,379367.4275,528343.1593,190731.9213,0,0.0
OAS30052,11.0,8.0,8.0,6.0,,,24.0,16.0,37.0,69.0,56.0,,,,,,,59.063,28.0,23.0,61.0,128.0,,,,,,0,0.0
OAS30052,11.0,8.0,6.0,4.0,,,15.0,14.0,32.0,82.0,52.0,,,,,,,59.063,29.0,23.0,61.3,130.0,,,,,,0,0.0
OAS30052,12.0,9.0,10.0,7.0,,,23.0,11.0,,,,,,,,,,59.063,,23.0,,,,,,,,0,0.0
OAS30053,,,,,36.0,,28.0,,20.0,56.0,,,,,,,,62.8356,30.0,34.0,70.0,196.0,,,,,,0,0.0
OAS30053,,,,,37.0,,26.0,,23.0,49.0,,,,,,,,62.8356,30.0,34.0,69.0,195.0,,,,,,0,0.0
OAS30055,9.0,8.0,7.0,5.0,12.0,9.0,24.0,8.0,47.0,120.0,47.0,,214280.4061,1600275.44,996270.3092,239744.672,55220.0,72.5836,30.0,34.0,71.3,216.0,425818.545,211538.1389,483903.7642,569679.545,244159.0921,0,0.0
OAS30055,9.0,7.0,5.0,4.0,,,23.0,13.0,59.0,137.0,46.0,,206170.8115,1592371.378,986241.6772,241852.1881,53404.0,72.5836,28.0,34.0,71.25,206.0,411249.9322,205079.1207,487881.745,555866.9322,246029.5569,0,0.0
OAS30055,7.0,7.0,5.0,4.0,,,21.0,10.0,63.0,180.0,45.0,,,,,,,72.5836,28.0,34.0,71.0,218.3999023,,,,,,0,0.0
OAS30057,4.0,4.0,3.0,3.0,8.0,7.0,8.0,6.0,47.0,134.0,38.0,,205252.0666,1768920.47,1032521.687,241777.7936,51352.0,81.3836,25.0,33.0,69.0,171.0,427554.8688,222302.8022,485801.8182,573369.8688,244024.0246,0,0.0
OAS30057,3.0,4.0,6.0,5.0,,,10.0,6.0,47.0,127.0,34.0,,205252.0666,1768920.47,1032521.687,241777.7936,51352.0,81.3836,22.0,33.0,69.0,159.0,427554.8688,222302.8022,485801.8182,573369.8688,244024.0246,1,0.5
OAS30057,3.0,4.0,2.0,2.0,,,9.0,3.0,58.0,180.0,31.0,,,,,,,81.3836,24.0,33.0,70.0,179.0,,,,,,1,0.5
OAS30057,2.0,3.0,1.0,2.0,,,5.0,3.0,105.0,180.0,24.0,,,,,,,81.3836,19.0,33.0,69.0,171.0,,,,,,1,0.5
OAS30058,,,,,16.0,16.0,22.0,16.0,24.0,56.0,54.0,54.0,,,,,,66.6082,30.0,33.0,62.0,177.0,,,,,,0,0.0
OAS30058,,,,,17.0,17.0,22.0,19.0,18.0,58.0,56.0,58.0,,,,,,66.6082,30.0,33.0,61.5,180.0,,,,,,0,0.0
OAS30058,,,,,18.0,17.0,20.0,16.0,25.0,51.0,54.0,58.0,,,,,,66.6082,30.0,33.0,62.0,178.0,,,,,,1,0.5
OAS30058,,,,,20.0,19.0,21.0,17.0,20.0,77.0,57.0,50.0,,,,,,66.6082,30.0,33.0,62.0,180.0,,,,,,1,0.5
OAS30058,,,,,18.0,19.0,20.0,17.0,23.0,84.0,58.0,56.0,,,,,,66.6082,30.0,33.0,62.0,180.0,,,,,,0,0.0
OAS30058,,,,,18.0,17.0,13.0,20.0,21.0,66.0,52.0,56.0,,,,,,66.6082,30.0,33.0,62.0,172.0,,,,,,1,0.5
OAS30058,,,,,17.0,16.0,19.0,19.0,21.0,59.0,52.0,58.0,,,,,,66.6082,29.0,33.0,61.0,160.0,,,,,,0,0.0
OAS30058,,,,,16.0,16.0,21.0,14.0,27.0,78.0,47.0,52.0,,,,,,66.6082,30.0,33.0,61.0,166.0,,,,,,0,0.0
OAS30058,,,,,19.0,18.0,19.0,12.0,33.0,75.0,53.0,54.0,,,,,,66.6082,30.0,33.0,61.0,160.0,,,,,,0,0.0
OAS30058,,,,,18.0,18.0,18.0,20.0,25.0,64.0,46.0,58.0,,,,,,66.6082,30.0,33.0,61.5,168.0,,,,,,0,0.0
OAS30058,,,,,18.0,18.0,16.0,18.0,22.0,77.0,50.0,50.0,,,,,,66.6082,30.0,33.0,61.5,163.0,,,,,,0,0.0
OAS30058,8.0,6.0,7.0,5.0,,,18.0,20.0,27.0,74.0,48.0,,,,,,,66.6082,30.0,33.0,61.25,156.5,,,,,,1,0.5
OAS30058,7.0,6.0,6.0,4.0,,,17.0,16.0,25.0,85.0,43.0,,,,,,,66.6082,30.0,33.0,61.0,168.8999023,,,,,,0,0.0
OAS30058,9.0,7.0,5.0,4.0,,,15.0,13.0,23.0,118.0,41.0,,,,,,,66.6082,30.0,33.0,61.0,184.1999512,,,,,,0,0.0
OAS30059,,,,,,,26.0,,26.0,54.0,61.0,56.0,208414.6655,1445572.473,953357.8959,244553.9844,174960.0151,48.8164,30.0,33.0,,,416945.412,208530.7465,486878.0469,591905.4271,242324.0625,0,0.0
OAS30060,,,,,6.0,5.0,14.0,14.0,32.0,81.0,51.0,56.0,166257.6302,1203108.783,707735.0023,149363.9531,41620.0,80.589,27.0,23.0,59.0,85.0,334503.5167,168245.8865,300178.4856,455355.5167,150814.5325,0,0.0
OAS30060,,,,,7.0,4.0,17.0,16.0,32.0,124.0,50.0,58.0,166257.6302,1203108.783,707735.0023,149363.9531,41620.0,80.589,24.0,23.0,58.5,82.0,334503.5167,168245.8865,300178.4856,455355.5167,150814.5325,0,0.0
OAS30060,,,,,13.0,12.0,24.0,18.0,37.0,79.0,46.0,56.0,,,,,,80.589,29.0,23.0,58.0,81.0,,,,,,0,0.0
OAS30060,,,,,10.0,12.0,16.0,11.0,31.0,91.0,51.0,56.0,,,,,,80.589,30.0,23.0,58.5,78.0,,,,,,0,0.0
OAS30060,,,,,11.0,7.0,22.0,11.0,32.0,120.0,51.0,56.0,,,,,,80.589,28.0,23.0,58.0,82.0,,,,,,0,0.0
OAS30060,,,,,9.0,11.0,21.0,20.0,32.0,78.0,58.0,58.0,,,,,,80.589,28.0,23.0,58.0,67.0,,,,,,0,0.0
OAS30060,,,,,14.0,12.0,20.0,12.0,40.0,75.0,53.0,58.0,,,,,,80.589,27.0,23.0,58.0,75.5,,,,,,0,0.0
OAS30060,,,,,9.0,9.0,13.0,17.0,29.0,91.0,45.0,58.0,,,,,,80.589,28.0,23.0,58.0,79.0,,,,,,0,0.0
OAS30060,6.0,5.0,4.0,3.0,,,17.0,7.0,30.0,93.0,46.0,,,,,,,80.589,29.0,23.0,57.8,74.0,,,,,,0,0.0
OAS30060,5.0,5.0,2.0,2.0,,,20.0,9.0,30.0,101.0,39.0,,,,,,,80.589,26.0,23.0,57.0,74.0,,,,,,0,0.0
OAS30060,6.0,6.0,8.0,6.0,,,15.0,12.0,,,,,,,,,,80.589,,23.0,,,,,,,,0,0.0
OAS30061,,,,,8.0,7.0,17.0,13.0,29.0,61.0,37.0,52.0,204406.8095,1709654.953,958852.3848,201431.1158,54435.0,77.5205,29.0,33.0,74.0,196.0,413400.6201,208993.8106,407954.7648,564627.6201,206523.6489,0,0.0
OAS30061,,,,,7.0,7.0,17.0,7.0,39.0,167.0,32.0,46.0,,,,,,77.5205,28.0,33.0,73.5,197.0,,,,,,1,0.5
OAS30061,8.0,7.0,3.0,3.0,,,12.0,6.0,34.0,180.0,28.0,,,,,,,77.5205,23.0,33.0,74.5,194.0,,,,,,2,1.0
OAS30062,,,,,,,25.0,,21.0,84.0,60.0,58.0,180308.1109,1204435.935,807694.4113,208047.7031,159596.9471,51.4027,30.0,44.0,,146.0,357503.4542,177195.3433,417662.4063,517100.4013,209614.7031,0,0.0
OAS30062,,,,,29.0,,28.0,,28.0,60.0,,,186482.9973,1249353.995,813062.5497,188175.2333,50229.0,51.4027,29.0,44.0,66.0,155.0,369346.1469,182863.1496,382229.4029,507801.1469,194054.1695,0,0.0
OAS30062,,,,,23.0,,29.0,,26.0,57.0,,,,,,,,51.4027,29.0,44.0,66.0,127.0,,,,,,0,0.0
OAS30062,,,,,26.0,,26.0,,24.0,67.0,,,182039.4545,1250605.913,800286.7476,185778.4444,48257.0,51.4027,27.0,44.0,65.5,130.5,363312.5488,181273.0942,374076.1989,499746.5488,188297.7545,0,0.0
OAS30062,,,,,20.0,,20.0,,33.0,69.0,,,181308.9489,1210665.897,791730.3564,182914.4332,46533.0,51.4027,29.0,44.0,64.75,141.0,361320.6554,180011.7065,367785.701,490523.6554,184871.2679,0,0.0
OAS30062,,,,,26.0,,22.0,,37.0,81.0,,,,,,,,51.4027,29.0,44.0,65.0,146.1999512,,,,,,0,0.0
OAS30063,,,,,10.0,8.0,8.0,8.0,180.0,180.0,0.0,36.0,,,,,,70.2959,19.0,34.0,62.8,195.0,,,,,,2,1.0
OAS30064,,,,,6.0,0.0,11.0,5.0,28.0,150.0,25.0,40.0,,,,,,76.2274,23.0,34.0,,165.0,,,,,,2,1.0
OAS30064,,,,,,,10.0,3.0,37.0,180.0,22.0,14.0,173087.1897,1669957.236,897325.5993,216546.852,43973.0,76.2274,25.0,34.0,68.0,163.0,366491.3021,193404.1124,433449.2972,506516.3021,216902.4452,2,1.0
OAS30065,,,,,16.0,13.0,14.0,8.0,32.0,66.0,55.0,54.0,,,,,,70.2137,29.0,23.0,73.0,203.0,,,,,,0,0.0
OAS30065,,,,,16.0,15.0,20.0,11.0,36.0,77.0,58.0,54.0,244871.3328,1500659.844,1083764.504,251155.7559,59845.0,70.2137,30.0,23.0,72.0,206.0,489970.1084,245098.7755,502191.3952,651401.1084,251035.6393,0,0.0
OAS30065,,,,,14.0,11.0,18.0,16.0,34.0,79.0,59.0,54.0,244871.3328,1500659.844,1083764.504,251155.7559,59845.0,70.2137,28.0,23.0,72.0,195.0,489970.1084,245098.7755,502191.3952,651401.1084,251035.6393,0,0.0
OAS30065,,,,,16.0,15.0,20.0,16.0,36.0,69.0,60.0,52.0,,,,,,70.2137,30.0,23.0,72.0,195.0,,,,,,0,0.0
OAS30065,,,,,10.0,9.0,18.0,12.0,31.0,68.0,62.0,56.0,,,,,,70.2137,30.0,23.0,71.0,198.0,,,,,,0,0.0
OAS30065,,,,,16.0,17.0,9.0,17.0,30.0,66.0,59.0,52.0,237598.4663,1709432.837,1076013.629,250495.3308,58175.0,70.2137,29.0,23.0,71.5,190.0,475247.2589,237648.7926,501331.3696,630953.2589,250836.0389,0,0.0
OAS30065,,,,,15.0,15.0,14.0,14.0,35.0,91.0,64.0,58.0,,,,,,70.2137,30.0,23.0,71.7,192.0,,,,,,0,0.0
OAS30065,12.0,9.0,11.0,7.0,,,10.0,17.0,34.0,76.0,63.0,,,,,,,70.2137,30.0,23.0,71.75,189.0,,,,,,0,0.0
OAS30065,11.0,8.0,8.0,5.0,,,21.0,11.0,23.0,69.0,60.0,,,,,,,70.2137,29.0,23.0,72.0,189.7999268,,,,,,0,0.0
OAS30066,,,,,17.0,17.0,21.0,20.0,21.0,64.0,54.0,54.0,,,,,,74.0658,30.0,23.0,64.0,140.0,,,,,,0,0.0
OAS30066,,,,,18.0,18.0,15.0,18.0,26.0,50.0,46.0,50.0,,,,,,74.0658,30.0,23.0,64.75,138.0,,,,,,0,0.0
OAS30066,,,,,18.0,18.0,19.0,18.0,34.0,117.0,22.0,52.0,201844.7561,1617511.596,967699.7187,230851.5769,51360.0,74.0658,30.0,23.0,65.0,139.0,405680.9007,203836.1446,463008.818,545772.9007,232157.2411,0,0.0
OAS30066,7.0,7.0,6.0,4.0,,,19.0,19.0,,,,,203279.9723,1635003.662,977035.1685,233173.0949,51425.0,74.0658,29.0,23.0,64.7,134.7999268,408289.4581,205009.4858,466437.7105,551344.4581,233264.6156,0,0.0
OAS30067,,,,,28.0,,20.0,,40.0,54.0,,,176712.5698,1409653.398,874586.3511,224072.6258,51117.0,56.8247,29.0,33.0,67.0,213.0,352696.3729,175983.8031,448890.9782,483429.3729,224818.3524,0,0.0
OAS30068,9.0,7.0,9.0,6.0,9.0,7.0,12.0,11.0,57.0,112.0,34.0,,,,,,,72.8055,28.0,33.0,70.0,217.0,,,,,,1,0.5
OAS30068,8.0,6.0,7.0,5.0,,,11.0,10.0,40.0,90.0,36.0,,,,,,,72.8055,28.0,33.0,70.5,218.0,,,,,,1,0.5
OAS30068,9.0,7.0,7.0,5.0,,,10.0,6.0,42.0,135.0,33.0,,,,,,,72.8055,30.0,33.0,70.0,216.1999512,,,,,,1,0.5
OAS30068,8.0,7.0,9.0,6.0,,,8.0,7.0,40.0,107.0,28.0,,,,,,,72.8055,29.0,33.0,70.0,218.0,,,,,,2,1.0
OAS30070,,,,,13.0,12.0,22.0,14.0,59.0,136.0,42.0,54.0,233318.791,1835363.388,1084631.069,235438.8843,58714.0,72.1041,29.0,34.0,70.0,209.0,468507.3546,235188.5637,471372.7144,642143.3546,235933.8301,1,0.5
OAS30071,,,,,3.0,3.0,19.0,10.0,24.0,73.0,39.0,56.0,200506.5682,1727943.478,1020432.371,243739.2897,51782.0,72.5096,28.0,23.0,75.0,247.0,408556.3302,208049.762,494896.0406,554477.3302,251156.7508,0,0.0
OAS30071,,,,,0.0,4.0,21.0,10.0,30.0,58.0,39.0,56.0,,,,,,72.5096,28.0,23.0,75.0,250.0,,,,,,0,0.0
OAS30071,8.0,7.0,7.0,5.0,,,16.0,8.0,40.0,68.0,31.0,,200314.2636,1726199.287,1008395.343,239616.1352,49299.0,72.5096,28.0,23.0,74.5,248.0,404655.581,204341.3174,484423.7618,547752.581,244807.6266,0,0.0
OAS30071,9.0,7.0,6.0,4.0,,,15.0,8.0,36.0,103.0,26.0,,200314.2636,1726199.287,1008395.343,239616.1352,49299.0,72.5096,30.0,23.0,75.5,242.1999512,404655.581,204341.3174,484423.7618,547752.581,244807.6266,0,0.0
OAS30071,6.0,6.0,7.0,5.0,,,20.0,3.0,45.0,97.0,24.0,,,,,,,72.5096,28.0,23.0,75.0,246.1999512,,,,,,0,0.0
OAS30072,,,,,,,15.0,,25.0,79.0,39.0,57.0,206162.671,1439942.52,903284.0266,211039.2813,179958.7275,74.0466,30.0,24.0,,184.0,413440.8622,207278.1912,422409.4063,593399.5897,211370.125,0,0.0
OAS30072,,,,,9.0,9.0,19.0,9.0,32.0,79.0,34.0,54.0,206162.671,1439942.52,903284.0266,211039.2813,179958.7275,74.0466,30.0,24.0,68.0,189.0,413440.8622,207278.1912,422409.4063,593399.5897,211370.125,0,0.0
OAS30072,,,,,10.0,11.0,18.0,10.0,36.0,93.0,35.0,52.0,,,,,,74.0466,30.0,24.0,68.0,184.0,,,,,,0,0.0
OAS30072,,,,,12.0,11.0,18.0,8.0,30.0,82.0,39.0,54.0,204629.1998,1519136.44,895012.3078,193069.6724,53210.0,74.0466,29.0,24.0,68.0,176.0,412540.1815,207910.9818,383664.1262,567488.1815,190594.4539,0,0.0
OAS30072,,,,,13.0,13.0,18.0,13.0,31.0,120.0,32.0,56.0,204629.1998,1519136.44,895012.3078,193069.6724,53210.0,74.0466,29.0,24.0,68.0,167.0,412540.1815,207910.9818,383664.1262,567488.1815,190594.4539,1,0.5
OAS30072,,,,,12.0,11.0,17.0,8.0,29.0,84.0,38.0,54.0,195336.1897,1524640.809,880294.3011,192985.5599,51562.0,74.0466,30.0,24.0,68.0,159.0,391077.558,195741.3683,387522.7432,543805.558,194537.1833,1,0.5
OAS30072,,,,,18.0,18.0,18.0,10.0,27.0,91.0,39.0,52.0,195336.1897,1524640.809,880294.3011,192985.5599,51562.0,74.0466,30.0,24.0,66.5,161.0,391077.558,195741.3683,387522.7432,543805.558,194537.1833,1,0.5
OAS30073,,,,,,,20.0,,31.0,58.0,48.0,60.0,234857.9537,1654429.552,1056610.215,264358.0,189684.0595,61.2438,30.0,33.0,,187.0,468115.832,233257.8783,529330.8594,657799.8915,264972.8594,0,0.0
OAS30073,,,,,11.0,8.0,21.0,12.0,22.0,62.0,48.0,60.0,244475.7302,1741667.539,1065114.387,242143.3875,57789.0,61.2438,28.0,33.0,71.0,167.0,486172.4738,241696.7436,480872.9133,653198.4738,238729.5259,0,0.0
OAS30073,,,,,7.0,8.0,24.0,19.0,20.0,63.0,47.0,60.0,230729.3906,1760631.441,1044998.781,244396.9278,57728.0,61.2438,26.0,33.0,71.0,176.0,458057.0117,227327.6211,488131.7697,625479.0117,243734.8418,0,0.0
OAS30073,,,,,11.0,12.0,25.0,24.0,24.0,57.0,48.0,60.0,230729.3906,1760631.441,1044998.781,244396.9278,57728.0,61.2438,29.0,33.0,71.0,170.0,458057.0117,227327.6211,488131.7697,625479.0117,243734.8418,0,0.0
OAS30073,,,,,9.0,7.0,29.0,21.0,24.0,53.0,48.0,60.0,234102.1672,1741594.964,1041678.719,235103.0655,56979.0,61.2438,27.0,33.0,71.0,165.0,469812.7179,235710.5507,469268.0013,632719.7179,234164.9358,0,0.0
OAS30073,,,,,22.0,,32.0,,28.0,49.0,,,,,,,,61.2438,28.0,33.0,71.0,176.0,,,,,,0,0.0
OAS30073,,,,,9.0,9.0,23.0,18.0,29.0,62.0,47.0,60.0,234226.693,1754230.901,1037712.54,234922.6394,56546.0,61.2438,29.0,33.0,71.0,172.0,466337.6258,232110.9328,466855.9142,628237.6258,231933.2748,0,0.0
OAS30073,,,,,9.0,9.0,22.0,14.0,25.0,53.0,46.0,56.0,,,,,,61.2438,30.0,33.0,71.0,186.0,,,,,,0,0.0
OAS30073,,,,,13.0,12.0,25.0,14.0,17.0,49.0,47.0,58.0,222576.4581,1674299.786,1023437.21,237290.402,55097.0,61.2438,27.0,33.0,71.0,182.5,446735.2809,224158.8228,470540.929,601283.2809,233250.527,0,0.0
OAS30074,,,,,7.0,6.0,28.0,20.0,25.0,90.0,57.0,58.0,215740.6276,1612668.535,955011.5797,216491.523,54386.0,71.5096,28.0,33.0,63.0,167.0,431187.7091,215447.0814,434915.8706,584120.7091,218424.3476,0,0.0
OAS30074,,,,,12.0,10.0,20.0,17.0,32.0,139.0,45.0,56.0,,,,,,71.5096,30.0,33.0,62.9,171.0,,,,,,0,0.0
OAS30074,,,,,10.0,9.0,21.0,16.0,25.0,88.0,52.0,50.0,211227.0933,1599912.277,938130.253,212316.6675,51728.0,71.5096,29.0,33.0,62.0,160.0,423423.9327,212196.8393,423773.3203,569548.9327,211456.6528,0,0.0
OAS30074,8.0,6.0,7.0,5.0,,,19.0,12.0,35.0,129.0,47.0,,,,,,,71.5096,27.0,33.0,61.7,159.3999023,,,,,,0,0.0
OAS30074,8.0,7.0,7.0,5.0,,,18.0,13.0,32.0,143.0,37.0,,,,,,,71.5096,28.0,33.0,61.0,156.5999756,,,,,,0,0.0
OAS30075,,,,,10.0,13.0,25.0,16.0,26.0,80.0,44.0,56.0,193508.4754,1467204.17,838127.4809,172254.0972,42907.0,80.5589,29.0,24.0,60.0,127.0,389222.8478,195714.3724,348070.6331,518907.8478,175816.5359,0,0.0
OAS30075,8.0,6.0,9.0,6.0,,,27.0,19.0,47.0,133.0,36.0,,,,,,,80.5589,30.0,24.0,58.5,134.0,,,,,,0,0.0
OAS30076,,,,,3.0,4.0,13.0,10.0,25.0,111.0,39.0,56.0,,,,,,71.989,27.0,34.0,62.0,130.0,,,,,,1,0.5
OAS30076,,,,,6.0,0.0,11.0,11.0,35.0,139.0,38.0,54.0,212238.7607,1467507.207,928842.1298,217639.139,46405.0,71.989,25.0,34.0,61.0,120.0,427276.6184,215037.8577,435854.5113,564046.6184,218215.3724,1,0.5
OAS30076,,,,,5.0,2.0,15.0,7.0,34.0,162.0,39.0,54.0,212238.7607,1467507.207,928842.1298,217639.139,46405.0,71.989,26.0,34.0,61.5,116.0,427276.6184,215037.8577,435854.5113,564046.6184,218215.3724,1,0.5
OAS30076,,,,,5.0,0.0,10.0,9.0,31.0,180.0,40.0,52.0,,,,,,71.989,27.0,34.0,60.0,106.0,,,,,,1,0.5
OAS30076,,,,,3.0,0.0,6.0,8.0,42.0,142.0,33.0,50.0,,,,,,71.989,24.0,34.0,60.0,104.0,,,,,,1,0.5
OAS30077,,,,,17.0,16.0,26.0,12.0,25.0,49.0,52.0,54.0,,,,,,74.0082,30.0,23.0,63.0,189.0,,,,,,0,0.0
OAS30077,,,,,17.0,15.0,25.0,16.0,31.0,61.0,51.0,60.0,182575.8401,1064284.126,771672.6945,167009.5047,43459.0,74.0082,30.0,23.0,62.5,177.0,370314.2426,187738.4025,335602.4519,493346.2426,168592.9473,0,0.0
OAS30077,,,,,18.0,16.0,30.0,17.0,33.0,55.0,54.0,54.0,,,,,,74.0082,30.0,23.0,63.0,164.0,,,,,,0,0.0
OAS30077,,,,,16.0,14.0,31.0,19.0,32.0,57.0,55.0,60.0,,,,,,74.0082,30.0,23.0,62.5,164.0,,,,,,0,0.0
OAS30077,,,,,19.0,21.0,25.0,17.0,32.0,62.0,58.0,60.0,,,,,,74.0082,30.0,23.0,62.0,170.0,,,,,,0,0.0
OAS30078,,,,,3.0,0.0,7.0,7.0,180.0,180.0,0.0,30.0,,,,,,71.8904,20.0,44.0,59.5,120.0,,,,,,2,1.0
OAS30079,,,,,37.0,,31.0,,16.0,45.0,,,206605.1713,1387771.499,873809.5424,198296.3825,53069.0,45.9041,30.0,33.0,67.5,149.0,412078.5268,205473.3555,395446.0157,563366.5268,197149.6332,0,0.0
OAS30079,,,,,40.0,,33.0,,17.0,39.0,,,,,,,,45.9041,30.0,33.0,68.0,146.0,,,,,,0,0.0
OAS30079,,,,,41.0,,28.0,,23.0,44.0,,,198197.3056,1370963.297,854812.1847,195077.9869,50234.0,45.9041,29.0,33.0,67.8,142.0,397176.7766,198979.471,389967.4081,513021.7766,194889.4212,0,0.0
OAS30079,,,,,42.0,,43.0,,26.0,38.0,,,197153.3027,1342892.255,859908.6137,198750.5614,50388.0,45.9041,30.0,33.0,67.8,141.0,394910.5287,197757.226,396959.085,510223.5287,198208.5236,0,0.0
OAS30079,,,,,41.0,,39.0,,17.0,34.0,,,198521.5513,1261918.695,865679.4663,199972.0227,51147.0,45.9041,30.0,33.0,68.0,139.7999268,397608.1927,199086.6414,399052.2736,517347.1927,199080.2509,0,0.0
OAS30080,,,,,32.0,,25.0,,37.0,48.0,,,194703.6721,1392441.453,872792.4384,205117.6698,53729.0,62.8932,29.0,24.0,66.5,150.0,393378.8439,198675.1718,411484.5944,541304.8439,206366.9246,0,0.0
OAS30080,,,,,29.0,,23.0,,48.0,81.0,,,188632.2273,1371500.275,850021.6807,199791.8406,51443.0,62.8932,29.0,24.0,66.0,143.0,377429.0899,188796.8626,403768.5907,515642.0899,203976.7501,0,0.0
OAS30080,,,,,31.0,,22.0,,25.0,85.0,,,,,,,,62.8932,29.0,24.0,65.5,142.0,,,,,,0,0.0
OAS30080,,,,,33.0,,23.0,,28.0,66.0,,,186360.8134,1377201.018,846060.2226,198175.1885,51547.0,62.8932,30.0,24.0,66.0,139.5999756,374973.3018,188612.4884,401137.9208,519488.3018,202962.7323,0,0.0
OAS30080,10.0,7.0,9.0,6.0,,,32.0,16.0,,,,,,,,,,62.8932,,24.0,,,,,,,,0,0.0
OAS30080,9.0,7.0,8.0,5.0,,,28.0,12.0,,,,,,,,,,62.8932,,24.0,,,,,,,,0,0.0
OAS30082,,,,,44.0,,34.0,,16.0,47.0,,,,,,,,56.4082,30.0,33.0,64.5,141.0,,,,,,0,0.0
OAS30083,,,,,7.0,8.0,23.0,14.0,18.0,60.0,43.0,52.0,,,,,,58.6959,30.0,24.0,63.0,202.0,,,,,,0,0.0
OAS30083,,,,,9.0,8.0,25.0,16.0,22.0,67.0,52.0,56.0,199877.3751,1161567.551,888912.4778,206393.9275,52068.0,58.6959,27.0,24.0,63.0,206.0,402928.0389,203050.6638,412803.439,537038.0389,206409.5115,0,0.0
OAS30083,,,,,14.0,17.0,23.0,16.0,29.0,52.0,55.0,56.0,,,,,,58.6959,29.0,24.0,63.4,206.0,,,,,,0,0.0
OAS30083,,,,,20.0,17.0,24.0,7.0,23.0,64.0,50.0,58.0,,,,,,58.6959,29.0,24.0,65.5,216.0,,,,,,0,0.0
OAS30083,,,,,15.0,14.0,24.0,15.0,24.0,82.0,53.0,56.0,197217.0792,1190834.465,878850.5042,204292.7487,49408.0,58.6959,30.0,24.0,62.0,217.0,399173.7827,201956.7035,410259.7215,525013.7827,205966.9728,0,0.0
OAS30083,,,,,17.0,18.0,25.0,17.0,29.0,75.0,49.0,58.0,197217.0792,1190834.465,878850.5042,204292.7487,49408.0,58.6959,30.0,24.0,62.5,214.0,399173.7827,201956.7035,410259.7215,525013.7827,205966.9728,0,0.0
OAS30083,,,,,18.0,16.0,28.0,16.0,20.0,52.0,56.0,56.0,,,,,,58.6959,30.0,24.0,63.0,214.0,,,,,,0,0.0
OAS30083,,,,,18.0,12.0,25.0,14.0,22.0,53.0,51.0,54.0,190631.3326,1170185.473,853377.6573,200449.0371,51126.0,58.6959,29.0,24.0,62.7,224.0,379459.0009,188827.6683,402298.6564,507898.0009,201849.6193,0,0.0
OAS30083,11.0,8.0,10.0,7.0,,,21.0,10.0,19.0,59.0,55.0,,190631.3326,1170185.473,853377.6573,200449.0371,51126.0,58.6959,30.0,24.0,62.5,222.0,379459.0009,188827.6683,402298.6564,507898.0009,201849.6193,0,0.0
OAS30083,11.0,8.0,6.0,4.0,,,25.0,13.0,18.0,64.0,45.0,,,,,,,58.6959,30.0,24.0,62.5,223.0,,,,,,0,0.0
OAS30083,12.0,8.0,10.0,6.0,,,17.0,15.0,37.0,74.0,47.0,,,,,,,58.6959,30.0,24.0,63.2,230.7999268,,,,,,0,0.0
OAS30083,12.0,8.0,9.0,6.0,,,20.0,11.0,18.0,75.0,47.0,,,,,,,58.6959,30.0,24.0,63.0,225.5999756,,,,,,0,0.0
OAS30084,,,,,15.0,16.0,21.0,14.0,27.0,111.0,43.0,48.0,,,,,,75.8877,28.0,33.0,68.5,228.0,,,,,,1,0.5
OAS30084,,,,,16.0,16.0,18.0,9.0,35.0,103.0,42.0,44.0,228411.6041,1722845.855,1029894.478,240323.5416,55662.0,75.8877,29.0,33.0,69.0,235.0,462705.8538,234294.2497,476842.6242,611413.8538,236519.0825,0,0.0
OAS30084,,,,,20.0,20.0,20.0,10.0,26.0,81.0,49.0,48.0,228411.6041,1722845.855,1029894.478,240323.5416,55662.0,75.8877,30.0,33.0,69.0,233.0,462705.8538,234294.2497,476842.6242,611413.8538,236519.0825,0,0.0
OAS30084,,,,,21.0,22.0,15.0,11.0,33.0,97.0,46.0,48.0,224277.2063,1719132.254,1034089.172,242155.277,54673.0,75.8877,28.0,33.0,69.0,216.0,451119.5165,226842.3102,490125.6551,598623.5165,247970.3781,0,0.0
OAS30085,,,,,12.0,10.0,26.0,13.0,33.0,59.0,50.0,58.0,,,,,,66.4932,28.0,34.0,66.0,210.0,,,,,,1,0.5
OAS30085,,,,,16.0,14.0,32.0,12.0,30.0,58.0,43.0,56.0,,,,,,66.4932,29.0,34.0,66.0,194.0,,,,,,1,0.5
OAS30085,,,,,14.0,10.0,18.0,9.0,26.0,61.0,50.0,56.0,,,,,,66.4932,27.0,34.0,66.0,210.0,,,,,,1,0.5
OAS30085,,,,,18.0,19.0,25.0,21.0,26.0,75.0,54.0,56.0,216088.4111,1619464.774,966420.9164,218578.4951,53759.0,66.4932,30.0,34.0,66.0,216.0,432760.897,216672.4859,431548.0194,580211.897,212969.5244,1,0.5
OAS30085,,,,,16.0,15.0,27.0,12.0,32.0,48.0,54.0,60.0,,,,,,66.4932,28.0,34.0,66.0,217.0,,,,,,1,0.5
OAS30086,,,,,14.0,8.0,18.0,19.0,36.0,48.0,17.0,50.0,,,,,,68.3918,29.0,34.0,65.0,139.0,,,,,,0,0.0
OAS30086,,,,,13.0,13.0,23.0,16.0,42.0,101.0,43.0,50.0,,,,,,68.3918,30.0,34.0,64.5,140.0,,,,,,0,0.0
OAS30087,,,,,1.0,0.0,16.0,12.0,54.0,163.0,22.0,52.0,198482.6747,1641735.997,966957.5421,224269.7671,51640.0,79.0219,24.0,34.0,66.0,159.0,400800.8384,202318.1637,446956.7036,539834.8384,222686.9365,1,0.5
OAS30087,,,,,2.0,0.0,13.0,7.0,66.0,180.0,18.0,52.0,198482.6747,1641735.997,966957.5421,224269.7671,51640.0,79.0219,26.0,34.0,65.5,154.0,400800.8384,202318.1637,446956.7036,539834.8384,222686.9365,1,0.5
OAS30088,,,,,13.0,12.0,20.0,20.0,27.0,76.0,34.0,52.0,186395.2059,1475144.408,853000.2344,175793.7858,55282.0,76.0192,29.0,33.0,72.0,200.0,374491.0828,188095.8769,356897.1516,509966.0828,181103.3657,0,0.0
OAS30088,,,,,11.0,10.0,16.0,14.0,69.0,97.0,34.0,56.0,186395.2059,1475144.408,853000.2344,175793.7858,55282.0,76.0192,30.0,33.0,71.5,184.0,374491.0828,188095.8769,356897.1516,509966.0828,181103.3657,0,0.0
OAS30088,8.0,6.0,5.0,4.0,,,13.0,16.0,39.0,76.0,,,,,,,,76.0192,29.0,33.0,71.0,153.0,,,,,,0,0.0
OAS30089,4.0,4.0,5.0,4.0,2.0,4.0,10.0,8.0,44.0,,38.0,,207404.927,1594098.966,1042410.402,252382.2292,53503.0,78.3781,27.0,23.0,69.5,234.0,416874.2606,209469.3337,513490.1417,550456.2606,261107.9125,0,0.0
OAS30090,,,,,23.0,,15.0,,23.0,49.0,,,248919.7057,1624299.722,1078974.473,251255.5508,62751.0,52.7616,30.0,33.0,74.0,186.0,496295.9107,247376.205,503291.5623,661769.9107,252036.0116,0,0.0
OAS30090,,,,,23.0,,14.0,,25.0,71.0,,,233781.2424,1507233.241,1048052.754,248729.4274,61606.0,52.7616,30.0,33.0,74.6,192.5999756,469061.8258,235280.5834,497864.9285,635639.8258,249135.5011,0,0.0
OAS30091,,,,,2.0,0.0,6.0,7.0,168.0,180.0,13.0,20.0,158913.4131,1228351.047,676593.361,143329.8879,44472.0,84.1836,19.0,33.0,61.0,133.0,313783.7873,154870.3742,277556.5737,414825.7873,134226.6859,2,1.0
OAS30091,,,,,1.0,0.0,7.0,8.0,102.0,180.0,11.0,20.0,158913.4131,1228351.047,676593.361,143329.8879,44472.0,84.1836,22.0,33.0,61.0,142.0,313783.7873,154870.3742,277556.5737,414825.7873,134226.6859,1,0.5
OAS30091,,,,,1.0,0.0,13.0,8.0,102.0,180.0,13.0,24.0,,,,,,84.1836,16.0,33.0,62.0,152.0,,,,,,2,1.0
OAS30091,,,,,1.0,0.0,7.0,7.0,148.0,,12.0,10.0,,,,,,84.1836,21.0,33.0,61.0,140.0,,,,,,2,1.0
OAS30092,,,,,22.0,,20.0,,23.0,56.0,,,,,,,,58.3123,30.0,33.0,65.3,238.0,,,,,,0,0.0
OAS30093,,,,,30.0,,29.0,,23.0,48.0,,,210046.2516,1380873.954,903038.809,202260.8075,54204.0,59.6137,30.0,33.0,67.7,201.0,421805.6869,211759.4354,409222.122,562663.6869,206961.3145,0,0.0
OAS30093,,,,,27.0,,27.0,,25.0,39.0,,,197018.2242,1346355.843,879491.4263,206110.4046,52946.0,59.6137,26.0,33.0,68.2,200.3999023,396377.1233,199358.8991,411617.3031,536187.1233,205506.8984,0,0.0
OAS30094,,,,,,,20.0,,82.0,179.0,35.0,56.0,168278.8414,1289110.582,794426.2592,202311.2656,152154.9016,69.7808,29.0,34.0,,140.0,335820.5106,167541.6692,405717.6406,487975.4122,203406.375,1,0.5
OAS30094,,,,,13.0,14.0,19.0,15.0,40.0,145.0,29.0,58.0,168278.8414,1289110.582,794426.2592,202311.2656,152154.9016,69.7808,28.0,34.0,64.0,139.0,335820.5106,167541.6692,405717.6406,487975.4122,203406.375,1,0.5
OAS30095,,,,,7.0,6.0,13.0,12.0,44.0,105.0,37.0,54.0,169023.6169,1390256.233,812148.6906,181435.758,45399.0,81.4795,27.0,34.0,58.0,179.0,341428.9147,172405.2977,368186.7759,470567.9147,186751.0179,1,0.5
OAS30096,,,,,9.0,8.0,21.0,18.0,66.0,99.0,46.0,58.0,191278.6406,1281271.474,783311.2128,167028.1834,46600.0,67.4493,30.0,23.0,64.0,145.0,382327.0469,191048.4063,335593.1659,515974.0469,168564.9825,0,0.0
OAS30096,,,,,12.0,12.0,27.0,18.0,33.0,53.0,46.0,60.0,191278.6406,1281271.474,783311.2128,167028.1834,46600.0,67.4493,29.0,23.0,63.0,145.0,382327.0469,191048.4063,335593.1659,515974.0469,168564.9825,0,0.0
OAS30096,,,,,17.0,15.0,21.0,18.0,22.0,54.0,52.0,58.0,,,,,,67.4493,30.0,23.0,63.5,145.0,,,,,,0,0.0
OAS30096,,,,,12.0,14.0,23.0,23.0,32.0,100.0,53.0,60.0,,,,,,67.4493,30.0,23.0,63.0,143.0,,,,,,0,0.0
OAS30096,,,,,19.0,17.0,20.0,14.0,25.0,69.0,56.0,60.0,,,,,,67.4493,30.0,23.0,63.8,144.0,,,,,,0,0.0
OAS30096,,,,,20.0,19.0,26.0,19.0,34.0,61.0,52.0,58.0,,,,,,67.4493,29.0,23.0,63.5,144.7999268,,,,,,0,0.0
OAS30096,,,,,18.0,17.0,22.0,20.0,41.0,127.0,51.0,60.0,,,,,,67.4493,29.0,23.0,63.3,139.0,,,,,,0,0.0
OAS30096,,,,,16.0,12.0,21.0,13.0,33.0,71.0,52.0,58.0,,,,,,67.4493,29.0,23.0,63.3,142.5,,,,,,0,0.0
OAS30096,11.0,8.0,10.0,6.0,,,28.0,16.0,46.0,102.0,51.0,,184232.1067,1232071.08,751210.2859,154006.2317,45450.0,67.4493,30.0,23.0,62.9,138.0,371184.6827,186952.576,309946.6032,494971.6827,155940.3715,0,0.0
OAS30096,11.0,8.0,11.0,7.0,,,17.0,10.0,23.0,78.0,49.0,,184232.1067,1232071.08,751210.2859,154006.2317,45450.0,67.4493,29.0,23.0,62.5,138.0,371184.6827,186952.576,309946.6032,494971.6827,155940.3715,0,0.0
OAS30097,,,,,12.0,12.0,18.0,14.0,60.0,93.0,55.0,56.0,186395.1637,1508967.208,873104.0444,209720.8351,51593.0,74.3479,30.0,33.0,64.0,157.0,371708.977,185313.8133,420594.0674,525249.977,210873.2324,0,0.0
OAS30097,,,,,14.0,15.0,19.0,17.0,62.0,77.0,53.0,58.0,,,,,,74.3479,30.0,33.0,64.2,159.0,,,,,,0,0.0
OAS30097,,,,,19.0,21.0,15.0,14.0,72.0,111.0,53.0,56.0,,,,,,74.3479,30.0,33.0,64.0,153.0,,,,,,0,0.0
OAS30097,9.0,8.0,7.0,5.0,,,15.0,15.0,61.0,115.0,49.0,,178155.6816,1460841.747,851058.1235,194835.1292,49672.0,74.3479,29.0,33.0,64.5,142.5,359764.9683,181609.2868,397625.1552,502471.9683,202790.026,0,0.0
OAS30098,,,,,0.0,0.0,10.0,7.0,55.0,,9.0,46.0,188128.9994,1517971.436,908724.9912,210964.6487,48688.0,65.2274,20.0,34.0,64.5,121.0,380760.99,192631.9906,426843.0012,519846.99,215878.3525,2,1.0
OAS30099,,,,,15.0,12.0,27.0,12.0,21.0,48.0,57.0,60.0,,,,,,66.1315,30.0,33.0,74.5,240.0,,,,,,0,0.0
OAS30099,,,,,15.0,12.0,31.0,15.0,21.0,48.0,51.0,54.0,,,,,,66.1315,30.0,33.0,74.0,235.0,,,,,,0,0.0
OAS30099,8.0,7.0,10.0,7.0,,,31.0,12.0,20.0,56.0,60.0,,,,,,,66.1315,30.0,33.0,74.5,237.25,,,,,,0,0.0
OAS30099,8.0,7.0,8.0,5.0,,,28.0,13.0,25.0,45.0,56.0,,,,,,,66.1315,30.0,33.0,74.5,233.0,,,,,,0,0.0
OAS30099,10.0,8.0,8.0,5.0,,,22.0,15.0,,,,,,,,,,66.1315,,33.0,,,,,,,,0,0.0
OAS30100,,,,,2.0,1.0,14.0,7.0,43.0,145.0,35.0,54.0,,,,,,68.4411,27.0,44.0,63.0,179.0,,,,,,2,1.0
OAS30101,,,,,13.0,12.0,28.0,21.0,26.0,98.0,56.0,60.0,204967.0666,1524816.215,913643.3198,205391.068,49051.0,74.6164,30.0,33.0,64.5,165.0,415785.6067,210818.5401,418089.7131,551414.6067,212698.6451,0,0.0
OAS30101,,,,,16.0,13.0,20.0,17.0,36.0,60.0,57.0,60.0,204967.0666,1524816.215,913643.3198,205391.068,49051.0,74.6164,30.0,33.0,66.0,163.0,415785.6067,210818.5401,418089.7131,551414.6067,212698.6451,0,0.0
OAS30101,,,,,13.0,12.0,25.0,22.0,30.0,82.0,56.0,56.0,206922.3591,1526309.586,908485.5877,199156.3525,50302.0,74.6164,30.0,33.0,63.0,161.0,418470.4298,211548.0707,410678.1578,557717.4298,211521.8054,0,0.0
OAS30101,,,,,15.0,16.0,28.0,16.0,35.0,65.0,58.0,60.0,,,,,,74.6164,30.0,33.0,64.5,161.0,,,,,,0,0.0
OAS30101,,,,,16.0,15.0,30.0,21.0,28.0,119.0,63.0,58.0,,,,,,74.6164,30.0,33.0,64.0,172.0,,,,,,0,0.0
OAS30101,,,,,16.0,16.0,27.0,18.0,27.0,80.0,54.0,60.0,,,,,,74.6164,30.0,33.0,64.8,160.0,,,,,,0,0.0
OAS30101,,,,,18.0,16.0,28.0,19.0,30.0,66.0,42.0,58.0,194670.649,1464392.955,872937.9296,193669.5184,49777.0,74.6164,29.0,33.0,64.5,164.0,392032.7947,197362.1456,396716.1349,523220.7947,203046.6165,0,0.0
OAS30101,,,,,15.0,14.0,26.0,20.0,28.0,58.0,58.0,58.0,194670.649,1464392.955,872937.9296,193669.5184,49777.0,74.6164,30.0,33.0,64.0,165.0,392032.7947,197362.1456,396716.1349,523220.7947,203046.6165,0,0.0
OAS30101,,,,,18.0,19.0,26.0,14.0,25.0,65.0,55.0,60.0,,,,,,74.6164,30.0,33.0,64.0,170.0,,,,,,0,0.0
OAS30101,10.0,8.0,8.0,6.0,,,24.0,20.0,30.0,73.0,60.0,,,,,,,74.6164,30.0,33.0,63.5,166.0,,,,,,0,0.0
OAS30101,12.0,9.0,10.0,7.0,,,27.0,20.0,25.0,102.0,58.0,,,,,,,74.6164,26.0,33.0,64.25,164.0,,,,,,0,0.0
OAS30101,10.0,7.0,8.0,6.0,,,14.0,16.0,31.0,129.0,53.0,,,,,,,74.6164,29.0,33.0,64.0,162.3999023,,,,,,0,0.0
OAS30102,8.0,7.0,2.0,2.0,6.0,6.0,14.0,9.0,35.0,107.0,34.0,,173445.3732,1332184.253,825279.8548,196802.0764,53938.0,65.0658,26.0,33.0,62.0,160.0,346804.3053,173358.9321,394197.5495,491469.3053,197395.4732,0,0.0
OAS30102,6.0,6.0,3.0,3.0,,,11.0,6.0,38.0,120.0,34.0,,,,,,,65.0658,26.0,33.0,62.0,160.0,,,,,,0,0.0
OAS30102,7.0,6.0,6.0,5.0,,,10.0,8.0,,,,,,,,,,65.0658,,33.0,,,,,,,,0,0.0
OAS30103,,,,,,,,,51.0,96.0,45.0,57.0,,,,,,56.5425,30.0,34.0,,149.0,,,,,,0,0.0
OAS30103,,,,,,,20.0,,46.0,70.0,56.0,58.0,,,,,,56.5425,30.0,34.0,,154.0,,,,,,0,0.0
OAS30103,,,,,,,23.0,,57.0,82.0,59.0,58.0,,,,,,56.5425,30.0,34.0,,153.0,,,,,,0,0.0
OAS30103,,,,,,,19.0,,47.0,80.0,60.0,59.0,,,,,,56.5425,30.0,34.0,,156.0,,,,,,0,0.0
OAS30103,,,,,,,22.0,,38.0,69.0,61.0,56.0,,,,,,56.5425,30.0,34.0,,167.0,,,,,,0,0.0
OAS30103,,,,,,,23.0,,37.0,66.0,61.0,57.0,,,,,,56.5425,30.0,34.0,,153.0,,,,,,0,0.0
OAS30103,,,,,,,23.0,,45.0,63.0,58.0,59.0,190210.4028,1358408.853,851850.6721,212662.4219,193039.5236,56.5425,30.0,34.0,,160.0,380508.4436,190298.0409,424538.25,573547.9672,211875.8281,0,0.0
OAS30103,,,,,12.0,13.0,21.0,13.0,37.0,77.0,60.0,60.0,,,,,,56.5425,30.0,34.0,66.0,170.0,,,,,,0,0.0
OAS30103,,,,,18.0,18.0,20.0,12.0,42.0,73.0,64.0,60.0,202191.793,1245387.406,860855.6988,192818.6413,49889.0,56.5425,30.0,34.0,65.0,178.0,401237.4163,199045.6233,385769.2825,567068.4163,192950.6411,0,0.0
OAS30103,,,,,15.0,12.0,23.0,17.0,35.0,72.0,60.0,58.0,202191.793,1245387.406,860855.6988,192818.6413,49889.0,56.5425,30.0,34.0,65.0,177.0,401237.4163,199045.6233,385769.2825,567068.4163,192950.6411,0,0.0
OAS30103,,,,,18.0,18.0,20.0,18.0,43.0,73.0,60.0,60.0,,,,,,56.5425,30.0,34.0,65.0,177.0,,,,,,0,0.0
OAS30103,,,,,15.0,17.0,24.0,19.0,33.0,54.0,62.0,58.0,,,,,,56.5425,30.0,34.0,66.0,179.0,,,,,,0,0.0
OAS30103,,,,,18.0,17.0,24.0,18.0,42.0,61.0,55.0,60.0,,,,,,56.5425,30.0,34.0,65.0,174.0,,,,,,0,0.0
OAS30103,,,,,18.0,15.0,22.0,13.0,36.0,72.0,48.0,60.0,,,,,,56.5425,30.0,34.0,66.0,174.0,,,,,,0,0.0
OAS30103,,,,,15.0,15.0,24.0,16.0,42.0,63.0,52.0,56.0,193742.5677,1251868.398,820159.5843,178334.2527,48947.0,56.5425,29.0,34.0,65.0,168.0,387416.063,193673.4954,357677.5212,543110.063,179343.2686,0,0.0
OAS30103,8.0,7.0,7.0,5.0,,,23.0,15.0,41.0,74.0,49.0,,193742.5677,1251868.398,820159.5843,178334.2527,48947.0,56.5425,30.0,34.0,64.5,172.0,387416.063,193673.4954,357677.5212,543110.063,179343.2686,0,0.0
OAS30103,7.0,6.0,4.0,4.0,,,20.0,11.0,37.0,81.0,51.0,,,,,,,56.5425,30.0,34.0,64.4,172.1999512,,,,,,0,0.0
OAS30103,7.0,6.0,4.0,4.0,,,23.0,12.0,38.0,76.0,44.0,,,,,,,56.5425,30.0,34.0,64.4,171.0,,,,,,0,0.0
OAS30103,8.0,7.0,4.0,3.0,,,20.0,15.0,,,,,,,,,,56.5425,,34.0,,,,,,,,0,0.0
OAS30104,,,,,9.0,7.0,22.0,14.0,20.0,62.0,49.0,58.0,226037.7195,1247226.699,1000830.116,236106.9966,56293.0,67.8055,29.0,33.0,65.0,138.0,452075.5274,226037.8079,474410.5887,610381.5274,238303.592,1,0.5
OAS30104,,,,,9.0,7.0,19.0,11.0,35.0,85.0,55.0,58.0,226037.7195,1247226.699,1000830.116,236106.9966,56293.0,67.8055,28.0,33.0,65.0,168.0,452075.5274,226037.8079,474410.5887,610381.5274,238303.592,0,0.0
OAS30104,,,,,11.0,10.0,16.0,15.0,23.0,74.0,59.0,58.0,,,,,,67.8055,28.0,33.0,65.0,167.0,,,,,,0,0.0
OAS30104,,,,,11.0,11.0,17.0,15.0,19.0,71.0,58.0,54.0,,,,,,67.8055,30.0,33.0,64.0,155.0,,,,,,0,0.0
OAS30104,,,,,9.0,9.0,14.0,16.0,19.0,62.0,61.0,60.0,,,,,,67.8055,30.0,33.0,65.0,163.0,,,,,,0,0.0
OAS30104,,,,,12.0,12.0,17.0,13.0,24.0,76.0,55.0,58.0,,,,,,67.8055,30.0,33.0,64.0,144.0,,,,,,0,0.0
OAS30104,,,,,15.0,14.0,19.0,13.0,14.0,72.0,58.0,58.0,,,,,,67.8055,30.0,33.0,64.5,148.0,,,,,,0,0.0
OAS30104,,,,,14.0,12.0,18.0,12.0,16.0,83.0,57.0,56.0,,,,,,67.8055,29.0,33.0,64.5,152.0,,,,,,0,0.0
OAS30104,7.0,6.0,4.0,3.0,,,19.0,12.0,24.0,81.0,50.0,,,,,,,67.8055,29.0,33.0,64.5,145.0,,,,,,0,0.0
OAS30104,7.0,6.0,5.0,4.0,,,18.0,14.0,20.0,95.0,53.0,,,,,,,67.8055,30.0,33.0,64.5,146.1999512,,,,,,0,0.0
OAS30104,8.0,6.0,5.0,4.0,,,17.0,14.0,20.0,110.0,46.0,,,,,,,67.8055,30.0,33.0,64.25,147.7999268,,,,,,0,0.0
OAS30104,7.0,6.0,7.0,5.0,,,18.0,12.0,,,,,,,,,,67.8055,,33.0,,,,,,,,0,0.0
OAS30105,7.0,6.0,7.0,5.0,,,23.0,19.0,44.0,98.0,30.0,,173912.8152,1275176.452,784607.6508,181640.3273,51971.0,69.6247,30.0,33.0,64.5,231.0,347200.7658,173287.9506,366111.885,479984.7658,184471.5577,0,0.0
OAS30105,6.0,6.0,4.0,4.0,,,23.0,19.0,35.0,112.0,,,,,,,,69.6247,30.0,33.0,64.0,238.0,,,,,,0,0.0
OAS30105,10.0,7.0,5.0,4.0,,,26.0,15.0,37.0,90.0,,,180575.9799,1316169.086,800338.8591,181584.9636,51304.0,69.6247,29.0,33.0,63.5,230.0,359602.0542,179026.0743,366566.8049,493275.0542,184981.8413,0,0.0
OAS30105,7.0,6.0,4.0,3.0,,,20.0,14.0,53.0,130.0,,,180575.9799,1316169.086,800338.8591,181584.9636,51304.0,69.6247,30.0,33.0,63.75,229.8999023,359602.0542,179026.0743,366566.8049,493275.0542,184981.8413,0,0.0
OAS30106,,,,,,,17.0,,48.0,101.0,43.0,57.0,,,,,,60.4027,30.0,44.0,,145.0,,,,,,0,0.0
OAS30106,,,,,,,22.0,,39.0,95.0,44.0,57.0,,,,,,60.4027,30.0,44.0,,147.0,,,,,,0,0.0
OAS30106,,,,,,,26.0,,43.0,80.0,49.0,59.0,,,,,,60.4027,30.0,44.0,,145.0,,,,,,0,0.0
OAS30106,,,,,,,24.0,,33.0,66.0,42.0,58.0,,,,,,60.4027,30.0,44.0,,151.0,,,,,,0,0.0
OAS30106,,,,,,,24.0,,39.0,110.0,51.0,59.0,,,,,,60.4027,30.0,44.0,,147.0,,,,,,0,0.0
OAS30106,,,,,,,26.0,,37.0,70.0,47.0,59.0,184179.498,1287760.64,845513.5101,220696.3281,160885.186,60.4027,30.0,44.0,,145.0,366952.0112,182772.5132,443998.5938,527837.1972,223302.2656,0,0.0
OAS30106,,,,,,,23.0,,41.0,88.0,46.0,59.0,184179.498,1287760.64,845513.5101,220696.3281,160885.186,60.4027,29.0,44.0,,148.0,366952.0112,182772.5132,443998.5938,527837.1972,223302.2656,0,0.0
OAS30106,,,,,16.0,12.0,25.0,12.0,39.0,73.0,41.0,60.0,,,,,,60.4027,30.0,44.0,63.1,149.0,,,,,,0,0.0
OAS30106,,,,,18.0,15.0,23.0,10.0,45.0,93.0,45.0,60.0,,,,,,60.4027,30.0,44.0,64.0,149.0,,,,,,0,0.0
OAS30106,,,,,20.0,17.0,24.0,12.0,45.0,60.0,47.0,60.0,,,,,,60.4027,30.0,44.0,64.0,147.0,,,,,,0,0.0
OAS30106,,,,,19.0,22.0,24.0,14.0,39.0,73.0,43.0,60.0,192671.4925,1312021.343,839701.3763,193272.9537,51735.0,60.4027,30.0,44.0,63.5,149.0,383293.0457,190621.5532,390508.3306,521593.0457,197235.3769,0,0.0
OAS30106,,,,,21.0,21.0,19.0,13.0,35.0,90.0,47.0,60.0,192671.4925,1312021.343,839701.3763,193272.9537,51735.0,60.4027,29.0,44.0,63.5,148.0,383293.0457,190621.5532,390508.3306,521593.0457,197235.3769,0,0.0
OAS30106,,,,,21.0,19.0,20.0,10.0,45.0,75.0,45.0,60.0,,,,,,60.4027,30.0,44.0,63.0,136.0,,,,,,0,0.0
OAS30106,,,,,20.0,20.0,16.0,13.0,34.0,67.0,42.0,56.0,,,,,,60.4027,27.0,44.0,63.3,125.0,,,,,,0,0.0
OAS30107,,,,,9.0,8.0,18.0,15.0,16.0,64.0,58.0,52.0,,,,,,67.1096,29.0,34.0,65.0,143.0,,,,,,0,0.0
OAS30107,,,,,12.0,12.0,16.0,15.0,33.0,64.0,59.0,54.0,210189.8303,1397358.22,940914.7652,220519.8235,52180.0,67.1096,30.0,34.0,64.7,140.0,422762.61,212572.7798,441849.1552,568993.61,221329.3317,0,0.0
OAS30107,,,,,9.0,10.0,19.0,14.0,26.0,76.0,59.0,56.0,210189.8303,1397358.22,940914.7652,220519.8235,52180.0,67.1096,30.0,34.0,65.0,130.0,422762.61,212572.7798,441849.1552,568993.61,221329.3317,0,0.0
OAS30107,,,,,4.0,3.0,11.0,8.0,27.0,89.0,61.0,54.0,,,,,,67.1096,30.0,34.0,65.0,126.0,,,,,,0,0.0
OAS30108,,,,,16.0,16.0,22.0,23.0,37.0,101.0,53.0,56.0,197280.2551,1337818.317,852682.8818,198300.1299,48506.0,64.8493,29.0,34.0,65.0,142.0,395463.7817,198183.5266,396982.1001,537955.7817,198681.9702,0,0.0
OAS30108,,,,,21.0,20.0,27.0,19.0,43.0,108.0,49.0,58.0,,,,,,64.8493,29.0,34.0,63.0,141.0,,,,,,0,0.0
OAS30108,,,,,19.0,18.0,21.0,19.0,44.0,104.0,46.0,58.0,187069.9901,1297565.876,825841.6674,192206.0113,48281.0,64.8493,28.0,34.0,63.5,141.0,375563.2309,188493.2408,386780.4365,517276.2309,194574.4252,0,0.0
OAS30108,,,,,17.0,16.0,22.0,21.0,44.0,81.0,52.0,58.0,,,,,,64.8493,28.0,34.0,63.5,129.0,,,,,,1,0.5
OAS30108,8.0,6.0,7.0,5.0,,,20.0,14.0,49.0,79.0,43.0,,,,,,,64.8493,30.0,34.0,63.0,132.5,,,,,,0,0.0
OAS30108,7.0,6.0,8.0,6.0,,,18.0,23.0,34.0,152.0,49.0,,,,,,,64.8493,30.0,34.0,62.75,134.0,,,,,,1,0.5
OAS30108,8.0,7.0,5.0,4.0,,,22.0,18.0,47.0,103.0,46.0,,,,,,,64.8493,29.0,34.0,63.0,142.0,,,,,,0,0.0
OAS30108,8.0,7.0,7.0,5.0,,,19.0,14.0,,,,,,,,,,64.8493,,34.0,,,,,,,,1,0.5
OAS30109,,,,,16.0,16.0,28.0,17.0,23.0,66.0,64.0,56.0,194516.1587,1427369.112,959134.4829,242757.2969,170270.0,72.3233,29.0,34.0,64.0,161.0,388744.8322,194228.6736,485200.3281,559014.8322,242443.0313,0,0.0
OAS30109,,,,,13.0,11.0,27.0,24.0,32.0,66.0,64.0,52.0,188737.8215,1311224.85,892483.5543,218547.2624,45570.0,72.3233,30.0,34.0,64.0,172.0,377720.7763,188982.9548,438854.778,512888.7763,220307.5156,0,0.0
OAS30109,,,,,15.0,16.0,23.0,17.0,27.0,76.0,59.0,58.0,,,,,,72.3233,29.0,34.0,63.7,159.0,,,,,,0,0.0
OAS30109,,,,,14.0,13.0,24.0,16.0,27.0,72.0,66.0,54.0,,,,,,72.3233,24.0,34.0,64.0,159.0,,,,,,0,0.0
OAS30109,,,,,13.0,11.0,20.0,17.0,24.0,69.0,60.0,56.0,184813.7158,1424534.343,877944.7846,211062.0906,43622.0,72.3233,29.0,34.0,64.0,157.0,371131.6389,186317.9231,423734.1457,505662.6389,212672.0551,0,0.0
OAS30109,,,,,20.0,16.0,19.0,11.0,29.0,67.0,67.0,54.0,182081.428,1424422.468,872032.5496,211026.582,44291.0,72.3233,29.0,34.0,64.0,156.0,365602.5178,183521.0898,422476.0318,499883.5178,211449.4498,0,0.0
OAS30109,,,,,14.0,15.0,18.0,18.0,41.0,60.0,63.0,58.0,,,,,,72.3233,29.0,34.0,63.5,157.0,,,,,,0,0.0
OAS30109,,,,,12.0,13.0,20.0,18.0,29.0,63.0,62.0,54.0,,,,,,72.3233,30.0,34.0,63.5,152.5,,,,,,0,0.0
OAS30109,8.0,7.0,8.0,5.0,,,13.0,13.0,39.0,65.0,61.0,,,,,,,72.3233,27.0,34.0,64.0,154.0,,,,,,0,0.0
OAS30109,10.0,8.0,6.0,4.0,,,16.0,13.0,27.0,67.0,67.0,,168761.6584,1443887.673,851874.8318,206611.4477,40334.0,72.3233,29.0,34.0,64.0,142.0,341048.4066,172286.7482,412096.4252,470288.4066,205484.9775,0,0.0
OAS30110,,,,,3.0,2.0,19.0,10.0,103.0,180.0,31.0,56.0,174355.1736,1495201.781,827215.8096,200946.6455,44788.0,66.474,21.0,34.0,65.3,129.0,335380.9022,161025.7286,408893.9074,466668.9022,207947.2619,1,0.5
OAS30111,,,,,10.0,4.0,17.0,5.0,58.0,180.0,35.0,50.0,,,,,,59.7205,27.0,23.0,63.5,125.0,,,,,,2,1.0
OAS30111,,,,,13.0,6.0,15.0,8.0,42.0,165.0,42.0,56.0,,,,,,59.7205,29.0,23.0,63.0,123.0,,,,,,2,1.0
OAS30112,,,,,26.0,,27.0,,29.0,70.0,,,268552.6116,1902050.598,1176045.74,266561.0052,57273.0,53.5151,30.0,33.0,66.0,168.0,540418.4978,271865.8863,535563.2417,705186.4978,269002.2365,0,0.0
OAS30112,,,,,27.0,,16.0,,23.0,59.0,,,,,,,,53.5151,30.0,33.0,65.5,165.0,,,,,,0,0.0
OAS30113,,,,,,,25.0,,25.0,72.0,59.0,56.0,,,,,,53.1836,30.0,34.0,,189.0,,,,,,0,0.0
OAS30113,,,,,38.0,,26.0,,24.0,37.0,,,244414.0489,1787635.177,1121775.909,271806.1942,61111.0,53.1836,30.0,34.0,69.0,181.0,485866.7151,241452.6661,543366.1939,647208.7151,271559.9997,0,0.0
OAS30113,,,,,30.0,,23.0,,22.0,43.0,,,242349.6108,1727515.318,1092182.71,253757.5283,59762.0,53.1836,29.0,34.0,69.0,184.0,483044.2308,240694.62,510226.4795,638577.2308,256468.9512,0,0.0
OAS30113,,,,,30.0,,22.0,,23.0,52.0,,,242349.6108,1727515.318,1092182.71,253757.5283,59762.0,53.1836,29.0,34.0,68.9,186.0,483044.2308,240694.62,510226.4795,638577.2308,256468.9512,0,0.0
OAS30113,,,,,33.0,,28.0,,23.0,52.0,,,,,,,,53.1836,30.0,34.0,68.75,184.0,,,,,,0,0.0
OAS30113,,,,,35.0,,17.0,,25.0,52.0,,,232464.8984,1763050.597,1107057.491,269016.9974,58155.0,53.1836,30.0,34.0,69.0,187.0,464851.3474,232386.449,539473.1438,621003.3474,270456.1463,0,0.0
OAS30113,,,,,32.0,,16.0,,25.0,49.0,,,234087.4149,1775831.499,1118859.89,272190.39,58665.0,53.1836,28.0,34.0,69.0,186.7999268,470921.254,236833.8391,544295.6356,630183.254,272105.2456,0,0.0
OAS30114,11.0,8.0,8.0,5.0,3.0,0.0,18.0,5.0,60.0,109.0,30.0,,177163.8699,1463771.612,828183.5768,180531.2979,45065.0,68.7699,29.0,34.0,62.2,141.0,365162.1352,187998.2652,359342.4416,499772.1352,178811.1437,2,1.0
OAS30115,,,,,15.0,17.0,19.0,16.0,32.0,99.0,45.0,50.0,183500.8812,1263626.293,854563.0055,199144.6013,50076.0,68.6027,30.0,23.0,69.5,237.5,370494.5836,186993.7024,404835.422,495939.5836,205690.8207,0,0.0
OAS30115,5.0,5.0,5.0,4.0,,,13.0,16.0,37.0,95.0,47.0,,186839.7824,1294477.041,848789.5681,193510.4218,48622.0,68.6027,28.0,23.0,70.0,237.0,377111.4816,190271.6992,390596.0865,501084.4816,197085.6647,0,0.0
OAS30115,4.0,4.0,5.0,4.0,,,19.0,10.0,35.0,94.0,42.0,,186839.7824,1294477.041,848789.5681,193510.4218,48622.0,68.6027,28.0,23.0,69.5,219.0,377111.4816,190271.6992,390596.0865,501084.4816,197085.6647,0,0.0
OAS30116,,,,,9.0,7.0,27.0,13.0,18.0,76.0,70.0,60.0,196676.4936,1197902.783,847183.1112,195242.2647,51025.0,61.4329,28.0,23.0,64.0,135.0,390872.3639,194195.8704,391557.7473,540828.3639,196315.4826,1,0.5
OAS30117,,,,,,,25.0,,29.0,56.0,50.0,59.0,,,,,,67.3096,30.0,34.0,,202.0,,,,,,1,0.5
OAS30117,,,,,,,19.0,,33.0,58.0,48.0,60.0,,,,,,67.3096,30.0,34.0,,202.0,,,,,,0,0.0
OAS30117,,,,,,,27.0,,20.0,66.0,46.0,60.0,,,,,,67.3096,29.0,34.0,,205.0,,,,,,0,0.0
OAS30117,,,,,16.0,12.0,27.0,9.0,17.0,113.0,46.0,60.0,,,,,,67.3096,28.0,34.0,71.3,200.0,,,,,,0,0.0
OAS30117,,,,,16.0,13.0,26.0,16.0,17.0,64.0,50.0,60.0,,,,,,67.3096,30.0,34.0,71.0,198.0,,,,,,0,0.0
OAS30117,,,,,16.0,13.0,32.0,17.0,21.0,60.0,50.0,54.0,229650.3816,1664857.6,1057536.171,257031.0394,52888.0,67.3096,29.0,34.0,71.0,199.0,458221.2436,228570.862,517035.9275,606453.2436,260004.888,0,0.0
OAS30117,,,,,14.0,11.0,29.0,14.0,18.0,69.0,46.0,58.0,229650.3816,1664857.6,1057536.171,257031.0394,52888.0,67.3096,30.0,34.0,71.0,201.0,458221.2436,228570.862,517035.9275,606453.2436,260004.888,0,0.0
OAS30117,,,,,14.0,14.0,27.0,12.0,23.0,88.0,46.0,58.0,,,,,,67.3096,30.0,34.0,71.0,198.0,,,,,,0,0.0
OAS30117,,,,,19.0,17.0,23.0,15.0,18.0,83.0,47.0,56.0,221269.7404,1619858.545,1028574.762,251234.1072,50871.0,67.3096,29.0,34.0,70.5,197.7999268,444490.8366,223221.0962,501749.9251,587225.8366,250515.8179,0,0.0
OAS30117,,,,,18.0,17.0,28.0,16.0,27.0,78.0,45.0,56.0,221269.7404,1619858.545,1028574.762,251234.1072,50871.0,67.3096,28.0,34.0,70.2,196.0,444490.8366,223221.0962,501749.9251,587225.8366,250515.8179,0,0.0
OAS30117,,,,,20.0,17.0,31.0,9.0,19.0,87.0,45.0,60.0,219193.9272,1604652.439,1011683.223,239223.3553,50986.0,67.3096,26.0,34.0,71.0,195.0,438032.5732,218838.646,489363.6501,576789.5732,250140.2948,0,0.0
OAS30117,8.0,6.0,6.0,5.0,,,22.0,14.0,20.0,86.0,45.0,,219193.9272,1604652.439,1011683.223,239223.3553,50986.0,67.3096,30.0,34.0,71.0,197.0,438032.5732,218838.646,489363.6501,576789.5732,250140.2948,0,0.0
OAS30117,9.0,7.0,8.0,5.0,,,17.0,12.0,19.0,109.0,44.0,,219193.9272,1604652.439,1011683.223,239223.3553,50986.0,67.3096,30.0,34.0,70.7,197.0,438032.5732,218838.646,489363.6501,576789.5732,250140.2948,0,0.0
OAS30117,8.0,7.0,8.0,5.0,,,22.0,9.0,20.0,72.0,43.0,,,,,,,67.3096,30.0,34.0,71.25,183.3999023,,,,,,0,0.0
OAS30117,9.0,7.0,8.0,5.0,,,20.0,10.0,,,,,,,,,,67.3096,,34.0,,,,,,,,0,0.0
OAS30118,,,,,11.0,7.0,13.0,5.0,58.0,164.0,29.0,42.0,,,,,,82.926,25.0,23.0,67.0,178.0,,,,,,1,0.5
OAS30118,,,,,11.0,7.0,7.0,6.0,90.0,180.0,25.0,40.0,212466.6353,1807702.638,1011689.332,218743.7428,58769.0,82.926,30.0,23.0,67.3,179.0,423430.0424,210963.4071,441358.2898,566525.0424,222614.547,0,0.0
OAS30118,,,,,9.0,8.0,11.0,6.0,128.0,180.0,24.0,38.0,,,,,,82.926,26.0,23.0,65.0,166.0,,,,,,0,0.0
OAS30119,,,,,,,18.0,,52.0,147.0,27.0,55.0,196779.8823,1513791.277,928803.0803,217978.2656,171261.3977,66.4219,28.0,33.0,,184.0,397000.7256,200220.8434,446235.2031,568262.1233,228256.9375,1,0.5
OAS30119,,,,,8.0,6.0,17.0,10.0,41.0,102.0,26.0,56.0,,,,,,66.4219,29.0,33.0,66.0,190.0,,,,,,1,0.5
OAS30119,,,,,11.0,5.0,16.0,7.0,55.0,145.0,24.0,52.0,186415.2811,1553540.499,905546.1896,205477.4176,54334.0,66.4219,29.0,33.0,66.0,191.0,383284.0757,196868.7946,408173.1139,526498.0757,202695.6963,1,0.5
OAS30120,,,,,,,10.0,,26.0,149.0,36.0,42.0,,,,,,83.6904,25.0,34.0,,148.0,,,,,,1,0.5
OAS30120,,,,,,,10.0,,45.0,180.0,32.0,43.0,178772.873,1534377.432,851732.8556,179615.2344,167509.1475,83.6904,23.0,34.0,,160.0,361229.5227,182456.6498,361662.9688,528738.6702,182047.7344,1,0.5
OAS30121,,,,,,,22.0,,35.0,94.0,45.0,51.0,,,,,,69.3863,29.0,33.0,,97.0,,,,,,0,0.0
OAS30121,,,,,,,19.0,,30.0,94.0,47.0,52.0,200527.9499,1343078.776,946928.0529,240487.1719,153884.2377,69.3863,28.0,33.0,,103.0,405694.9596,205167.0097,481437.6875,559579.1972,240950.5156,0,0.0
OAS30121,,,,,7.0,4.0,21.0,13.0,31.0,106.0,46.0,56.0,193671.3818,1430120.688,930063.3396,225382.1846,50722.0,69.3863,30.0,33.0,52.4,102.0,390579.3473,196907.9655,450303.9923,514694.3473,224921.8077,0,0.0
OAS30121,,,,,10.0,10.0,19.0,20.0,33.0,98.0,48.0,54.0,193671.3818,1430120.688,930063.3396,225382.1846,50722.0,69.3863,28.0,33.0,53.0,102.0,390579.3473,196907.9655,450303.9923,514694.3473,224921.8077,0,0.0
OAS30121,,,,,7.0,8.0,23.0,19.0,33.0,83.0,54.0,58.0,,,,,,69.3863,30.0,33.0,52.0,101.0,,,,,,0,0.0
OAS30121,,,,,11.0,10.0,19.0,20.0,27.0,66.0,50.0,50.0,,,,,,69.3863,27.0,33.0,52.5,101.0,,,,,,0,0.0
OAS30121,,,,,7.0,6.0,20.0,18.0,35.0,87.0,52.0,52.0,,,,,,69.3863,29.0,33.0,52.7,106.0,,,,,,0,0.0
OAS30121,11.0,8.0,6.0,4.0,,,21.0,18.0,37.0,99.0,51.0,,,,,,,69.3863,28.0,33.0,52.5,110.0,,,,,,0,0.0
OAS30121,10.0,8.0,7.0,5.0,,,21.0,18.0,32.0,88.0,49.0,,,,,,,69.3863,28.0,33.0,52.5,106.5999756,,,,,,0,0.0
OAS30121,9.0,7.0,5.0,4.0,,,16.0,20.0,34.0,96.0,47.0,,,,,,,69.3863,28.0,33.0,52.75,109.0,,,,,,0,0.0
OAS30121,10.0,7.0,6.0,4.0,,,22.0,18.0,,,,,,,,,,69.3863,,33.0,,,,,,,,0,0.0
OAS30121,8.0,6.0,6.0,4.0,,,16.0,15.0,42.0,120.0,,,,,,,,69.3863,28.0,33.0,52.75,112.0,,,,,,0,0.0
OAS30122,,,,,14.0,11.0,23.0,17.0,21.0,42.0,45.0,60.0,244449.032,1749804.597,1076006.977,236705.5326,59430.0,73.4137,30.0,34.0,72.0,219.0,491795.0906,247346.0586,475491.8864,654752.0906,238786.3538,0,0.0
OAS30122,,,,,16.0,16.0,20.0,17.0,18.0,61.0,47.0,58.0,244449.032,1749804.597,1076006.977,236705.5326,59430.0,73.4137,28.0,34.0,72.3,224.0,491795.0906,247346.0586,475491.8864,654752.0906,238786.3538,0,0.0
OAS30122,,,,,18.0,19.0,25.0,17.0,18.0,43.0,43.0,58.0,,,,,,73.4137,30.0,34.0,88.8,224.0,,,,,,0,0.0
OAS30122,13.0,9.0,8.0,6.0,,,26.0,16.0,20.0,67.0,47.0,,,,,,,73.4137,29.0,34.0,72.5,215.0,,,,,,0,0.0
OAS30122,10.0,7.0,6.0,4.0,,,20.0,8.0,,,,,,,,,,73.4137,,34.0,,,,,,,,0,0.0
OAS30123,8.0,6.0,6.0,4.0,,,13.0,10.0,23.0,85.0,29.0,,229876.268,1684023.551,1026586.856,230569.621,52479.0,73.8055,26.0,23.0,73.5,239.0,465155.1424,235278.8744,466167.7134,613911.1424,235598.0924,0,0.0
OAS30123,6.0,6.0,6.0,4.0,,,14.0,9.0,32.0,139.0,30.0,,,,,,,73.8055,26.0,23.0,73.5,210.1999512,,,,,,1,0.5
OAS30123,4.0,4.0,6.0,4.0,,,15.0,9.0,29.0,140.0,29.0,,,,,,,73.8055,28.0,23.0,74.25,213.5999756,,,,,,0,0.0
OAS30124,,,,,3.0,0.0,5.0,4.0,84.0,180.0,9.0,36.0,,,,,,79.2,21.0,34.0,62.0,142.0,,,,,,1,0.5
OAS30124,,,,,2.0,0.0,5.0,4.0,75.0,180.0,1.0,22.0,,,,,,79.2,16.0,34.0,,,,,,,,2,1.0
OAS30125,,,,,7.0,10.0,18.0,11.0,55.0,180.0,32.0,52.0,162183.6797,1222277.937,819618.0443,212450.6193,50218.0,69.6301,30.0,34.0,64.0,172.0,323367.664,161183.9843,427549.3803,458215.664,215098.761,0,0.0
OAS30125,,,,,9.0,7.0,12.0,11.0,45.0,180.0,31.0,44.0,,,,,,69.6301,30.0,34.0,63.0,173.0,,,,,,0,0.0
OAS30126,,,,,42.0,,19.0,,38.0,61.0,,,,,,,,56.5342,29.0,33.0,60.0,127.0,,,,,,0,0.0
OAS30126,,,,,21.0,,20.0,,38.0,73.0,,,204538.8457,1453541.834,877768.8753,185940.8756,54583.0,56.5342,30.0,33.0,59.5,123.0,413361.201,208822.3554,377681.6742,557413.201,191740.7986,0,0.0
OAS30126,,,,,31.0,,24.0,,37.0,75.0,,,200715.3403,1408627.139,866969.8136,183580.0934,53470.0,56.5342,30.0,33.0,59.8,122.0,406677.6803,205962.3399,372298.1333,547237.6803,188718.0399,0,0.0
OAS30126,,,,,35.0,,23.0,,39.0,65.0,,,200715.3403,1408627.139,866969.8136,183580.0934,53470.0,56.5342,30.0,33.0,59.75,124.0,406677.6803,205962.3399,372298.1333,547237.6803,188718.0399,0,0.0
OAS30126,,,,,33.0,,25.0,,47.0,86.0,,,,,,,,56.5342,29.0,33.0,60.0,124.0,,,,,,0,0.0
OAS30126,,,,,29.0,,20.0,,36.0,70.0,,,,,,,,56.5342,29.0,33.0,59.5,131.5999756,,,,,,0,0.0
OAS30126,11.0,9.0,7.0,5.0,,,15.0,16.0,,,,,,,,,,56.5342,,33.0,,,,,,,,0,0.0
OAS30127,,,,,13.0,8.0,21.0,14.0,17.0,92.0,59.0,60.0,213530.0185,1664812.994,1032047.3,256972.2805,54751.0,65.5397,30.0,33.0,70.0,166.0,435398.0311,221868.0126,512272.2691,581341.0311,255299.9885,0,0.0
OAS30127,,,,,10.0,8.0,25.0,18.0,17.0,80.0,54.0,58.0,212067.407,1618524.865,1019195.465,250619.7182,52611.0,65.5397,29.0,33.0,70.0,169.0,427163.108,215095.701,507593.3566,566686.108,256973.6384,0,0.0
OAS30127,,,,,10.0,7.0,24.0,11.0,22.0,88.0,52.0,60.0,212067.407,1618524.865,1019195.465,250619.7182,52611.0,65.5397,28.0,33.0,70.0,161.0,427163.108,215095.701,507593.3566,566686.108,256973.6384,0,0.0
OAS30127,,,,,15.0,12.0,24.0,17.0,25.0,53.0,53.0,60.0,,,,,,65.5397,30.0,33.0,70.0,165.0,,,,,,0,0.0
OAS30127,10.0,8.0,5.0,4.0,,,22.0,10.0,21.0,116.0,50.0,,,,,,,65.5397,30.0,33.0,70.0,160.0,,,,,,0,0.0
OAS30127,10.0,7.0,6.0,4.0,,,21.0,14.0,26.0,103.0,46.0,,204907.2875,1629926.847,1008663.419,247574.7444,50422.0,65.5397,30.0,33.0,79.5,156.5999756,414178.4806,209271.1931,501415.9379,554588.4806,253841.1935,0,0.0
OAS30127,9.0,7.0,4.0,3.0,,,19.0,8.0,27.0,68.0,49.0,,204907.2875,1629926.847,1008663.419,247574.7444,50422.0,65.5397,30.0,33.0,69.5,165.0,414178.4806,209271.1931,501415.9379,554588.4806,253841.1935,0,0.0
OAS30128,,,,,11.0,8.0,10.0,9.0,51.0,180.0,17.0,,195487.7207,1642143.81,934927.1805,231003.6592,46642.0,78.9644,29.0,33.0,65.0,173.0,391403.4694,195915.7487,421016.7111,517870.4694,190013.0519,1,0.5
OAS30128,,,,,10.0,10.0,9.0,4.0,95.0,180.0,19.0,60.0,195487.7207,1642143.81,934927.1805,231003.6592,46642.0,78.9644,28.0,33.0,65.5,177.0,391403.4694,195915.7487,421016.7111,517870.4694,190013.0519,1,0.5
OAS30128,11.0,8.0,8.0,5.0,,,11.0,6.0,119.0,180.0,17.0,,,,,,,78.9644,28.0,33.0,64.5,175.0,,,,,,1,0.5
OAS30128,11.0,8.0,6.0,5.0,,,10.0,1.0,142.0,180.0,11.0,,,,,,,78.9644,18.0,33.0,64.75,169.0,,,,,,2,1.0
OAS30129,,,,,17.0,19.0,27.0,16.0,28.0,101.0,50.0,56.0,203797.2315,1407295.089,883963.9844,198201.4713,49112.0,71.5288,30.0,34.0,67.0,179.0,407810.4276,204013.196,394716.5568,543459.4276,196515.0855,0,0.0
OAS30129,,,,,14.0,14.0,24.0,14.0,30.0,67.0,48.0,54.0,203797.2315,1407295.089,883963.9844,198201.4713,49112.0,71.5288,28.0,34.0,67.0,180.0,407810.4276,204013.196,394716.5568,543459.4276,196515.0855,0,0.0
OAS30129,9.0,7.0,8.0,5.0,,,23.0,16.0,28.0,80.0,49.0,,,,,,,71.5288,28.0,34.0,67.0,181.0,,,,,,0,0.0
OAS30129,6.0,5.0,8.0,5.0,,,24.0,16.0,27.0,58.0,48.0,,204761.6184,1412584.98,879466.0226,194470.8058,49477.0,71.5288,30.0,34.0,67.0,177.0,404909.5964,200147.978,390560.4262,542353.5964,196089.6203,0,0.0
OAS30129,10.0,8.0,9.0,7.0,,,21.0,16.0,31.0,62.0,44.0,,199680.7926,1429208.901,874948.6549,196966.9642,47900.0,71.5288,30.0,34.0,67.0,172.1999512,397201.5817,197520.7892,395057.0732,537813.5817,198090.109,0,0.0
OAS30129,10.0,8.0,7.0,5.0,,,21.0,14.0,30.0,87.0,45.0,,,,,,,71.5288,26.0,34.0,67.0,166.0,,,,,,0,0.0
OAS30131,,,,,,,26.0,,17.0,38.0,61.0,60.0,222376.6361,1468404.536,979120.389,243997.4844,173806.2496,49.537,30.0,23.0,,,449354.3032,226977.6672,489877.7656,623160.5529,245880.2813,0,0.0
OAS30131,,,,,30.0,,26.0,,17.0,54.0,,,,,,,,49.537,30.0,23.0,65.0,164.0,,,,,,0,0.0
OAS30131,,,,,38.0,,23.0,,12.0,46.0,,,,,,,,49.537,30.0,23.0,65.7,165.0,,,,,,0,0.0
OAS30131,,,,,35.0,,22.0,,20.0,43.0,,,,,,,,49.537,30.0,23.0,65.5,164.0,,,,,,0,0.0
OAS30131,,,,,26.0,,23.0,,22.0,35.0,,,,,,,,49.537,30.0,23.0,66.5,168.1999512,,,,,,0,0.0
OAS30132,,,,,12.0,14.0,18.0,16.0,59.0,86.0,58.0,58.0,232922.7875,1586950.371,946148.6018,194576.2275,52923.0,67.4932,28.0,22.0,72.3,273.0,465170.4935,232247.706,387949.1083,617444.4935,193372.8808,0,0.0
OAS30132,,,,,16.0,16.0,24.0,12.0,31.0,56.0,58.0,58.0,227691.1722,1570589.52,922685.2303,183382.9612,53097.0,67.4932,29.0,22.0,71.0,315.0,455232.0139,227540.8417,369255.2164,604529.0139,185872.2552,0,0.0
OAS30132,,,,,15.0,13.0,19.0,16.0,28.0,51.0,55.0,60.0,227691.1722,1570589.52,922685.2303,183382.9612,53097.0,67.4932,30.0,22.0,71.0,316.0,455232.0139,227540.8417,369255.2164,604529.0139,185872.2552,0,0.0
OAS30132,9.0,7.0,8.0,7.0,,,22.0,20.0,27.0,88.0,48.0,,,,,,,67.4932,25.0,22.0,71.0,286.0,,,,,,1,0.5
OAS30133,,,,,10.0,11.0,27.0,13.0,34.0,102.0,54.0,56.0,182206.9704,1621460.965,873189.6027,202984.5195,50262.0,77.5151,27.0,34.0,67.0,173.0,370207.2937,188000.3233,404246.309,526132.2937,201261.7896,1,0.5
OAS30133,,,,,7.0,7.0,15.0,8.0,23.0,136.0,40.0,56.0,,,,,,77.5151,28.0,34.0,66.5,161.0,,,,,,0,0.0
OAS30134,,,,,7.0,7.0,17.0,12.0,37.0,100.0,34.0,50.0,226675.5145,1767845.221,1066575.746,259442.734,58089.0,70.7288,21.0,34.0,67.0,194.0,452723.8243,226048.3098,516294.922,595066.8243,256852.188,0,0.0
OAS30134,,,,,12.0,9.0,15.0,10.0,29.0,79.0,37.0,54.0,226675.5145,1767845.221,1066575.746,259442.734,58089.0,70.7288,28.0,34.0,67.0,140.0,452723.8243,226048.3098,516294.922,595066.8243,256852.188,0,0.0
OAS30134,,,,,11.0,11.0,13.0,11.0,30.0,96.0,36.0,52.0,,,,,,70.7288,27.0,34.0,66.0,197.0,,,,,,0,0.0
OAS30134,,,,,11.0,9.0,20.0,12.0,26.0,63.0,41.0,48.0,,,,,,70.7288,27.0,34.0,65.5,200.0,,,,,,0,0.0
OAS30134,,,,,10.0,8.0,14.0,13.0,24.0,69.0,40.0,54.0,212640.1832,1718605.06,1012305.807,240316.9811,56149.0,70.7288,29.0,34.0,66.4,192.0,425154.2427,212514.0595,486408.5645,562256.2427,246091.5835,0,0.0
OAS30134,,,,,11.0,9.0,21.0,10.0,29.0,76.0,31.0,52.0,,,,,,70.7288,29.0,34.0,66.5,204.0,,,,,,0,0.0
OAS30134,11.0,8.0,6.0,4.0,,,20.0,9.0,31.0,85.0,42.0,,,,,,,70.7288,29.0,34.0,67.5,208.0,,,,,,0,0.0
OAS30134,8.0,7.0,5.0,4.0,,,20.0,11.0,43.0,102.0,29.0,,202720.7434,1746532.304,1032838.712,252777.2894,54531.0,70.7288,23.0,34.0,67.0,212.3999023,412314.9349,209594.1915,501948.7769,544257.9349,249171.4876,0,0.0
OAS30134,9.0,7.0,5.0,4.0,,,17.0,10.0,29.0,113.0,28.0,,202720.7434,1746532.304,1032838.712,252777.2894,54531.0,70.7288,26.0,34.0,66.5,190.3999023,412314.9349,209594.1915,501948.7769,544257.9349,249171.4876,0,0.0
OAS30134,8.0,6.0,4.0,3.0,,,12.0,8.0,41.0,132.0,,,,,,,,70.7288,28.0,34.0,66.3,209.0,,,,,,0,0.0
OAS30135,,,,,12.0,11.0,15.0,17.0,22.0,74.0,59.0,56.0,195491.0718,1347508.753,843922.8229,191773.375,172284.0,71.1808,29.0,33.0,65.0,144.0,387699.279,192208.2072,383987.1406,559983.279,192213.7656,0,0.0
OAS30135,,,,,12.0,11.0,25.0,21.0,27.0,95.0,68.0,56.0,189065.0467,1063570.477,792889.5032,177584.6074,48518.0,71.1808,30.0,33.0,65.0,147.0,374103.673,185038.6264,358723.8302,515093.673,181139.2228,0,0.0
OAS30135,,,,,19.0,19.0,14.0,20.0,21.0,65.0,68.0,58.0,182229.5927,1033408.78,745504.8464,159665.3079,45550.0,71.1808,30.0,33.0,65.0,156.0,360520.4378,178290.845,325535.4086,494000.4378,165870.1008,0,0.0
OAS30135,,,,,19.0,21.0,18.0,15.0,26.0,71.0,65.0,56.0,184135.813,1053873.754,740918.3002,156385.7781,45688.0,71.1808,30.0,33.0,65.0,156.0,367359.0446,183223.2316,313009.2556,502693.0446,156623.4775,0,0.0
OAS30135,,,,,19.0,19.0,16.0,19.0,27.0,76.0,65.0,58.0,182417.0724,1160747.205,742638.057,159573.8274,45224.0,71.1808,30.0,33.0,65.0,158.0,363607.6758,181190.6034,318695.3811,493686.6758,159121.5537,0,0.0
OAS30135,,,,,18.0,17.0,12.0,16.0,26.0,64.0,62.0,56.0,,,,,,71.1808,29.0,33.0,65.0,159.0,,,,,,0,0.0
OAS30135,,,,,15.0,15.0,12.0,12.0,27.0,77.0,63.0,56.0,,,,,,71.1808,30.0,33.0,65.0,160.0,,,,,,0,0.0
OAS30135,9.0,7.0,6.0,4.0,,,13.0,16.0,30.0,73.0,60.0,,,,,,,71.1808,30.0,33.0,64.75,162.0,,,,,,0,0.0
OAS30136,,,,,11.0,8.0,11.0,17.0,37.0,76.0,31.0,50.0,177615.9104,1354746.249,826423.1826,186622.5626,52634.0,75.863,29.0,33.0,65.0,146.0,354581.2875,176965.3771,377220.8951,482538.2875,190598.3325,1,0.5
OAS30136,8.0,6.0,4.0,3.0,,,15.0,13.0,47.0,115.0,38.0,,,,,,,75.863,30.0,33.0,88.8,145.0,,,,,,0,0.0
OAS30137,,,,,,,22.0,,25.0,60.0,62.0,55.0,,,,,,59.7041,30.0,33.0,,175.0,,,,,,0,0.0
OAS30137,,,,,22.0,,27.0,,25.0,58.0,,,,,,,,59.7041,30.0,33.0,65.0,175.0,,,,,,0,0.0
OAS30137,,,,,24.0,,27.0,,19.0,38.0,,,,,,,,59.7041,28.0,33.0,65.3,168.0,,,,,,0,0.0
OAS30137,,,,,29.0,,17.0,,29.0,49.0,,,213574.2217,1201103.621,882395.9446,196122.1937,50872.0,59.7041,30.0,33.0,65.0,170.0,426178.5256,212604.3038,391694.419,580137.5256,195572.2253,0,0.0
OAS30137,,,,,29.0,,30.0,,19.0,35.0,,,206095.1627,1225864.659,870155.567,196057.0588,51720.0,59.7041,29.0,33.0,64.5,168.0,411560.2473,205465.0846,392490.3196,564652.2473,196433.2609,0,0.0
OAS30137,,,,,30.0,,28.0,,33.0,45.0,,,205809.5806,1340392.371,875336.3515,199891.2866,49710.0,59.7041,29.0,33.0,64.75,172.0,410864.3934,205054.8128,399517.9581,564019.3934,199626.6715,0,0.0
OAS30137,,,,,36.0,,26.0,,18.0,62.0,,,204580.7106,1199774.373,857288.8723,192990.2327,49870.0,59.7041,28.0,33.0,65.0,169.0,409215.172,204634.4613,383150.7003,559368.172,190160.4677,0,0.0
OAS30137,,,,,31.0,,28.0,,27.0,49.0,,,,,,,,59.7041,29.0,33.0,64.25,166.0,,,,,,0,0.0
OAS30137,,,,,30.0,,29.0,,31.0,45.0,,,204857.8087,1290206.306,861796.2025,192333.8105,50756.0,59.7041,29.0,33.0,64.25,167.7999268,408591.1695,203733.3608,385444.0331,564336.1695,193110.2225,0,0.0
OAS30137,8.0,6.0,3.0,3.0,,,19.0,19.0,,,,,,,,,,59.7041,,33.0,,,,,,,,0,0.0
OAS30138,8.0,6.0,6.0,4.0,6.0,3.0,15.0,9.0,45.0,102.0,29.0,,185254.4449,1571763.251,921541.4295,232226.1391,46625.0,78.4493,24.0,34.0,64.5,148.0,370547.7431,185293.2983,461144.6864,508736.7431,228918.5473,0,0.0
OAS30139,,,,,8.0,9.0,13.0,5.0,59.0,180.0,23.0,38.0,192360.6195,1503053.039,923041.633,225316.1777,54161.0,80.3808,24.0,33.0,70.5,183.0,389775.828,197415.2085,447781.805,526443.828,222465.6273,1,0.5
OAS30139,,,,,7.0,4.0,9.0,7.0,75.0,135.0,17.0,36.0,192360.6195,1503053.039,923041.633,225316.1777,54161.0,80.3808,29.0,33.0,70.0,168.0,389775.828,197415.2085,447781.805,526443.828,222465.6273,1,0.5
OAS30139,,,,,10.0,8.0,8.0,9.0,57.0,143.0,25.0,38.0,,,,,,80.3808,28.0,33.0,70.0,168.0,,,,,,0,0.0
OAS30139,,,,,6.0,4.0,6.0,6.0,51.0,180.0,23.0,38.0,192203.3807,1452126.107,906662.2799,213761.5007,54991.0,80.3808,25.0,33.0,70.0,170.0,382688.5031,190485.1224,430527.7768,516285.5031,216766.2762,0,0.0
OAS30139,,,,,6.0,6.0,12.0,6.0,60.0,173.0,22.0,38.0,,,,,,80.3808,23.0,33.0,69.5,173.0,,,,,,0,0.0
OAS30139,9.0,7.0,7.0,6.0,,,9.0,7.0,69.0,147.0,15.0,,,,,,,80.3808,24.0,33.0,69.8,171.1999512,,,,,,1,0.5
OAS30139,7.0,6.0,5.0,4.0,,,6.0,5.0,60.0,180.0,18.0,,,,,,,80.3808,28.0,33.0,69.5,169.0,,,,,,1,0.5
OAS30139,6.0,6.0,6.0,4.0,,,8.0,4.0,,,,,,,,,,80.3808,,33.0,,,,,,,,0,0.0
OAS30140,,,,,18.0,18.0,26.0,17.0,43.0,180.0,34.0,60.0,183599.7038,1387770.556,812886.3499,183041.7137,45596.0,71.5397,28.0,33.0,59.0,134.0,368382.4684,184782.7646,368356.8815,496501.4684,185315.1678,0,0.0
OAS30140,,,,,20.0,20.0,20.0,13.0,39.0,162.0,36.0,60.0,183599.7038,1387770.556,812886.3499,183041.7137,45596.0,71.5397,28.0,33.0,59.0,141.0,368382.4684,184782.7646,368356.8815,496501.4684,185315.1678,0,0.0
OAS30140,,,,,16.0,14.0,18.0,12.0,40.0,147.0,30.0,60.0,,,,,,71.5397,29.0,33.0,58.0,109.0,,,,,,0,0.0
OAS30141,,,,,8.0,6.0,14.0,9.0,20.0,56.0,73.0,46.0,,,,,,65.0986,30.0,34.0,71.5,194.0,,,,,,0,0.0
OAS30141,,,,,13.0,13.0,9.0,10.0,20.0,61.0,74.0,42.0,225201.0215,1628985.312,1024748.947,250704.3407,54492.0,65.0986,28.0,34.0,71.0,192.0,445633.8447,220432.8232,499481.1025,578238.8447,248776.7617,0,0.0
OAS30141,,,,,13.0,12.0,17.0,15.0,20.0,49.0,68.0,48.0,225201.0215,1628985.312,1024748.947,250704.3407,54492.0,65.0986,30.0,34.0,99.0,196.0,445633.8447,220432.8232,499481.1025,578238.8447,248776.7617,0,0.0
OAS30141,,,,,15.0,12.0,22.0,20.0,14.0,45.0,77.0,50.0,220421.2245,1625019.125,1020374.746,246071.9318,53886.0,65.0986,30.0,34.0,71.0,196.0,436862.2456,216441.021,500804.5003,570089.2456,254732.5685,0,0.0
OAS30141,,,,,13.0,11.0,10.0,21.0,17.0,68.0,77.0,50.0,,,,,,65.0986,27.0,34.0,71.5,199.0,,,,,,0,0.0
OAS30141,,,,,14.0,15.0,19.0,20.0,15.0,41.0,73.0,50.0,,,,,,65.0986,30.0,34.0,71.5,197.0,,,,,,0,0.0
OAS30141,12.0,9.0,13.0,8.0,,,21.0,22.0,14.0,73.0,77.0,,207272.4295,1571055.63,955682.9751,226585.1326,53938.0,65.0986,30.0,34.0,71.0,202.0,410654.9454,203382.5159,460596.0297,539123.9454,234010.8971,0,0.0
OAS30141,14.0,9.0,13.0,8.0,,,20.0,18.0,19.0,53.0,82.0,,207272.4295,1571055.63,955682.9751,226585.1326,53938.0,65.0986,29.0,34.0,71.0,204.0,410654.9454,203382.5159,460596.0297,539123.9454,234010.8971,0,0.0
OAS30141,12.0,9.0,12.0,7.0,,,22.0,14.0,14.0,45.0,83.0,,,,,,,65.0986,29.0,34.0,71.0,205.0,,,,,,0,0.0
OAS30142,,,,,12.0,9.0,20.0,10.0,32.0,85.0,56.0,52.0,249495.5185,1812661.51,1086578.059,245578.8128,55543.0,66.537,29.0,33.0,72.0,193.0,500106.4665,250610.948,487683.592,665385.4665,242104.7793,0,0.0
OAS30142,,,,,12.0,10.0,19.0,12.0,29.0,65.0,57.0,50.0,249495.5185,1812661.51,1086578.059,245578.8128,55543.0,66.537,30.0,33.0,72.0,197.0,500106.4665,250610.948,487683.592,665385.4665,242104.7793,0,0.0
OAS30142,,,,,9.0,10.0,11.0,12.0,31.0,115.0,45.0,52.0,,,,,,66.537,26.0,33.0,72.0,190.0,,,,,,0,0.0
OAS30142,,,,,16.0,14.0,15.0,11.0,24.0,73.0,49.0,50.0,,,,,,66.537,27.0,33.0,72.0,188.0,,,,,,0,0.0
OAS30142,8.0,7.0,6.0,4.0,,,20.0,12.0,25.0,61.0,50.0,,,,,,,66.537,29.0,33.0,72.0,183.0,,,,,,0,0.0
OAS30143,,,,,,,25.0,,41.0,77.0,50.0,57.0,,,,,,58.9699,28.0,34.0,,107.0,,,,,,0,0.0
OAS30143,,,,,15.0,13.0,31.0,17.0,31.0,75.0,50.0,56.0,,,,,,58.9699,29.0,34.0,62.0,106.0,,,,,,0,0.0
OAS30143,,,,,12.0,13.0,26.0,21.0,25.0,69.0,48.0,56.0,196550.7986,1362138.43,834822.2839,181287.9834,49896.0,58.9699,30.0,34.0,62.0,103.0,395022.2558,198471.4572,364622.0282,531939.2558,183334.0447,0,0.0
OAS30143,,,,,13.0,12.0,20.0,19.0,26.0,96.0,51.0,58.0,196550.7986,1362138.43,834822.2839,181287.9834,49896.0,58.9699,30.0,34.0,62.0,101.0,395022.2558,198471.4572,364622.0282,531939.2558,183334.0447,0,0.0
OAS30143,,,,,15.0,15.0,24.0,19.0,30.0,82.0,48.0,58.0,,,,,,58.9699,30.0,34.0,62.0,101.0,,,,,,0,0.0
OAS30143,,,,,12.0,12.0,25.0,13.0,36.0,73.0,56.0,58.0,196850.0323,1369562.598,837176.0283,179212.8268,48910.0,58.9699,29.0,34.0,62.0,103.0,397549.3454,200699.3131,361092.6829,535274.3454,181879.8561,0,0.0
OAS30143,,,,,18.0,16.0,22.0,17.0,32.0,72.0,50.0,58.0,190361.367,1286296.977,826789.0618,179043.547,49065.0,58.9699,30.0,34.0,62.0,106.0,384509.8651,194148.4981,360653.1967,521608.8651,181609.6497,0,0.0
OAS30143,,,,,16.0,16.0,17.0,13.0,29.0,113.0,44.0,54.0,189448.0772,1337888.961,815802.0999,173970.3752,48910.0,58.9699,29.0,34.0,61.5,104.0,382192.388,192744.3108,350381.7119,517868.388,176411.3368,0,0.0
OAS30144,,,,,,,6.0,,70.0,180.0,24.0,44.0,178174.7311,1339903.749,771069.7734,184150.1719,140616.862,84.874,23.0,34.0,63.0,134.0,354328.2428,176153.5117,368720.1094,494945.1048,184569.9375,1,0.5
OAS30145,,,,,,,15.0,,66.0,180.0,26.0,58.0,,,,,,68.7616,24.0,33.0,,210.0,,,,,,1,0.5
OAS30145,,,,,,,10.0,,53.0,180.0,31.0,58.0,,,,,,68.7616,26.0,33.0,,205.0,,,,,,1,0.5
OAS30145,,,,,,,16.0,,57.0,155.0,34.0,57.0,,,,,,68.7616,30.0,33.0,,195.0,,,,,,0,0.0
OAS30145,,,,,,,10.0,,45.0,180.0,34.0,55.0,,,,,,68.7616,28.0,33.0,,209.0,,,,,,1,0.5
OAS30145,,,,,,,8.0,,62.0,180.0,26.0,54.0,,,,,,68.7616,26.0,33.0,,193.0,,,,,,1,0.5
OAS30145,,,,,10.0,8.0,13.0,9.0,49.0,180.0,23.0,52.0,204975.5571,1861195.491,1004157.151,216310.5054,50434.0,68.7616,19.0,33.0,74.0,188.0,406981.0094,202005.4523,434620.1413,547364.0094,218309.6359,1,0.5
OAS30145,,,,,7.0,6.0,13.0,9.0,55.0,180.0,22.0,50.0,204975.5571,1861195.491,1004157.151,216310.5054,50434.0,68.7616,22.0,33.0,73.5,180.0,406981.0094,202005.4523,434620.1413,547364.0094,218309.6359,1,0.5
OAS30145,,,,,7.0,4.0,11.0,5.0,73.0,180.0,9.0,48.0,184286.0164,1869831.11,968667.3039,222030.6084,47002.0,68.7616,15.0,33.0,73.0,176.0,360788.2974,176502.281,434197.0065,497493.2974,212166.3981,2,1.0
OAS30146,,,,,10.0,9.0,16.0,17.0,35.0,86.0,54.0,58.0,227350.7822,1591995.664,1069404.097,265953.3397,55544.0,68.4932,30.0,33.0,62.0,181.0,453655.6791,226304.8969,527608.4177,610486.6791,261655.078,0,0.0
OAS30146,,,,,14.0,11.0,14.0,12.0,18.0,109.0,43.0,58.0,228478.8547,1592463.084,1047597.353,252767.8167,55817.0,68.4932,29.0,33.0,61.0,181.0,452441.3669,223962.5121,501157.9858,608431.3669,248390.169,0,0.0
OAS30147,,,,,3.0,1.0,18.0,8.0,69.0,180.0,30.0,52.0,211445.6384,1470546.465,945584.1557,225029.4671,52127.0,69.337,23.0,34.0,74.0,167.0,424433.2885,212987.6501,450297.8672,573578.2885,225268.4001,1,0.5
OAS30149,,,,,17.0,18.0,28.0,16.0,21.0,80.0,46.0,60.0,,,,,,76.8959,30.0,24.0,69.0,155.0,,,,,,0,0.0
OAS30149,,,,,17.0,19.0,30.0,16.0,28.0,77.0,44.0,60.0,,,,,,76.8959,30.0,24.0,69.5,159.0,,,,,,0,0.0
OAS30149,,,,,14.0,14.0,35.0,20.0,25.0,66.0,44.0,60.0,221144.5698,1561571.081,974574.8086,222371.3486,57822.0,76.8959,28.0,24.0,69.2,158.0,442566.2508,221421.681,439160.5578,594442.2508,216789.2092,0,0.0
OAS30149,,,,,14.0,16.0,31.0,18.0,23.0,81.0,40.0,58.0,221144.5698,1561571.081,974574.8086,222371.3486,57822.0,76.8959,30.0,24.0,69.0,157.0,442566.2508,221421.681,439160.5578,594442.2508,216789.2092,0,0.0
OAS30149,9.0,7.0,5.0,4.0,,,32.0,18.0,24.0,67.0,47.0,,,,,,,76.8959,30.0,24.0,69.0,154.0,,,,,,0,0.0
OAS30149,14.0,9.0,6.0,5.0,,,23.0,15.0,42.0,91.0,39.0,,,,,,,76.8959,29.0,24.0,69.0,155.5999756,,,,,,0,0.0
OAS30149,11.0,8.0,5.0,4.0,,,22.0,18.0,,,,,,,,,,76.8959,,24.0,,,,,,,,0,0.0
OAS30150,,,,,13.0,0.0,15.0,11.0,31.0,73.0,25.0,60.0,172501.166,1466962.752,817157.8341,180960.669,44329.0,70.0932,26.0,,62.0,124.0,353478.2446,180977.0786,365611.5894,480198.2446,184650.9204,1,0.5
OAS30150,,,,,13.0,1.0,12.0,8.0,82.0,89.0,17.0,60.0,172501.166,1466962.752,817157.8341,180960.669,44329.0,70.0932,28.0,,62.0,128.0,353478.2446,180977.0786,365611.5894,480198.2446,184650.9204,1,0.5
OAS30150,,,,,10.0,2.0,14.0,2.0,82.0,180.0,13.0,56.0,,,,,,70.0932,24.0,,61.0,126.0,,,,,,1,0.5
OAS30150,,,,,6.0,1.0,3.0,0.0,180.0,,,46.0,,,,,,70.0932,18.0,,61.5,136.0,,,,,,2,1.0
OAS30151,9.0,7.0,7.0,5.0,17.0,15.0,22.0,19.0,34.0,119.0,46.0,,222757.4861,1752252.313,1058992.181,227348.6292,46550.0,72.0411,30.0,34.0,65.5,255.0,448151.6051,225394.1191,456724.5759,579756.6051,229375.9467,0,0.0
OAS30151,8.0,6.0,8.0,5.0,,,17.0,13.0,45.0,146.0,42.0,,,,,,,72.0411,28.0,34.0,65.5,252.0,,,,,,1,0.5
OAS30151,10.0,7.0,5.0,4.0,,,15.0,13.0,35.0,101.0,42.0,,,,,,,72.0411,29.0,34.0,65.25,256.0,,,,,,1,0.5
OAS30151,7.0,7.0,6.0,4.0,,,16.0,17.0,40.0,122.0,36.0,,,,,,,72.0411,30.0,34.0,65.0,249.7999268,,,,,,2,1.0
OAS30151,5.0,5.0,5.0,4.0,,,16.0,13.0,,,,,,,,,,72.0411,,34.0,,,,,,,,1,0.5
OAS30152,,,,,12.0,14.0,17.0,17.0,34.0,90.0,50.0,56.0,225091.5111,1576402.469,941669.0206,190176.4929,49705.0,69.0658,30.0,33.0,67.0,162.0,446634.2437,221542.7326,381057.777,586569.2437,190881.284,0,0.0
OAS30152,,,,,18.0,19.0,15.0,16.0,34.0,85.0,50.0,52.0,225091.5111,1576402.469,941669.0206,190176.4929,49705.0,69.0658,28.0,33.0,68.0,161.0,446634.2437,221542.7326,381057.777,586569.2437,190881.284,0,0.0
OAS30152,,,,,15.0,12.0,13.0,18.0,37.0,140.0,56.0,56.0,,,,,,69.0658,27.0,33.0,68.0,164.0,,,,,,0,0.0
OAS30152,,,,,12.0,11.0,14.0,9.0,31.0,156.0,48.0,52.0,,,,,,69.0658,27.0,33.0,67.0,157.0,,,,,,0,0.0
OAS30152,,,,,11.0,9.0,13.0,9.0,36.0,180.0,41.0,46.0,,,,,,69.0658,28.0,33.0,67.0,159.0,,,,,,1,0.5
OAS30152,,,,,9.0,9.0,9.0,6.0,37.0,180.0,40.0,44.0,,,,,,69.0658,25.0,33.0,67.5,156.0,,,,,,1,0.5
OAS30152,10.0,8.0,5.0,5.0,,,9.0,6.0,39.0,146.0,40.0,,,,,,,69.0658,26.0,33.0,67.5,148.0,,,,,,2,1.0
OAS30152,5.0,5.0,5.0,4.0,,,8.0,6.0,43.0,180.0,34.0,,,,,,,69.0658,24.0,33.0,67.0,153.0,,,,,,2,1.0
OAS30152,11.0,8.0,2.0,2.0,,,5.0,3.0,31.0,180.0,31.0,,,,,,,69.0658,22.0,33.0,66.5,163.3999023,,,,,,2,1.0
OAS30153,,,,,,,13.0,,79.0,180.0,25.0,53.0,,,,,,86.4685,27.0,24.0,,163.0,,,,,,0,0.0
OAS30153,,,,,,,13.0,,56.0,180.0,10.0,55.0,,,,,,86.4685,26.0,24.0,,158.0,,,,,,0,0.0
OAS30153,,,,,,,14.0,,55.0,180.0,19.0,56.0,,,,,,86.4685,23.0,24.0,,157.0,,,,,,1,0.5
OAS30153,,,,,,,12.0,,80.0,180.0,17.0,54.0,,,,,,86.4685,21.0,24.0,,166.0,,,,,,1,0.5
OAS30153,,,,,,,15.0,,111.0,180.0,17.0,55.0,157224.5251,1300936.11,756696.9501,162824.375,152265.1544,86.4685,24.0,24.0,,166.0,321420.6614,164196.1363,333013.0469,473685.8159,170188.6719,1,0.5
OAS30153,,,,,,,13.0,,149.0,180.0,13.0,55.0,157224.5251,1300936.11,756696.9501,162824.375,152265.1544,86.4685,25.0,24.0,,157.0,321420.6614,164196.1363,333013.0469,473685.8159,170188.6719,1,0.5
OAS30154,,,,,19.0,18.0,14.0,11.0,36.0,85.0,43.0,56.0,,,,,,65.2329,30.0,33.0,65.0,145.0,,,,,,0,0.0
OAS30154,,,,,13.0,11.0,15.0,13.0,26.0,70.0,51.0,56.0,,,,,,65.2329,30.0,33.0,66.0,143.0,,,,,,0,0.0
OAS30154,,,,,16.0,18.0,19.0,10.0,34.0,91.0,48.0,52.0,,,,,,65.2329,30.0,33.0,65.0,145.0,,,,,,0,0.0
OAS30154,,,,,20.0,20.0,19.0,11.0,24.0,82.0,48.0,58.0,,,,,,65.2329,30.0,33.0,65.0,140.0,,,,,,0,0.0
OAS30154,,,,,14.0,17.0,16.0,10.0,30.0,63.0,50.0,54.0,,,,,,65.2329,30.0,33.0,64.0,140.0,,,,,,0,0.0
OAS30154,,,,,15.0,17.0,22.0,13.0,29.0,61.0,52.0,54.0,,,,,,65.2329,30.0,33.0,64.5,139.0,,,,,,0,0.0
OAS30154,,,,,11.0,11.0,12.0,9.0,21.0,82.0,52.0,56.0,,,,,,65.2329,30.0,33.0,64.5,141.0,,,,,,0,0.0
OAS30154,6.0,5.0,8.0,5.0,,,17.0,11.0,27.0,61.0,54.0,,,,,,,65.2329,30.0,33.0,64.5,140.0,,,,,,0,0.0
OAS30154,9.0,8.0,9.0,6.0,,,12.0,13.0,23.0,71.0,49.0,,,,,,,65.2329,29.0,33.0,65.25,142.7999268,,,,,,0,0.0
OAS30155,,,,,18.0,17.0,23.0,17.0,25.0,77.0,47.0,58.0,,,,,,69.5479,30.0,34.0,65.0,153.0,,,,,,0,0.0
OAS30155,,,,,14.0,12.0,19.0,17.0,22.0,91.0,55.0,56.0,,,,,,69.5479,30.0,34.0,65.8,156.0,,,,,,0,0.0
OAS30155,,,,,15.0,16.0,25.0,18.0,21.0,70.0,50.0,56.0,223596.039,1578816.099,1014543.537,236472.6892,59662.0,69.5479,29.0,34.0,65.5,148.0,451411.0401,227815.001,477538.4967,614557.0401,241065.8075,0,0.0
OAS30155,,,,,18.0,18.0,20.0,17.0,24.0,78.0,52.0,56.0,223596.039,1578816.099,1014543.537,236472.6892,59662.0,69.5479,29.0,34.0,65.25,154.0,451411.0401,227815.001,477538.4967,614557.0401,241065.8075,0,0.0
OAS30155,7.0,6.0,10.0,7.0,,,17.0,14.0,19.0,61.0,56.0,,,,,,,69.5479,30.0,34.0,65.5,140.0,,,,,,0,0.0
OAS30155,8.0,7.0,8.0,5.0,,,18.0,14.0,18.0,72.0,47.0,,222657.3113,1598440.32,1010783.643,237344.07,59386.0,69.5479,29.0,34.0,65.3,156.0,447008.1415,224350.8302,476964.5015,614075.1415,239620.4316,0,0.0
OAS30155,9.0,7.0,10.0,6.0,,,17.0,11.0,19.0,70.0,51.0,,222657.3113,1598440.32,1010783.643,237344.07,59386.0,69.5479,29.0,34.0,65.5,152.7999268,447008.1415,224350.8302,476964.5015,614075.1415,239620.4316,0,0.0
OAS30155,8.0,6.0,8.0,6.0,,,17.0,13.0,,,,,,,,,,69.5479,,34.0,,,,,,,,0,0.0
OAS30156,,,,,7.0,3.0,15.0,17.0,22.0,41.0,56.0,56.0,208630.407,1362473.108,908443.7021,205477.415,53758.0,49.411,30.0,44.0,65.0,121.0,420713.633,212083.226,411674.0691,570920.633,206196.6541,1,0.5
OAS30156,,,,,8.0,0.0,14.0,16.0,26.0,47.0,57.0,54.0,208630.407,1362473.108,908443.7021,205477.415,53758.0,49.411,30.0,44.0,67.0,116.0,420713.633,212083.226,411674.0691,570920.633,206196.6541,1,0.5
OAS30156,,,,,12.0,1.0,18.0,12.0,21.0,47.0,58.0,60.0,,,,,,49.411,29.0,44.0,65.0,115.0,,,,,,1,0.5
OAS30156,,,,,8.0,3.0,13.0,14.0,27.0,46.0,62.0,54.0,,,,,,49.411,29.0,44.0,65.0,105.0,,,,,,2,1.0
OAS30156,,,,,5.0,1.0,10.0,13.0,22.0,69.0,46.0,56.0,,,,,,49.411,24.0,44.0,65.0,119.0,,,,,,2,1.0
OAS30157,,,,,,,21.0,,33.0,65.0,45.0,49.0,,,,,,65.8493,29.0,34.0,,196.0,,,,,,0,0.0
OAS30157,,,,,,,20.0,,44.0,89.0,48.0,50.0,171894.9792,1171627.312,756099.7343,184948.6406,152116.8317,65.8493,29.0,34.0,,193.0,344873.1802,172978.201,371276.875,496990.0119,186328.2344,0,0.0
OAS30157,,,,,17.0,18.0,24.0,20.0,25.0,59.0,43.0,50.0,181379.8821,1177246.905,784129.5435,188912.8438,156125.4095,65.8493,29.0,34.0,,192.0,358702.1246,177322.2425,377779.0,514827.5341,188866.1563,0,0.0
OAS30157,,,,,15.0,17.0,21.0,19.0,43.0,66.0,44.0,50.0,181379.8821,1177246.905,784129.5435,188912.8438,156125.4095,65.8493,30.0,34.0,67.0,196.0,358702.1246,177322.2425,377779.0,514827.5341,188866.1563,0,0.0
OAS30157,,,,,12.0,11.0,15.0,17.0,35.0,125.0,35.0,44.0,,,,,,65.8493,29.0,34.0,69.0,179.0,,,,,,0,0.0
OAS30157,,,,,9.0,11.0,21.0,16.0,55.0,91.0,41.0,48.0,,,,,,65.8493,30.0,34.0,69.0,203.0,,,,,,0,0.0
OAS30157,,,,,12.0,13.0,18.0,12.0,52.0,93.0,37.0,44.0,,,,,,65.8493,29.0,34.0,69.0,200.5,,,,,,0,0.0
OAS30158,,,,,,,22.0,,51.0,91.0,48.0,57.0,,,,,,72.7178,22.0,34.0,,209.0,,,,,,2,1.0
OAS30158,,,,,,,12.0,,24.0,85.0,42.0,56.0,,,,,,72.7178,23.0,34.0,,210.0,,,,,,2,1.0
OAS30158,,,,,2.0,0.0,19.0,11.0,36.0,180.0,39.0,48.0,152226.0719,1516347.424,802104.7651,178171.6845,40064.0,72.7178,18.0,34.0,65.0,195.0,315665.9116,163439.8397,356615.8535,444369.9116,178444.169,2,1.0
OAS30159,6.0,5.0,4.0,3.0,6.0,3.0,24.0,8.0,38.0,180.0,35.0,,198159.0955,1813377.575,1013470.461,217131.1422,52044.0,78.5479,28.0,34.0,70.5,157.0,400097.2869,201938.1913,445008.1743,545294.2869,227877.0322,0,0.0
OAS30160,,,,,16.0,19.0,28.0,22.0,17.0,45.0,51.0,58.0,199946.1534,1488704.34,910438.9164,214259.9782,51937.0,70.7781,30.0,34.0,67.5,193.0,397990.9524,198044.799,433575.964,539483.9524,219315.9858,0,0.0
OAS30160,,,,,19.0,19.0,29.0,23.0,24.0,60.0,52.0,56.0,193266.7926,1475278.377,900080.3302,213550.4609,51991.0,70.7781,30.0,34.0,68.0,188.0,384066.2287,190799.4361,435494.1016,524901.2287,221943.6407,0,0.0
OAS30160,,,,,18.0,21.0,31.0,25.0,20.0,55.0,55.0,58.0,,,,,,70.7781,30.0,34.0,67.5,189.0,,,,,,0,0.0
OAS30160,,,,,21.0,20.0,28.0,23.0,26.0,59.0,48.0,60.0,,,,,,70.7781,30.0,34.0,67.0,193.0,,,,,,0,0.0
OAS30160,,,,,20.0,20.0,34.0,26.0,27.0,60.0,50.0,58.0,,,,,,70.7781,30.0,34.0,67.0,190.0,,,,,,0,0.0
OAS30160,,,,,19.0,16.0,29.0,30.0,27.0,51.0,48.0,60.0,194806.6321,1494845.083,883587.4195,204756.8574,50000.0,70.7781,30.0,34.0,67.0,191.0,389649.2278,194842.5957,413376.1917,525167.2278,208619.3344,0,0.0
OAS30160,,,,,18.0,17.0,27.0,19.0,30.0,50.0,52.0,58.0,194806.6321,1494845.083,883587.4195,204756.8574,50000.0,70.7781,30.0,34.0,67.5,187.0,389649.2278,194842.5957,413376.1917,525167.2278,208619.3344,0,0.0
OAS30160,,,,,20.0,20.0,33.0,20.0,36.0,109.0,45.0,56.0,192787.3297,1501757.981,883608.5318,206143.625,51399.0,70.7781,30.0,34.0,66.5,180.0,386195.4717,193408.142,414945.0601,518932.4717,208801.4351,0,0.0
OAS30160,8.0,7.0,6.0,5.0,,,32.0,17.0,33.0,53.0,51.0,,192787.3297,1501757.981,883608.5318,206143.625,51399.0,70.7781,30.0,34.0,66.0,185.0,386195.4717,193408.142,414945.0601,518932.4717,208801.4351,0,0.0
OAS30160,10.0,7.0,7.0,5.0,,,30.0,17.0,31.0,57.0,49.0,,,,,,,70.7781,30.0,34.0,66.25,187.0,,,,,,0,0.0
OAS30160,6.0,5.0,7.0,6.0,,,24.0,19.0,27.0,72.0,40.0,,,,,,,70.7781,30.0,34.0,66.0,179.1999512,,,,,,0,0.0
OAS30161,,,,,36.0,,30.0,,21.0,37.0,,,219093.1326,1332491.442,994394.0171,245019.6693,60766.0,57.9068,30.0,34.0,68.6,170.0,434743.7227,215650.5901,488322.2944,593342.7227,243302.6251,1,0.5
OAS30163,,,,,12.0,11.0,22.0,19.0,55.0,104.0,36.0,54.0,191341.0134,1251243.352,759801.5052,150227.8259,42970.0,70.1699,28.0,34.0,60.0,182.0,386758.5398,195417.5265,301478.9653,516063.5398,151251.1394,0,0.0
OAS30164,,,,,12.0,12.0,27.0,14.0,16.0,50.0,56.0,56.0,244953.3885,1750637.808,1075017.5,248010.3936,58261.0,66.5151,30.0,33.0,70.0,203.0,493209.8523,248256.4637,501309.6474,660526.8523,253299.2538,0,0.0
OAS30164,,,,,17.0,17.0,27.0,10.0,24.0,53.0,56.0,60.0,244953.3885,1750637.808,1075017.5,248010.3936,58261.0,66.5151,29.0,33.0,70.0,193.0,493209.8523,248256.4637,501309.6474,660526.8523,253299.2538,0,0.0
OAS30164,,,,,14.0,14.0,32.0,10.0,35.0,59.0,57.0,58.0,,,,,,66.5151,30.0,33.0,70.0,207.0,,,,,,0,0.0
OAS30164,,,,,16.0,15.0,31.0,11.0,39.0,64.0,63.0,56.0,,,,,,66.5151,30.0,33.0,70.0,197.0,,,,,,0,0.0
OAS30164,,,,,11.0,10.0,22.0,10.0,32.0,66.0,58.0,56.0,,,,,,66.5151,29.0,33.0,70.0,198.0,,,,,,0,0.0
OAS30164,,,,,11.0,10.0,27.0,11.0,26.0,67.0,58.0,56.0,,,,,,66.5151,30.0,33.0,69.0,192.0,,,,,,0,0.0
OAS30164,,,,,13.0,12.0,28.0,11.0,22.0,60.0,57.0,56.0,,,,,,66.5151,30.0,33.0,69.0,185.0,,,,,,0,0.0
OAS30164,,,,,11.0,11.0,24.0,11.0,46.0,68.0,63.0,54.0,,,,,,66.5151,28.0,33.0,69.5,204.0,,,,,,0,0.0
OAS30164,,,,,13.0,11.0,26.0,12.0,26.0,71.0,55.0,54.0,,,,,,66.5151,30.0,33.0,69.5,194.0,,,,,,0,0.0
OAS30164,6.0,5.0,1.0,2.0,,,25.0,10.0,25.0,71.0,50.0,,,,,,,66.5151,30.0,33.0,70.0,194.0,,,,,,0,0.0
OAS30164,7.0,6.0,9.0,6.0,,,25.0,10.0,24.0,89.0,52.0,,,,,,,66.5151,30.0,33.0,69.5,204.0,,,,,,0,0.0
OAS30164,11.0,8.0,7.0,5.0,,,25.0,9.0,37.0,85.0,47.0,,,,,,,66.5151,28.0,33.0,70.0,208.3999023,,,,,,0,0.0
OAS30164,9.0,7.0,7.0,5.0,,,25.0,8.0,,,,,,,,,,66.5151,,33.0,,,,,,,,1,0.5
OAS30165,,,,,12.0,6.0,28.0,14.0,28.0,51.0,12.0,58.0,,,,,,62.8411,29.0,44.0,64.0,224.0,,,,,,1,0.5
OAS30165,,,,,11.0,6.0,27.0,12.0,35.0,74.0,47.0,58.0,213939.4064,1499265.049,1000203.933,237117.1554,51777.0,62.8411,29.0,44.0,64.0,196.0,430526.5601,216587.1536,478969.3724,568593.5601,241852.2171,1,0.5
OAS30165,,,,,10.0,3.0,16.0,11.0,26.0,86.0,47.0,54.0,204395.3928,1564946.359,991589.5617,232398.8968,48861.0,62.8411,27.0,44.0,62.0,171.0,418512.2602,214116.8674,470458.3015,554788.2602,238059.4047,1,0.5
OAS30167,,,,,11.0,11.0,21.0,12.0,30.0,87.0,36.0,60.0,244017.1281,1733228.147,1066720.61,253528.7613,53587.0,72.1342,26.0,44.0,64.0,151.0,486648.9491,242631.8209,492339.6606,632316.9491,238810.8993,0,0.0
OAS30167,,,,,12.0,13.0,21.0,16.0,33.0,64.0,40.0,60.0,244017.1281,1733228.147,1066720.61,253528.7613,53587.0,72.1342,26.0,44.0,65.0,162.0,486648.9491,242631.8209,492339.6606,632316.9491,238810.8993,0,0.0
OAS30167,,,,,13.0,12.0,20.0,16.0,27.0,50.0,38.0,60.0,,,,,,72.1342,30.0,44.0,64.0,156.0,,,,,,0,0.0
OAS30167,,,,,16.0,15.0,18.0,12.0,27.0,64.0,39.0,60.0,,,,,,72.1342,28.0,44.0,64.0,152.0,,,,,,0,0.0
OAS30167,,,,,13.0,13.0,20.0,14.0,27.0,64.0,43.0,56.0,,,,,,72.1342,29.0,44.0,64.5,149.0,,,,,,0,0.0
OAS30167,4.0,4.0,5.0,4.0,,,22.0,16.0,23.0,91.0,38.0,,,,,,,72.1342,30.0,44.0,64.0,148.0,,,,,,0,0.0
OAS30167,4.0,4.0,4.0,3.0,,,12.0,9.0,28.0,74.0,35.0,,,,,,,72.1342,29.0,44.0,64.0,149.0,,,,,,0,0.0
OAS30167,4.0,4.0,6.0,4.0,,,16.0,16.0,34.0,123.0,33.0,,,,,,,72.1342,30.0,44.0,63.7,142.5999756,,,,,,0,0.0
OAS30168,,,,,25.0,,28.0,,16.0,41.0,,,194089.7507,1401278.014,863564.6139,202210.9728,54164.0,61.3808,30.0,33.0,64.8,123.0,385063.754,190974.0033,406304.8599,534772.754,204093.8871,0,0.0
OAS30169,,,,,31.0,,27.0,,18.0,42.0,,,213052.311,1200057.894,918181.7445,208634.1164,54535.0,60.8027,30.0,24.0,65.0,183.0,427023.3001,213970.9891,418998.4443,575183.3001,210364.328,0,0.0
OAS30170,,,,,1.0,0.0,15.0,9.0,63.0,180.0,21.0,38.0,186162.1387,1511089.459,849571.6366,173591.7441,51114.0,95.6329,23.0,23.0,56.0,92.0,380309.4612,194147.3225,357903.1754,515410.4612,184311.4313,2,1.0
OAS30171,,,,,16.0,13.0,16.0,13.0,33.0,61.0,50.0,60.0,215062.9897,1793673.521,1027584.302,231557.8312,54986.0,73.8877,27.0,33.0,68.0,177.0,435102.6733,220039.6836,465599.6283,600736.6733,234041.7971,1,0.5
OAS30171,,,,,17.0,10.0,11.0,13.0,36.0,62.0,50.0,60.0,215062.9897,1793673.521,1027584.302,231557.8312,54986.0,73.8877,28.0,33.0,68.3,184.0,435102.6733,220039.6836,465599.6283,600736.6733,234041.7971,0,0.0
OAS30171,,,,,10.0,4.0,14.0,7.0,26.0,66.0,44.0,58.0,,,,,,73.8877,27.0,33.0,68.5,184.0,,,,,,0,0.0
OAS30171,,,,,8.0,5.0,14.0,8.0,31.0,83.0,42.0,60.0,,,,,,73.8877,24.0,33.0,68.3,186.0,,,,,,1,0.5
OAS30173,,,,,,,16.0,,47.0,121.0,42.0,39.0,,,,,,68.2986,29.0,34.0,,154.0,,,,,,0,0.0
OAS30173,,,,,12.0,11.0,16.0,11.0,28.0,104.0,41.0,42.0,195333.9172,1369946.526,824858.4169,174703.3759,45504.0,68.2986,26.0,34.0,66.5,152.0,393745.3996,198411.4824,352839.0173,518334.3996,178135.6415,0,0.0
OAS30173,,,,,9.0,5.0,19.0,13.0,46.0,98.0,39.0,30.0,,,,,,68.2986,27.0,34.0,66.0,160.0,,,,,,0,0.0
OAS30173,,,,,11.0,10.0,15.0,13.0,33.0,90.0,39.0,38.0,,,,,,68.2986,27.0,34.0,66.3,155.0,,,,,,0,0.0
OAS30173,,,,,10.0,9.0,14.0,14.0,31.0,80.0,37.0,42.0,186883.7342,1391052.669,802220.952,170712.2166,43227.0,68.2986,27.0,34.0,66.0,154.0,376417.9806,189534.2464,341709.9714,497838.9806,170997.7549,1,0.5
OAS30173,,,,,8.0,10.0,17.0,10.0,46.0,125.0,41.0,38.0,186883.7342,1391052.669,802220.952,170712.2166,43227.0,68.2986,25.0,34.0,66.0,149.0,376417.9806,189534.2464,341709.9714,497838.9806,170997.7549,0,0.0
OAS30173,,,,,10.0,9.0,16.0,12.0,51.0,96.0,36.0,36.0,182209.454,1343961.865,796857.0584,170156.0546,42852.0,68.2986,25.0,34.0,66.0,146.0,364765.6001,182556.1461,344666.4583,481097.6001,174510.4036,0,0.0
OAS30173,,,,,12.0,11.0,20.0,11.0,30.0,81.0,37.0,38.0,182209.454,1343961.865,796857.0584,170156.0546,42852.0,68.2986,27.0,34.0,65.7,147.0,364765.6001,182556.1461,344666.4583,481097.6001,174510.4036,0,0.0
OAS30173,,,,,10.0,7.0,18.0,11.0,83.0,100.0,25.0,38.0,,,,,,68.2986,24.0,34.0,65.0,142.0,,,,,,1,0.5
OAS30173,6.0,5.0,4.0,3.0,,,12.0,6.0,38.0,116.0,26.0,,,,,,,68.2986,25.0,34.0,65.25,131.5,,,,,,1,0.5
OAS30173,7.0,7.0,3.0,3.0,,,13.0,9.0,,,,,,,,,,68.2986,,34.0,,,,,,,,1,0.5
OAS30174,,,,,5.0,3.0,19.0,2.0,48.0,133.0,33.0,38.0,,,,,,67.1699,29.0,33.0,66.0,212.0,,,,,,0,0.0
OAS30174,,,,,9.0,9.0,15.0,9.0,60.0,115.0,28.0,40.0,229292.2407,1713617.47,1089157.854,257714.1863,61051.0,67.1699,28.0,33.0,66.0,217.0,458017.5994,228725.3586,520457.2548,623378.5994,262743.0685,0,0.0
OAS30174,,,,,6.0,5.0,17.0,8.0,45.0,178.0,27.0,40.0,,,,,,67.1699,30.0,33.0,65.5,212.0,,,,,,0,0.0
OAS30174,,,,,11.0,7.0,10.0,9.0,36.0,128.0,27.0,54.0,,,,,,67.1699,30.0,33.0,65.7,212.0,,,,,,0,0.0
OAS30174,,,,,11.0,10.0,16.0,7.0,46.0,180.0,28.0,34.0,,,,,,67.1699,29.0,33.0,66.0,215.0,,,,,,0,0.0
OAS30174,,,,,11.0,10.0,13.0,7.0,37.0,180.0,29.0,38.0,,,,,,67.1699,27.0,33.0,66.0,212.0,,,,,,0,0.0
OAS30175,,,,,27.0,,17.0,,23.0,132.0,,,188839.1179,1305018.642,830650.7108,191153.7635,49368.0,72.8904,29.0,34.0,63.5,154.0,377709.9222,188870.8044,378210.7886,523374.9222,187057.0251,0,0.0
OAS30175,,,,,11.0,13.0,16.0,20.0,22.0,72.0,49.0,60.0,188839.1179,1305018.642,830650.7108,191153.7635,49368.0,72.8904,30.0,34.0,63.0,157.0,377709.9222,188870.8044,378210.7886,523374.9222,187057.0251,0,0.0
OAS30175,,,,,13.0,12.0,16.0,15.0,25.0,101.0,47.0,58.0,,,,,,72.8904,30.0,34.0,62.0,155.0,,,,,,0,0.0
OAS30175,,,,,12.0,13.0,15.0,16.0,24.0,91.0,39.0,54.0,183033.2279,1342379.536,789516.8698,173043.1399,45200.0,72.8904,30.0,34.0,62.5,154.0,366188.6668,183155.4389,346595.203,499371.6668,173552.0631,0,0.0
OAS30176,,,,,7.0,7.0,13.0,16.0,27.0,87.0,43.0,56.0,175011.5337,1198359.478,752047.2928,170164.3053,42918.0,66.9178,27.0,33.0,62.5,153.0,348268.1716,173256.6379,339071.1212,456194.1716,168906.8159,0,0.0
OAS30176,,,,,10.0,10.0,27.0,16.0,29.0,73.0,43.0,52.0,,,,,,66.9178,26.0,33.0,62.0,154.0,,,,,,0,0.0
OAS30176,,,,,20.0,14.0,29.0,20.0,23.0,109.0,43.0,52.0,,,,,,66.9178,26.0,33.0,61.5,145.0,,,,,,0,0.0
OAS30176,7.0,6.0,7.0,5.0,,,21.0,14.0,25.0,83.0,44.0,,,,,,,66.9178,28.0,33.0,61.75,139.0,,,,,,0,0.0
OAS30178,,,,,27.0,,34.0,,22.0,45.0,,,236096.1385,1593359.91,1010518.093,243373.6094,178797.0925,62.4849,30.0,33.0,68.0,174.0,474904.2565,238808.118,489927.2656,653701.349,246553.6563,0,0.0
OAS30178,,,,,30.0,,33.0,,22.0,44.0,,,224719.7475,1469258.445,977151.8386,218475.126,54741.0,62.4849,30.0,33.0,69.0,173.0,452720.1988,228000.4514,442685.6397,600957.1988,224210.5138,0,0.0
OAS30178,,,,,29.0,,27.0,,23.0,35.0,,,220968.5594,1472712.701,962358.3509,215022.2072,54413.0,62.4849,30.0,33.0,68.0,170.0,442290.3956,221321.8362,434484.9553,582650.3956,219462.748,0,0.0
OAS30178,,,,,35.0,,32.0,,24.0,72.0,,,220968.5594,1472712.701,962358.3509,215022.2072,54413.0,62.4849,30.0,33.0,67.0,162.0,442290.3956,221321.8362,434484.9553,582650.3956,219462.748,0,0.0
OAS30178,,,,,34.0,,29.0,,23.0,38.0,,,221887.7259,1479743.458,954507.6287,209494.9717,53016.0,62.4849,30.0,33.0,67.0,159.0,445769.5504,223881.8245,422375.0783,588862.5504,212880.1066,0,0.0
OAS30178,,,,,28.0,,33.0,,18.0,48.0,,,221887.7259,1479743.458,954507.6287,209494.9717,53016.0,62.4849,30.0,33.0,67.0,160.0,445769.5504,223881.8245,422375.0783,588862.5504,212880.1066,0,0.0
OAS30178,,,,,32.0,,21.0,,19.0,50.0,,,,,,,,62.4849,30.0,33.0,67.5,158.0,,,,,,0,0.0
OAS30178,,,,,29.0,,20.0,,19.0,44.0,,,215379.6079,1446963.273,941631.5081,206245.5867,52646.0,62.4849,29.0,33.0,66.75,158.3999023,433278.7831,217899.1752,418761.7251,578456.7831,212516.1383,0,0.0
OAS30178,10.0,7.0,7.0,5.0,,,32.0,16.0,,,,,,,,,,62.4849,,33.0,,,,,,,,0,0.0
OAS30179,,,,,9.0,8.0,14.0,19.0,57.0,180.0,22.0,28.0,174414.3741,1364939.932,827748.1167,200159.7365,51786.0,77.9096,24.0,34.0,64.0,190.0,345797.1738,171382.7997,404900.9429,477319.1738,204741.2064,0,0.0
OAS30179,,,,,4.0,3.0,13.0,19.0,63.0,180.0,34.0,22.0,,,,,,77.9096,24.0,34.0,64.0,186.0,,,,,,1,0.5
OAS30179,,,,,3.0,6.0,8.0,12.0,86.0,180.0,14.0,14.0,,,,,,77.9096,24.0,34.0,65.0,172.0,,,,,,1,0.5
OAS30179,7.0,6.0,0.0,0.0,,,9.0,6.0,132.0,180.0,13.0,,,,,,,77.9096,20.0,34.0,64.5,173.0,,,,,,0,0.0
OAS30179,8.0,6.0,5.0,4.0,,,8.0,7.0,93.0,180.0,17.0,,,,,,,77.9096,22.0,34.0,64.5,154.0,,,,,,2,1.0
OAS30180,,,,,9.0,6.0,24.0,17.0,38.0,75.0,53.0,54.0,167592.3038,1457405.456,812532.4425,176052.5701,45762.0,78.8192,29.0,33.0,67.0,90.0,335619.263,168026.9592,353934.1795,468340.263,177881.6093,0,0.0
OAS30180,,,,,12.0,11.0,17.0,15.0,32.0,72.0,45.0,58.0,,,,,,78.8192,30.0,33.0,66.0,90.0,,,,,,0,0.0
OAS30181,5.0,6.0,7.0,5.0,11.0,12.0,16.0,13.0,20.0,56.0,58.0,,177105.5801,1151061.666,771214.9872,180421.3585,50759.0,66.3397,30.0,33.0,66.0,183.0,354805.8071,177700.227,355039.18,492294.8071,174617.8215,1,0.5
OAS30181,7.0,6.0,4.0,3.0,,,23.0,13.0,18.0,88.0,62.0,,,,,,,66.3397,30.0,33.0,66.0,168.0,,,,,,0,0.0
OAS30181,7.0,6.0,7.0,5.0,,,19.0,15.0,24.0,65.0,58.0,,,,,,,66.3397,30.0,33.0,66.25,178.0,,,,,,0,0.0
OAS30181,7.0,6.0,6.0,4.0,,,18.0,16.0,17.0,47.0,60.0,,180429.369,1181094.078,779606.5459,177703.2421,52345.0,66.3397,30.0,33.0,66.0,166.1999512,361675.9371,181246.5681,353863.6088,503919.9371,176160.3667,0,0.0
OAS30181,8.0,6.0,6.0,4.0,,,18.0,13.0,,,,,,,,,,66.3397,,33.0,,,,,,,,0,0.0
OAS30182,,,,,29.0,,23.0,,25.0,36.0,,,233323.8041,1642156.516,1004498.533,225569.1227,62041.0,56.6192,29.0,33.0,72.7,192.0,466411.2165,233087.4125,448723.3161,630617.2165,223154.1934,0,0.0
OAS30182,,,,,20.0,,20.0,,17.0,53.0,,,226492.5692,1568145.582,997452.34,226852.9033,61334.0,56.6192,30.0,33.0,73.75,195.5999756,455727.1468,229234.5776,451891.1932,620277.1468,225038.2899,0,0.0
OAS30183,,,,,15.0,11.0,12.0,10.0,70.0,126.0,34.0,30.0,174582.0434,1365990.842,818369.7026,195321.0331,48573.0,70.6356,30.0,33.0,61.7,211.0,350307.8884,175725.845,392511.8142,483348.8884,197190.781,0,0.0
OAS30184,,,,,10.0,11.0,13.0,12.0,49.0,139.0,55.0,52.0,180649.3047,1284600.403,812485.7339,194215.2163,43307.0,73.126,27.0,33.0,68.0,194.0,361354.0951,180704.7904,382223.6388,489394.0951,188008.4225,0,0.0
OAS30184,,,,,9.0,7.0,21.0,14.0,31.0,63.0,63.0,52.0,180649.3047,1284600.403,812485.7339,194215.2163,43307.0,73.126,30.0,33.0,68.0,198.0,361354.0951,180704.7904,382223.6388,489394.0951,188008.4225,0,0.0
OAS30184,,,,,13.0,12.0,20.0,14.0,31.0,93.0,55.0,54.0,177323.2635,1301521.303,800028.4348,190829.0458,42466.0,73.126,30.0,33.0,68.0,199.0,354778.6384,177455.3749,374590.7964,481313.6384,183761.7507,0,0.0
OAS30184,,,,,17.0,18.0,15.0,15.0,40.0,82.0,60.0,54.0,,,,,,73.126,29.0,33.0,68.0,193.0,,,,,,0,0.0
OAS30184,,,,,14.0,14.0,21.0,12.0,38.0,79.0,56.0,50.0,175079.1518,1300845.704,786088.8466,183013.5164,41855.0,73.126,26.0,33.0,68.0,182.0,347890.9041,172811.7524,361971.9425,471679.9041,178958.4261,0,0.0
OAS30184,7.0,6.0,6.0,4.0,,,13.0,9.0,37.0,116.0,48.0,,,,,,,73.126,28.0,33.0,67.0,176.5999756,,,,,,0,0.0
OAS30185,,,,,,,16.0,,59.0,30.0,55.0,51.0,,,,,,63.789,28.0,33.0,,78.0,,,,,,1,0.5
OAS30185,,,,,,,18.0,,26.0,50.0,55.0,51.0,,,,,,63.789,29.0,33.0,,183.0,,,,,,0,0.0
OAS30185,,,,,,,20.0,,36.0,56.0,59.0,49.0,,,,,,63.789,25.0,33.0,,190.0,,,,,,1,0.5
OAS30185,,,,,,,18.0,,32.0,78.0,53.0,52.0,,,,,,63.789,28.0,33.0,,191.0,,,,,,1,0.5
OAS30185,,,,,,,21.0,,33.0,83.0,60.0,53.0,,,,,,63.789,30.0,33.0,,187.0,,,,,,1,0.5
OAS30185,,,,,16.0,12.0,21.0,13.0,30.0,60.0,55.0,48.0,,,,,,63.789,28.0,33.0,61.0,186.0,,,,,,0,0.0
OAS30185,,,,,15.0,18.0,17.0,9.0,32.0,73.0,57.0,48.0,,,,,,63.789,28.0,33.0,61.0,182.0,,,,,,0,0.0
OAS30185,,,,,16.0,14.0,13.0,13.0,35.0,80.0,56.0,46.0,184519.1773,1385135.591,837387.7885,188716.0404,44449.0,63.789,28.0,33.0,61.0,187.0,369638.902,185119.7247,378529.8865,492630.902,189813.8461,1,0.5
OAS30185,,,,,17.0,14.0,20.0,14.0,28.0,70.0,55.0,50.0,184519.1773,1385135.591,837387.7885,188716.0404,44449.0,63.789,27.0,33.0,60.0,179.0,369638.902,185119.7247,378529.8865,492630.902,189813.8461,0,0.0
OAS30185,,,,,12.0,12.0,13.0,14.0,41.0,80.0,49.0,56.0,181721.2207,1322448.24,828315.9464,187693.3951,44095.0,63.789,28.0,33.0,60.0,171.0,358732.5285,177011.3077,379324.4179,482066.5285,191631.0228,0,0.0
OAS30185,,,,,9.0,16.0,18.0,15.0,54.0,98.0,46.0,54.0,,,,,,63.789,28.0,33.0,60.0,188.5,,,,,,0,0.0
OAS30185,6.0,6.0,5.0,5.0,,,14.0,8.0,30.0,180.0,49.0,,177398.6418,1339734.365,817404.4548,181890.3191,42867.0,63.789,27.0,33.0,61.0,175.0,354224.0763,176825.4345,363246.3785,472101.0763,181356.0594,0,0.0
OAS30185,7.0,6.0,6.0,4.0,,,14.0,11.0,34.0,128.0,50.0,,177398.6418,1339734.365,817404.4548,181890.3191,42867.0,63.789,28.0,33.0,59.5,179.0,354224.0763,176825.4345,363246.3785,472101.0763,181356.0594,0,0.0
OAS30185,8.0,7.0,5.0,4.0,,,18.0,10.0,39.0,116.0,43.0,,,,,,,63.789,27.0,33.0,61.0,181.3999023,,,,,,0,0.0
OAS30187,,,,,13.0,12.0,21.0,16.0,36.0,90.0,45.0,58.0,202567.5831,1481170.748,915637.2473,212237.0037,49082.0,69.5342,30.0,22.0,73.0,208.0,409048.9278,206481.3447,425935.3195,540514.9278,213698.3158,0,0.0
OAS30187,,,,,12.0,11.0,28.0,20.0,27.0,63.0,46.0,58.0,202567.5831,1481170.748,915637.2473,212237.0037,49082.0,69.5342,29.0,22.0,75.2,208.0,409048.9278,206481.3447,425935.3195,540514.9278,213698.3158,0,0.0
OAS30187,,,,,15.0,13.0,27.0,13.0,29.0,87.0,45.0,60.0,,,,,,69.5342,27.0,22.0,73.0,208.0,,,,,,0,0.0
OAS30187,11.0,8.0,8.0,5.0,,,28.0,14.0,25.0,90.0,43.0,,201309.4558,1466309.491,904117.7138,205539.7538,47580.0,69.5342,30.0,22.0,75.25,211.0,404523.149,203213.6932,416184.5648,536487.149,210644.811,0,0.0
OAS30187,11.0,8.0,6.0,4.0,,,24.0,18.0,38.0,145.0,44.0,,,,,,,69.5342,30.0,22.0,75.0,210.0,,,,,,0,0.0
OAS30187,9.0,7.0,7.0,5.0,,,25.0,9.0,,,,,,,,,,69.5342,,22.0,,,,,,,,0,0.0
OAS30188,,,,,32.0,,20.0,,35.0,59.0,,,,,,,,45.2438,29.0,44.0,64.0,149.0,,,,,,0,0.0
OAS30188,,,,,37.0,,16.0,,27.0,51.0,,,,,,,,45.2438,29.0,44.0,64.0,150.0,,,,,,0,0.0
OAS30189,8.0,7.0,4.0,3.0,17.0,10.0,19.0,14.0,58.0,152.0,40.0,,,,,,,68.1178,29.0,23.0,64.5,208.0,,,,,,0,0.0
OAS30189,7.0,6.0,4.0,3.0,,,16.0,9.0,49.0,180.0,33.0,,,,,,,68.1178,29.0,23.0,65.0,208.0,,,,,,0,0.0
OAS30189,8.0,6.0,2.0,2.0,,,14.0,11.0,51.0,158.0,39.0,,175102.7182,1251025.724,762909.9021,160869.6874,43536.0,68.1178,29.0,23.0,64.25,203.0,350120.7366,175018.0184,324175.1655,468621.7366,163305.4781,0,0.0
OAS30190,,,,,0.0,0.0,7.0,4.0,48.0,180.0,11.0,42.0,176661.43,1396896.564,745701.1138,154730.3738,41678.0,88.9781,17.0,34.0,59.0,110.0,347965.9522,171304.5222,311061.1616,476154.9522,156330.7878,2,1.0
OAS30191,,,,,34.0,,24.0,,34.0,47.0,,,217396.4637,1302472.847,973234.8988,224834.6609,51801.0,61.6795,29.0,44.0,64.3,234.0,435157.0807,217760.617,451409.8181,564884.0807,226575.1572,0,0.0
OAS30191,,,,,27.0,,23.0,,26.0,47.0,,,210841.1613,1325255.692,948802.3873,219009.3501,50017.0,61.6795,29.0,44.0,64.0,222.0,420426.3604,209585.1991,439025.0269,546998.3604,220015.6767,0,0.0
OAS30191,,,,,35.0,,23.0,,27.0,74.0,,,210841.1613,1325255.692,948802.3873,219009.3501,50017.0,61.6795,28.0,44.0,64.3,221.0,420426.3604,209585.1991,439025.0269,546998.3604,220015.6767,0,0.0
OAS30191,,,,,28.0,,20.0,,35.0,53.0,,,,,,,,61.6795,29.0,44.0,63.8,216.0,,,,,,0,0.0
OAS30191,,,,,34.0,,23.0,,34.0,58.0,,,,,,,,61.6795,29.0,44.0,64.5,215.0,,,,,,0,0.0
OAS30191,,,,,32.0,,17.0,,44.0,78.0,,,,,,,,61.6795,28.0,44.0,64.25,215.0,,,,,,0,0.0
OAS30192,,,,,23.0,,25.0,,15.0,29.0,,,239792.2509,1847525.776,1092981.877,248908.3183,57261.0,46.1041,30.0,33.0,72.0,151.0,480868.7254,241076.4745,493013.1516,641315.7254,244104.8333,0,0.0
OAS30193,,,,,9.0,10.0,12.0,11.0,41.0,92.0,38.0,40.0,189052.4228,1592141.306,923532.0488,221799.523,51369.0,74.4795,26.0,23.0,67.0,172.0,383306.4861,194254.0633,442248.5627,525564.4861,220449.0397,0,0.0
OAS30193,,,,,8.0,13.0,15.0,10.0,39.0,103.0,49.0,44.0,,,,,,74.4795,28.0,23.0,66.5,178.0,,,,,,0,0.0
OAS30193,,,,,16.0,14.0,15.0,14.0,31.0,75.0,52.0,42.0,,,,,,74.4795,29.0,23.0,67.0,165.0,,,,,,0,0.0
OAS30193,,,,,14.0,12.0,8.0,8.0,52.0,132.0,36.0,38.0,,,,,,74.4795,29.0,23.0,65.5,158.0,,,,,,0,0.0
OAS30193,6.0,6.0,6.0,5.0,,,15.0,10.0,51.0,140.0,42.0,,,,,,,74.4795,27.0,23.0,66.75,161.0,,,,,,0,0.0
OAS30194,,,,,,,,,31.0,,47.0,60.0,,,,,,60.7178,,34.0,,,,,,,,0,0.0
OAS30194,,,,,,,,,31.0,,50.0,60.0,,,,,,60.7178,,34.0,,,,,,,,0,0.0
OAS30194,,,,,,,,,22.0,47.0,49.0,60.0,,,,,,60.7178,,34.0,,188.0,,,,,,0,0.0
OAS30194,,,,,,,,,29.0,58.0,45.0,60.0,,,,,,60.7178,,34.0,,198.0,,,,,,0,0.0
OAS30194,,,,,,,,,31.0,45.0,49.0,60.0,,,,,,60.7178,,34.0,,198.0,,,,,,0,0.0
OAS30194,,,,,,,,,27.0,39.0,52.0,60.0,,,,,,60.7178,,34.0,,196.0,,,,,,0,0.0
OAS30194,,,,,,,,,24.0,42.0,54.0,60.0,,,,,,60.7178,30.0,34.0,,187.0,,,,,,0,0.0
OAS30194,,,,,,,34.0,,25.0,57.0,57.0,60.0,,,,,,60.7178,30.0,34.0,,186.0,,,,,,0,0.0
OAS30194,,,,,,,18.0,,35.0,,55.0,60.0,,,,,,60.7178,30.0,34.0,,191.0,,,,,,0,0.0
OAS30194,,,,,,,33.0,,25.0,50.0,52.0,60.0,,,,,,60.7178,29.0,34.0,,199.0,,,,,,0,0.0
OAS30194,,,,,,,31.0,,24.0,55.0,57.0,60.0,,,,,,60.7178,30.0,34.0,,194.0,,,,,,0,0.0
OAS30194,,,,,,,33.0,,27.0,44.0,55.0,60.0,,,,,,60.7178,29.0,34.0,,179.0,,,,,,0,0.0
OAS30194,,,,,,,22.0,,23.0,42.0,60.0,60.0,,,,,,60.7178,30.0,34.0,,193.0,,,,,,0,0.0
OAS30194,,,,,,,30.0,,27.0,52.0,60.0,60.0,235725.2774,1780931.186,1109998.598,253858.0781,182231.2114,60.7178,30.0,34.0,,189.0,476549.7387,240824.4612,510515.9844,658780.9501,256657.9063,0,0.0
OAS30194,,,,,,,27.0,,21.0,45.0,57.0,60.0,235725.2774,1780931.186,1109998.598,253858.0781,182231.2114,60.7178,30.0,34.0,,183.0,476549.7387,240824.4612,510515.9844,658780.9501,256657.9063,0,0.0
OAS30194,,,,,19.0,20.0,32.0,22.0,20.0,40.0,56.0,60.0,229203.6334,1782223.564,1072994.793,243694.6875,170835.171,60.7178,29.0,34.0,67.0,195.0,461161.3022,231957.6688,482760.7031,631996.4732,239066.0156,0,0.0
OAS30194,,,,,18.0,18.0,29.0,21.0,24.0,54.0,52.0,60.0,247370.9703,1867645.224,1115093.294,228921.9373,67632.0,60.7178,30.0,34.0,67.0,190.0,498255.9241,250884.9538,462664.3695,652446.9241,233742.4323,0,0.0
OAS30194,,,,,15.0,19.0,28.0,18.0,25.0,59.0,54.0,60.0,247370.9703,1867645.224,1115093.294,228921.9373,67632.0,60.7178,30.0,34.0,67.0,191.0,498255.9241,250884.9538,462664.3695,652446.9241,233742.4323,0,0.0
OAS30194,,,,,20.0,19.0,25.0,13.0,26.0,60.0,50.0,60.0,231825.5768,1887004.159,1104236.345,237372.0264,66282.0,60.7178,29.0,34.0,67.0,181.0,468519.0041,236693.4273,471921.3411,619962.0041,234549.3147,0,0.0
OAS30194,,,,,18.0,19.0,25.0,17.0,31.0,60.0,45.0,60.0,231825.5768,1887004.159,1104236.345,237372.0264,66282.0,60.7178,30.0,34.0,67.0,182.0,468519.0041,236693.4273,471921.3411,619962.0041,234549.3147,0,0.0
OAS30194,,,,,19.0,19.0,25.0,20.0,26.0,65.0,48.0,60.0,,,,,,60.7178,29.0,34.0,67.0,176.0,,,,,,1,0.5
OAS30194,,,,,20.0,18.0,28.0,15.0,33.0,50.0,45.0,60.0,,,,,,60.7178,28.0,34.0,66.0,171.0,,,,,,0,0.0
OAS30194,,,,,13.0,15.0,24.0,16.0,27.0,76.0,42.0,58.0,224399.0013,1805484.564,1072980.96,218527.8594,67571.0,60.7178,27.0,34.0,66.0,174.0,453104.1247,228705.1233,445500.8351,603826.1247,226972.9757,0,0.0
OAS30194,,,,,13.0,14.0,21.0,10.0,48.0,124.0,40.0,60.0,226547.3211,1859700.161,1073716.855,218943.0031,65807.0,60.7178,26.0,34.0,67.0,165.0,458467.9705,231920.6494,440009.8845,608996.9705,221066.8814,1,0.5
OAS30194,,,,,15.0,13.0,17.0,11.0,46.0,127.0,31.0,56.0,220620.3655,1827628.723,1085676.402,229649.9176,63257.0,60.7178,30.0,34.0,66.0,158.0,447094.225,226473.8596,460923.1766,591978.225,231273.259,1,0.5
OAS30194,,,,,17.0,16.0,16.0,10.0,53.0,180.0,32.0,60.0,,,,,,60.7178,27.0,34.0,66.0,149.0,,,,,,2,2.0
OAS30195,,,,,21.0,21.0,31.0,17.0,26.0,46.0,65.0,60.0,195418.2661,1452272.705,895187.8328,206572.2459,50307.0,66.6301,30.0,23.0,63.0,138.0,390946.7911,195528.525,411721.0417,540564.7911,205148.7959,0,0.0
OAS30195,,,,,15.0,16.0,33.0,16.0,25.0,48.0,67.0,60.0,195418.2661,1452272.705,895187.8328,206572.2459,50307.0,66.6301,30.0,23.0,62.5,141.0,390946.7911,195528.525,411721.0417,540564.7911,205148.7959,0,0.0
OAS30195,,,,,14.0,15.0,34.0,19.0,25.0,43.0,67.0,60.0,,,,,,66.6301,28.0,23.0,62.5,126.0,,,,,,0,0.0
OAS30195,8.0,7.0,7.0,5.0,,,39.0,16.0,27.0,54.0,66.0,,,,,,,66.6301,30.0,23.0,63.0,132.0,,,,,,0,0.0
OAS30195,8.0,7.0,7.0,5.0,,,31.0,20.0,27.0,52.0,66.0,,191171.2522,1451784.375,890504.7778,205857.292,50931.0,66.6301,29.0,23.0,63.0,134.0,382318.0992,191146.847,413493.6786,535850.0992,207636.3866,0,0.0
OAS30195,7.0,6.0,7.0,5.0,,,29.0,17.0,20.0,50.0,66.0,,191171.2522,1451784.375,890504.7778,205857.292,50931.0,66.6301,29.0,23.0,62.5,132.5,382318.0992,191146.847,413493.6786,535850.0992,207636.3866,0,0.0
OAS30195,7.0,6.0,8.0,5.0,,,35.0,18.0,,,,,,,,,,66.6301,,23.0,,,,,,,,0,0.0
OAS30197,,,,,14.0,14.0,15.0,22.0,29.0,80.0,51.0,54.0,184888.5242,1434710.734,838620.2511,170526.806,43860.0,76.8658,28.0,33.0,64.0,163.0,371003.0869,186114.5627,345458.1642,492428.0869,174931.3582,0,0.0
OAS30198,,,,,2.0,1.0,6.0,1.0,179.0,,16.0,40.0,,,,,,88.7342,20.0,33.0,65.5,149.0,,,,,,2,1.0
OAS30201,10.0,8.0,9.0,6.0,10.0,9.0,22.0,12.0,35.0,90.0,42.0,,190347.9147,1472062.531,944012.1162,239635.1518,51912.0,70.0,30.0,33.0,70.0,192.0,379952.9823,189605.0676,479212.1339,511367.9823,239576.982,0,0.0
OAS30202,,,,,5.0,0.0,14.0,3.0,128.0,180.0,19.0,46.0,177763.2911,1629965.214,892940.0144,220105.3253,48193.0,65.8904,19.0,33.0,64.0,172.0,347626.7811,169863.49,439839.2334,487141.7811,219733.9081,2,1.0
OAS30202,,,,,0.0,0.0,13.0,8.0,180.0,,,40.0,177763.2911,1629965.214,892940.0144,220105.3253,48193.0,65.8904,20.0,33.0,64.0,170.0,347626.7811,169863.49,439839.2334,487141.7811,219733.9081,2,1.0
OAS30202,,,,,0.0,0.0,6.0,3.0,180.0,,,34.0,,,,,,65.8904,16.0,33.0,63.0,186.0,,,,,,2,1.0
OAS30203,,,,,,,28.0,,42.0,88.0,53.0,60.0,227341.0981,1554985.188,1051200.448,275783.25,185309.4933,58.4521,29.0,34.0,,279.0,460502.3421,233161.244,548236.5469,645811.8354,272453.2969,0,0.0
OAS30203,,,,,,,26.0,,30.0,62.0,46.0,60.0,227341.0981,1554985.188,1051200.448,275783.25,185309.4933,58.4521,30.0,34.0,,231.0,460502.3421,233161.244,548236.5469,645811.8354,272453.2969,0,0.0
OAS30203,,,,,16.0,7.0,30.0,13.0,47.0,88.0,43.0,56.0,,,,,,58.4521,29.0,34.0,71.0,210.0,,,,,,1,0.5
OAS30203,,,,,9.0,8.0,26.0,13.0,40.0,90.0,33.0,56.0,222929.1152,1609406.824,1018571.936,250847.7727,58800.0,58.4521,29.0,34.0,70.7,211.0,441184.301,218255.1857,493817.6349,598832.301,242969.8622,1,0.5
OAS30203,,,,,12.0,8.0,24.0,11.0,35.0,73.0,,58.0,222929.1152,1609406.824,1018571.936,250847.7727,58800.0,58.4521,29.0,34.0,70.0,202.0,441184.301,218255.1857,493817.6349,598832.301,242969.8622,1,0.5
OAS30203,,,,,14.0,6.0,24.0,9.0,40.0,165.0,26.0,58.0,,,,,,58.4521,29.0,34.0,71.0,208.0,,,,,,0,0.0
OAS30205,,,,,14.0,14.0,19.0,13.0,25.0,94.0,39.0,56.0,193622.7941,1396697.304,842226.0272,189717.8406,46026.0,78.1315,29.0,34.0,63.0,122.0,391755.4636,198132.6694,373611.5637,512943.4636,183893.723,0,0.0
OAS30205,,,,,16.0,15.0,15.0,12.0,24.0,88.0,39.0,56.0,,,,,,78.1315,28.0,34.0,99.9,999.0,,,,,,0,0.0
OAS30205,,,,,8.0,9.0,14.0,15.0,23.0,147.0,48.0,54.0,,,,,,78.1315,28.0,34.0,63.0,113.0,,,,,,1,0.5
OAS30205,,,,,6.0,9.0,18.0,10.0,48.0,150.0,36.0,56.0,,,,,,78.1315,27.0,34.0,63.0,115.0,,,,,,1,0.5
OAS30205,,,,,10.0,8.0,15.0,10.0,37.0,177.0,35.0,56.0,,,,,,78.1315,28.0,34.0,63.0,110.0,,,,,,1,0.5
OAS30205,9.0,7.0,4.0,3.0,,,14.0,7.0,44.0,180.0,34.0,,,,,,,78.1315,26.0,34.0,62.75,110.1999512,,,,,,2,1.0
OAS30205,8.0,7.0,3.0,3.0,,,9.0,5.0,38.0,180.0,28.0,,,,,,,78.1315,22.0,34.0,63.0,110.0,,,,,,2,1.0
OAS30206,,,,,9.0,8.0,21.0,13.0,23.0,68.0,43.0,58.0,242167.0682,1608639.574,1015593.654,225581.0245,50707.0,79.1342,30.0,33.0,70.5,163.0,487321.7884,245154.7202,452279.866,625168.7884,226698.8415,1,0.5
OAS30206,,,,,10.0,11.0,23.0,17.0,25.0,126.0,46.0,58.0,242167.0682,1608639.574,1015593.654,225581.0245,50707.0,79.1342,30.0,33.0,71.0,163.0,487321.7884,245154.7202,452279.866,625168.7884,226698.8415,1,0.5
OAS30206,,,,,11.0,11.0,21.0,15.0,27.0,51.0,50.0,58.0,221897.7882,1608999.107,980396.4606,225152.5333,50489.0,79.1342,30.0,33.0,70.0,164.0,451863.6392,229965.851,449699.8214,589683.6392,224547.2881,1,0.5
OAS30206,,,,,12.0,11.0,21.0,18.0,26.0,50.0,46.0,60.0,221897.7882,1608999.107,980396.4606,225152.5333,50489.0,79.1342,30.0,33.0,71.0,157.0,451863.6392,229965.851,449699.8214,589683.6392,224547.2881,1,0.5
OAS30206,,,,,17.0,14.0,23.0,9.0,23.0,73.0,51.0,60.0,,,,,,79.1342,30.0,33.0,71.0,159.0,,,,,,1,0.5
OAS30206,,,,,17.0,18.0,26.0,16.0,28.0,76.0,46.0,60.0,,,,,,79.1342,29.0,33.0,70.0,159.0,,,,,,1,0.5
OAS30206,,,,,10.0,10.0,22.0,15.0,23.0,110.0,45.0,60.0,226598.3957,1592344.38,980031.8747,219187.2612,49776.0,79.1342,30.0,33.0,70.0,160.0,451432.2972,224833.9015,445459.5775,586876.2972,226272.3163,1,0.5
OAS30206,,,,,17.0,17.0,26.0,15.0,24.0,64.0,45.0,56.0,226598.3957,1592344.38,980031.8747,219187.2612,49776.0,79.1342,30.0,33.0,70.0,160.0,451432.2972,224833.9015,445459.5775,586876.2972,226272.3163,0,0.0
OAS30206,,,,,16.0,14.0,26.0,8.0,28.0,84.0,51.0,56.0,215968.7105,1480065.773,950314.7209,219405.9971,50351.0,79.1342,30.0,33.0,70.0,158.5,436922.6123,220953.9017,439456.1086,565188.6123,220050.1115,0,0.0
OAS30206,,,,,16.0,18.0,27.0,14.0,27.0,50.0,42.0,56.0,215968.7105,1480065.773,950314.7209,219405.9971,50351.0,79.1342,30.0,33.0,70.0,158.0,436922.6123,220953.9017,439456.1086,565188.6123,220050.1115,0,0.0
OAS30206,8.0,6.0,5.0,4.0,,,23.0,13.0,24.0,55.0,49.0,,,,,,,79.1342,29.0,33.0,70.0,158.0,,,,,,0,0.0
OAS30206,10.0,7.0,7.0,5.0,,,18.0,9.0,33.0,117.0,42.0,,,,,,,79.1342,30.0,33.0,69.6,153.7999268,,,,,,0,0.0
OAS30206,6.0,6.0,5.0,4.0,,,19.0,11.0,29.0,69.0,41.0,,,,,,,79.1342,30.0,33.0,70.0,152.3999023,,,,,,0,0.0
OAS30206,5.0,5.0,3.0,3.0,,,18.0,9.0,,,,,,,,,,79.1342,,33.0,,,,,,,,0,0.0
OAS30207,,,,,18.0,17.0,16.0,18.0,40.0,64.0,42.0,56.0,209588.3963,1387806.03,878541.6312,193860.3567,47299.0,72.2603,30.0,23.0,70.0,268.0,418643.1101,209054.7139,385525.521,546544.1101,191665.1643,0,0.0
OAS30207,9.0,7.0,5.0,4.0,,,8.0,4.0,73.0,180.0,26.0,,,,,,,72.2603,23.0,23.0,70.3,256.0,,,,,,1,0.5
OAS30207,11.0,9.0,6.0,4.0,,,22.0,12.0,41.0,92.0,31.0,,,,,,,72.2603,29.0,23.0,69.5,265.0,,,,,,0,0.0
OAS30208,,,,,6.0,5.0,19.0,6.0,26.0,101.0,39.0,50.0,,,,,,75.5205,29.0,33.0,62.0,137.0,,,,,,0,0.0
OAS30208,,,,,6.0,4.0,20.0,,17.0,,43.0,42.0,208928.7768,1461601.905,888466.3242,193463.7556,47792.0,75.5205,29.0,33.0,63.0,139.0,419330.9185,210402.1417,384115.4057,552592.9185,190651.6501,0,0.0
OAS30208,,,,,1.0,1.0,6.0,4.0,24.0,,44.0,42.0,202770.9181,1425751.08,872079.5691,189739.2244,45254.0,75.5205,29.0,33.0,62.0,136.0,407340.5524,204569.6343,375915.0166,530945.5524,186175.7923,1,0.5
OAS30208,9.0,8.0,7.0,5.0,,,6.0,6.0,,,,,,,,,,75.5205,,33.0,,,,,,,,0,0.0
OAS30209,,,,,2.0,0.0,10.0,11.0,26.0,66.0,48.0,42.0,,,,,,73.6055,26.0,34.0,67.0,169.0,,,,,,2,1.0
OAS30209,,,,,3.0,0.0,24.0,11.0,30.0,101.0,44.0,48.0,216653.0818,1609055.823,971749.9482,231103.4272,51227.0,73.6055,23.0,34.0,67.0,167.0,426501.6426,209848.5608,464088.3056,587666.6426,232984.8783,2,1.0
OAS30209,,,,,3.0,0.0,14.0,8.0,24.0,94.0,51.0,40.0,,,,,,73.6055,17.0,34.0,66.0,164.0,,,,,,2,1.0
OAS30209,,,,,2.0,0.0,11.0,9.0,34.0,180.0,47.0,32.0,206692.1656,1600595.656,934291.4604,221847.7754,50035.0,73.6055,24.0,34.0,65.2,165.0,402074.0572,195381.8916,441121.4032,558076.0572,219273.6277,2,1.0
OAS30210,6.0,5.0,8.0,6.0,15.0,15.0,20.0,22.0,39.0,89.0,33.0,,174800.271,1317624.322,738262.1974,142262.2037,42898.0,83.5808,30.0,33.0,61.5,118.0,349319.9283,174519.6573,293439.2691,470510.9283,151177.0653,1,0.5
OAS30211,,,,,24.0,,19.0,,24.0,66.0,,,276323.1881,1801279.507,1185876.552,272714.8054,63836.0,45.9479,30.0,33.0,71.0,201.0,554544.8233,278221.6352,546002.7287,724971.8233,273287.9233,0,0.0
OAS30212,,,,,2.0,2.0,10.0,10.0,50.0,117.0,2.0,46.0,190221.9911,1477565.722,894755.5686,212626.2674,47908.0,79.6932,23.0,33.0,59.0,122.0,383081.1985,192859.2074,421456.3701,512440.1985,208830.1027,0,0.0
OAS30212,,,,,7.0,8.0,9.0,8.0,41.0,139.0,25.0,48.0,183030.9546,1469952.547,881839.5687,212018.8846,49284.0,79.6932,24.0,33.0,58.0,109.0,370744.1304,187713.1759,420876.4383,501204.1304,208857.5537,1,0.5
OAS30212,,,,,5.0,6.0,14.0,10.0,45.0,180.0,26.0,52.0,183030.9546,1469952.547,881839.5687,212018.8846,49284.0,79.6932,28.0,33.0,58.0,114.0,370744.1304,187713.1759,420876.4383,501204.1304,208857.5537,1,0.5
OAS30212,,,,,10.0,8.0,8.0,11.0,37.0,,27.0,48.0,,,,,,79.6932,26.0,33.0,58.0,120.0,,,,,,1,0.5
OAS30212,,,,,9.0,8.0,9.0,13.0,38.0,170.0,24.0,50.0,,,,,,79.6932,25.0,33.0,58.0,117.0,,,,,,1,0.5
OAS30212,,,,,8.0,6.0,6.0,8.0,45.0,180.0,22.0,46.0,,,,,,79.6932,27.0,33.0,59.0,118.0,,,,,,0,0.0
OAS30212,,,,,7.0,5.0,7.0,6.0,45.0,,20.0,44.0,176810.1006,1370570.178,854491.2667,201548.5208,46187.0,79.6932,24.0,33.0,58.0,113.0,356371.6663,179561.5657,394430.6003,477804.6663,192882.0795,1,0.5
OAS30212,,,,,8.0,6.0,10.0,9.0,47.0,,20.0,38.0,176810.1006,1370570.178,854491.2667,201548.5208,46187.0,79.6932,21.0,33.0,57.0,111.0,356371.6663,179561.5657,394430.6003,477804.6663,192882.0795,1,0.5
OAS30212,8.0,7.0,4.0,4.0,,,9.0,9.0,51.0,,19.0,,,,,,,79.6932,22.0,33.0,57.75,112.0,,,,,,1,0.5
OAS30212,9.0,7.0,5.0,4.0,,,5.0,7.0,72.0,,15.0,,,,,,,79.6932,17.0,33.0,57.0,110.0,,,,,,1,0.5
OAS30212,9.0,7.0,0.0,0.0,,,,,53.0,,,,,,,,,79.6932,17.0,33.0,57.0,113.0,,,,,,2,1.0
OAS30213,,,,,29.0,,20.0,,27.0,64.0,,,215127.4938,1427546.917,939230.3912,219292.1946,57822.0,46.0438,30.0,34.0,65.3,186.0,428736.4014,213608.9077,443041.9898,581426.4014,223749.7952,0,0.0
OAS30213,,,,,26.0,,14.0,,27.0,48.0,,,,,,,,46.0438,29.0,34.0,65.0,204.1999512,,,,,,0,0.0
OAS30214,,,,,,,15.0,,34.0,71.0,58.0,54.0,,,,,,67.1753,27.0,44.0,,183.0,,,,,,1,0.5
OAS30214,,,,,,,15.0,,34.0,65.0,55.0,57.0,,,,,,67.1753,24.0,44.0,,180.0,,,,,,1,0.5
OAS30214,,,,,,,13.0,,27.0,69.0,60.0,58.0,,,,,,67.1753,24.0,44.0,,180.0,,,,,,1,0.5
OAS30214,,,,,,,12.0,,40.0,80.0,60.0,57.0,,,,,,67.1753,25.0,44.0,,182.0,,,,,,1,0.5
OAS30214,,,,,5.0,0.0,12.0,7.0,35.0,77.0,47.0,48.0,,,,,,67.1753,27.0,44.0,69.7,166.0,,,,,,1,0.5
OAS30214,,,,,2.0,0.0,8.0,3.0,31.0,88.0,54.0,30.0,,,,,,67.1753,25.0,44.0,69.7,169.0,,,,,,2,1.0
OAS30214,,,,,1.0,0.0,5.0,0.0,50.0,180.0,38.0,16.0,185522.1028,1593563.762,851976.1241,185425.1446,43793.0,67.1753,23.0,44.0,69.0,173.0,367174.9564,181652.8536,383608.1677,519613.9564,198183.0232,2,1.0
OAS30214,,,,,0.0,0.0,2.0,0.0,75.0,180.0,28.0,8.0,,,,,,67.1753,17.0,44.0,69.0,172.0,,,,,,2,1.0
OAS30216,,,,,,,22.0,,19.0,59.0,62.0,60.0,,,,,,56.3918,30.0,33.0,,154.0,,,,,,0,0.0
OAS30216,,,,,,,22.0,,24.0,58.0,64.0,60.0,,,,,,56.3918,30.0,33.0,,154.0,,,,,,0,0.0
OAS30216,,,,,,,29.0,,27.0,64.0,62.0,60.0,,,,,,56.3918,28.0,33.0,,154.0,,,,,,0,0.0
OAS30216,,,,,,,33.0,,25.0,45.0,60.0,60.0,,,,,,56.3918,30.0,33.0,,,,,,,,0,0.0
OAS30216,,,,,,,31.0,,26.0,62.0,57.0,60.0,,,,,,56.3918,30.0,33.0,,162.0,,,,,,0,0.0
OAS30216,,,,,,,22.0,,22.0,59.0,59.0,60.0,193010.3925,1339369.487,853813.8711,207021.25,163633.2956,56.3918,29.0,33.0,,155.0,391676.7137,198666.3212,419152.0,555310.0093,212130.75,0,0.0
OAS30216,,,,,18.0,19.0,28.0,17.0,26.0,57.0,57.0,60.0,193010.3925,1339369.487,853813.8711,207021.25,163633.2956,56.3918,30.0,33.0,63.0,160.0,391676.7137,198666.3212,419152.0,555310.0093,212130.75,0,0.0
OAS30216,,,,,19.0,24.0,22.0,15.0,22.0,44.0,59.0,58.0,,,,,,56.3918,29.0,33.0,63.0,156.0,,,,,,0,0.0
OAS30216,,,,,16.0,16.0,24.0,26.0,21.0,60.0,57.0,60.0,202235.4279,1268745.8,852796.3677,185285.9856,46497.0,56.3918,30.0,33.0,63.0,156.0,406719.8748,204484.447,373725.4928,542411.8748,188439.5072,0,0.0
OAS30216,,,,,20.0,18.0,30.0,22.0,19.0,61.0,63.0,60.0,202235.4279,1268745.8,852796.3677,185285.9856,46497.0,56.3918,30.0,33.0,62.0,161.0,406719.8748,204484.447,373725.4928,542411.8748,188439.5072,0,0.0
OAS30216,,,,,18.0,19.0,27.0,22.0,24.0,53.0,59.0,60.0,,,,,,56.3918,30.0,33.0,62.5,147.0,,,,,,0,0.0
OAS30216,,,,,18.0,16.0,32.0,17.0,20.0,53.0,57.0,58.0,,,,,,56.3918,30.0,33.0,63.0,150.0,,,,,,0,0.0
OAS30216,,,,,20.0,20.0,22.0,20.0,24.0,54.0,57.0,60.0,,,,,,56.3918,30.0,33.0,62.0,153.0,,,,,,0,0.0
OAS30216,,,,,18.0,18.0,27.0,17.0,21.0,60.0,58.0,60.0,,,,,,56.3918,29.0,33.0,,,,,,,,0,0.0
OAS30216,,,,,18.0,18.0,32.0,20.0,23.0,52.0,58.0,56.0,,,,,,56.3918,30.0,33.0,62.5,158.0,,,,,,0,0.0
OAS30216,,,,,19.0,18.0,28.0,19.0,20.0,81.0,59.0,60.0,,,,,,56.3918,29.0,33.0,62.5,156.5,,,,,,0,0.0
OAS30216,,,,,19.0,19.0,27.0,19.0,23.0,73.0,57.0,58.0,,,,,,56.3918,30.0,33.0,62.0,138.0,,,,,,0,0.0
OAS30216,6.0,5.0,7.0,5.0,,,27.0,18.0,24.0,61.0,54.0,,,,,,,56.3918,29.0,33.0,62.0,152.0,,,,,,0,0.0
OAS30216,8.0,6.0,2.0,2.0,,,32.0,22.0,20.0,69.0,52.0,,,,,,,56.3918,30.0,33.0,62.0,153.0,,,,,,0,0.0
OAS30216,7.0,6.0,8.0,5.0,,,23.0,19.0,26.0,65.0,52.0,,,,,,,56.3918,30.0,33.0,62.0,160.5,,,,,,0,0.0
OAS30216,9.0,7.0,7.0,5.0,,,28.0,21.0,,,,,,,,,,56.3918,,33.0,,,,,,,,0,0.0
OAS30217,,,,,2.0,0.0,13.0,6.0,40.0,180.0,27.0,28.0,214368.3176,1788567.845,1041835.333,237401.5073,45923.0,78.5205,25.0,34.0,68.5,156.0,413569.5189,199201.2013,472389.8138,552280.5189,234988.3065,1,0.5
OAS30218,,,,,11.0,11.0,23.0,14.0,37.0,61.0,41.0,58.0,172156.1488,1390953.686,822236.0594,204442.0669,41281.0,77.389,26.0,24.0,70.0,162.0,346407.5284,174251.3796,411066.531,471076.5284,206624.4642,1,0.5
OAS30218,,,,,12.0,13.0,24.0,12.0,37.0,106.0,38.0,58.0,172156.1488,1390953.686,822236.0594,204442.0669,41281.0,77.389,29.0,24.0,69.0,170.0,346407.5284,174251.3796,411066.531,471076.5284,206624.4642,0,0.0
OAS30218,,,,,12.0,10.0,17.0,13.0,33.0,73.0,38.0,56.0,168518.7501,1388964.115,822808.7658,207684.1088,40216.0,77.389,28.0,24.0,69.0,171.0,342920.9571,174402.207,413870.8087,466783.9571,206186.6999,1,0.5
OAS30218,,,,,10.0,9.0,19.0,14.0,37.0,121.0,41.0,56.0,168518.7501,1388964.115,822808.7658,207684.1088,40216.0,77.389,29.0,24.0,69.2,167.0,342920.9571,174402.207,413870.8087,466783.9571,206186.6999,0,0.0
OAS30218,,,,,14.0,12.0,19.0,14.0,29.0,75.0,35.0,56.0,,,,,,77.389,30.0,24.0,67.0,165.0,,,,,,0,0.0
OAS30218,,,,,9.0,7.0,15.0,16.0,33.0,79.0,38.0,56.0,,,,,,77.389,30.0,24.0,68.0,171.0,,,,,,1,0.5
OAS30218,,,,,8.0,2.0,17.0,11.0,36.0,89.0,36.0,56.0,,,,,,77.389,28.0,24.0,68.5,172.0,,,,,,0,0.0
OAS30218,,,,,7.0,9.0,15.0,9.0,36.0,89.0,33.0,58.0,,,,,,77.389,30.0,24.0,68.0,172.0,,,,,,0,0.0
OAS30218,,,,,6.0,7.0,17.0,12.0,31.0,167.0,32.0,58.0,,,,,,77.389,27.0,24.0,68.0,161.0,,,,,,1,0.5
OAS30219,,,,,36.0,,17.0,,27.0,42.0,,,213726.3596,1410298.886,946830.549,228283.7206,51426.0,58.8904,30.0,44.0,,,425751.679,212025.3195,459180.8699,553804.679,230897.1493,0,0.0
OAS30219,,,,,33.0,,15.0,,19.0,38.0,,,205440.1746,1356414.963,928320.6225,226303.8935,49831.0,58.8904,30.0,44.0,63.5,152.0,410596.5015,205156.3269,455933.1209,533628.5015,229629.2274,0,0.0
OAS30219,,,,,30.0,,14.0,,19.0,29.0,,,201951.9274,1363242.684,909515.8199,222285.3778,49225.0,58.8904,30.0,44.0,62.9,140.7999268,401482.3349,199530.4075,445115.485,525295.3349,222830.1072,0,0.0
OAS30219,,,,,29.0,,15.0,,25.0,50.0,,,,,,,,58.8904,29.0,44.0,62.0,136.0,,,,,,0,0.0
OAS30219,9.0,7.0,6.0,4.0,,,17.0,11.0,,,,,,,,,,58.8904,,44.0,,,,,,,,0,0.0
OAS30220,,,,,14.0,,27.0,,35.0,65.0,,,202429.6646,1378198.718,907017.5267,212345.2827,50854.0,64.1041,30.0,33.0,69.0,166.0,408324.004,205894.3394,427615.5227,542740.004,215270.2401,0,0.0
OAS30220,,,,,21.0,,35.0,,24.0,79.0,,,196537.2457,1328001.809,893198.8126,212191.4619,49860.0,64.1041,30.0,33.0,69.0,164.0,396498.6795,199961.4338,424474.1331,528671.6795,212282.6712,0,0.0
OAS30220,,,,,22.0,,23.0,,48.0,81.0,,,196537.2457,1328001.809,893198.8126,212191.4619,49860.0,64.1041,30.0,33.0,69.0,162.0,396498.6795,199961.4338,424474.1331,528671.6795,212282.6712,0,0.0
OAS30220,,,,,20.0,,26.0,,33.0,81.0,,,,,,,,64.1041,30.0,33.0,68.75,161.0,,,,,,0,0.0
OAS30220,,,,,20.0,,24.0,,24.0,64.0,,,190818.0039,1346913.012,888023.2416,213904.7672,49854.0,64.1041,30.0,33.0,68.4,165.7999268,384988.7904,194170.7865,428781.4512,517076.7904,214876.684,0,0.0
OAS30220,,,,,24.0,,29.0,,35.0,81.0,,,190818.0039,1346913.012,888023.2416,213904.7672,49854.0,64.1041,30.0,33.0,68.5,164.0,384988.7904,194170.7865,428781.4512,517076.7904,214876.684,0,0.0
OAS30221,,,,,27.0,,29.0,,20.0,54.0,,,188208.9764,1377185.001,866268.5021,209585.941,52268.0,59.8904,30.0,33.0,66.0,133.0,372364.7012,184155.7248,418238.8009,508688.7012,208652.86,0,0.0
OAS30221,,,,,19.0,,21.0,,26.0,50.0,,,182152.2728,1341376.079,856692.8308,208046.5376,50022.0,59.8904,30.0,33.0,65.5,141.7999268,361753.077,179600.8042,415006.7538,494094.077,206960.2162,0,0.0
OAS30221,4.0,4.0,5.0,4.0,,,19.0,14.0,,,,,,,,,,59.8904,,33.0,,,,,,,,0,0.0
OAS30222,,,,,,,32.0,,40.0,70.0,55.0,60.0,,,,,,51.5151,30.0,33.0,,182.0,,,,,,0,0.0
OAS30223,,,,,12.0,13.0,14.0,9.0,27.0,112.0,45.0,48.0,,,,,,80.7918,25.0,23.0,61.2,112.0,,,,,,0,0.0
OAS30224,,,,,11.0,7.0,15.0,11.0,40.0,159.0,40.0,52.0,185543.9917,1639624.95,904819.1553,208779.9736,41340.0,82.4685,25.0,34.0,67.3,138.0,365352.4488,179808.4571,430122.7065,500407.4488,221342.7329,0,0.0
OAS30225,,,,,11.0,11.0,18.0,17.0,35.0,81.0,36.0,54.0,,,,,,78.2849,30.0,34.0,67.0,175.0,,,,,,0,0.0
OAS30225,,,,,14.0,13.0,18.0,20.0,29.0,65.0,39.0,52.0,170319.1086,1203830.475,755552.5336,175422.0544,47102.0,78.2849,30.0,34.0,66.5,174.5,341510.3423,171191.2336,351957.1913,459755.3423,176535.1369,0,0.0
OAS30225,,,,,10.0,9.0,18.0,18.0,34.0,72.0,34.0,54.0,170319.1086,1203830.475,755552.5336,175422.0544,47102.0,78.2849,29.0,34.0,66.5,174.0,341510.3423,171191.2336,351957.1913,459755.3423,176535.1369,0,0.0
OAS30225,8.0,6.0,9.0,7.0,,,10.0,16.0,34.0,89.0,34.0,,,,,,,78.2849,30.0,34.0,66.0,178.0,,,,,,0,0.0
OAS30225,8.0,6.0,6.0,4.0,,,14.0,16.0,,,,,,,,,,78.2849,,34.0,,,,,,,,0,0.0
OAS30226,,,,,0.0,0.0,13.0,5.0,32.0,83.0,38.0,54.0,193925.066,1608121.307,931204.9599,214433.7051,50038.0,79.1452,22.0,33.0,67.5,173.0,396534.5462,202609.4801,432250.4137,536256.5462,217816.7087,1,0.5
OAS30226,,,,,0.0,2.0,8.0,4.0,46.0,109.0,33.0,50.0,,,,,,79.1452,22.0,33.0,65.8,184.0,,,,,,1,0.5
OAS30226,,,,,0.0,0.0,6.0,2.0,60.0,,30.0,42.0,,,,,,79.1452,19.0,33.0,66.0,186.0,,,,,,2,1.0
OAS30227,,,,,42.0,,27.0,,27.0,56.0,,,210936.8947,1491533.797,903239.5965,197448.5368,56054.0,58.5589,30.0,33.0,62.5,135.0,420993.0059,210056.1112,395428.5906,573355.0059,197980.0538,0,0.0
OAS30228,,,,,20.0,,13.0,,31.0,83.0,,,188326.5041,1360334.552,883006.8968,214847.097,49759.0,63.8219,29.0,33.0,69.0,169.0,381426.4133,193099.9092,432324.4835,518731.4133,217477.3865,0,0.0
OAS30228,,,,,26.0,,9.0,,26.0,82.0,,,186150.6883,1355955.319,872453.89,212601.0149,49399.0,63.8219,30.0,33.0,69.3,177.5999756,373469.2004,187318.5121,428392.6896,510097.2004,215791.6747,0,0.0
OAS30228,,,,,26.0,,12.0,,26.0,119.0,,,186150.6883,1355955.319,872453.89,212601.0149,49399.0,63.8219,30.0,33.0,69.2,177.5999756,373469.2004,187318.5121,428392.6896,510097.2004,215791.6747,0,0.0
OAS30228,6.0,5.0,7.0,5.0,,,17.0,6.0,,,,,,,,,,63.8219,,33.0,,,,,,,,0,0.0
OAS30229,,,,,14.0,14.0,19.0,17.0,38.0,79.0,46.0,48.0,194530.0699,1576530.975,874155.9367,187229.889,52486.0,72.4301,29.0,33.0,67.8,237.0,392330.3888,197800.3189,381079.5479,539926.3888,193849.6589,0,0.0
OAS30229,,,,,15.0,17.0,16.0,12.0,51.0,91.0,39.0,50.0,194530.0699,1576530.975,874155.9367,187229.889,52486.0,72.4301,30.0,33.0,67.8,243.0,392330.3888,197800.3189,381079.5479,539926.3888,193849.6589,0,0.0
OAS30229,9.0,7.0,5.0,4.0,,,12.0,12.0,44.0,67.0,38.0,,,,,,,72.4301,29.0,33.0,68.0,239.0,,,,,,0,0.0
OAS30229,6.0,5.0,5.0,5.0,,,12.0,12.0,43.0,88.0,34.0,,,,,,,72.4301,29.0,33.0,67.75,236.7999268,,,,,,0,0.0
OAS30231,,,,,23.0,,32.0,,13.0,49.0,,,,,,,,45.5178,30.0,33.0,68.5,239.0,,,,,,0,0.0
OAS30232,,,,,14.0,14.0,29.0,27.0,15.0,100.0,73.0,56.0,202745.308,1382582.196,916058.6121,212417.98,49292.0,65.7151,30.0,34.0,63.0,134.0,407410.6889,204665.381,425836.9231,548852.6889,213418.9432,0,0.0
OAS30232,,,,,21.0,20.0,35.0,24.0,28.0,51.0,75.0,58.0,201574.5198,1379421.503,905996.9219,210030.9427,48965.0,65.7151,30.0,34.0,63.0,131.0,402881.9905,201307.4707,418107.9314,543917.9905,208076.9887,0,0.0
OAS30232,,,,,19.0,19.0,28.0,27.0,19.0,36.0,80.0,58.0,201574.5198,1379421.503,905996.9219,210030.9427,48965.0,65.7151,29.0,34.0,63.0,131.0,402881.9905,201307.4707,418107.9314,543917.9905,208076.9887,0,0.0
OAS30232,,,,,19.0,19.0,28.0,18.0,20.0,58.0,78.0,58.0,,,,,,65.7151,30.0,34.0,53.0,132.0,,,,,,0,0.0
OAS30232,,,,,19.0,19.0,30.0,23.0,24.0,34.0,75.0,58.0,,,,,,65.7151,29.0,34.0,63.0,134.0,,,,,,0,0.0
OAS30232,,,,,18.0,18.0,27.0,28.0,18.0,47.0,77.0,58.0,196679.029,1463240.667,887376.5479,200694.1998,48853.0,65.7151,30.0,34.0,63.0,132.0,393077.8471,196398.818,403277.7008,530626.8471,202583.501,0,0.0
OAS30232,,,,,23.0,21.0,31.0,22.0,24.0,37.0,78.0,60.0,196679.029,1463240.667,887376.5479,200694.1998,48853.0,65.7151,29.0,34.0,62.0,132.0,393077.8471,196398.818,403277.7008,530626.8471,202583.501,0,0.0
OAS30232,,,,,18.0,17.0,19.0,25.0,15.0,33.0,79.0,60.0,196679.029,1463240.667,887376.5479,200694.1998,48853.0,65.7151,30.0,34.0,63.0,125.0,393077.8471,196398.818,403277.7008,530626.8471,202583.501,0,0.0
OAS30233,,,,,,,20.0,,31.0,116.0,49.0,51.0,,,,,,55.674,25.0,33.0,,194.0,,,,,,0,0.0
OAS30233,,,,,5.0,4.0,16.0,16.0,27.0,136.0,46.0,50.0,,,,,,55.674,28.0,33.0,63.0,211.0,,,,,,1,0.5
OAS30233,,,,,15.0,11.0,21.0,19.0,31.0,148.0,47.0,54.0,,,,,,55.674,28.0,33.0,63.0,212.0,,,,,,0,0.0
OAS30233,,,,,11.0,4.0,15.0,16.0,28.0,116.0,48.0,54.0,174953.3802,1191678.353,795727.6701,186154.2332,48592.0,55.674,29.0,33.0,63.0,191.0,353771.5895,178818.2093,373090.0807,485352.5895,186935.8475,0,0.0
OAS30233,,,,,8.0,6.0,18.0,16.0,24.0,176.0,48.0,54.0,174953.3802,1191678.353,795727.6701,186154.2332,48592.0,55.674,29.0,33.0,63.0,192.0,353771.5895,178818.2093,373090.0807,485352.5895,186935.8475,0,0.0
OAS30233,,,,,7.0,7.0,19.0,17.0,26.0,96.0,53.0,54.0,,,,,,55.674,29.0,33.0,62.0,180.0,,,,,,0,0.0
OAS30233,,,,,9.0,8.0,18.0,17.0,35.0,180.0,49.0,56.0,,,,,,55.674,30.0,33.0,63.0,180.0,,,,,,0,0.0
OAS30233,,,,,8.0,8.0,21.0,21.0,42.0,175.0,43.0,54.0,172080.214,1254154.967,767288.4904,175968.7426,46473.0,55.674,29.0,33.0,62.5,173.5,346418.2838,174338.0699,350644.2065,474361.2838,174675.4639,0,0.0
OAS30234,,,,,,,25.0,,27.0,67.0,,59.0,,,,,,79.6959,30.0,33.0,,178.0,,,,,,0,0.0
OAS30234,,,,,,,22.0,,36.0,114.0,40.0,57.0,,,,,,79.6959,30.0,33.0,,156.0,,,,,,0,0.0
OAS30234,,,,,,,18.0,,44.0,106.0,40.0,56.0,191930.1142,1440740.139,899042.2072,222838.5938,152362.7992,79.6959,30.0,33.0,,149.0,384108.0224,192177.9081,443988.2188,536470.8215,221149.625,0,0.0
OAS30234,,,,,18.0,18.0,14.0,8.0,63.0,180.0,26.0,56.0,195878.331,1592081.588,914065.852,205351.169,49519.0,79.6959,30.0,33.0,64.0,150.0,402504.2674,206625.9364,400140.5846,529319.2674,194789.4156,0,0.0
OAS30234,,,,,16.0,13.0,15.0,13.0,72.0,157.0,32.0,56.0,,,,,,79.6959,29.0,33.0,54.0,164.0,,,,,,0,0.0
OAS30235,,,,,33.0,,19.0,,29.0,53.0,,,226456.6388,1603857.445,1049217.656,251360.0121,58299.0,57.4603,30.0,24.0,70.0,174.5,453999.5471,227542.9083,506106.1089,610313.5471,254746.0968,0,0.0
OAS30235,,,,,32.0,,18.0,,42.0,76.0,,,225532.0007,1621516.15,1060569.152,258049.1285,58338.0,57.4603,30.0,24.0,70.0,175.7999268,449624.5743,224092.5736,520116.5777,610056.5743,262067.4492,0,0.0
OAS30236,,,,,4.0,5.0,18.0,10.0,25.0,63.0,47.0,58.0,189237.983,1601869.792,929145.397,236214.3189,40247.0,69.7041,29.0,34.0,68.0,176.0,383938.924,194700.941,464003.473,519208.924,227789.1542,0,0.0
OAS30237,,,,,,,13.0,,41.0,108.0,58.0,55.0,,,,,,75.3096,29.0,23.0,,161.0,,,,,,1,0.5
OAS30237,,,,,8.0,6.0,21.0,11.0,26.0,98.0,54.0,52.0,,,,,,75.3096,28.0,23.0,64.0,161.0,,,,,,1,0.5
OAS30237,,,,,10.0,5.0,13.0,7.0,60.0,144.0,50.0,54.0,,,,,,75.3096,29.0,23.0,64.5,157.0,,,,,,0,0.0
OAS30237,,,,,10.0,9.0,19.0,7.0,43.0,101.0,45.0,54.0,,,,,,75.3096,25.0,23.0,64.0,161.0,,,,,,0,0.0
OAS30238,,,,,8.0,3.0,4.0,2.0,180.0,,10.0,58.0,,,,,,75.9589,21.0,33.0,70.3,191.5,,,,,,2,1.0
OAS30239,,,,,5.0,0.0,17.0,10.0,50.0,180.0,27.0,46.0,179790.3224,1507049.765,870192.9725,211929.6904,44293.0,79.6712,18.0,34.0,72.0,171.0,359099.0835,179308.761,424305.8891,492790.0835,212376.1987,2,1.0
OAS30240,,,,,,,17.0,,21.0,58.0,61.0,59.0,,,,,,62.9507,28.0,23.0,,185.0,,,,,,0,0.0
OAS30240,,,,,13.0,10.0,20.0,18.0,30.0,70.0,53.0,60.0,,,,,,62.9507,30.0,23.0,63.0,189.0,,,,,,0,0.0
OAS30240,,,,,13.0,12.0,20.0,18.0,30.0,80.0,61.0,60.0,,,,,,62.9507,28.0,23.0,63.0,183.0,,,,,,0,0.0
OAS30240,,,,,15.0,11.0,20.0,14.0,27.0,82.0,60.0,58.0,,,,,,62.9507,30.0,23.0,63.0,184.0,,,,,,0,0.0
OAS30240,,,,,13.0,12.0,20.0,15.0,24.0,105.0,58.0,58.0,223580.7162,1577934.195,962462.5658,216979.3793,54331.0,62.9507,30.0,23.0,,,446882.0033,223301.2871,436758.5625,605774.0033,219779.1832,0,0.0
OAS30240,,,,,15.0,13.0,15.0,16.0,24.0,75.0,57.0,60.0,225727.6225,1557805.566,965874.1547,214884.1684,54588.0,62.9507,28.0,23.0,62.5,181.0,453427.6905,227700.068,432668.4642,610043.6905,217784.2958,0,0.0
OAS30240,,,,,28.0,,20.0,,33.0,82.0,,,225727.6225,1557805.566,965874.1547,214884.1684,54588.0,62.9507,27.0,23.0,62.0,180.0,453427.6905,227700.068,432668.4642,610043.6905,217784.2958,0,0.0
OAS30240,,,,,31.0,,18.0,,28.0,73.0,,,218599.88,1561824.046,943408.1939,212155.9962,53052.0,62.9507,29.0,23.0,62.5,182.0,436650.446,218050.566,426881.7479,587714.446,214725.7516,0,0.0
OAS30240,7.0,6.0,6.0,4.0,,,22.0,8.0,35.0,78.0,47.0,,214326.0788,1560884.682,951203.8393,219277.7962,51386.0,62.9507,28.0,23.0,62.5,181.0,426117.2225,211791.1436,443874.6168,582902.2225,224596.8206,0,0.0
OAS30240,,,,,26.0,,19.0,,47.0,83.0,,,214326.0788,1560884.682,951203.8393,219277.7962,51386.0,62.9507,30.0,23.0,62.0,170.0,426117.2225,211791.1436,443874.6168,582902.2225,224596.8206,0,0.0
OAS30240,7.0,7.0,4.0,4.0,,,24.0,13.0,,,,,,,,,,62.9507,,23.0,,,,,,,,0,0.0
OAS30241,,,,,,,16.0,,21.0,54.0,61.0,6.0,223649.8903,1498804.404,988850.8754,253670.0,177435.5561,47.6384,30.0,33.0,,227.0,441557.4216,217907.5313,505986.8594,618992.9777,252316.8594,0,0.0
OAS30241,,,,,27.0,,16.0,,28.0,53.0,,,225782.5483,1534009.431,992629.3424,232513.9029,57891.0,47.6384,30.0,33.0,68.2,238.0,451666.0187,225883.4704,466234.3237,602029.0187,233720.4208,0,0.0
OAS30241,,,,,24.0,,20.0,,15.0,50.0,,,219159.4361,1512606.311,973078.6644,231341.3571,56788.0,47.6384,29.0,33.0,68.5,238.0,432366.9581,213207.522,464136.7063,576258.9581,232795.3492,0,0.0
OAS30241,13.0,9.0,8.0,6.0,,,20.0,13.0,,,,,,,,,,47.6384,,33.0,,,,,,,,0,0.0
OAS30242,,,,,27.0,,27.0,,41.0,78.0,,,200302.6231,1281117.593,947083.5122,233256.315,56594.0,64.7534,29.0,33.0,61.0,218.0,396188.8367,195886.2136,472185.6755,521600.8367,238929.3604,0,0.0
OAS30242,,,,,39.0,,27.0,,40.0,95.0,,,196563.3435,1377068.951,933619.1341,231678.6522,55503.0,64.7534,30.0,33.0,61.0,211.0,390979.4879,194416.1443,461989.6462,513387.4879,230310.994,0,0.0
OAS30242,,,,,36.0,,19.0,,48.0,69.0,,,196563.3435,1377068.951,933619.1341,231678.6522,55503.0,64.7534,30.0,33.0,61.4,214.5999756,390979.4879,194416.1443,461989.6462,513387.4879,230310.994,0,0.0
OAS30242,,,,,34.0,,18.0,,50.0,80.0,,,,,,,,64.7534,29.0,33.0,61.0,179.0,,,,,,0,0.0
OAS30244,,,,,3.0,0.0,9.0,7.0,41.0,180.0,26.0,44.0,241262.8298,1860116.959,1145863.413,265697.9733,53230.0,73.063,22.0,44.0,64.0,147.0,494474.9267,253212.0968,542484.4859,646564.9267,276786.5126,1,0.5
OAS30244,,,,,2.0,0.0,7.0,4.0,22.0,180.0,16.0,34.0,,,,,,73.063,25.0,44.0,65.0,152.0,,,,,,1,0.5
OAS30244,,,,,0.0,0.0,6.0,3.0,29.0,180.0,10.0,28.0,212019.7478,1814953.5,1087494.924,258781.0387,47993.0,73.063,14.0,44.0,64.0,147.0,444144.6348,232124.8869,528607.289,577032.6348,269826.2503,1,0.5
OAS30245,,,,,25.0,,24.0,,28.0,44.0,,,231872.4441,1582107.874,1007288.362,243538.0,169467.8647,62.5973,30.0,34.0,63.5,241.0,460092.3212,228219.8771,486949.6094,629560.1859,243411.6094,0,0.0
OAS30245,,,,,31.0,,35.0,,19.0,59.0,,,,,,,,62.5973,30.0,34.0,63.0,258.0,,,,,,0,0.0
OAS30245,,,,,30.0,,28.0,,16.0,33.0,,,212236.0628,1598880.559,968337.3801,225281.9229,48080.0,62.5973,30.0,34.0,63.5,247.0,424834.7163,212598.6535,447157.6638,562819.7163,221875.7409,0,0.0
OAS30245,,,,,30.0,,30.0,,23.0,38.0,,,212236.0628,1598880.559,968337.3801,225281.9229,48080.0,62.5973,29.0,34.0,63.0,263.0,424834.7163,212598.6535,447157.6638,562819.7163,221875.7409,0,0.0
OAS30246,,,,,15.0,12.0,16.0,8.0,28.0,63.0,42.0,50.0,212814.6989,1594393.536,953395.2652,215544.0007,51093.0,73.2438,28.0,33.0,62.8,165.0,422448.6106,209633.9118,437466.6546,578337.6106,221922.6539,0,0.0
OAS30246,,,,,18.0,14.0,19.0,12.0,34.0,50.0,46.0,50.0,215688.3284,1607934.123,946628.7409,208257.6515,50988.0,73.2438,29.0,33.0,62.5,160.0,432509.5513,216821.2229,418758.1896,585916.5513,210500.5382,0,0.0
OAS30246,,,,,13.0,13.0,18.0,7.0,36.0,57.0,47.0,52.0,215688.3284,1607934.123,946628.7409,208257.6515,50988.0,73.2438,30.0,33.0,62.5,155.0,432509.5513,216821.2229,418758.1896,585916.5513,210500.5382,0,0.0
OAS30246,,,,,15.0,15.0,15.0,14.0,35.0,70.0,51.0,52.0,,,,,,73.2438,30.0,33.0,62.5,155.0,,,,,,0,0.0
OAS30246,,,,,15.0,12.0,17.0,14.0,28.0,64.0,51.0,52.0,207803.0493,1591693.142,907992.6406,202888.3924,53183.0,73.2438,30.0,33.0,62.0,156.0,408535.3688,200732.3194,402642.2718,560638.3688,199753.8795,0,0.0
OAS30246,,,,,16.0,8.0,22.0,14.0,33.0,50.0,50.0,50.0,,,,,,73.2438,29.0,33.0,63.0,153.0,,,,,,0,0.0
OAS30246,,,,,16.0,16.0,21.0,12.0,32.0,73.0,48.0,52.0,210780.9828,1577911.798,911717.1891,198058.9513,50459.0,73.2438,30.0,33.0,62.0,159.0,416907.8763,206126.8935,398303.3128,570651.8763,200244.3615,0,0.0
OAS30246,,,,,16.0,16.0,17.0,12.0,38.0,54.0,36.0,50.0,,,,,,73.2438,27.0,33.0,62.5,151.0,,,,,,0,0.0
OAS30246,7.0,6.0,4.0,3.0,,,16.0,11.0,30.0,50.0,43.0,,,,,,,73.2438,29.0,33.0,62.0,161.0,,,,,,0,0.0
OAS30246,10.0,8.0,8.0,6.0,,,15.0,13.0,27.0,72.0,41.0,,,,,,,73.2438,27.0,33.0,62.4,151.0,,,,,,0,0.0
OAS30246,10.0,8.0,4.0,3.0,,,19.0,20.0,29.0,53.0,37.0,,,,,,,73.2438,28.0,33.0,63.0,157.0,,,,,,0,0.0
OAS30247,,,,,17.0,16.0,11.0,8.0,36.0,180.0,60.0,50.0,191861.9625,1390255.642,842090.9849,181290.0325,51036.0,75.0055,28.0,33.0,61.7,122.0,380732.0638,188870.1013,359433.9211,507155.0638,178143.8887,0,0.0
OAS30247,,,,,14.0,13.0,13.0,12.0,51.0,79.0,54.0,54.0,189799.8578,1399335.262,839186.4124,179118.7451,51091.0,75.0055,30.0,33.0,61.0,123.0,377348.8566,187548.9987,356710.5558,502572.8566,177591.8107,0,0.0
OAS30247,,,,,17.0,18.0,13.0,13.0,37.0,82.0,59.0,54.0,,,,,,75.0055,29.0,33.0,61.0,122.0,,,,,,0,0.0
OAS30248,,,,,16.0,9.0,12.0,10.0,39.0,116.0,35.0,58.0,,,,,,68.5479,30.0,23.0,67.8,159.0,,,,,,0,0.0
OAS30248,,,,,11.0,11.0,17.0,9.0,33.0,144.0,44.0,58.0,,,,,,68.5479,27.0,23.0,67.75,156.0,,,,,,0,0.0
OAS30248,,,,,9.0,8.0,18.0,8.0,37.0,99.0,38.0,56.0,236772.8144,1635239.418,1059423.264,244937.6889,55883.0,68.5479,30.0,23.0,68.0,152.0,473259.8666,236487.0522,496049.3975,633133.8666,251111.7086,0,0.0
OAS30248,,,,,14.0,12.0,19.0,11.0,41.0,87.0,39.0,54.0,236772.8144,1635239.418,1059423.264,244937.6889,55883.0,68.5479,30.0,23.0,68.0,160.0,473259.8666,236487.0522,496049.3975,633133.8666,251111.7086,0,0.0
OAS30248,8.0,6.0,10.0,7.0,,,18.0,11.0,41.0,117.0,39.0,,234101.2423,1655791.378,1057606.339,244610.6054,56101.0,68.5479,30.0,23.0,68.75,152.0,468879.6553,234778.413,494484.684,627706.6553,249874.0786,0,0.0
OAS30248,7.0,6.0,9.0,6.0,,,19.0,7.0,25.0,83.0,37.0,,234101.2423,1655791.378,1057606.339,244610.6054,56101.0,68.5479,29.0,23.0,67.7,155.7999268,468879.6553,234778.413,494484.684,627706.6553,249874.0786,0,0.0
OAS30248,9.0,7.0,6.0,5.0,,,17.0,9.0,30.0,101.0,35.0,,,,,,,68.5479,28.0,23.0,67.5,158.1999512,,,,,,0,0.0
OAS30249,,,,,,,20.0,,38.0,62.0,39.0,56.0,254841.7419,1809163.153,1171100.847,306771.4063,195270.9564,50.8247,30.0,23.0,,215.0,505923.3737,251081.6318,613019.2656,701194.3301,306247.8594,0,0.0
OAS30249,,,,,23.0,,22.0,,25.0,65.0,,,262010.9996,1860959.806,1189908.996,289546.494,65937.0,50.8247,30.0,23.0,51.0,218.0,521555.8064,259544.8068,576267.1892,694660.8064,286720.6952,0,0.0
OAS30249,,,,,25.0,,22.0,,33.0,99.0,,,,,,,,50.8247,28.0,23.0,70.7,213.0,,,,,,0,0.0
OAS30249,,,,,28.0,,17.0,,25.0,131.0,,,250342.7598,1834289.872,1161448.535,282081.4062,64317.0,50.8247,28.0,23.0,70.5,211.0,503994.5647,253651.8049,564816.97,670425.5647,282735.5638,0,0.0
OAS30249,,,,,22.0,,23.0,,28.0,107.0,,,247437.4351,1789221.703,1160307.206,290133.7281,62064.0,50.8247,29.0,23.0,70.5,215.0,493584.5979,246147.1628,577725.6083,656148.5979,287591.8803,0,0.0
OAS30249,,,,,23.0,,21.0,,37.0,81.0,,,250726.3537,1778936.87,1159090.71,284671.5324,62708.0,50.8247,29.0,23.0,70.5,215.5999756,498356.7428,247630.3891,567727.9676,668058.7428,283056.4352,0,0.0
OAS30249,8.0,6.0,7.0,5.0,,,16.0,13.0,,,,,250726.3537,1778936.87,1159090.71,284671.5324,62708.0,50.8247,,23.0,,,498356.7428,247630.3891,567727.9676,668058.7428,283056.4352,0,0.0
OAS30250,,,,,13.0,12.0,28.0,17.0,34.0,62.0,61.0,58.0,,,,,,66.7562,30.0,34.0,69.5,186.0,,,,,,0,0.0
OAS30250,,,,,12.0,12.0,24.0,14.0,32.0,105.0,61.0,58.0,235365.1231,1775292.297,1045702.615,238451.7354,54026.0,66.7562,28.0,34.0,69.0,186.0,473001.601,237636.4779,477217.0139,621989.601,238765.2785,0,0.0
OAS30250,,,,,16.0,16.0,25.0,15.0,30.0,51.0,61.0,58.0,235365.1231,1775292.297,1045702.615,238451.7354,54026.0,66.7562,30.0,34.0,69.5,187.0,473001.601,237636.4779,477217.0139,621989.601,238765.2785,0,0.0
OAS30250,,,,,15.0,15.0,26.0,16.0,29.0,68.0,56.0,58.0,227766.6201,1775669.029,1033101.236,237160.4947,52074.0,66.7562,29.0,34.0,69.0,185.0,458710.3097,230943.6896,477853.9268,603011.3097,240693.4321,0,0.0
OAS30250,,,,,11.0,11.0,25.0,15.0,29.0,86.0,65.0,56.0,,,,,,66.7562,28.0,34.0,70.0,181.0,,,,,,0,0.0
OAS30250,,,,,15.0,12.0,25.0,17.0,30.0,103.0,57.0,58.0,,,,,,66.7562,29.0,34.0,70.0,175.0,,,,,,0,0.0
OAS30250,,,,,14.0,15.0,18.0,13.0,25.0,120.0,56.0,58.0,213550.9354,1724425.677,995846.2076,231980.0896,51005.0,66.7562,30.0,34.0,69.0,178.0,428390.0702,214839.1348,465056.1374,569439.0702,233076.0478,1,0.5
OAS30250,9.0,7.0,9.0,6.0,,,16.0,12.0,36.0,84.0,48.0,,213550.9354,1724425.677,995846.2076,231980.0896,51005.0,66.7562,28.0,34.0,69.5,181.0,428390.0702,214839.1348,465056.1374,569439.0702,233076.0478,0,0.0
OAS30250,9.0,7.0,9.0,6.0,,,21.0,16.0,26.0,95.0,44.0,,,,,,,66.7562,27.0,34.0,69.0,176.0,,,,,,0,0.0
OAS30250,9.0,7.0,6.0,4.0,,,18.0,10.0,47.0,87.0,34.0,,,,,,,66.7562,25.0,34.0,68.3,176.0,,,,,,0,0.0
OAS30251,,,,,40.0,,37.0,,42.0,108.0,,,194861.0472,1407878.862,874653.4431,207392.8894,51317.0,64.7753,30.0,33.0,62.0,141.0,394266.9253,199405.8781,410207.5177,530198.9253,202814.6284,0,0.0
OAS30251,,,,,15.0,17.0,28.0,22.0,32.0,108.0,50.0,56.0,194861.0472,1407878.862,874653.4431,207392.8894,51317.0,64.7753,30.0,33.0,62.0,140.0,394266.9253,199405.8781,410207.5177,530198.9253,202814.6284,0,0.0
OAS30251,,,,,21.0,21.0,32.0,22.0,33.0,108.0,45.0,58.0,,,,,,64.7753,30.0,33.0,61.5,137.0,,,,,,0,0.0
OAS30251,,,,,21.0,21.0,29.0,22.0,40.0,87.0,50.0,56.0,,,,,,64.7753,30.0,33.0,61.7,144.0,,,,,,0,0.0
OAS30251,,,,,20.0,21.0,29.0,26.0,30.0,67.0,50.0,56.0,195312.1437,1416936.545,871778.0742,200035.6682,52797.0,64.7753,30.0,33.0,61.0,145.0,392868.797,197556.6532,404125.2772,532199.797,204089.609,0,0.0
OAS30251,,,,,22.0,24.0,23.0,22.0,28.0,88.0,52.0,58.0,195312.1437,1416936.545,871778.0742,200035.6682,52797.0,64.7753,30.0,33.0,61.3,134.0,392868.797,197556.6532,404125.2772,532199.797,204089.609,0,0.0
OAS30251,,,,,23.0,23.0,29.0,30.0,29.0,80.0,47.0,58.0,199479.9065,1414243.008,857004.1874,189850.489,52137.0,64.7753,30.0,33.0,61.3,146.0,400854.6476,201374.7411,380660.5397,536987.6476,190810.0508,0,0.0
OAS30251,,,,,23.0,20.0,30.0,18.0,37.0,179.0,52.0,56.0,,,,,,64.7753,30.0,33.0,61.0,141.5,,,,,,0,0.0
OAS30252,3.0,4.0,5.0,4.0,4.0,0.0,13.0,8.0,30.0,91.0,56.0,,195857.305,1485348.077,870889.1788,184498.6032,47783.0,75.326,24.0,44.0,64.0,117.0,389369.9305,193512.6255,370449.2483,527973.9305,185950.645,1,0.5
OAS30252,4.0,4.0,5.0,4.0,,,16.0,5.0,27.0,83.0,48.0,,,,,,,75.326,24.0,44.0,63.75,132.7999268,,,,,,1,0.5
OAS30252,5.0,5.0,4.0,3.0,,,10.0,8.0,38.0,83.0,44.0,,,,,,,75.326,23.0,44.0,63.5,140.5999756,,,,,,2,1.0
OAS30253,,,,,,,23.0,,28.0,55.0,57.0,57.0,,,,,,55.0082,29.0,24.0,,161.0,,,,,,0,0.0
OAS30253,,,,,39.0,,25.0,,22.0,50.0,,,,,,,,55.0082,29.0,24.0,62.0,151.0,,,,,,0,0.0
OAS30253,,,,,33.0,,30.0,,19.0,53.0,,,221235.3879,1413657.248,910194.6268,198104.0137,55207.0,55.0082,30.0,24.0,62.3,136.0,441912.5102,220677.1224,397762.1166,586625.5102,199658.1029,0,0.0
OAS30253,,,,,38.0,,21.0,,27.0,68.0,,,214578.4733,1433446.222,876485.4507,191545.3759,50055.0,55.0082,30.0,24.0,62.0,139.0,423841.7697,209263.2964,384421.6809,566014.7697,192876.305,0,0.0
OAS30253,,,,,30.0,,23.0,,40.0,71.0,,,214578.4733,1433446.222,876485.4507,191545.3759,50055.0,55.0082,30.0,24.0,61.5,121.0,423841.7697,209263.2964,384421.6809,566014.7697,192876.305,0,0.0
OAS30253,,,,,30.0,,26.0,,32.0,68.0,,,,,,,,55.0082,28.0,24.0,61.5,124.0,,,,,,0,0.0
OAS30253,,,,,34.0,,23.0,,23.0,59.0,,,,,,,,55.0082,30.0,24.0,61.75,126.7999878,,,,,,0,0.0
OAS30254,,,,,10.0,7.0,10.0,11.0,59.0,180.0,31.0,36.0,167380.8593,1126027.895,685282.6994,144346.5277,43546.0,75.1753,26.0,33.0,64.0,176.0,335014.2934,167633.4341,287799.406,451870.2934,143452.8783,0,0.0
OAS30255,,,,,2.0,3.0,23.0,17.0,45.0,152.0,29.0,46.0,178559.3712,1412120.408,817546.2309,191315.2284,41905.0,77.1753,26.0,34.0,64.5,159.0,356401.3545,177841.9833,383186.8764,479777.3545,191871.648,1,0.5
OAS30255,,,,,0.0,0.0,15.0,8.0,48.0,180.0,26.0,34.0,178559.3712,1412120.408,817546.2309,191315.2284,41905.0,77.1753,21.0,34.0,63.8,154.0,356401.3545,177841.9833,383186.8764,479777.3545,191871.648,1,0.5
OAS30256,,,,,37.0,,28.0,,22.0,35.0,,,196405.9462,1393682.641,921496.5399,241034.8438,164728.8176,53.6027,30.0,33.0,,233.0,394166.6224,197760.6762,483944.6875,558895.44,242909.8438,0,0.0
OAS30256,,,,,34.0,,23.0,,25.0,47.0,,,209432.2058,1359639.744,946604.0578,224459.4473,50462.0,53.6027,30.0,33.0,62.5,215.0,420604.8644,211172.6587,449315.1933,559758.8644,224855.746,0,0.0
OAS30256,,,,,38.0,,28.0,,27.0,40.0,,,211703.6098,1375511.828,946344.2649,222264.5751,52101.0,53.6027,30.0,33.0,62.0,185.0,424889.3321,213185.7223,443336.9328,565895.3321,221072.3578,0,0.0
OAS30256,,,,,38.0,,17.0,,27.0,56.0,,,202196.4684,1356075.377,924271.3418,220208.3189,50245.0,53.6027,30.0,33.0,62.0,197.0,405895.7234,203699.2549,439535.6185,541857.7234,219327.2995,0,0.0
OAS30257,,,,,18.0,14.0,31.0,17.0,22.0,20.0,54.0,60.0,223569.1039,1845424.835,1087284.498,265187.3483,56450.0,66.8822,30.0,34.0,71.5,228.0,452933.9897,229364.8858,538034.5083,618053.9897,272847.1601,1,0.5
OAS30257,,,,,16.0,15.0,35.0,19.0,35.0,47.0,56.0,60.0,223569.1039,1845424.835,1087284.498,265187.3483,56450.0,66.8822,30.0,34.0,72.0,215.0,452933.9897,229364.8858,538034.5083,618053.9897,272847.1601,0,0.0
OAS30257,,,,,17.0,17.0,22.0,18.0,25.0,61.0,53.0,60.0,,,,,,66.8822,30.0,34.0,71.5,218.0,,,,,,0,0.0
OAS30257,,,,,14.0,15.0,24.0,15.0,29.0,98.0,52.0,60.0,,,,,,66.8822,30.0,34.0,71.0,219.0,,,,,,1,0.5
OAS30257,,,,,15.0,14.0,30.0,20.0,27.0,70.0,55.0,60.0,202684.9904,1843129.498,1060468.621,269502.6486,54439.0,66.8822,30.0,34.0,71.3,220.0,410647.8315,207962.8411,548492.7894,573137.8315,278990.1408,1,0.5
OAS30257,,,,,18.0,16.0,33.0,14.0,38.0,84.0,59.0,56.0,202684.9904,1843129.498,1060468.621,269502.6486,54439.0,66.8822,25.0,34.0,71.0,219.0,410647.8315,207962.8411,548492.7894,573137.8315,278990.1408,1,0.5
OAS30257,,,,,15.0,11.0,25.0,15.0,32.0,64.0,56.0,58.0,,,,,,66.8822,29.0,34.0,70.0,209.0,,,,,,1,0.5
OAS30257,,,,,15.0,14.0,28.0,12.0,30.0,62.0,53.0,56.0,,,,,,66.8822,29.0,34.0,70.8,200.0,,,,,,1,0.5
OAS30257,,,,,16.0,14.0,21.0,12.0,24.0,52.0,46.0,54.0,202018.9321,1792567.585,1050661.855,266571.3567,53084.0,66.8822,30.0,34.0,70.7,204.0,407267.7238,205248.7917,535668.1312,565071.7238,269096.7746,1,0.5
OAS30257,11.0,9.0,7.0,5.0,,,21.0,14.0,28.0,81.0,46.0,,,,,,,66.8822,30.0,34.0,71.5,204.0,,,,,,1,0.5
OAS30257,13.0,9.0,8.0,5.0,,,22.0,9.0,27.0,75.0,49.0,,,,,,,66.8822,28.0,34.0,70.75,209.0,,,,,,2,1.0
OAS30258,,,,,5.0,4.0,19.0,12.0,31.0,112.0,40.0,56.0,,,,,,84.0904,29.0,34.0,69.0,158.0,,,,,,0,0.0
OAS30258,,,,,11.0,10.0,17.0,13.0,27.0,180.0,40.0,60.0,214056.2825,1651024.762,963935.4327,216858.1883,50476.0,84.0904,29.0,34.0,69.0,156.0,429661.5304,215605.2478,434631.9023,567029.5304,217773.714,0,0.0
OAS30258,,,,,9.0,8.0,17.0,9.0,33.0,148.0,38.0,56.0,,,,,,84.0904,30.0,34.0,68.0,163.0,,,,,,0,0.0
OAS30258,,,,,5.0,8.0,15.0,10.0,52.0,135.0,43.0,58.0,,,,,,84.0904,30.0,34.0,68.5,160.0,,,,,,0,0.0
OAS30258,9.0,7.0,5.0,5.0,,,27.0,11.0,33.0,120.0,31.0,,,,,,,84.0904,28.0,34.0,68.0,163.0,,,,,,0,0.0
OAS30258,9.0,7.0,7.0,5.0,,,14.0,8.0,,,,,,,,,,84.0904,,34.0,,,,,,,,0,0.0
OAS30259,,,,,,,25.0,,38.0,180.0,35.0,49.0,194443.844,1312095.398,838696.4218,197877.2344,154579.2231,65.1534,30.0,24.0,,190.0,386998.6944,192554.8504,393364.5469,541577.9175,195487.3125,1,0.5
OAS30259,,,,,10.0,10.0,19.0,11.0,38.0,143.0,42.0,52.0,190861.4407,1319879.895,831071.0349,199554.6563,157620.6276,65.1534,28.0,24.0,66.0,191.0,376380.7194,185519.2787,396496.0781,534001.347,196941.4219,0,0.0
OAS30261,,,,,11.0,11.0,26.0,12.0,17.0,40.0,61.0,60.0,,,,,,66.5041,30.0,33.0,61.5,127.0,,,,,,1,0.5
OAS30261,,,,,13.0,12.0,25.0,12.0,28.0,57.0,65.0,60.0,,,,,,66.5041,29.0,33.0,62.0,123.0,,,,,,0,0.0
OAS30261,,,,,16.0,14.0,16.0,14.0,21.0,58.0,56.0,60.0,200161.0115,1370699.391,818546.1134,173496.248,49671.0,66.5041,29.0,33.0,62.0,121.0,399981.4263,199820.4147,345956.6871,543673.4263,172460.4391,0,0.0
OAS30261,,,,,15.0,15.0,20.0,15.0,23.0,54.0,57.0,60.0,200161.0115,1370699.391,818546.1134,173496.248,49671.0,66.5041,29.0,33.0,61.0,124.0,399981.4263,199820.4147,345956.6871,543673.4263,172460.4391,0,0.0
OAS30261,,,,,16.0,16.0,18.0,11.0,27.0,79.0,55.0,58.0,,,,,,66.5041,30.0,33.0,61.0,121.0,,,,,,0,0.0
OAS30261,,,,,14.0,12.0,18.0,12.0,16.0,53.0,47.0,60.0,,,,,,66.5041,30.0,33.0,61.0,121.0,,,,,,0,0.0
OAS30261,,,,,14.0,12.0,16.0,11.0,17.0,56.0,50.0,60.0,,,,,,66.5041,29.0,33.0,61.0,120.0,,,,,,1,0.5
OAS30261,,,,,14.0,13.0,20.0,14.0,21.0,53.0,50.0,58.0,,,,,,66.5041,28.0,33.0,60.7,113.0,,,,,,0,0.0
OAS30261,,,,,13.0,14.0,20.0,11.0,19.0,83.0,51.0,58.0,,,,,,66.5041,28.0,33.0,60.0,118.0,,,,,,0,0.0
OAS30261,6.0,6.0,6.0,4.0,,,19.0,10.0,20.0,71.0,52.0,,,,,,,66.5041,29.0,33.0,60.5,110.0,,,,,,0,0.0
OAS30262,,,,,4.0,0.0,23.0,10.0,53.0,106.0,51.0,54.0,197813.7871,1561089.405,952226.9553,231438.3198,43605.0,71.8521,23.0,34.0,64.0,117.0,392718.4245,194904.6374,464415.5308,511036.4245,232977.2109,1,0.5
OAS30262,,,,,4.0,1.0,13.0,8.0,49.0,133.0,44.0,56.0,197813.7871,1561089.405,952226.9553,231438.3198,43605.0,71.8521,24.0,34.0,64.0,127.0,392718.4245,194904.6374,464415.5308,511036.4245,232977.2109,2,1.0
OAS30262,,,,,2.0,0.0,16.0,7.0,54.0,180.0,39.0,44.0,,,,,,71.8521,22.0,34.0,64.0,115.0,,,,,,2,1.0
OAS30262,5.0,5.0,5.0,4.0,,,19.0,8.0,78.0,180.0,34.0,,194856.5574,1611604.411,930511.3866,214885.4341,42094.0,71.8521,18.0,34.0,64.0,106.0,379483.0537,184626.4964,432569.3328,496088.0537,217683.8987,2,1.0
OAS30263,,,,,15.0,16.0,13.0,10.0,25.0,79.0,46.0,52.0,211354.7275,1323091.729,948161.3069,216370.8964,52662.0,70.8192,30.0,33.0,63.0,205.0,423127.201,211772.4734,434725.1059,561789.201,218354.2096,0,0.0
OAS30263,,,,,13.0,12.0,10.0,14.0,30.0,71.0,44.0,50.0,211354.7275,1323091.729,948161.3069,216370.8964,52662.0,70.8192,30.0,33.0,63.0,201.0,423127.201,211772.4734,434725.1059,561789.201,218354.2096,0,0.0
OAS30263,,,,,16.0,14.0,14.0,16.0,36.0,65.0,48.0,50.0,205155.0772,1323291.112,930310.3684,211855.9934,53189.0,70.8192,28.0,33.0,63.5,208.0,413618.6263,208463.5491,424205.7421,552977.6263,212349.7487,0,0.0
OAS30263,,,,,12.0,12.0,12.0,14.0,31.0,67.0,47.0,50.0,205155.0772,1323291.112,930310.3684,211855.9934,53189.0,70.8192,29.0,33.0,62.0,193.0,413618.6263,208463.5491,424205.7421,552977.6263,212349.7487,0,0.0
OAS30263,,,,,17.0,17.0,12.0,12.0,34.0,82.0,44.0,46.0,,,,,,70.8192,29.0,33.0,62.0,200.0,,,,,,0,0.0
OAS30263,,,,,17.0,12.0,14.0,11.0,29.0,88.0,49.0,50.0,,,,,,70.8192,28.0,33.0,63.0,201.0,,,,,,0,0.0
OAS30263,,,,,14.0,10.0,15.0,7.0,30.0,101.0,52.0,50.0,,,,,,70.8192,28.0,33.0,62.5,200.0,,,,,,0,0.0
OAS30263,8.0,6.0,5.0,4.0,,,17.0,10.0,33.0,72.0,43.0,,205646.0218,1636180.171,921506.3381,200217.8487,50123.0,70.8192,29.0,33.0,62.3,204.7999268,414165.2643,208519.2425,403391.0738,556267.2643,203173.2251,1,0.5
OAS30264,,,,,15.0,15.0,20.0,18.0,23.0,53.0,69.0,50.0,,,,,,65.5808,30.0,24.0,70.8,139.0,,,,,,0,0.0
OAS30264,,,,,12.0,17.0,28.0,21.0,31.0,66.0,70.0,54.0,195727.838,1369712.86,843083.9138,195437.5498,50559.0,65.5808,28.0,24.0,71.0,135.5,386491.8895,190764.0514,383959.0243,497518.8895,188521.4745,0,0.0
OAS30264,,,,,14.0,14.0,26.0,18.0,19.0,76.0,73.0,54.0,,,,,,65.5808,29.0,24.0,71.5,136.0,,,,,,0,0.0
OAS30264,,,,,16.0,17.0,24.0,18.0,27.0,63.0,67.0,52.0,,,,,,65.5808,30.0,24.0,70.75,135.0,,,,,,0,0.0
OAS30264,10.0,8.0,10.0,7.0,,,23.0,14.0,21.0,69.0,73.0,,,,,,,65.5808,30.0,24.0,71.5,136.0,,,,,,0,0.0
OAS30264,8.0,6.0,7.0,5.0,,,25.0,16.0,28.0,51.0,66.0,,,,,,,65.5808,30.0,24.0,70.7,132.0,,,,,,0,0.0
OAS30264,10.0,8.0,4.0,3.0,,,25.0,15.0,30.0,61.0,60.0,,,,,,,65.5808,30.0,24.0,70.6,134.0,,,,,,0,0.0
OAS30265,,,,,7.0,0.0,17.0,11.0,45.0,148.0,37.0,54.0,204129.4451,1588154.402,977958.284,238069.8497,53789.0,64.3726,21.0,34.0,69.0,202.0,407324.6276,203195.1825,476642.6564,559239.6276,238572.8067,1,0.5
OAS30266,,,,,34.0,,24.0,,46.0,64.0,,,,,,,,55.2274,29.0,,70.0,261.0,,,,,,0,0.0
OAS30267,,,,,4.0,0.0,13.0,10.0,54.0,180.0,,46.0,193263.2975,1326754.26,864128.545,200698.1284,45861.0,74.537,22.0,34.0,63.7,156.0,379737.5134,186474.2159,404835.0316,500763.5134,204136.9033,1,0.5
OAS30267,,,,,3.0,0.0,12.0,10.0,93.0,180.0,20.0,46.0,,,,,,74.537,29.0,34.0,63.2,157.0,,,,,,1,0.5
OAS30269,,,,,13.0,11.0,24.0,10.0,32.0,69.0,40.0,54.0,206300.1512,1634897.668,959265.336,199924.1678,49864.0,67.4959,28.0,44.0,67.0,159.0,416912.3818,210612.2306,403747.9543,572764.3818,203823.7865,0,0.0
OAS30269,,,,,15.0,12.0,27.0,13.0,31.0,81.0,50.0,56.0,,,,,,67.4959,29.0,44.0,67.0,163.0,,,,,,0,0.0
OAS30269,6.0,5.0,4.0,3.0,,,21.0,11.0,39.0,180.0,40.0,,,,,,,67.4959,28.0,44.0,67.5,187.0,,,,,,0,0.0
OAS30269,5.0,5.0,3.0,3.0,,,18.0,8.0,46.0,180.0,31.0,,,,,,,67.4959,28.0,44.0,67.3,175.0,,,,,,0,0.0
OAS30270,11.0,8.0,8.0,5.0,15.0,13.0,21.0,13.0,22.0,85.0,48.0,,172290.2641,1244398.578,799638.0944,189324.4289,46701.0,70.6,30.0,33.0,60.4,135.0,345977.1325,173686.8685,381528.9618,474648.1325,192204.533,0,0.0
OAS30270,8.0,6.0,6.0,5.0,,,26.0,15.0,24.0,71.0,50.0,,,,,,,70.6,29.0,33.0,61.0,141.0,,,,,,0,0.0
OAS30270,12.0,8.0,7.0,5.0,,,22.0,12.0,20.0,84.0,50.0,,,,,,,70.6,29.0,33.0,60.5,137.0,,,,,,0,0.0
OAS30270,7.0,6.0,7.0,5.0,,,26.0,14.0,31.0,80.0,49.0,,,,,,,70.6,29.0,33.0,60.5,143.0,,,,,,0,0.0
OAS30270,,,,,,,25.0,15.0,,,,,,,,,,70.6,,33.0,,,,,,,,0,0.0
OAS30270,10.0,8.0,6.0,5.0,,,19.0,16.0,36.0,71.0,,,,,,,,70.6,30.0,33.0,60.7,136.5999756,,,,,,0,0.0
OAS30272,,,,,18.0,17.0,24.0,20.0,24.0,69.0,67.0,60.0,207271.5524,1442215.45,952492.9397,230529.6736,52825.0,65.7534,29.0,34.0,65.0,138.0,416495.4131,209223.8607,459919.5266,558809.4131,229389.853,0,0.0
OAS30272,,,,,15.0,16.0,26.0,16.0,25.0,59.0,72.0,60.0,,,,,,65.7534,30.0,34.0,65.0,142.0,,,,,,0,0.0
OAS30272,,,,,18.0,18.0,22.0,21.0,18.0,48.0,77.0,60.0,,,,,,65.7534,29.0,34.0,65.0,145.0,,,,,,0,0.0
OAS30272,,,,,16.0,16.0,19.0,18.0,25.0,64.0,75.0,60.0,203960.3779,1416409.195,924620.7413,218000.8677,50795.0,65.7534,30.0,34.0,65.0,145.0,408775.724,204815.3461,437337.0173,545211.724,219336.1497,0,0.0
OAS30272,,,,,15.0,15.0,27.0,20.0,26.0,57.0,71.0,60.0,203960.3779,1416409.195,924620.7413,218000.8677,50795.0,65.7534,29.0,34.0,66.0,144.0,408775.724,204815.3461,437337.0173,545211.724,219336.1497,0,0.0
OAS30272,,,,,19.0,17.0,23.0,15.0,25.0,61.0,72.0,58.0,199127.3453,1411034.631,915243.4978,218576.7002,50942.0,65.7534,30.0,34.0,65.0,142.0,400016.7064,200889.3611,434016.7914,536205.7064,215440.0911,0,0.0
OAS30272,7.0,7.0,6.0,4.0,,,25.0,18.0,24.0,64.0,68.0,,199127.3453,1411034.631,915243.4978,218576.7002,50942.0,65.7534,30.0,34.0,65.0,140.5,400016.7064,200889.3611,434016.7914,536205.7064,215440.0911,0,0.0
OAS30272,9.0,7.0,6.0,5.0,,,20.0,16.0,27.0,60.0,67.0,,,,,,,65.7534,30.0,34.0,64.7,135.0,,,,,,0,0.0
OAS30272,7.0,6.0,6.0,5.0,,,18.0,15.0,,,,,,,,,,65.7534,,34.0,,,,,,,,0,0.0
OAS30273,,,,,21.0,,15.0,,25.0,108.0,,,213169.2651,1620610.179,1047203.149,255154.7344,183975.0,61.8493,26.0,44.0,73.0,225.0,432535.2888,219366.0237,516726.5781,616510.2888,261571.8438,0,0.0
OAS30273,,,,,25.0,,15.0,,28.0,93.0,,,201723.1406,1611448.672,946432.4894,221092.2561,45090.0,61.8493,26.0,44.0,73.0,206.0,410047.317,208324.1764,447067.1724,550152.317,225974.9163,1,0.5
OAS30273,,,,,17.0,,14.0,,36.0,85.0,,,201723.1406,1611448.672,946432.4894,221092.2561,45090.0,61.8493,23.0,44.0,73.5,210.0,410047.317,208324.1764,447067.1724,550152.317,225974.9163,1,0.5
OAS30273,,,,,14.0,,12.0,,35.0,87.0,,,188745.6529,1597516.217,916266.8373,212136.4907,42890.0,61.8493,21.0,44.0,71.5,220.0,387431.7934,198686.1405,431955.0439,522064.7934,219818.5531,1,0.5
OAS30274,,,,,32.0,,25.0,,15.0,34.0,,,,,,,,53.5753,30.0,33.0,67.5,117.0,,,,,,0,0.0
OAS30274,,,,,42.0,,23.0,,17.0,59.0,,,,,,,,53.5753,30.0,33.0,67.0,114.0,,,,,,0,0.0
OAS30274,,,,,42.0,,26.0,,18.0,48.0,,,188221.5896,1395799.607,851323.3096,195628.8821,46246.0,53.5753,30.0,33.0,66.8,126.0,378050.6149,189829.0253,389773.6947,511661.6149,194144.8127,0,0.0
OAS30275,,,,,27.0,,23.0,,17.0,41.0,,,194626.8159,1191262.946,797753.5813,176267.7834,48048.0,65.0904,27.0,33.0,66.0,142.0,387569.3276,192942.5117,352065.2537,519574.3276,175797.4703,0,0.0
OAS30275,,,,,15.0,17.0,19.0,14.0,19.0,65.0,59.0,56.0,196199.0141,1177022.463,796622.3007,174986.9529,48512.0,65.0904,30.0,33.0,65.5,160.0,389385.2755,193186.2614,348411.0252,522329.2755,173424.0723,0,0.0
OAS30275,,,,,14.0,13.0,18.0,14.0,20.0,48.0,58.0,58.0,,,,,,65.0904,29.0,33.0,66.0,161.0,,,,,,0,0.0
OAS30276,,,,,32.0,,22.0,,26.0,40.0,,,,,,,,57.1726,30.0,23.0,61.5,147.0,,,,,,0,0.0
OAS30276,,,,,29.0,,26.0,,31.0,37.0,,,212265.3407,1398605.081,906315.0105,201475.3343,55679.0,57.1726,29.0,23.0,61.0,141.0,425167.3512,212902.0105,405048.6594,561776.3512,203573.325,0,0.0
OAS30276,,,,,35.0,,31.0,,27.0,39.0,,,200739.8191,1408297.561,893806.3315,207612.7788,53870.0,57.1726,30.0,23.0,61.5,129.0,402723.0705,201983.2514,415098.261,537188.0705,207485.4822,0,0.0
OAS30276,,,,,30.0,,23.0,,23.0,34.0,,,200739.8191,1408297.561,893806.3315,207612.7788,53870.0,57.1726,30.0,23.0,61.5,137.0,402723.0705,201983.2514,415098.261,537188.0705,207485.4822,0,0.0
OAS30276,,,,,32.0,,24.0,,22.0,32.0,,,,,,,,57.1726,30.0,23.0,61.5,144.0,,,,,,0,0.0
OAS30276,,,,,34.0,,24.0,,25.0,46.0,,,,,,,,57.1726,30.0,23.0,61.25,140.0,,,,,,0,0.0
OAS30276,,,,,30.0,,20.0,,19.0,42.0,,,,,,,,57.1726,29.0,23.0,61.75,126.0,,,,,,0,0.0
OAS30277,11.0,8.0,5.0,4.0,,,9.0,8.0,45.0,76.0,36.0,,,,,,,72.463,28.0,24.0,63.0,207.0,,,,,,0,0.0
OAS30277,10.0,8.0,6.0,4.0,,,15.0,9.0,53.0,,34.0,,,,,,,72.463,30.0,24.0,62.7,193.7999268,,,,,,0,0.0
OAS30277,6.0,5.0,9.0,6.0,,,10.0,9.0,,,,,,,,,,72.463,,24.0,,,,,,,,0,0.0
OAS30280,,,,,14.0,15.0,27.0,13.0,22.0,119.0,43.0,50.0,246115.3526,1813465.513,1135049.175,258392.9719,56648.0,72.1836,28.0,33.0,70.0,212.0,497369.781,251254.4284,518734.3937,636010.781,260341.4218,0,0.0
OAS30280,,,,,10.0,9.0,23.0,13.0,24.0,117.0,43.0,46.0,246115.3526,1813465.513,1135049.175,258392.9719,56648.0,72.1836,27.0,33.0,70.0,222.0,497369.781,251254.4284,518734.3937,636010.781,260341.4218,0,0.0
OAS30280,,,,,12.0,10.0,22.0,13.0,23.0,,50.0,52.0,,,,,,72.1836,29.0,33.0,69.0,223.0,,,,,,0,0.0
OAS30280,,,,,12.0,12.0,23.0,9.0,21.0,91.0,39.0,50.0,,,,,,72.1836,27.0,33.0,69.5,230.0,,,,,,0,0.0
OAS30280,2.0,3.0,5.0,4.0,,,24.0,6.0,,,,,,,,,,72.1836,26.0,33.0,69.0,232.0,,,,,,0,0.0
OAS30280,5.0,5.0,6.0,5.0,,,20.0,6.0,37.0,,,,,,,,,72.1836,27.0,33.0,70.0,223.5999756,,,,,,0,0.0
OAS30281,5.0,5.0,4.0,4.0,0.0,0.0,8.0,6.0,150.0,,3.0,,170342.6247,1449233.634,820765.4375,197655.0863,42286.0,73.8,18.0,34.0,70.0,209.0,338838.5082,168495.8835,403407.9293,458722.5082,205752.843,2,1.0
OAS30282,,,,,5.0,3.0,8.0,5.0,,,20.0,36.0,164948.0416,1419152.159,723970.9151,149542.3931,41100.0,82.4521,24.0,23.0,68.0,185.0,328168.8386,163220.797,298033.0765,459708.8386,148490.6834,2,1.0
OAS30282,,,,,2.0,0.0,8.0,3.0,180.0,,,42.0,164948.0416,1419152.159,723970.9151,149542.3931,41100.0,82.4521,16.0,23.0,67.5,182.0,328168.8386,163220.797,298033.0765,459708.8386,148490.6834,2,1.0
OAS30282,,,,,4.0,2.0,6.0,1.0,180.0,,5.0,38.0,,,,,,82.4521,14.0,23.0,88.8,182.0,,,,,,2,1.0
OAS30283,,,,,17.0,20.0,17.0,20.0,48.0,86.0,48.0,54.0,169251.9979,1376509.864,845706.7551,211149.3676,47900.0,73.9233,30.0,33.0,66.7,95.0,343427.2296,174175.2317,421880.5256,461636.2296,210731.158,0,0.0
OAS30283,,,,,19.0,21.0,17.0,19.0,36.0,72.0,49.0,58.0,176614.7068,1368028.809,844093.7478,204407.4344,46158.0,73.9233,30.0,33.0,66.0,104.0,353948.8589,177334.1521,408990.8889,468374.8589,204583.4546,0,0.0
OAS30283,,,,,18.0,17.0,16.0,19.0,33.0,78.0,44.0,52.0,,,,,,73.9233,30.0,33.0,64.7,108.0,,,,,,0,0.0
OAS30283,,,,,22.0,20.0,16.0,20.0,47.0,93.0,45.0,56.0,,,,,,73.9233,30.0,33.0,65.5,116.0,,,,,,0,0.0
OAS30283,,,,,20.0,18.0,19.0,18.0,51.0,91.0,45.0,58.0,164752.7556,1307027.036,814470.9743,198872.4134,43210.0,73.9233,28.0,33.0,64.5,120.0,330278.2518,165525.4962,395609.7225,437328.2518,196737.3091,0,0.0
OAS30283,13.0,9.0,13.0,8.0,,,16.0,15.0,37.0,69.0,46.0,,164752.7556,1307027.036,814470.9743,198872.4134,43210.0,73.9233,28.0,33.0,64.7,110.0,330278.2518,165525.4962,395609.7225,437328.2518,196737.3091,0,0.0
OAS30283,11.0,9.0,10.0,7.0,,,22.0,21.0,38.0,87.0,45.0,,152643.9632,1312993.687,801814.76,203740.6782,42952.0,73.9233,30.0,33.0,64.7,98.39996338,309129.4167,156485.4535,401015.3433,423439.4167,197274.6651,0,0.0
OAS30283,13.0,9.0,12.0,8.0,,,23.0,19.0,42.0,61.0,43.0,,158605.8546,1481157.861,813036.7704,205016.4817,43619.0,73.9233,30.0,33.0,64.0,100.0,319587.8305,160981.9758,402707.9399,434132.8305,197691.4582,0,0.0
OAS30283,13.0,9.0,14.0,8.0,,,17.0,14.0,,,,,158605.8546,1481157.861,813036.7704,205016.4817,43619.0,73.9233,,33.0,,,319587.8305,160981.9758,402707.9399,434132.8305,197691.4582,0,0.0
OAS30284,,,,,,,30.0,,26.0,53.0,64.0,60.0,202168.0186,1304262.894,931755.8159,215208.3906,169296.0,54.5562,30.0,23.0,,140.0,404046.954,201878.9354,429215.2969,573342.954,214006.9063,0,0.0
OAS30284,,,,,41.0,,21.0,,19.0,68.0,,,,,,,,54.5562,29.0,23.0,63.5,142.0,,,,,,0,0.0
OAS30284,,,,,38.0,,25.0,,25.0,53.0,,,,,,,,54.5562,29.0,23.0,63.0,158.0,,,,,,0,0.0
OAS30284,,,,,40.0,,20.0,,23.0,61.0,,,186269.955,1326505.807,827183.7999,188598.9053,53675.0,54.5562,29.0,23.0,63.0,158.0,371485.2301,185215.2752,377942.5698,507617.2301,189343.6644,0,0.0
OAS30284,13.0,9.0,8.0,5.0,,,19.0,21.0,,,,,,,,,,54.5562,,23.0,,,,,,,,0,0.0
OAS30285,,,,,29.0,,24.0,,10.0,19.0,,,203693.7229,1344632.772,887055.5362,208905.6675,50668.0,45.663,30.0,44.0,65.5,127.0,405815.6945,202121.9716,417080.8417,552831.6945,208175.1742,0,0.0
OAS30285,,,,,27.0,,32.0,,15.0,37.0,,,,,,,,45.663,29.0,44.0,,,,,,,,0,0.0
OAS30285,,,,,21.0,,28.0,,11.0,24.0,,,,,,,,45.663,29.0,44.0,65.4,128.0,,,,,,0,0.0
OAS30285,,,,,20.0,,28.0,,13.0,25.0,,,,,,,,45.663,30.0,44.0,65.5,133.0,,,,,,0,0.0
OAS30285,10.0,7.0,12.0,8.0,,,28.0,21.0,,,,,,,,,,45.663,,44.0,,,,,,,,0,0.0
OAS30286,,,,,0.0,0.0,13.0,7.0,42.0,95.0,44.0,58.0,197255.747,1638118.621,965522.2201,226562.7461,51019.0,62.6849,19.0,34.0,68.5,174.0,409312.1037,212056.3568,459472.1164,569650.1037,232909.3702,2,1.0
OAS30286,,,,,0.0,0.0,15.0,8.0,40.0,119.0,43.0,60.0,,,,,,62.6849,20.0,34.0,68.0,181.0,,,,,,2,1.0
OAS30287,,,,,14.0,13.0,19.0,6.0,35.0,80.0,41.0,56.0,,,,,,71.8329,30.0,33.0,72.5,230.0,,,,,,1,0.5
OAS30287,,,,,12.0,14.0,15.0,6.0,49.0,97.0,41.0,58.0,,,,,,71.8329,30.0,33.0,71.8,230.0,,,,,,1,0.5
OAS30287,,,,,11.0,10.0,10.0,7.0,42.0,180.0,35.0,50.0,186228.4236,1683190.635,934837.6387,206661.3058,45913.0,71.8329,23.0,33.0,99.9,999.0,376843.7987,190615.3751,418208.84,523435.7987,211547.5341,1,0.5
OAS30287,,,,,13.0,11.0,8.0,6.0,39.0,180.0,32.0,54.0,186228.4236,1683190.635,934837.6387,206661.3058,45913.0,71.8329,29.0,33.0,99.0,999.0,376843.7987,190615.3751,418208.84,523435.7987,211547.5341,1,0.5
OAS30287,,,,,7.0,8.0,5.0,5.0,52.0,180.0,34.0,52.0,,,,,,71.8329,22.0,33.0,71.0,220.0,,,,,,2,1.0
OAS30288,,,,,,,24.0,,35.0,53.0,64.0,60.0,,,,,,50.7945,30.0,34.0,,191.0,,,,,,0,0.0
OAS30288,,,,,37.0,,19.0,,22.0,46.0,,,256550.3839,1743245.822,1170750.78,299702.6875,203907.9332,50.7945,30.0,34.0,67.7,172.0,509911.9248,253361.5409,596078.9531,713819.858,296376.2656,0,0.0
OAS30288,,,,,37.0,,17.0,,35.0,42.0,,,,,,,,50.7945,30.0,34.0,68.0,180.0,,,,,,0,0.0
OAS30288,,,,,35.0,,20.0,,18.0,38.0,,,252916.7351,1755926.377,1153386.811,275398.278,60622.0,50.7945,29.0,34.0,68.0,184.0,502002.9264,249086.1913,550305.8841,661649.9264,274907.6061,0,0.0
OAS30288,,,,,38.0,,19.0,,27.0,54.0,,,,,,,,50.7945,30.0,34.0,68.0,191.1999512,,,,,,0,0.0
OAS30288,11.0,8.0,6.0,4.0,,,17.0,17.0,,,,,,,,,,50.7945,,34.0,,,,,,,,0,0.0
OAS30291,,,,,13.0,13.0,28.0,27.0,25.0,75.0,69.0,60.0,,,,,,66.3562,29.0,33.0,62.0,124.0,,,,,,0,0.0
OAS30291,,,,,14.0,12.0,18.0,15.0,25.0,47.0,69.0,60.0,,,,,,66.3562,29.0,33.0,62.0,121.0,,,,,,0,0.0
OAS30291,,,,,14.0,17.0,25.0,16.0,23.0,71.0,,60.0,205850.2952,1498484.183,954555.018,204819.9998,47818.0,66.3562,29.0,33.0,62.0,120.0,415080.514,209230.2188,411817.504,547414.514,206997.5042,0,0.0
OAS30291,,,,,14.0,14.0,23.0,21.0,23.0,50.0,71.0,60.0,205850.2952,1498484.183,954555.018,204819.9998,47818.0,66.3562,30.0,33.0,62.0,112.0,415080.514,209230.2188,411817.504,547414.514,206997.5042,0,0.0
OAS30291,,,,,15.0,17.0,28.0,17.0,19.0,72.0,72.0,60.0,,,,,,66.3562,27.0,33.0,62.0,117.0,,,,,,0,0.0
OAS30291,8.0,6.0,6.0,4.0,,,24.0,18.0,23.0,65.0,74.0,,198256.3617,1508415.508,939941.6645,197091.3211,46477.0,66.3562,30.0,33.0,62.0,118.0,401088.7832,202832.4215,396980.8813,528436.7832,199889.5602,0,0.0
OAS30291,11.0,8.0,7.0,5.0,,,26.0,17.0,21.0,57.0,74.0,,198256.3617,1508415.508,939941.6645,197091.3211,46477.0,66.3562,30.0,33.0,62.0,115.0,401088.7832,202832.4215,396980.8813,528436.7832,199889.5602,0,0.0
OAS30293,,,,,33.0,,23.0,,12.0,50.0,,,249737.3122,1593116.661,1059850.513,234339.0643,56835.0,56.7205,30.0,33.0,60.0,143.0,496816.12,247078.8078,468500.3933,646217.12,234161.3289,0,0.0
OAS30293,,,,,33.0,,25.0,,40.0,43.0,,,,,,,,56.7205,30.0,33.0,59.5,146.0,,,,,,0,0.0
OAS30294,,,,,14.0,11.0,13.0,11.0,57.0,143.0,30.0,54.0,186542.1079,1457414.034,829012.8165,188094.6884,48345.0,82.5726,28.0,33.0,60.0,105.0,370656.8597,184114.7517,373529.9569,502359.8597,185435.2684,0,0.0
OAS30296,,,,,11.0,10.0,18.0,17.0,28.0,73.0,49.0,56.0,157965.2125,1156455.544,739084.1265,165051.408,43136.0,88.7507,27.0,34.0,58.5,106.0,325931.534,167966.3214,339402.5926,433710.534,174351.1846,0,0.0
OAS30296,,,,,14.0,13.0,23.0,19.0,43.0,75.0,54.0,48.0,,,,,,88.7507,30.0,34.0,58.0,100.0,,,,,,0,0.0
OAS30296,,,,,10.0,11.0,21.0,17.0,23.0,92.0,42.0,46.0,,,,,,88.7507,29.0,34.0,58.0,94.0,,,,,,0,0.0
OAS30297,,,,,,,21.0,,31.0,49.0,64.0,53.0,205247.1984,1264942.729,882176.9237,217714.5469,171932.9749,49.0932,30.0,33.0,,119.0,407885.5957,202638.3973,432988.1406,579818.5707,215273.5938,0,0.0
OAS30297,,,,,30.0,,20.0,,25.0,51.0,,,,,,,,49.0932,30.0,33.0,62.0,116.0,,,,,,0,0.0
OAS30297,,,,,32.0,,21.0,,20.0,43.0,,,207283.9522,1219251.247,888602.0259,202904.6171,53811.0,49.0932,30.0,33.0,61.5,121.0,413081.215,205797.2628,405406.8109,565069.215,202502.1939,0,0.0
OAS30298,,,,,9.0,6.0,7.0,10.0,45.0,180.0,22.0,46.0,166745.4377,1389868.404,781981.8527,161851.2523,45939.0,79.2,28.0,34.0,62.0,121.0,335130.6823,168385.2446,324686.1704,447307.6823,162834.9181,1,0.5
OAS30298,,,,,8.0,1.0,9.0,9.0,40.0,180.0,21.0,48.0,166745.4377,1389868.404,781981.8527,161851.2523,45939.0,79.2,27.0,34.0,62.0,130.0,335130.6823,168385.2446,324686.1704,447307.6823,162834.9181,1,0.5
OAS30298,,,,,9.0,4.0,10.0,13.0,47.0,180.0,24.0,48.0,,,,,,79.2,26.0,34.0,62.0,128.0,,,,,,1,0.5
OAS30299,,,,,12.0,11.0,21.0,19.0,24.0,54.0,68.0,48.0,205515.5989,1551887.573,938426.193,219032.9712,50024.0,75.0356,27.0,33.0,63.0,218.0,414994.9321,209479.3332,439422.2609,562961.9321,220389.2897,0,0.0
OAS30299,,,,,15.0,14.0,26.0,17.0,27.0,73.0,67.0,56.0,,,,,,75.0356,26.0,33.0,99.9,999.0,,,,,,0,0.0
OAS30300,,,,,24.0,,30.0,,30.0,83.0,,,205874.3641,1512335.586,958541.4933,225910.5505,53362.0,56.1452,30.0,34.0,66.0,196.0,416248.5897,210374.2257,452218.9035,554299.5897,226308.353,0,0.0
OAS30302,,,,,8.0,3.0,16.0,10.0,28.0,143.0,40.0,56.0,187988.5143,1723822.312,970077.9399,208812.7081,48738.0,85.3753,29.0,33.0,65.5,149.0,379940.4098,191951.8956,421980.53,520396.4098,213167.8219,0,0.0
OAS30302,,,,,4.0,7.0,14.0,7.0,51.0,88.0,35.0,58.0,187988.5143,1723822.312,970077.9399,208812.7081,48738.0,85.3753,29.0,33.0,64.5,147.0,379940.4098,191951.8956,421980.53,520396.4098,213167.8219,0,0.0
OAS30302,,,,,9.0,9.0,11.0,15.0,40.0,124.0,42.0,56.0,,,,,,85.3753,27.0,33.0,65.0,147.0,,,,,,0,0.0
OAS30302,,,,,8.0,6.0,10.0,9.0,37.0,175.0,43.0,48.0,,,,,,85.3753,28.0,33.0,64.0,146.0,,,,,,0,0.0
OAS30302,,,,,4.0,5.0,16.0,12.0,59.0,180.0,29.0,52.0,,,,,,85.3753,26.0,33.0,63.5,133.0,,,,,,0,0.0
OAS30303,,,,,,,17.0,,180.0,87.0,54.0,48.0,,,,,,58.2192,30.0,33.0,,131.0,,,,,,0,0.0
OAS30303,,,,,,,21.0,,35.0,61.0,56.0,56.0,,,,,,58.2192,30.0,33.0,,133.0,,,,,,0,0.0
OAS30303,,,,,,,18.0,,23.0,67.0,57.0,54.0,104062.7942,1552888.881,1235124.711,481074.0156,165870.1946,58.2192,30.0,33.0,,133.0,212882.3401,108819.5459,963573.7656,378752.5347,482499.75,0,0.0
OAS30303,,,,,13.0,13.0,21.0,13.0,27.0,48.0,55.0,52.0,104062.7942,1552888.881,1235124.711,481074.0156,165870.1946,58.2192,29.0,33.0,66.0,131.0,212882.3401,108819.5459,963573.7656,378752.5347,482499.75,0,0.0
OAS30303,,,,,13.0,15.0,17.0,16.0,19.0,61.0,54.0,56.0,,,,,,58.2192,30.0,33.0,66.0,134.0,,,,,,0,0.0
OAS30303,,,,,12.0,13.0,18.0,12.0,36.0,91.0,58.0,56.0,220950.1101,1463433.55,940410.7877,212686.4627,50397.0,58.2192,29.0,33.0,65.5,131.0,446697.3362,225747.2261,423272.4515,581308.3362,210585.9888,0,0.0
OAS30303,,,,,17.0,15.0,15.0,18.0,28.0,84.0,52.0,48.0,220950.1101,1463433.55,940410.7877,212686.4627,50397.0,58.2192,30.0,33.0,66.0,134.0,446697.3362,225747.2261,423272.4515,581308.3362,210585.9888,0,0.0
OAS30303,,,,,14.0,15.0,19.0,11.0,19.0,60.0,57.0,48.0,217824.3667,1451027.693,934722.3334,210856.7882,49583.0,58.2192,30.0,33.0,66.0,135.0,439865.3739,222041.0072,422627.9595,571042.3739,211771.1713,0,0.0
OAS30303,,,,,17.0,17.0,16.0,10.0,29.0,61.0,55.0,50.0,217824.3667,1451027.693,934722.3334,210856.7882,49583.0,58.2192,30.0,33.0,66.0,138.0,439865.3739,222041.0072,422627.9595,571042.3739,211771.1713,0,0.0
OAS30303,,,,,18.0,17.0,13.0,15.0,18.0,79.0,62.0,54.0,,,,,,58.2192,30.0,33.0,66.0,131.0,,,,,,0,0.0
OAS30303,,,,,14.0,14.0,14.0,10.0,20.0,53.0,57.0,52.0,,,,,,58.2192,30.0,33.0,66.0,128.0,,,,,,0,0.0
OAS30303,,,,,17.0,18.0,15.0,17.0,23.0,84.0,52.0,50.0,,,,,,58.2192,30.0,33.0,65.0,124.0,,,,,,0,0.0
OAS30303,,,,,12.0,13.0,15.0,15.0,30.0,65.0,59.0,50.0,,,,,,58.2192,30.0,33.0,65.5,128.0,,,,,,0,0.0
OAS30303,,,,,15.0,16.0,14.0,14.0,22.0,98.0,55.0,48.0,,,,,,58.2192,30.0,33.0,67.0,126.0,,,,,,0,0.0
OAS30303,,,,,16.0,15.0,15.0,13.0,21.0,63.0,55.0,48.0,,,,,,58.2192,30.0,33.0,65.0,128.0,,,,,,0,0.0
OAS30303,4.0,4.0,4.0,3.0,,,12.0,12.0,31.0,86.0,51.0,,,,,,,58.2192,30.0,33.0,65.5,130.0,,,,,,0,0.0
OAS30303,8.0,6.0,6.0,5.0,,,18.0,15.0,39.0,80.0,49.0,,,,,,,58.2192,30.0,33.0,65.0,129.0,,,,,,0,0.0
OAS30303,6.0,5.0,6.0,4.0,,,18.0,15.0,,,,,,,,,,58.2192,,33.0,,,,,,,,0,0.0
OAS30303,6.0,5.0,7.0,5.0,,,12.0,14.0,,,,,,,,,,58.2192,,33.0,,,,,,,,0,0.0
OAS30304,12.0,9.0,6.0,5.0,15.0,12.0,25.0,17.0,34.0,43.0,60.0,,245468.6378,1666847.297,1105077.122,264755.0022,61838.0,68.737,29.0,23.0,67.75,162.0,489283.8387,243815.2008,532081.2833,659959.8387,267326.2811,0,0.0
OAS30304,12.0,9.0,9.0,6.0,,,29.0,22.0,30.0,55.0,60.0,,245468.6378,1666847.297,1105077.122,264755.0022,61838.0,68.737,30.0,23.0,67.5,166.0,489283.8387,243815.2008,532081.2833,659959.8387,267326.2811,0,0.0
OAS30304,9.0,7.0,9.0,7.0,,,27.0,17.0,29.0,73.0,58.0,,,,,,,68.737,30.0,23.0,68.5,169.0,,,,,,0,0.0
OAS30304,10.0,7.0,6.0,4.0,,,29.0,14.0,27.0,60.0,55.0,,240332.8566,1690348.021,1106525.289,271644.0967,62542.0,68.737,30.0,23.0,67.5,164.0,476403.1359,236070.2793,549038.1531,653004.1359,277394.0564,0,0.0
OAS30304,9.0,7.0,6.0,5.0,,,25.0,20.0,27.0,58.0,56.0,,240332.8566,1690348.021,1106525.289,271644.0967,62542.0,68.737,30.0,23.0,67.5,165.0,476403.1359,236070.2793,549038.1531,653004.1359,277394.0564,0,0.0
OAS30305,,,,,15.0,16.0,13.0,8.0,37.0,86.0,34.0,60.0,220187.8365,1464467.232,887737.8057,180822.8361,49503.0,71.2192,30.0,33.0,66.0,150.0,442597.8723,222410.0358,359896.9334,583109.8723,179074.0974,0,0.0
OAS30306,,,,,10.0,13.0,20.0,12.0,19.0,61.0,59.0,56.0,222065.5254,1615036.555,955792.7205,206216.4199,51295.0,72.4027,30.0,33.0,70.0,209.0,445217.6208,223152.0953,415673.0998,586624.6208,209456.6799,0,0.0
OAS30306,,,,,12.0,12.0,22.0,15.0,17.0,66.0,62.0,56.0,214464.3624,1574309.176,943676.9794,205414.1017,51098.0,72.4027,29.0,33.0,70.0,197.5,429629.919,215165.5565,418030.0604,561727.919,212615.9587,0,0.0
OAS30307,,,,,17.0,16.0,16.0,10.0,32.0,81.0,47.0,58.0,206700.3027,1634320.667,956600.9072,218821.3988,57848.0,77.4027,30.0,33.0,70.0,172.0,419698.0541,212997.7515,437415.8531,575726.0541,218594.4543,0,0.0
OAS30307,,,,,18.0,15.0,18.0,13.0,41.0,73.0,52.0,56.0,,,,,,77.4027,30.0,33.0,69.0,174.0,,,,,,0,0.0
OAS30307,,,,,16.0,15.0,21.0,12.0,26.0,75.0,49.0,60.0,,,,,,77.4027,30.0,33.0,70.0,177.0,,,,,,0,0.0
OAS30307,,,,,20.0,18.0,22.0,9.0,38.0,91.0,38.0,56.0,208341.6396,1573463.053,939504.5074,199697.2624,59168.0,77.4027,30.0,33.0,69.5,181.0,418200.6658,209859.0262,413072.8415,570824.6658,213375.5792,0,0.0
OAS30307,,,,,13.0,13.0,18.0,15.0,35.0,82.0,48.0,56.0,208341.6396,1573463.053,939504.5074,199697.2624,59168.0,77.4027,30.0,33.0,69.5,178.0,418200.6658,209859.0262,413072.8415,570824.6658,213375.5792,0,0.0
OAS30307,7.0,6.0,9.0,6.0,,,24.0,10.0,50.0,76.0,40.0,,,,,,,77.4027,30.0,33.0,69.5,173.0,,,,,,0,0.0
OAS30307,6.0,6.0,6.0,5.0,,,21.0,12.0,,,,,,,,,,77.4027,,33.0,,,,,,,,0,0.0
OAS30308,,,,,34.0,,30.0,,22.0,54.0,,,208954.4022,1404799.729,947519.5162,221317.8829,54795.0,55.811,30.0,34.0,64.0,187.0,414318.2759,205363.8736,439607.2403,567594.2759,218289.3575,0,0.0
OAS30308,,,,,37.0,,29.0,,25.0,76.0,,,,,,,,55.811,30.0,34.0,65.5,187.0,,,,,,0,0.0
OAS30309,,,,,19.0,18.0,18.0,16.0,32.0,78.0,55.0,58.0,210623.5746,1227911.991,896509.7196,200722.7723,51734.0,65.9014,30.0,23.0,64.5,173.0,423095.0792,212471.5046,398547.6404,554333.0792,197824.8681,0,0.0
OAS30310,,,,,9.0,9.0,13.0,15.0,40.0,136.0,41.0,52.0,179703.1778,1342359.026,809541.492,187803.2675,50355.0,86.9014,29.0,23.0,62.5,110.0,356164.3465,176461.1687,374068.1455,488569.3465,186264.878,0,0.0
OAS30311,,,,,8.0,7.0,5.0,9.0,36.0,121.0,36.0,50.0,182413.2047,1339885.952,834089.7741,201601.6057,49860.0,66.5836,28.0,33.0,67.0,205.0,362894.2011,180480.9964,402411.573,488590.2011,200809.9673,1,0.5
OAS30311,,,,,15.0,7.0,6.0,8.0,49.0,97.0,40.0,50.0,182413.2047,1339885.952,834089.7741,201601.6057,49860.0,66.5836,29.0,33.0,66.0,200.0,362894.2011,180480.9964,402411.573,488590.2011,200809.9673,1,0.5
OAS30312,7.0,6.0,2.0,2.0,16.0,12.0,12.0,9.0,91.0,,19.0,,164698.7463,1370736.872,788077.5106,174513.2381,46398.0,76.2603,25.0,23.0,63.0,132.0,332078.0777,167379.3314,346063.4329,464764.0777,171550.1948,1,0.5
OAS30312,6.0,5.0,5.0,4.0,12.0,12.0,8.0,9.0,107.0,180.0,10.0,,164698.7463,1370736.872,788077.5106,174513.2381,46398.0,76.2603,25.0,23.0,63.0,131.0,332078.0777,167379.3314,346063.4329,464764.0777,171550.1948,2,1.0
OAS30313,,,,,10.0,8.0,13.0,11.0,34.0,59.0,38.0,56.0,230825.5389,1650190.833,1045335.991,252226.4471,56497.0,67.937,28.0,34.0,65.7,184.0,459443.1493,228617.6103,501370.8412,624457.1493,249144.3941,1,0.5
OAS30313,,,,,8.0,5.0,11.0,4.0,39.0,79.0,38.0,56.0,,,,,,67.937,23.0,34.0,65.0,190.0,,,,,,1,0.5
OAS30314,,,,,,,,,29.0,,67.0,59.0,,,,,,56.6,,34.0,,,,,,,,0,0.0
OAS30314,,,,,,,,,26.0,,67.0,59.0,,,,,,56.6,,34.0,,,,,,,,1,0.5
OAS30314,,,,,,,,,35.0,,72.0,60.0,,,,,,56.6,,34.0,,,,,,,,1,0.5
OAS30314,,,,,,,,,21.0,42.0,70.0,60.0,,,,,,56.6,,34.0,,154.0,,,,,,1,0.5
OAS30314,,,,,,,,,24.0,46.0,64.0,60.0,,,,,,56.6,,34.0,,152.0,,,,,,0,0.0
OAS30314,,,,,,,,,20.0,51.0,63.0,59.0,,,,,,56.6,,34.0,,,,,,,,0,0.0
OAS30314,,,,,,,30.0,,20.0,74.0,65.0,59.0,,,,,,56.6,30.0,34.0,,160.0,,,,,,0,0.0
OAS30314,,,,,,,30.0,,18.0,55.0,50.0,59.0,,,,,,56.6,30.0,34.0,,159.0,,,,,,0,0.0
OAS30314,,,,,,,27.0,,19.0,72.0,51.0,60.0,,,,,,56.6,30.0,34.0,,140.0,,,,,,0,0.0
OAS30314,,,,,,,26.0,,30.0,52.0,63.0,60.0,,,,,,56.6,30.0,34.0,,148.0,,,,,,1,0.5
OAS30314,,,,,,,30.0,,42.0,56.0,57.0,59.0,,,,,,56.6,29.0,34.0,,148.0,,,,,,0,0.0
OAS30314,,,,,,,30.0,,22.0,62.0,54.0,60.0,,,,,,56.6,30.0,34.0,,147.0,,,,,,0,0.0
OAS30314,,,,,,,29.0,,41.0,68.0,56.0,60.0,180755.732,1408717.481,843741.6933,203363.1406,158992.2414,56.6,30.0,34.0,,147.0,364625.5319,183869.7999,407723.2813,523617.7733,204360.1406,1,0.5
OAS30314,,,,,20.0,20.0,31.0,25.0,25.0,72.0,48.0,60.0,201829.9887,1494935.472,855404.8193,168630.3209,49613.0,56.6,29.0,34.0,65.0,145.0,406518.7695,204688.7808,343333.0497,545174.7695,174702.7289,0,0.0
OAS30314,,,,,19.0,19.0,26.0,18.0,27.0,79.0,51.0,58.0,189622.806,1522785.936,857808.2704,179392.5841,48748.0,56.6,30.0,34.0,64.5,143.0,382233.3635,192610.5575,363007.9069,525453.3635,183615.3228,0,0.0
OAS30314,,,,,19.0,18.0,23.0,21.0,45.0,74.0,42.0,58.0,189622.806,1522785.936,857808.2704,179392.5841,48748.0,56.6,30.0,34.0,65.0,149.0,382233.3635,192610.5575,363007.9069,525453.3635,183615.3228,0,0.0
OAS30314,,,,,13.0,15.0,21.0,16.0,33.0,77.0,42.0,58.0,,,,,,56.6,30.0,34.0,64.7,143.0,,,,,,1,0.5
OAS30314,,,,,20.0,21.0,20.0,15.0,26.0,86.0,45.0,54.0,,,,,,56.6,30.0,34.0,64.0,149.0,,,,,,1,0.5
OAS30314,,,,,17.0,16.0,15.0,15.0,42.0,165.0,32.0,58.0,,,,,,56.6,29.0,34.0,64.0,151.0,,,,,,1,0.5
OAS30314,,,,,18.0,17.0,15.0,13.0,52.0,179.0,33.0,54.0,,,,,,56.6,30.0,34.0,64.0,142.0,,,,,,1,0.5
OAS30314,,,,,15.0,15.0,11.0,9.0,77.0,180.0,29.0,48.0,,,,,,56.6,26.0,34.0,64.0,134.0,,,,,,2,1.0
OAS30314,,,,,12.0,14.0,4.0,,75.0,180.0,16.0,36.0,,,,,,56.6,29.0,34.0,63.5,137.0,,,,,,2,1.0
OAS30315,,,,,16.0,12.0,14.0,10.0,47.0,103.0,25.0,50.0,,,,,,77.4027,27.0,33.0,70.0,234.0,,,,,,2,1.0
OAS30315,,,,,8.0,4.0,11.0,6.0,61.0,180.0,9.0,54.0,,,,,,77.4027,24.0,33.0,70.0,238.0,,,,,,2,1.0
OAS30315,,,,,8.0,4.0,7.0,7.0,78.0,180.0,3.0,54.0,,,,,,77.4027,21.0,33.0,69.5,238.0,,,,,,2,1.0
OAS30315,5.0,5.0,2.0,2.0,,,4.0,3.0,100.0,180.0,,,,,,,,77.4027,20.0,33.0,69.5,238.0,,,,,,2,1.0
OAS30316,,,,,11.0,11.0,13.0,9.0,53.0,180.0,19.0,56.0,219730.0964,1710576.044,1016186.972,223523.1481,52798.0,69.3123,24.0,33.0,67.0,162.0,435000.6047,215270.5083,443637.3677,581733.6047,220114.2197,1,0.5
OAS30316,,,,,17.0,10.0,12.0,6.0,53.0,180.0,11.0,48.0,,,,,,69.3123,25.0,33.0,67.0,161.0,,,,,,1,0.5
OAS30316,,,,,12.0,11.0,7.0,4.0,180.0,,,46.0,,,,,,69.3123,19.0,33.0,67.0,153.0,,,,,,2,1.0
OAS30316,11.0,8.0,4.0,3.0,,,18.0,4.0,180.0,180.0,,,,,,,,69.3123,22.0,33.0,67.0,160.0,,,,,,2,1.0
OAS30317,,,,,11.0,11.0,21.0,11.0,29.0,63.0,35.0,48.0,,,,,,73.6411,29.0,33.0,70.0,232.0,,,,,,0,0.0
OAS30317,,,,,7.0,7.0,21.0,9.0,43.0,117.0,37.0,46.0,,,,,,73.6411,27.0,33.0,69.5,212.0,,,,,,0,0.0
OAS30317,8.0,7.0,6.0,5.0,,,18.0,3.0,39.0,130.0,32.0,,,,,,,73.6411,27.0,33.0,70.5,200.1999512,,,,,,1,0.5
OAS30318,,,,,11.0,11.0,19.0,13.0,22.0,47.0,41.0,58.0,,,,,,63.7616,29.0,33.0,70.0,195.0,,,,,,0,0.0
OAS30318,,,,,8.0,7.0,27.0,12.0,27.0,50.0,39.0,58.0,224063.1388,1757402.853,1025134.368,224860.8808,50775.0,63.7616,29.0,33.0,70.0,199.0,450821.3469,226758.2081,451926.0216,588858.3469,227065.1408,0,0.0
OAS30318,,,,,12.0,15.0,15.0,13.0,20.0,64.0,41.0,56.0,217976.6925,1725098.48,1010840.617,223511.0479,51166.0,63.7616,28.0,33.0,69.7,195.0,438398.014,220421.3215,446703.6032,568325.014,223192.5553,0,0.0
OAS30318,,,,,13.0,10.0,16.0,8.0,23.0,46.0,41.0,58.0,217976.6925,1725098.48,1010840.617,223511.0479,51166.0,63.7616,26.0,33.0,69.0,192.0,438398.014,220421.3215,446703.6032,568325.014,223192.5553,0,0.0
OAS30318,10.0,8.0,6.0,4.0,,,12.0,7.0,22.0,66.0,35.0,,,,,,,63.7616,29.0,33.0,70.0,189.0,,,,,,0,0.0
OAS30318,9.0,7.0,6.0,5.0,,,16.0,4.0,21.0,143.0,29.0,,,,,,,63.7616,26.0,33.0,69.4,176.0,,,,,,1,0.5
OAS30319,,,,,21.0,,18.0,,49.0,84.0,,,216739.438,1545917.995,968429.3992,231420.6628,59682.0,52.4575,28.0,33.0,64.0,184.0,432202.5757,215463.1378,459162.8234,600447.5757,227742.1606,0,0.0
OAS30319,,,,,22.0,,17.0,,50.0,132.0,,,,,,,,52.4575,27.0,33.0,63.5,187.0,,,,,,0,0.0
OAS30320,,,,,19.0,17.0,23.0,20.0,25.0,89.0,54.0,58.0,,,,,,68.8274,30.0,33.0,70.0,164.0,,,,,,0,0.0
OAS30320,,,,,22.0,22.0,29.0,21.0,24.0,64.0,50.0,58.0,,,,,,68.8274,30.0,33.0,70.0,163.0,,,,,,0,0.0
OAS30320,,,,,20.0,18.0,18.0,20.0,24.0,81.0,48.0,58.0,,,,,,68.8274,30.0,33.0,70.3,169.0,,,,,,0,0.0
OAS30320,9.0,7.0,6.0,4.0,,,17.0,19.0,29.0,74.0,42.0,,,,,,,68.8274,29.0,33.0,70.0,169.0,,,,,,0,0.0
OAS30321,,,,,15.0,15.0,16.0,11.0,32.0,89.0,46.0,48.0,207440.6993,1357671.342,843214.2057,181963.4437,53660.0,65.7644,30.0,33.0,67.0,180.0,413016.3279,205575.6286,365636.8777,548985.3279,183673.434,0,0.0
OAS30321,,,,,19.0,16.0,17.0,13.0,27.0,74.0,44.0,56.0,207440.6993,1357671.342,843214.2057,181963.4437,53660.0,65.7644,29.0,33.0,67.0,187.0,413016.3279,205575.6286,365636.8777,548985.3279,183673.434,0,0.0
OAS30321,,,,,15.0,13.0,18.0,11.0,23.0,65.0,48.0,58.0,,,,,,65.7644,30.0,33.0,66.3,181.0,,,,,,0,0.0
OAS30321,,,,,19.0,21.0,23.0,12.0,21.0,75.0,46.0,56.0,,,,,,65.7644,30.0,33.0,66.0,189.0,,,,,,0,0.0
OAS30321,,,,,15.0,17.0,23.0,16.0,22.0,76.0,45.0,54.0,,,,,,65.7644,30.0,33.0,66.0,188.0,,,,,,0,0.0
OAS30321,,,,,15.0,18.0,23.0,12.0,33.0,90.0,54.0,54.0,200042.5743,1322286.022,808001.9757,170188.2381,51494.0,65.7644,30.0,33.0,66.0,184.0,399426.7166,199384.1423,343466.2591,528935.7166,173278.021,0,0.0
OAS30321,,,,,18.0,17.0,18.0,11.0,29.0,64.0,57.0,60.0,202934.1251,1289301.889,804596.9513,167364.8934,50290.0,65.7644,30.0,33.0,66.0,192.5,403743.553,200809.4279,336905.3983,526047.553,169540.505,0,0.0
OAS30321,7.0,6.0,8.0,6.0,,,24.0,11.0,22.0,75.0,59.0,,202934.1251,1289301.889,804596.9513,167364.8934,50290.0,65.7644,30.0,33.0,65.7,186.0,403743.553,200809.4279,336905.3983,526047.553,169540.505,0,0.0
OAS30321,7.0,6.0,7.0,5.0,,,27.0,26.0,19.0,67.0,53.0,,,,,,,65.7644,30.0,33.0,66.0,195.1999512,,,,,,0,0.0
OAS30321,7.0,6.0,5.0,5.0,,,19.0,10.0,24.0,70.0,51.0,,,,,,,65.7644,30.0,33.0,65.0,175.0,,,,,,0,0.0
OAS30321,7.0,6.0,8.0,5.0,,,20.0,9.0,,,,,,,,,,65.7644,,33.0,,,,,,,,0,0.0
OAS30322,,,,,,,19.0,,44.0,152.0,40.0,52.0,189017.2109,1435553.006,919751.7441,221567.2344,171813.1266,69.6575,29.0,33.0,,187.0,376957.6326,187940.4216,443543.5781,548770.7592,221976.3438,1,0.5
OAS30322,,,,,,,23.0,,43.0,127.0,46.0,54.0,189017.2109,1435553.006,919751.7441,221567.2344,171813.1266,69.6575,27.0,33.0,,173.0,376957.6326,187940.4216,443543.5781,548770.7592,221976.3438,1,0.5
OAS30322,,,,,14.0,13.0,22.0,9.0,36.0,116.0,45.0,52.0,193656.6821,1457969.113,926099.1191,216954.3906,173195.5891,69.6575,27.0,33.0,69.0,182.0,389402.5416,195745.8594,433708.4688,562598.1307,216754.0781,1,0.5
OAS30322,,,,,14.0,10.0,24.0,10.0,35.0,78.0,48.0,56.0,,,,,,69.6575,28.0,33.0,69.0,176.0,,,,,,1,0.5
OAS30322,,,,,15.0,12.0,24.0,13.0,41.0,89.0,42.0,54.0,185848.955,1502518.64,899969.3094,200286.581,54331.0,69.6575,30.0,33.0,68.5,172.0,372523.0347,186674.0796,402187.2747,517628.0347,201900.6936,1,0.5
OAS30322,,,,,16.0,13.0,22.0,9.0,45.0,129.0,43.0,54.0,185848.955,1502518.64,899969.3094,200286.581,54331.0,69.6575,29.0,33.0,68.7,170.0,372523.0347,186674.0796,402187.2747,517628.0347,201900.6936,1,0.5
OAS30322,,,,,13.0,11.0,15.0,11.0,50.0,121.0,50.0,54.0,,,,,,69.6575,29.0,33.0,69.0,164.0,,,,,,1,0.5
OAS30322,,,,,18.0,15.0,17.0,15.0,55.0,91.0,47.0,56.0,,,,,,69.6575,29.0,33.0,68.5,170.0,,,,,,0,0.0
OAS30322,,,,,17.0,14.0,20.0,7.0,46.0,94.0,48.0,54.0,,,,,,69.6575,27.0,33.0,68.0,172.0,,,,,,1,0.5
OAS30322,,,,,19.0,15.0,16.0,14.0,38.0,82.0,39.0,54.0,,,,,,69.6575,26.0,33.0,68.0,170.0,,,,,,1,0.5
OAS30322,,,,,15.0,15.0,20.0,17.0,42.0,104.0,47.0,54.0,186880.2842,1434903.979,881768.0773,186448.1834,50071.0,69.6575,26.0,33.0,68.0,173.0,378398.5901,191518.306,372627.4872,506837.5901,186179.3038,1,0.5
OAS30322,,,,,15.0,17.0,20.0,7.0,39.0,125.0,40.0,48.0,186880.2842,1434903.979,881768.0773,186448.1834,50071.0,69.6575,28.0,33.0,68.7,163.0,378398.5901,191518.306,372627.4872,506837.5901,186179.3038,1,0.5
OAS30322,,,,,15.0,13.0,23.0,7.0,44.0,95.0,45.0,52.0,,,,,,69.6575,27.0,33.0,69.5,170.0,,,,,,1,0.5
OAS30322,,,,,12.0,15.0,20.0,10.0,46.0,106.0,38.0,50.0,,,,,,69.6575,27.0,33.0,69.0,169.0,,,,,,1,0.5
OAS30322,7.0,6.0,7.0,5.0,,,21.0,9.0,58.0,155.0,39.0,,181338.8523,1464145.378,877083.2495,189291.5896,49924.0,69.6575,26.0,33.0,68.75,164.0,365943.255,184604.4026,382607.9945,494475.255,193316.4049,1,0.5
OAS30322,3.0,4.0,3.0,3.0,,,18.0,11.0,48.0,118.0,43.0,,,,,,,69.6575,28.0,33.0,69.5,166.0,,,,,,0,0.0
OAS30322,6.0,6.0,4.0,3.0,,,16.0,10.0,45.0,149.0,36.0,,,,,,,69.6575,28.0,33.0,68.5,162.3999023,,,,,,0,0.0
OAS30322,4.0,5.0,6.0,4.0,,,16.0,6.0,,,,,,,,,,69.6575,,33.0,,,,,,,,0,0.0
OAS30323,,,,,10.0,10.0,11.0,14.0,40.0,158.0,45.0,42.0,,,,,,66.926,27.0,34.0,61.5,151.0,,,,,,1,0.5
OAS30323,,,,,6.0,4.0,17.0,8.0,46.0,98.0,42.0,44.0,,,,,,66.926,30.0,34.0,62.0,154.0,,,,,,0,0.0
OAS30324,,,,,19.0,18.0,22.0,16.0,16.0,78.0,68.0,58.0,180204.7417,1401566.689,840480.6978,200044.8672,55554.0,60.0932,30.0,33.0,60.0,121.0,357012.4508,176807.7092,396567.2469,498808.4508,196522.3798,0,0.0
OAS30324,,,,,21.0,17.0,21.0,18.0,16.0,50.0,71.0,56.0,175772.194,1365559.489,819101.213,194186.4612,52923.0,60.0932,30.0,33.0,61.0,122.0,348127.9756,172355.7816,382730.2374,485486.9756,188543.7762,0,0.0
OAS30324,,,,,16.0,15.0,28.0,16.0,16.0,45.0,66.0,52.0,175772.194,1365559.489,819101.213,194186.4612,52923.0,60.0932,30.0,33.0,61.0,124.0,348127.9756,172355.7816,382730.2374,485486.9756,188543.7762,0,0.0
OAS30324,,,,,18.0,15.0,20.0,14.0,15.0,50.0,68.0,60.0,,,,,,60.0932,30.0,33.0,61.0,124.0,,,,,,0,0.0
OAS30324,11.0,8.0,13.0,8.0,,,26.0,15.0,17.0,49.0,70.0,,171556.9015,1387058.042,818212.3231,193630.6818,51966.0,60.0932,30.0,33.0,61.0,123.0,342070.5607,170513.6592,379951.7625,476619.5607,186321.0807,0,0.0
OAS30324,12.0,9.0,10.0,7.0,,,19.0,15.0,17.0,50.0,70.0,,171556.9015,1387058.042,818212.3231,193630.6818,51966.0,60.0932,30.0,33.0,61.0,123.0,342070.5607,170513.6592,379951.7625,476619.5607,186321.0807,0,0.0
OAS30324,11.0,8.0,9.0,6.0,,,24.0,18.0,23.0,50.0,65.0,,,,,,,60.0932,30.0,33.0,61.0,123.0,,,,,,0,0.0
OAS30325,,,,,0.0,0.0,17.0,10.0,27.0,145.0,46.0,46.0,185968.9291,1365683.537,813753.9016,185650.9941,46084.0,63.3973,24.0,34.0,66.0,125.0,371480.7561,185511.827,367041.1455,496793.7561,181390.1514,1,0.5
OAS30326,,,,,6.0,6.0,23.0,15.0,30.0,62.0,44.0,54.0,183282.1549,1470261.483,837244.0457,180289.4165,48521.0,74.0027,28.0,33.0,64.0,171.0,370679.4948,187397.3398,364693.551,502733.4948,184404.1345,0,0.0
OAS30326,,,,,3.0,1.0,18.0,15.0,25.0,62.0,52.0,58.0,183282.1549,1470261.483,837244.0457,180289.4165,48521.0,74.0027,28.0,33.0,63.5,180.0,370679.4948,187397.3398,364693.551,502733.4948,184404.1345,0,0.0
OAS30326,,,,,4.0,3.0,16.0,8.0,25.0,76.0,52.0,58.0,,,,,,74.0027,27.0,33.0,63.0,172.0,,,,,,1,0.5
OAS30326,,,,,6.0,2.0,15.0,13.0,25.0,83.0,42.0,54.0,,,,,,74.0027,24.0,33.0,63.0,171.0,,,,,,1,0.5
OAS30327,,,,,13.0,12.0,14.0,14.0,35.0,72.0,51.0,56.0,195534.1231,1576841.453,880284.7056,191646.9103,50574.0,72.5315,28.0,34.0,67.7,140.0,395810.5276,200276.4046,387985.1779,531670.5276,196338.2676,0,0.0
OAS30328,,,,,9.0,11.0,24.0,19.0,31.0,69.0,44.0,54.0,209183.9459,1438776.944,887388.0133,201359.1404,47466.0,72.6055,28.0,23.0,71.5,200.0,415246.7779,206062.832,401254.2353,548988.7779,199895.0949,0,0.0
OAS30328,,,,,10.0,16.0,28.0,12.0,25.0,72.0,50.0,54.0,208999.7926,1378016.724,893594.3104,204067.4759,48364.0,72.6055,30.0,23.0,71.5,199.0,414852.6868,205852.8943,407185.6236,547299.6868,203118.1478,0,0.0
OAS30328,,,,,17.0,17.0,18.0,14.0,31.0,80.0,44.0,54.0,208999.7926,1378016.724,893594.3104,204067.4759,48364.0,72.6055,26.0,23.0,71.5,206.0,414852.6868,205852.8943,407185.6236,547299.6868,203118.1478,0,0.0
OAS30328,7.0,6.0,6.0,5.0,,,31.0,10.0,22.0,,46.0,,206402.1566,1400120.905,890568.1029,199400.9483,48185.0,72.6055,29.0,23.0,71.5,201.0,413037.2278,206635.0712,400746.8751,542204.2278,201345.9268,0,0.0
OAS30328,9.0,7.0,7.0,5.0,,,27.0,17.0,27.0,99.0,48.0,,206402.1566,1400120.905,890568.1029,199400.9483,48185.0,72.6055,29.0,23.0,71.5,209.0,413037.2278,206635.0712,400746.8751,542204.2278,201345.9268,0,0.0
OAS30329,,,,,10.0,8.0,19.0,9.0,51.0,66.0,43.0,56.0,,,,,,76.3397,30.0,33.0,68.4,178.0,,,,,,1,0.5
OAS30329,,,,,6.0,6.0,16.0,9.0,37.0,79.0,43.0,52.0,204297.8672,1611762.883,923975.9201,204704.6211,47896.0,76.3397,29.0,33.0,69.0,181.0,411625.5138,207327.6466,417642.4063,537556.5138,212937.7852,1,0.5
OAS30329,,,,,12.0,11.0,18.0,11.0,36.0,66.0,42.0,58.0,,,,,,76.3397,29.0,33.0,69.0,174.0,,,,,,0,0.0
OAS30331,,,,,,,27.0,,37.0,63.0,42.0,56.0,,,,,,67.5288,30.0,33.0,,182.0,,,,,,0,0.0
OAS30331,,,,,,,24.0,,31.0,65.0,52.0,54.0,,,,,,67.5288,29.0,33.0,,185.0,,,,,,0,0.0
OAS30331,,,,,,,18.0,,46.0,79.0,49.0,55.0,,,,,,67.5288,30.0,33.0,,187.0,,,,,,0,0.0
OAS30331,,,,,,,21.0,,32.0,47.0,41.0,54.0,,,,,,67.5288,29.0,33.0,,189.0,,,,,,0,0.0
OAS30331,,,,,10.0,8.0,24.0,7.0,31.0,97.0,41.0,52.0,183948.2715,1512483.115,846688.5291,180981.8129,46515.0,67.5288,29.0,33.0,70.5,192.0,374708.4426,190760.1711,361607.0865,498567.4426,180625.2736,0,0.0
OAS30331,,,,,13.0,13.0,9.0,10.0,55.0,133.0,38.0,52.0,183948.2715,1512483.115,846688.5291,180981.8129,46515.0,67.5288,28.0,33.0,71.0,194.0,374708.4426,190760.1711,361607.0865,498567.4426,180625.2736,0,0.0
OAS30331,,,,,6.0,9.0,13.0,7.0,70.0,180.0,26.0,42.0,,,,,,67.5288,27.0,33.0,70.0,181.0,,,,,,1,0.5
OAS30331,,,,,5.0,5.0,6.0,3.0,167.0,180.0,16.0,38.0,168575.047,1512312.074,820553.6365,174704.7651,43991.0,67.5288,17.0,33.0,70.0,165.0,349074.4107,180499.3637,351031.2258,465661.4107,176326.4607,2,1.0
OAS30332,,,,,5.0,3.0,16.0,9.0,63.0,180.0,24.0,58.0,197907.3729,1614709.738,872825.3416,183197.1937,49473.0,78.2219,27.0,34.0,72.0,222.0,393051.5103,195144.1375,361092.8312,515384.5103,177895.6376,1,0.5
OAS30333,,,,,17.0,19.0,27.0,13.0,36.0,95.0,34.0,60.0,,,,,,70.1671,30.0,33.0,64.0,176.0,,,,,,0,0.0
OAS30333,,,,,17.0,16.0,30.0,15.0,24.0,62.0,49.0,56.0,227276.2262,1629015.678,1030127.496,231125.9142,57191.0,70.1671,30.0,33.0,63.0,171.0,456493.3509,229217.1247,464282.1451,604013.3509,233156.2308,0,0.0
OAS30333,,,,,14.0,16.0,20.0,20.0,38.0,76.0,45.0,60.0,231704.9968,1619413.42,1029551.727,224675.5691,57763.0,70.1671,29.0,33.0,64.0,169.5,463691.0509,231986.0541,453748.6763,615396.0509,229073.1072,0,0.0
OAS30333,,,,,19.0,20.0,19.0,14.0,28.0,80.0,42.0,54.0,,,,,,70.1671,30.0,33.0,63.5,173.0,,,,,,0,0.0
OAS30333,6.0,5.0,8.0,6.0,,,22.0,14.0,34.0,83.0,34.0,,,,,,,70.1671,30.0,33.0,64.25,175.0,,,,,,0,0.0
OAS30333,8.0,6.0,8.0,5.0,,,20.0,12.0,33.0,75.0,40.0,,223506.3815,1633263.044,1021097.521,222226.3344,59139.0,70.1671,30.0,33.0,63.7,172.7999268,446122.6785,222616.297,450218.842,599095.6785,227992.5076,0,0.0
OAS30334,,,,,4.0,0.0,4.0,2.0,180.0,180.0,13.0,36.0,,,,,,78.4384,22.0,44.0,68.5,160.0,,,,,,1,0.5
OAS30334,,,,,1.0,0.0,6.0,0.0,180.0,180.0,2.0,14.0,,,,,,78.4384,16.0,44.0,68.0,169.0,,,,,,2,1.0
OAS30335,,,,,,,16.0,,43.0,71.0,50.0,59.0,193110.9822,1508846.833,941832.1782,255007.1094,178772.9377,66.4548,29.0,33.0,,,390480.0569,197369.0747,509446.875,569252.9945,254439.7656,0,0.0
OAS30335,,,,,13.0,14.0,16.0,15.0,19.0,62.0,49.0,60.0,193110.9822,1508846.833,941832.1782,255007.1094,178772.9377,66.4548,30.0,33.0,64.0,187.0,390480.0569,197369.0747,509446.875,569252.9945,254439.7656,0,0.0
OAS30335,,,,,15.0,15.0,18.0,16.0,22.0,66.0,53.0,60.0,213553.7353,1490624.846,918448.6011,205207.6243,50692.0,66.4548,30.0,33.0,63.0,171.0,428320.6716,214766.9363,411985.9294,576704.6716,206778.3051,0,0.0
OAS30335,,,,,20.0,18.0,21.0,17.0,23.0,65.0,46.0,60.0,,,,,,66.4548,30.0,33.0,63.5,170.0,,,,,,0,0.0
OAS30335,,,,,19.0,17.0,21.0,20.0,22.0,75.0,45.0,60.0,204438.8001,1482989.488,897201.8918,204523.3724,50146.0,66.4548,30.0,33.0,64.0,186.0,412903.4899,208464.6898,405122.4019,556470.4899,200599.0295,0,0.0
OAS30335,,,,,23.0,23.0,18.0,18.0,23.0,55.0,60.0,60.0,192522.5534,1432701.371,863577.7091,195170.1309,46292.0,66.4548,29.0,33.0,63.0,167.0,390420.3592,197897.8057,392184.3499,521662.3592,197014.219,0,0.0
OAS30335,,,,,19.0,20.0,20.0,11.0,24.0,57.0,44.0,58.0,192522.5534,1432701.371,863577.7091,195170.1309,46292.0,66.4548,29.0,33.0,63.0,164.0,390420.3592,197897.8057,392184.3499,521662.3592,197014.219,0,0.0
OAS30335,9.0,7.0,7.0,5.0,,,20.0,13.0,21.0,75.0,53.0,,,,,,,66.4548,30.0,33.0,63.0,162.5,,,,,,0,0.0
OAS30335,6.0,5.0,9.0,6.0,,,18.0,12.0,22.0,64.0,47.0,,,,,,,66.4548,30.0,33.0,63.0,163.0,,,,,,0,0.0
OAS30336,,,,,18.0,17.0,20.0,17.0,32.0,115.0,40.0,56.0,,,,,,74.3562,29.0,33.0,68.0,210.0,,,,,,0,0.0
OAS30336,,,,,16.0,14.0,17.0,16.0,41.0,133.0,40.0,56.0,206729.037,1632452.502,935307.1874,202626.8527,54761.0,74.3562,30.0,33.0,68.0,208.0,416011.6834,209282.6464,416092.504,555465.6834,213465.6513,0,0.0
OAS30336,6.0,6.0,8.0,5.0,,,20.0,18.0,30.0,83.0,44.0,,206729.037,1632452.502,935307.1874,202626.8527,54761.0,74.3562,30.0,33.0,68.0,194.0,416011.6834,209282.6464,416092.504,555465.6834,213465.6513,0,0.0
OAS30336,6.0,6.0,6.0,5.0,,,15.0,18.0,36.0,100.0,43.0,,,,,,,74.3562,29.0,33.0,68.0,187.0,,,,,,0,0.0
OAS30337,,,,,17.0,17.0,17.0,17.0,20.0,74.0,45.0,58.0,206426.8492,1184813.64,914616.0467,218957.9443,52317.0,68.3534,29.0,33.0,62.0,178.0,412105.6003,205678.7511,438946.4464,543158.6003,219988.5021,0,0.0
OAS30337,,,,,18.0,20.0,19.0,15.0,27.0,84.0,38.0,58.0,206426.8492,1184813.64,914616.0467,218957.9443,52317.0,68.3534,30.0,33.0,62.0,173.0,412105.6003,205678.7511,438946.4464,543158.6003,219988.5021,0,0.0
OAS30337,,,,,20.0,19.0,21.0,14.0,23.0,106.0,39.0,58.0,,,,,,68.3534,30.0,33.0,62.0,133.0,,,,,,0,0.0
OAS30337,9.0,7.0,8.0,5.0,,,20.0,17.0,31.0,63.0,41.0,,197933.1854,1355645.09,886563.4628,212227.1432,53358.0,68.3534,30.0,33.0,62.0,140.0,396672.0322,198738.8468,423989.4306,531426.0322,211762.2874,0,0.0
OAS30337,7.0,6.0,10.0,7.0,,,20.0,11.0,21.0,76.0,39.0,,197933.1854,1355645.09,886563.4628,212227.1432,53358.0,68.3534,29.0,33.0,61.75,150.5999756,396672.0322,198738.8468,423989.4306,531426.0322,211762.2874,0,0.0
OAS30337,7.0,6.0,6.0,4.0,,,18.0,16.0,25.0,79.0,37.0,,,,,,,68.3534,30.0,33.0,61.75,150.0,,,,,,0,0.0
OAS30339,,,,,11.0,12.0,14.0,12.0,18.0,69.0,50.0,58.0,210136.569,1759413.175,1005460.023,243524.9451,51090.0,73.7479,29.0,33.0,70.0,164.0,421675.542,211538.973,486898.481,578891.542,243373.5359,0,0.0
OAS30340,8.0,6.0,10.0,7.0,15.0,16.0,28.0,11.0,18.0,42.0,65.0,,179412.2413,1331387.288,862455.3,214732.4706,52880.0,67.5205,30.0,33.0,64.25,147.5,361535.7295,182123.4881,434033.5706,499755.7295,219301.0999,0,0.0
OAS30340,9.0,7.0,11.0,7.0,,,30.0,20.0,21.0,37.0,60.0,,179412.2413,1331387.288,862455.3,214732.4706,52880.0,67.5205,30.0,33.0,64.25,187.0,361535.7295,182123.4881,434033.5706,499755.7295,219301.0999,0,0.0
OAS30340,10.0,7.0,11.0,7.0,,,31.0,25.0,20.0,37.0,63.0,,,,,,,67.5205,30.0,33.0,64.25,158.7999268,,,,,,0,0.0
OAS30341,9.0,7.0,9.0,6.0,12.0,7.0,21.0,19.0,44.0,106.0,42.0,,182532.9495,1316050.479,799148.5337,183371.1089,46152.0,69.189,30.0,34.0,64.4,140.1999512,363810.7047,181277.7552,365229.829,502445.7047,181858.7201,0,0.0
OAS30341,9.0,7.0,7.0,5.0,,,20.0,18.0,41.0,89.0,41.0,,,,,,,69.189,26.0,34.0,64.25,135.5,,,,,,0,0.0
OAS30341,7.0,6.0,7.0,5.0,,,21.0,10.0,50.0,180.0,36.0,,,,,,,69.189,26.0,34.0,64.0,138.1999512,,,,,,1,0.5
OAS30342,,,,,6.0,5.0,11.0,7.0,48.0,121.0,39.0,54.0,217313.1784,1889999.05,1105341.753,256663.1643,55060.0,79.1671,28.0,34.0,66.0,168.0,444196.4293,226883.251,521347.3233,602169.4293,264684.159,2,1.0
OAS30342,,,,,6.0,5.0,5.0,6.0,33.0,145.0,40.0,54.0,217917.3811,1816023.264,1104253.779,254518.046,53969.0,79.1671,26.0,34.0,66.3,173.0,446138.1928,228220.8116,518491.5862,597780.1928,263973.5402,1,0.5
OAS30342,,,,,3.0,2.0,12.0,5.0,32.0,107.0,42.0,54.0,217917.3811,1816023.264,1104253.779,254518.046,53969.0,79.1671,25.0,34.0,66.0,172.0,446138.1928,228220.8116,518491.5862,597780.1928,263973.5402,2,1.0
OAS30342,,,,,3.0,2.0,11.0,3.0,45.0,174.0,39.0,48.0,,,,,,79.1671,22.0,34.0,66.3,176.0,,,,,,2,2.0
OAS30343,,,,,,,30.0,,33.0,49.0,65.0,60.0,,,,,,68.4329,29.0,33.0,,154.0,,,,,,0,0.0
OAS30343,,,,,,,30.0,,20.0,41.0,66.0,59.0,,,,,,68.4329,30.0,33.0,,155.0,,,,,,0,0.0
OAS30343,,,,,,,29.0,,28.0,50.0,67.0,60.0,,,,,,68.4329,30.0,33.0,,139.0,,,,,,0,0.0
OAS30343,,,,,,,31.0,,38.0,52.0,64.0,60.0,195779.2669,1420211.59,873003.5647,217640.1719,151959.2675,68.4329,30.0,33.0,,153.0,391855.2741,196076.0072,433849.9063,543814.5416,216209.7344,0,0.0
OAS30343,,,,,,,30.0,,29.0,65.0,67.0,60.0,198369.9121,1400343.822,871121.5909,214052.1406,152506.4983,68.4329,30.0,33.0,,154.0,399653.1107,201283.1986,426289.3906,552159.609,212237.25,0,0.0
OAS30343,,,,,22.0,23.0,37.0,17.0,18.0,64.0,,58.0,198369.9121,1400343.822,871121.5909,214052.1406,152506.4983,68.4329,30.0,33.0,65.0,156.0,399653.1107,201283.1986,426289.3906,552159.609,212237.25,0,0.0
OAS30343,,,,,19.0,18.0,39.0,21.0,20.0,37.0,66.0,60.0,,,,,,68.4329,30.0,33.0,64.0,147.0,,,,,,0,0.0
OAS30343,,,,,22.0,22.0,32.0,17.0,23.0,49.0,63.0,60.0,,,,,,68.4329,29.0,33.0,64.0,131.0,,,,,,0,0.0
OAS30343,,,,,20.0,19.0,33.0,23.0,30.0,43.0,61.0,60.0,200609.0529,1245061.006,865101.3963,195266.9784,46620.0,68.4329,30.0,33.0,64.0,147.0,402593.9082,201984.8553,386399.4881,532178.9082,191132.5097,0,0.0
OAS30343,,,,,18.0,19.0,39.0,19.0,26.0,49.0,68.0,60.0,200609.0529,1245061.006,865101.3963,195266.9784,46620.0,68.4329,30.0,33.0,64.0,147.0,402593.9082,201984.8553,386399.4881,532178.9082,191132.5097,0,0.0
OAS30343,,,,,19.0,19.0,31.0,20.0,24.0,54.0,67.0,60.0,196006.5981,1239614.603,852243.95,191672.5007,46428.0,68.4329,30.0,33.0,64.3,151.0,390735.7902,194729.1921,384355.1598,518790.7902,192682.6591,0,0.0
OAS30343,,,,,19.0,19.0,31.0,15.0,22.0,54.0,64.0,60.0,196006.5981,1239614.603,852243.95,191672.5007,46428.0,68.4329,30.0,33.0,64.0,151.0,390735.7902,194729.1921,384355.1598,518790.7902,192682.6591,0,0.0
OAS30343,,,,,18.0,18.0,28.0,19.0,20.0,56.0,65.0,60.0,,,,,,68.4329,27.0,33.0,64.0,155.0,,,,,,0,0.0
OAS30343,,,,,19.0,18.0,35.0,16.0,23.0,59.0,58.0,60.0,,,,,,68.4329,30.0,33.0,63.0,140.0,,,,,,0,0.0
OAS30343,,,,,17.0,16.0,35.0,16.0,18.0,52.0,54.0,60.0,,,,,,68.4329,28.0,33.0,63.0,150.0,,,,,,0,0.0
OAS30343,11.0,8.0,9.0,6.0,,,34.0,17.0,23.0,69.0,59.0,,,,,,,68.4329,30.0,33.0,63.0,157.0,,,,,,0,0.0
OAS30343,9.0,7.0,11.0,8.0,,,26.0,15.0,24.0,66.0,62.0,,,,,,,68.4329,26.0,33.0,64.0,156.0,,,,,,0,0.0
OAS30343,10.0,8.0,6.0,4.0,,,28.0,16.0,25.0,87.0,55.0,,,,,,,68.4329,28.0,33.0,88.8,888.0,,,,,,1,0.5
OAS30343,10.0,7.0,9.0,6.0,,,31.0,8.0,,,,,,,,,,68.4329,,33.0,,,,,,,,0,0.0
OAS30344,,,,,7.0,7.0,12.0,6.0,42.0,180.0,27.0,52.0,229557.6946,1772763.296,1026902.213,207752.4188,54624.0,81.2877,26.0,44.0,65.5,221.0,459171.0481,229613.3535,417078.1653,605084.0481,209325.7465,0,0.0
OAS30344,,,,,5.0,4.0,22.0,8.0,33.0,180.0,20.0,54.0,212109.0019,1768356.944,997074.6816,208334.6331,51330.0,81.2877,30.0,44.0,65.3,203.0,419461.0835,207352.0817,417502.5981,559523.0835,209167.965,1,0.5
OAS30344,,,,,5.0,3.0,19.0,7.0,40.0,177.0,20.0,52.0,212109.0019,1768356.944,997074.6816,208334.6331,51330.0,81.2877,27.0,44.0,65.0,203.0,419461.0835,207352.0817,417502.5981,559523.0835,209167.965,1,0.5
OAS30344,,,,,5.0,4.0,14.0,7.0,46.0,,16.0,42.0,,,,,,81.2877,20.0,44.0,64.0,206.0,,,,,,1,0.5
OAS30347,,,,,,,18.0,,30.0,106.0,35.0,57.0,,,,,,77.7836,28.0,34.0,,197.0,,,,,,1,0.5
OAS30347,,,,,,,17.0,,37.0,102.0,36.0,57.0,,,,,,77.7836,29.0,34.0,,199.0,,,,,,0,0.0
OAS30347,,,,,,,14.0,,45.0,81.0,39.0,59.0,,,,,,77.7836,30.0,34.0,,200.0,,,,,,0,0.0
OAS30347,,,,,,,17.0,,32.0,78.0,37.0,59.0,,,,,,77.7836,28.0,34.0,,196.0,,,,,,1,0.5
OAS30347,,,,,,,15.0,,40.0,141.0,31.0,56.0,,,,,,77.7836,29.0,34.0,,202.0,,,,,,1,0.5
OAS30347,,,,,,,20.0,,47.0,110.0,30.0,60.0,,,,,,77.7836,28.0,34.0,,191.0,,,,,,1,0.5
OAS30347,,,,,,,17.0,,29.0,76.0,39.0,56.0,,,,,,77.7836,29.0,34.0,,199.0,,,,,,1,0.5
OAS30347,,,,,,,15.0,,37.0,180.0,26.0,60.0,202799.273,1643536.715,954857.9943,223956.7969,174592.0779,77.7836,29.0,34.0,,191.0,412786.7621,209987.4891,454695.1719,587378.8401,230738.375,1,0.5
OAS30347,,,,,9.0,7.0,17.0,7.0,66.0,149.0,22.0,56.0,194225.4558,1644800.861,934311.9325,219060.5156,170111.1649,77.7836,30.0,34.0,71.1,189.0,396220.0638,201994.608,439569.1875,566331.2287,220508.6719,1,0.5
OAS30347,,,,,7.0,8.0,13.0,7.0,48.0,180.0,24.0,50.0,194225.4558,1644800.861,934311.9325,219060.5156,170111.1649,77.7836,29.0,34.0,71.0,205.0,396220.0638,201994.608,439569.1875,566331.2287,220508.6719,2,1.0
OAS30347,,,,,7.0,8.0,10.0,5.0,77.0,180.0,19.0,52.0,,,,,,77.7836,25.0,34.0,71.0,206.0,,,,,,2,1.0
OAS30348,10.0,7.0,10.0,6.0,15.0,14.0,16.0,10.0,27.0,82.0,55.0,,199086.3614,1537947.032,975470.7053,244684.849,56927.0,71.1808,29.0,34.0,72.0,201.0,398637.608,199551.2467,493269.0973,556826.608,248584.2483,0,0.0
OAS30348,11.0,9.0,10.0,8.0,,,19.0,12.0,59.0,93.0,51.0,,,,,,,71.1808,30.0,34.0,72.0,199.0,,,,,,0,0.0
OAS30348,13.0,9.0,11.0,7.0,,,17.0,11.0,38.0,72.0,51.0,,,,,,,71.1808,30.0,34.0,71.5,195.0,,,,,,0,0.0
OAS30348,12.0,8.0,9.0,6.0,,,13.0,15.0,36.0,102.0,53.0,,,,,,,71.1808,30.0,34.0,71.75,187.3999023,,,,,,0,0.0
OAS30349,,,,,8.0,5.0,18.0,11.0,25.0,55.0,56.0,58.0,,,,,,73.7178,29.0,33.0,69.5,209.0,,,,,,0,0.0
OAS30349,,,,,8.0,7.0,20.0,9.0,23.0,43.0,57.0,58.0,202116.9057,1633319.851,910395.3366,201420.4668,49936.0,73.7178,29.0,33.0,69.5,206.0,406864.9373,204748.0316,403109.3993,544197.9373,201688.9325,0,0.0
OAS30349,,,,,12.0,8.0,20.0,11.0,27.0,52.0,62.0,56.0,202116.9057,1633319.851,910395.3366,201420.4668,49936.0,73.7178,25.0,33.0,70.0,204.0,406864.9373,204748.0316,403109.3993,544197.9373,201688.9325,0,0.0
OAS30349,,,,,12.0,11.0,15.0,13.0,28.0,65.0,61.0,54.0,,,,,,73.7178,27.0,33.0,69.0,207.0,,,,,,0,0.0
OAS30349,,,,,10.0,10.0,18.0,10.0,34.0,77.0,65.0,58.0,,,,,,73.7178,28.0,33.0,69.0,202.0,,,,,,0,0.0
OAS30349,,,,,11.0,8.0,14.0,11.0,26.0,51.0,53.0,56.0,,,,,,73.7178,29.0,33.0,69.0,200.0,,,,,,0,0.0
OAS30349,,,,,11.0,8.0,19.0,12.0,25.0,58.0,65.0,54.0,,,,,,73.7178,29.0,33.0,69.0,195.0,,,,,,0,0.0
OAS30349,,,,,6.0,6.0,14.0,10.0,24.0,65.0,55.0,58.0,,,,,,73.7178,30.0,33.0,69.0,202.0,,,,,,0,0.0
OAS30349,,,,,9.0,4.0,16.0,8.0,29.0,66.0,55.0,52.0,192362.3625,1592676.331,885303.9723,192638.4666,47843.0,73.7178,30.0,33.0,69.0,198.0,387204.7636,194842.4011,385964.2087,519379.7636,193325.7421,0,0.0
OAS30349,,,,,10.0,9.0,17.0,10.0,28.0,71.0,58.0,54.0,192362.3625,1592676.331,885303.9723,192638.4666,47843.0,73.7178,29.0,33.0,69.0,194.0,387204.7636,194842.4011,385964.2087,519379.7636,193325.7421,0,0.0
OAS30349,9.0,8.0,7.0,5.0,,,14.0,9.0,31.0,78.0,60.0,,,,,,,73.7178,30.0,33.0,69.25,194.0,,,,,,0,0.0
OAS30350,,,,,12.0,9.0,14.0,13.0,36.0,95.0,46.0,48.0,184011.3353,1381023.791,802779.2118,171751.0009,47407.0,80.1671,29.0,33.0,60.0,129.0,373573.1973,189561.862,347838.0145,503163.1973,176087.0136,0,0.0
OAS30350,,,,,11.0,10.0,13.0,13.0,30.0,158.0,50.0,46.0,179748.5589,1380857.269,799500.5655,175517.3217,46503.0,80.1671,30.0,33.0,60.0,120.0,364929.0959,185180.537,353090.4696,491440.0959,177573.1479,0,0.0
OAS30351,,,,,16.0,15.0,15.0,18.0,26.0,80.0,48.0,54.0,200565.1593,1351011.415,916479.5155,214728.7172,49973.0,73.5562,28.0,23.0,63.5,142.0,399339.0751,198773.9158,431778.4404,533941.0751,217049.7232,0,0.0
OAS30351,6.0,6.0,6.0,4.0,,,11.0,16.0,38.0,144.0,46.0,,,,,,,73.5562,30.0,23.0,63.0,151.0,,,,,,0,0.0
OAS30352,,,,,13.0,11.0,11.0,8.0,61.0,180.0,18.0,34.0,150748.2882,1281720.171,665607.8925,139573.034,39815.0,94.9973,27.0,34.0,63.2,137.0,296176.1448,145427.8566,275448.7477,404453.1448,135875.7137,0,0.0
OAS30352,,,,,12.0,7.0,13.0,6.0,81.0,180.0,22.0,24.0,150748.2882,1281720.171,665607.8925,139573.034,39815.0,94.9973,27.0,34.0,63.0,134.0,296176.1448,145427.8566,275448.7477,404453.1448,135875.7137,0,0.0
OAS30352,,,,,13.0,10.0,11.0,9.0,138.0,180.0,,30.0,,,,,,94.9973,28.0,34.0,64.0,130.0,,,,,,0,0.0
OAS30353,,,,,32.0,,29.0,,20.0,65.0,,,,,,,,57.463,30.0,33.0,,222.0,,,,,,0,0.0
OAS30353,,,,,24.0,,31.0,,18.0,50.0,,,,,,,,57.463,29.0,33.0,66.0,230.0,,,,,,0,0.0
OAS30353,,,,,33.0,,26.0,,19.0,41.0,,,,,,,,57.463,29.0,33.0,65.8,223.0,,,,,,0,0.0
OAS30353,,,,,30.0,,32.0,,24.0,95.0,,,227298.3094,1706563.583,1029059.715,237181.5546,53794.0,57.463,30.0,33.0,65.4,216.0,452067.9397,224769.6303,471641.7757,599187.9397,234460.221,0,0.0
OAS30353,,,,,29.0,,29.0,,23.0,50.0,,,216242.6491,1664513.193,1009765.969,234200.856,51126.0,57.463,30.0,33.0,65.25,213.5,430074.4813,213831.8322,465150.4875,569050.4813,230949.6315,0,0.0
OAS30355,,,,,9.0,2.0,14.0,8.0,27.0,68.0,46.0,58.0,224725.4053,1657949.164,1006433.579,240106.1376,51137.0,66.7973,30.0,34.0,73.0,200.0,443849.0164,219123.6111,480600.5629,599305.0164,240494.4253,1,0.5
OAS30355,,,,,8.0,8.0,17.0,9.0,19.0,67.0,47.0,58.0,,,,,,66.7973,30.0,34.0,99.0,196.0,,,,,,1,0.5
OAS30355,,,,,6.0,5.0,22.0,11.0,22.0,39.0,48.0,58.0,223045.4685,1608148.843,1014930.633,244409.606,53012.0,66.7973,28.0,34.0,74.5,203.0,439945.577,216900.1085,491771.0565,599467.577,247361.4505,1,0.5
OAS30355,,,,,8.0,7.0,26.0,9.0,20.0,79.0,53.0,58.0,223045.4685,1608148.843,1014930.633,244409.606,53012.0,66.7973,30.0,34.0,74.0,198.0,439945.577,216900.1085,491771.0565,599467.577,247361.4505,1,0.5
OAS30355,7.0,6.0,7.0,5.0,,,22.0,10.0,23.0,56.0,49.0,,,,,,,66.7973,29.0,34.0,74.0,203.0,,,,,,1,0.5
OAS30355,4.0,4.0,7.0,5.0,,,18.0,12.0,25.0,49.0,48.0,,,,,,,66.7973,30.0,34.0,74.0,199.3999023,,,,,,1,0.5
OAS30355,6.0,6.0,5.0,4.0,,,24.0,9.0,28.0,55.0,44.0,,,,,,,66.7973,29.0,34.0,74.0,199.0,,,,,,0,0.0
OAS30356,,,,,,,16.0,,41.0,179.0,45.0,57.0,,,,,,80.6192,29.0,33.0,,181.0,,,,,,0,0.0
OAS30356,,,,,3.0,2.0,20.0,11.0,39.0,115.0,44.0,50.0,182933.7391,1456173.3,870537.9409,190619.5446,57384.0,80.6192,28.0,33.0,74.0,173.0,367656.9736,184723.2345,385237.9674,516732.9736,194618.4227,0,0.0
OAS30357,,,,,10.0,12.0,20.0,20.0,45.0,180.0,38.0,50.0,,,,,,73.4986,28.0,34.0,70.0,161.0,,,,,,0,0.0
OAS30357,,,,,15.0,17.0,15.0,17.0,34.0,176.0,37.0,50.0,228869.9805,1677645.473,1049403.829,228701.516,54753.0,73.4986,30.0,34.0,70.0,161.0,462178.0302,233308.0497,451027.7993,602826.0302,222326.2833,0,0.0
OAS30357,,,,,9.0,11.0,19.0,18.0,34.0,141.0,35.0,50.0,221827.9812,1750360.483,1048626.629,227296.3403,55257.0,73.4986,26.0,34.0,70.0,162.0,452795.0696,230967.0884,450916.5592,599436.0696,223620.2189,0,0.0
OAS30357,,,,,17.0,16.0,17.0,16.0,41.0,144.0,34.0,48.0,223629.3743,1719959.313,1048943.945,218037.4697,55432.0,73.4986,26.0,34.0,70.0,163.0,453718.8197,230089.4454,442931.1254,598858.8197,224893.6557,0,0.0
OAS30358,,,,,6.0,3.0,8.0,5.0,28.0,165.0,38.0,40.0,,,,,,72.9644,27.0,34.0,62.7,122.0,,,,,,2,1.0
OAS30359,,,,,25.0,,21.0,,28.0,51.0,,,237007.6886,1478863.939,1039620.822,240146.4654,59060.0,56.137,30.0,33.0,67.0,191.0,477670.0333,240662.3447,486319.7883,649792.0333,246173.3229,0,0.0
OAS30359,,,,,19.0,,23.0,,30.0,65.0,,,,,,,,56.137,27.0,33.0,66.8,196.0,,,,,,0,0.0
OAS30360,,,,,32.0,,27.0,,28.0,49.0,,,261601.8698,1944685.197,1192794.927,283621.3249,69110.0,58.1781,30.0,33.0,70.25,203.1999512,520525.8318,258923.962,567509.0949,718211.8318,283887.77,0,0.0
OAS30361,,,,,,,24.0,,33.0,102.0,48.0,57.0,,,,,,74.7863,30.0,33.0,,134.0,,,,,,0,0.0
OAS30361,,,,,7.0,8.0,22.0,15.0,22.0,82.0,54.0,56.0,,,,,,74.7863,30.0,33.0,66.3,135.0,,,,,,0,0.0
OAS30361,,,,,13.0,13.0,21.0,5.0,37.0,127.0,50.0,56.0,186443.7615,1497018.273,863602.7344,201429.3576,47956.0,74.7863,30.0,33.0,66.0,132.0,376550.4596,190106.6982,402579.2748,517241.4596,201149.9172,0,0.0
OAS30361,,,,,11.0,10.0,17.0,10.0,24.0,78.0,51.0,58.0,186443.7615,1497018.273,863602.7344,201429.3576,47956.0,74.7863,27.0,33.0,66.0,128.0,376550.4596,190106.6982,402579.2748,517241.4596,201149.9172,0,0.0
OAS30361,,,,,12.0,10.0,20.0,16.0,22.0,84.0,55.0,58.0,180089.1302,1502193.792,851218.1501,197887.728,47229.0,74.7863,30.0,33.0,66.0,123.0,364839.9897,184750.8595,397791.1604,502246.9897,199903.4324,0,0.0
OAS30361,,,,,14.0,15.0,15.0,13.0,25.0,78.0,50.0,52.0,180089.1302,1502193.792,851218.1501,197887.728,47229.0,74.7863,30.0,33.0,67.0,128.0,364839.9897,184750.8595,397791.1604,502246.9897,199903.4324,0,0.0
OAS30361,,,,,14.0,12.0,15.0,6.0,35.0,142.0,52.0,56.0,,,,,,74.7863,30.0,33.0,66.0,128.0,,,,,,0,0.0
OAS30361,,,,,14.0,12.0,16.0,13.0,39.0,80.0,53.0,56.0,,,,,,74.7863,30.0,33.0,66.0,131.0,,,,,,0,0.0
OAS30362,,,,,7.0,8.0,13.0,12.0,30.0,56.0,46.0,48.0,182029.4558,1456097.786,864948.0796,192459.1084,53440.0,67.5863,27.0,33.0,61.0,132.0,367627.159,185597.7032,391011.9206,505959.159,198552.8122,0,0.0
OAS30362,,,,,12.0,12.0,9.0,13.0,22.0,132.0,45.0,50.0,,,,,,67.5863,29.0,33.0,61.0,130.0,,,,,,0,0.0
OAS30362,,,,,10.0,6.0,11.0,9.0,27.0,116.0,42.0,44.0,,,,,,67.5863,28.0,33.0,60.5,132.0,,,,,,0,0.0
OAS30363,,,,,12.0,14.0,18.0,20.0,20.0,58.0,61.0,56.0,198876.403,1343472.847,887162.8426,201426.3574,48106.0,71.0959,29.0,24.0,62.5,156.0,397602.5527,198726.1497,405139.2899,540804.5527,203712.9325,0,0.0
OAS30363,,,,,17.0,18.0,18.0,16.0,26.0,75.0,56.0,58.0,,,,,,71.0959,30.0,24.0,62.0,168.0,,,,,,0,0.0
OAS30364,6.0,6.0,8.0,6.0,11.0,12.0,23.0,8.0,27.0,63.0,58.0,,250259.6839,1798599.564,1130464.156,264473.1728,61786.0,70.8438,29.0,33.0,70.5,207.0,495338.2589,245078.5751,528532.8969,653463.2589,264059.7242,0,0.0
OAS30364,5.0,5.0,8.0,6.0,,,27.0,12.0,20.0,70.0,59.0,,,,,,,70.8438,30.0,33.0,70.5,197.0,,,,,,0,0.0
OAS30364,7.0,6.0,7.0,5.0,,,25.0,9.0,25.0,63.0,64.0,,,,,,,70.8438,30.0,33.0,69.5,212.0,,,,,,0,0.0
OAS30365,,,,,,,,,39.0,,49.0,55.0,,,,,,58.5425,,33.0,,,,,,,,0,0.0
OAS30365,,,,,,,,,49.0,,46.0,56.0,,,,,,58.5425,,33.0,,,,,,,,0,0.0
OAS30365,,,,,,,,,30.0,,54.0,56.0,,,,,,58.5425,,33.0,,,,,,,,0,0.0
OAS30365,,,,,,,,,45.0,67.0,55.0,56.0,,,,,,58.5425,,33.0,,154.0,,,,,,0,0.0
OAS30365,,,,,,,,,31.0,72.0,45.0,58.0,,,,,,58.5425,,33.0,,159.0,,,,,,0,0.0
OAS30365,,,,,,,,,33.0,67.0,50.0,60.0,,,,,,58.5425,,33.0,,160.0,,,,,,0,0.0
OAS30365,,,,,,,,,33.0,58.0,49.0,57.0,,,,,,58.5425,,33.0,,163.0,,,,,,0,0.0
OAS30365,,,,,,,,,32.0,54.0,55.0,56.0,,,,,,58.5425,,33.0,,166.0,,,,,,0,0.0
OAS30365,,,,,,,21.0,,27.0,52.0,52.0,54.0,,,,,,58.5425,29.0,33.0,,146.0,,,,,,0,0.0
OAS30365,,,,,,,14.0,,35.0,62.0,55.0,59.0,,,,,,58.5425,29.0,33.0,,151.0,,,,,,0,0.0
OAS30365,,,,,,,25.0,,33.0,54.0,48.0,58.0,,,,,,58.5425,27.0,33.0,,160.0,,,,,,0,0.0
OAS30365,,,,,,,22.0,,32.0,54.0,48.0,60.0,,,,,,58.5425,30.0,33.0,,162.0,,,,,,0,0.0
OAS30365,,,,,,,18.0,,39.0,61.0,53.0,60.0,,,,,,58.5425,29.0,33.0,,163.0,,,,,,0,0.0
OAS30365,,,,,,,18.0,,42.0,61.0,49.0,58.0,,,,,,58.5425,29.0,33.0,,165.0,,,,,,0,0.0
OAS30365,,,,,,,20.0,,36.0,63.0,49.0,60.0,190490.2591,1317748.526,858497.8337,213040.6406,165526.89,58.5425,30.0,33.0,,173.0,380432.455,189942.1959,427554.0781,545959.345,214513.4375,0,0.0
OAS30365,,,,,,,17.0,,34.0,54.0,52.0,59.0,191570.5542,1304315.568,860427.353,211052.6563,167200.2775,58.5425,29.0,33.0,,173.0,384750.1799,193179.6257,425662.25,551950.4574,214609.5938,0,0.0
OAS30365,,,,,20.0,21.0,15.0,13.0,27.0,46.0,49.0,54.0,,,,,,58.5425,30.0,33.0,62.0,174.0,,,,,,0,0.0
OAS30365,,,,,18.0,17.0,12.0,13.0,31.0,58.0,52.0,54.0,,,,,,58.5425,30.0,33.0,62.5,168.0,,,,,,0,0.0
OAS30365,,,,,19.0,19.0,19.0,10.0,36.0,66.0,54.0,56.0,,,,,,58.5425,29.0,33.0,62.0,171.0,,,,,,0,0.0
OAS30365,,,,,18.0,16.0,7.0,13.0,36.0,82.0,47.0,60.0,,,,,,58.5425,28.0,33.0,62.0,177.0,,,,,,0,0.0
OAS30365,,,,,22.0,21.0,17.0,17.0,40.0,84.0,46.0,56.0,,,,,,58.5425,29.0,33.0,63.0,175.0,,,,,,0,0.0
OAS30367,,,,,,,28.0,,22.0,59.0,60.0,60.0,181004.6368,1291333.486,823144.2742,207062.5938,169388.101,57.9562,30.0,22.0,,,363932.8729,182928.2361,415633.8125,533320.974,208571.2188,0,0.0
OAS30367,,,,,33.0,,30.0,,26.0,58.0,,,185376.2511,1187916.064,826788.8206,188505.747,52661.0,57.9562,30.0,22.0,66.4,139.0,373002.4768,187626.2258,380597.3438,524786.4768,192091.5968,0,0.0
OAS30367,,,,,33.0,,25.0,,16.0,40.0,,,187521.3604,1189381.438,826313.6264,189655.9443,51231.0,57.9562,30.0,22.0,65.5,136.0,374239.3934,186718.033,380338.233,523505.3934,190682.2887,0,0.0
OAS30367,,,,,37.0,,23.0,,18.0,50.0,,,181518.5691,1188687.25,804537.1975,181201.1211,50135.0,57.9562,30.0,22.0,65.5,145.0,363976.7496,182458.1805,366318.4479,509591.7496,185117.3268,0,0.0
OAS30367,,,,,31.0,,26.0,,25.0,47.0,,,174544.3303,1217815.751,801626.334,185599.5012,49692.0,57.9562,30.0,22.0,65.25,143.0,350799.3094,176254.9792,376947.0246,495109.3094,191347.5234,0,0.0
OAS30367,,,,,36.0,,25.0,,31.0,50.0,,,174544.3303,1217815.751,801626.334,185599.5012,49692.0,57.9562,30.0,22.0,65.0,145.0,350799.3094,176254.9792,376947.0246,495109.3094,191347.5234,0,0.0
OAS30367,,,,,29.0,,25.0,,23.0,36.0,,,,,,,,57.9562,30.0,22.0,65.0,146.0,,,,,,0,0.0
OAS30367,,,,,31.0,,27.0,,18.0,43.0,,,,,,,,57.9562,30.0,22.0,65.0,143.0,,,,,,0,0.0
OAS30367,,,,,31.0,,22.0,,28.0,45.0,,,181271.1979,1318317.146,791627.1362,173917.5447,49943.0,57.9562,30.0,22.0,65.25,144.5999756,365383.4585,184112.2606,349531.6777,512146.4585,175614.133,0,0.0
OAS30367,9.0,7.0,7.0,5.0,,,21.0,10.0,,,,,,,,,,57.9562,30.0,22.0,65.0,140.3999023,,,,,,0,0.0
OAS30368,,,,,38.0,,27.0,,23.0,44.0,,,217226.8126,1442775.696,956811.8462,221650.4777,56368.0,56.4301,30.0,34.0,68.0,188.0,433879.3325,216652.5199,445683.5137,600818.3325,224033.036,0,0.0
OAS30368,,,,,38.0,,24.0,,23.0,42.0,,,,,,,,56.4301,29.0,34.0,67.5,187.0,,,,,,0,0.0
OAS30368,,,,,37.0,,23.0,,19.0,59.0,,,203216.6169,1434347.814,914736.3831,215054.358,51656.0,56.4301,30.0,34.0,67.5,188.0,406977.8018,203761.1849,430538.5813,563458.8018,215484.2233,0,0.0
OAS30368,,,,,40.0,,26.0,,21.0,78.0,,,,,,,,56.4301,30.0,34.0,67.5,203.0,,,,,,0,0.0
OAS30368,,,,,38.0,,18.0,,24.0,32.0,,,,,,,,56.4301,30.0,34.0,67.0,197.0,,,,,,0,0.0
OAS30368,,,,,33.0,,33.0,,24.0,68.0,,,194189.0713,1452661.927,903443.6975,212078.8359,51100.0,56.4301,29.0,34.0,67.25,188.7999268,390182.1268,195993.0555,428825.5707,547386.1268,216746.7349,0,0.0
OAS30368,7.0,6.0,6.0,5.0,,,17.0,8.0,,,,,,,,,,56.4301,,34.0,,,,,,,,0,0.0
OAS30368,6.0,5.0,7.0,5.0,,,19.0,12.0,,,,,,,,,,56.4301,29.0,34.0,67.0,194.0,,,,,,0,0.0
OAS30369,,,,,,,17.0,,40.0,96.0,52.0,60.0,,,,,,64.4575,30.0,33.0,,131.0,,,,,,0,0.0
OAS30369,,,,,,,18.0,,47.0,91.0,45.0,59.0,,,,,,64.4575,30.0,33.0,,129.0,,,,,,0,0.0
OAS30369,,,,,,,22.0,,50.0,94.0,44.0,60.0,,,,,,64.4575,30.0,33.0,,127.0,,,,,,0,0.0
OAS30369,,,,,,,20.0,,59.0,167.0,46.0,58.0,,,,,,64.4575,30.0,33.0,,132.0,,,,,,0,0.0
OAS30369,,,,,,,15.0,,40.0,93.0,46.0,60.0,,,,,,64.4575,30.0,33.0,,134.0,,,,,,0,0.0
OAS30369,,,,,,,17.0,,47.0,121.0,47.0,59.0,,,,,,64.4575,30.0,33.0,,123.0,,,,,,0,0.0
OAS30369,,,,,,,15.0,,76.0,136.0,49.0,60.0,175760.0566,1472923.489,891049.2395,224843.8594,171379.4792,64.4575,30.0,33.0,,124.0,351960.9785,176200.9219,451974.4063,523340.4576,227130.5469,0,0.0
OAS30369,,,,,20.0,18.0,2.0,10.0,41.0,119.0,17.0,58.0,,,,,,64.4575,30.0,33.0,62.0,123.0,,,,,,0,0.0
OAS30369,,,,,19.0,19.0,25.0,14.0,29.0,141.0,46.0,60.0,,,,,,64.4575,29.0,33.0,61.0,123.0,,,,,,0,0.0
OAS30369,,,,,19.0,18.0,17.0,13.0,55.0,102.0,44.0,60.0,181592.618,1526469.264,884683.5063,204981.2156,48234.0,64.4575,30.0,33.0,62.0,123.0,362514.6689,180922.0509,414156.8374,505906.6689,209175.6218,0,0.0
OAS30369,,,,,17.0,18.0,18.0,22.0,38.0,173.0,43.0,60.0,181592.618,1526469.264,884683.5063,204981.2156,48234.0,64.4575,30.0,33.0,61.0,122.0,362514.6689,180922.0509,414156.8374,505906.6689,209175.6218,0,0.0
OAS30369,,,,,19.0,19.0,19.0,14.0,35.0,180.0,49.0,60.0,167215.7185,1539437.096,875181.7981,211116.5917,49264.0,64.4575,30.0,33.0,60.0,121.0,336014.9407,168799.2221,423612.8574,481262.9407,212496.2658,0,0.0
OAS30369,,,,,17.0,18.0,21.0,15.0,47.0,135.0,42.0,58.0,167215.7185,1539437.096,875181.7981,211116.5917,49264.0,64.4575,28.0,33.0,61.0,122.0,336014.9407,168799.2221,423612.8574,481262.9407,212496.2658,0,0.0
OAS30369,,,,,24.0,22.0,21.0,18.0,58.0,180.0,42.0,60.0,,,,,,64.4575,29.0,33.0,60.0,120.0,,,,,,0,0.0
OAS30369,,,,,22.0,21.0,20.0,16.0,44.0,125.0,40.0,58.0,163936.2376,1528482.506,864395.118,211105.4817,46238.0,64.4575,30.0,33.0,60.5,121.0,325638.6242,161702.3865,420399.4938,466881.6242,209294.0122,1,0.5
OAS30369,,,,,23.0,20.0,16.0,12.0,41.0,180.0,41.0,58.0,167841.0877,1529145.419,849665.1524,200115.2612,46769.0,64.4575,30.0,33.0,60.25,120.0,337613.1326,169772.0449,394246.0198,477033.1326,194130.7586,0,0.0
OAS30369,,,,,21.0,21.0,17.0,11.0,63.0,163.0,41.0,58.0,167841.0877,1529145.419,849665.1524,200115.2612,46769.0,64.4575,30.0,33.0,61.5,117.0,337613.1326,169772.0449,394246.0198,477033.1326,194130.7586,0,0.0
OAS30369,,,,,20.0,21.0,14.0,14.0,50.0,130.0,31.0,54.0,162445.8448,1480143.792,838327.0681,196362.3631,45508.0,64.4575,29.0,33.0,60.4,112.0,324386.6619,161940.8171,395348.4062,455903.6619,198986.0431,0,0.0
OAS30369,9.0,7.0,5.0,4.0,,,12.0,9.0,61.0,164.0,32.0,,162445.8448,1480143.792,838327.0681,196362.3631,45508.0,64.4575,29.0,33.0,60.0,111.0,324386.6619,161940.8171,395348.4062,455903.6619,198986.0431,1,0.5
OAS30369,6.0,6.0,7.0,5.0,,,17.0,15.0,46.0,180.0,31.0,,,,,,,64.4575,30.0,33.0,60.0,114.0,,,,,,1,0.5
OAS30369,6.0,5.0,4.0,4.0,,,6.0,3.0,87.0,180.0,16.0,,,,,,,64.4575,26.0,33.0,61.0,111.0,,,,,,1,0.5
OAS30370,,,,,4.0,2.0,7.0,7.0,89.0,180.0,17.0,24.0,167362.1206,1379209.62,775424.1534,174118.3051,47872.0,82.5726,24.0,33.0,66.2,225.0,335900.5248,168538.4042,350571.6286,450813.5248,176453.3235,1,0.5
OAS30371,,,,,12.0,12.0,25.0,11.0,38.0,110.0,36.0,56.0,180994.8468,1205567.391,782048.4912,179587.4704,46267.0,66.2685,30.0,44.0,59.5,222.0,358454.9796,177460.1328,357510.5116,484531.9796,177923.0412,0,0.0
OAS30371,,,,,17.0,17.0,20.0,11.0,34.0,105.0,44.0,58.0,180994.8468,1205567.391,782048.4912,179587.4704,46267.0,66.2685,30.0,44.0,69.0,217.0,358454.9796,177460.1328,357510.5116,484531.9796,177923.0412,0,0.0
OAS30371,,,,,18.0,16.0,22.0,16.0,43.0,77.0,42.0,56.0,178386.6386,1122419.924,772598.325,172814.0853,47523.0,66.2685,30.0,44.0,70.0,218.0,358097.5505,179710.9119,345958.7745,487073.5505,173144.6891,0,0.0
OAS30371,,,,,15.0,11.0,25.0,10.0,31.0,87.0,45.0,60.0,178386.6386,1122419.924,772598.325,172814.0853,47523.0,66.2685,30.0,44.0,69.0,204.0,358097.5505,179710.9119,345958.7745,487073.5505,173144.6891,0,0.0
OAS30371,,,,,15.0,13.0,24.0,16.0,29.0,83.0,49.0,56.0,179682.2833,1122946.091,774866.5268,174406.6084,46578.0,66.2685,30.0,44.0,69.0,204.0,357781.856,178099.5726,348538.6709,483778.856,174132.0624,0,0.0
OAS30371,,,,,16.0,17.0,26.0,13.0,38.0,92.0,44.0,58.0,,,,,,66.2685,30.0,44.0,68.75,192.0,,,,,,0,0.0
OAS30371,,,,,12.0,11.0,20.0,9.0,38.0,84.0,46.0,58.0,,,,,,66.2685,28.0,44.0,68.7,194.0,,,,,,0,0.0
OAS30371,9.0,7.0,5.0,4.0,,,18.0,10.0,29.0,76.0,45.0,,,,,,,66.2685,30.0,44.0,68.5,196.0,,,,,,0,0.0
OAS30371,8.0,7.0,8.0,5.0,,,24.0,7.0,30.0,79.0,44.0,,,,,,,66.2685,28.0,44.0,68.0,193.3999023,,,,,,0,0.0
OAS30371,9.0,7.0,4.0,3.0,,,20.0,10.0,29.0,81.0,45.0,,,,,,,66.2685,29.0,44.0,68.0,184.0,,,,,,0,0.0
OAS30371,6.0,5.0,6.0,4.0,,,13.0,10.0,,,,,,,,,,66.2685,,44.0,,,,,,,,0,0.0
OAS30372,,,,,,,25.0,,26.0,60.0,63.0,59.0,,,,,,54.4027,30.0,33.0,,174.0,,,,,,0,0.0
OAS30372,,,,,30.0,,29.0,,34.0,65.0,,,194226.8463,1423700.854,883141.4506,207231.4968,52224.0,54.4027,30.0,33.0,65.0,154.0,391344.6756,197117.8293,414659.775,541534.6756,207428.2782,0,0.0
OAS30372,,,,,30.0,,23.0,,25.0,49.0,,,184787.7131,1426632.678,838301.912,192116.0412,49038.0,54.4027,27.0,33.0,65.5,139.0,369939.3795,185151.6664,386796.5325,511834.3795,194680.4914,0,0.0
OAS30373,,,,,1.0,0.0,18.0,9.0,38.0,180.0,37.0,50.0,209067.8991,1847753.474,1067806.744,257834.3717,54390.0,69.8767,26.0,24.0,70.0,191.0,433972.6755,224904.7764,519750.0687,597758.6755,261915.697,1,0.5
OAS30373,,,,,3.0,1.0,19.0,9.0,36.0,145.0,35.0,50.0,209067.8991,1847753.474,1067806.744,257834.3717,54390.0,69.8767,27.0,24.0,69.5,189.0,433972.6755,224904.7764,519750.0687,597758.6755,261915.697,1,0.5
OAS30373,,,,,0.0,0.0,9.0,2.0,54.0,180.0,5.0,42.0,174102.6008,1843366.51,1057651.621,275538.5138,53650.0,69.8767,22.0,24.0,69.5,191.0,363064.1621,188961.5613,557053.4587,518114.1621,281514.9448,2,1.0
OAS30374,,,,,7.0,5.0,18.0,12.0,34.0,97.0,31.0,50.0,180051.9771,1345207.118,829028.2342,184203.0458,53781.0,76.0932,26.0,44.0,62.0,220.0,362938.9177,182886.9406,374623.3165,499728.9177,190420.2707,0,0.0
OAS30374,,,,,7.0,8.0,20.0,13.0,20.0,103.0,39.0,52.0,,,,,,76.0932,23.0,44.0,62.5,221.0,,,,,,0,0.0
OAS30374,,,,,4.0,3.0,14.0,8.0,24.0,108.0,27.0,48.0,,,,,,76.0932,28.0,44.0,62.0,232.0,,,,,,0,0.0
OAS30375,,,,,,,,,37.0,180.0,40.0,51.0,,,,,,50.4548,,33.0,,228.0,,,,,,1,0.5
OAS30375,,,,,,,,,31.0,180.0,45.0,51.0,,,,,,50.4548,,33.0,,240.0,,,,,,0,0.0
OAS30375,,,,,,,17.0,,41.0,180.0,48.0,52.0,,,,,,50.4548,23.0,33.0,,252.0,,,,,,0,0.0
OAS30375,,,,,,,21.0,,42.0,111.0,47.0,54.0,,,,,,50.4548,29.0,33.0,,250.0,,,,,,0,0.0
OAS30375,,,,,,,24.0,,33.0,98.0,51.0,54.0,,,,,,50.4548,28.0,33.0,,255.0,,,,,,0,0.0
OAS30375,,,,,15.0,14.0,21.0,15.0,27.0,178.0,42.0,50.0,236873.0764,1636727.995,1025537.798,235389.7716,53913.0,50.4548,28.0,33.0,71.2,257.0,472443.9005,235570.8241,466997.8976,619204.9005,231608.1259,0,0.0
OAS30375,,,,,12.0,13.0,29.0,12.0,27.0,117.0,47.0,48.0,226781.593,1613779.322,995826.6732,223076.1363,52695.0,50.4548,29.0,33.0,71.5,251.0,453582.4814,226800.8884,454675.1918,596993.4814,231599.0556,0,0.0
OAS30375,,,,,14.0,13.0,25.0,10.0,27.0,179.0,47.0,50.0,226781.593,1613779.322,995826.6732,223076.1363,52695.0,50.4548,30.0,33.0,71.0,240.0,453582.4814,226800.8884,454675.1918,596993.4814,231599.0556,0,0.0
OAS30375,,,,,11.0,10.0,20.0,11.0,32.0,180.0,47.0,50.0,,,,,,50.4548,25.0,33.0,71.0,228.0,,,,,,0,0.0
OAS30375,,,,,15.0,15.0,24.0,11.0,34.0,,42.0,50.0,,,,,,50.4548,25.0,33.0,71.5,223.0,,,,,,0,0.0
OAS30375,4.0,5.0,3.0,3.0,,,20.0,7.0,29.0,,45.0,,,,,,,50.4548,23.0,33.0,71.0,236.0,,,,,,0,0.0
OAS30376,6.0,5.0,6.0,5.0,16.0,15.0,16.0,17.0,37.0,66.0,36.0,,184543.8561,1297185.607,799111.8147,178039.1232,43690.0,77.2466,29.0,33.0,62.0,122.0,372129.0323,187585.1762,357323.7824,497441.0323,179284.6592,0,0.0
OAS30376,6.0,5.0,4.0,4.0,,,22.0,20.0,30.0,91.0,31.0,,,,,,,77.2466,30.0,33.0,62.0,116.0,,,,,,0,0.0
OAS30377,12.0,8.0,5.0,4.0,17.0,17.0,21.0,19.0,37.0,110.0,42.0,,177099.2226,1408521.39,795685.229,171467.4423,45594.0,74.3753,29.0,33.0,64.5,175.0,355359.0405,178259.8178,344427.1886,476750.0405,172959.7463,1,0.5
OAS30377,11.0,8.0,0.0,0.0,,,21.0,13.0,37.0,180.0,34.0,,,,,,,74.3753,28.0,33.0,63.5,179.7999268,,,,,,0,0.0
OAS30378,,,,,13.0,12.0,14.0,11.0,42.0,147.0,44.0,54.0,246973.5524,1727701.242,1081559.553,250202.1779,57756.0,72.7397,28.0,33.0,68.0,204.0,490670.8882,243697.3357,497631.665,652996.8882,247429.4871,0,0.0
OAS30378,,,,,14.0,15.0,18.0,14.0,44.0,129.0,45.0,56.0,246973.5524,1727701.242,1081559.553,250202.1779,57756.0,72.7397,30.0,33.0,67.0,207.0,490670.8882,243697.3357,497631.665,652996.8882,247429.4871,0,0.0
OAS30378,,,,,16.0,16.0,20.0,12.0,36.0,82.0,44.0,58.0,,,,,,72.7397,28.0,33.0,67.0,169.0,,,,,,0,0.0
OAS30379,,,,,,,30.0,,24.0,63.0,44.0,60.0,,,,,,83.4027,28.0,33.0,,175.0,,,,,,0,0.0
OAS30379,,,,,,,23.0,,38.0,82.0,46.0,60.0,,,,,,83.4027,27.0,33.0,,168.0,,,,,,0,0.0
OAS30379,,,,,,,29.0,,27.0,67.0,40.0,58.0,209744.6639,1551627.65,974053.1714,244247.1094,158751.3461,83.4027,26.0,33.0,,174.0,419674.1228,209929.4589,485012.9531,578425.4689,240765.8438,0,0.0
OAS30379,,,,,3.0,2.0,18.0,9.0,26.0,73.0,30.0,56.0,213556.4173,1683973.4,971522.3107,217618.0613,50907.0,83.4027,27.0,33.0,70.0,169.0,427446.4424,213890.0251,436986.8683,564053.4424,219368.807,0,0.0
OAS30379,,,,,1.0,1.0,18.0,7.0,33.0,153.0,31.0,56.0,,,,,,83.4027,26.0,33.0,69.8,172.0,,,,,,0,0.0
OAS30379,,,,,1.0,0.0,14.0,4.0,39.0,101.0,26.0,56.0,,,,,,83.4027,25.0,33.0,70.0,156.0,,,,,,1,0.5
OAS30381,,,,,13.0,10.0,13.0,6.0,96.0,180.0,27.0,42.0,,,,,,70.3863,28.0,23.0,69.7,186.0,,,,,,1,0.5
OAS30381,,,,,10.0,8.0,13.0,6.0,85.0,180.0,28.0,40.0,,,,,,70.3863,29.0,23.0,69.0,172.0,,,,,,1,0.5
OAS30381,7.0,6.0,3.0,3.0,,,7.0,6.0,118.0,180.0,18.0,,,,,,,70.3863,25.0,23.0,69.5,167.0,,,,,,1,0.5
OAS30382,,,,,20.0,19.0,23.0,18.0,41.0,53.0,47.0,60.0,198193.9848,1451657.347,813601.9727,167239.5419,44584.0,72.1397,29.0,33.0,70.5,236.0,397718.042,199524.0571,340520.9307,541277.042,173281.3888,0,0.0
OAS30382,,,,,19.0,16.0,25.0,18.0,28.0,65.0,47.0,60.0,198193.9848,1451657.347,813601.9727,167239.5419,44584.0,72.1397,30.0,33.0,70.0,236.0,397718.042,199524.0571,340520.9307,541277.042,173281.3888,0,0.0
OAS30382,,,,,20.0,21.0,26.0,26.0,31.0,61.0,44.0,60.0,,,,,,72.1397,29.0,33.0,70.0,235.0,,,,,,0,0.0
OAS30382,,,,,19.0,20.0,25.0,16.0,32.0,66.0,52.0,60.0,198162.668,1371092.009,790074.1729,158373.9283,46847.0,72.1397,30.0,33.0,70.0,228.0,392765.0225,194602.3545,316560.1503,537113.0225,158186.222,0,0.0
OAS30382,,,,,21.0,20.0,23.0,10.0,33.0,62.0,49.0,60.0,198162.668,1371092.009,790074.1729,158373.9283,46847.0,72.1397,30.0,33.0,70.0,222.0,392765.0225,194602.3545,316560.1503,537113.0225,158186.222,0,0.0
OAS30382,,,,,21.0,21.0,21.0,18.0,36.0,65.0,51.0,58.0,,,,,,72.1397,30.0,33.0,69.7,210.0,,,,,,0,0.0
OAS30382,,,,,19.0,19.0,22.0,14.0,28.0,50.0,49.0,60.0,,,,,,72.1397,29.0,33.0,69.75,215.0,,,,,,0,0.0
OAS30382,,,,,21.0,19.0,17.0,12.0,41.0,65.0,39.0,58.0,,,,,,72.1397,29.0,33.0,69.75,215.0,,,,,,0,0.0
OAS30382,10.0,8.0,12.0,7.0,,,21.0,15.0,32.0,70.0,43.0,,,,,,,72.1397,30.0,33.0,71.0,219.0,,,,,,0,0.0
OAS30382,9.0,7.0,10.0,6.0,,,20.0,17.0,34.0,52.0,43.0,,,,,,,72.1397,30.0,33.0,70.0,219.5999756,,,,,,0,0.0
OAS30382,12.0,8.0,9.0,6.0,,,24.0,14.0,32.0,48.0,44.0,,,,,,,72.1397,30.0,33.0,69.0,213.0,,,,,,0,0.0
OAS30383,,,,,9.0,8.0,17.0,9.0,46.0,154.0,30.0,50.0,196592.7793,1594488.275,896139.0565,192866.5155,50297.0,88.5507,30.0,22.0,66.0,142.0,397592.3425,200999.5632,393066.714,536745.3425,200200.1985,0,0.0
OAS30383,,,,,5.0,4.0,10.0,9.0,65.0,180.0,29.0,46.0,,,,,,88.5507,29.0,22.0,67.0,141.0,,,,,,0,0.0
OAS30383,,,,,1.0,2.0,14.0,5.0,68.0,180.0,29.0,46.0,,,,,,88.5507,28.0,22.0,65.0,129.0,,,,,,1,0.5
OAS30383,,,,,5.0,5.0,8.0,10.0,59.0,180.0,27.0,46.0,,,,,,88.5507,29.0,22.0,65.5,138.0,,,,,,1,0.5
OAS30384,,,,,11.0,8.0,16.0,9.0,38.0,72.0,45.0,42.0,200740.3982,1561418.446,978449.3901,248670.8643,53713.0,65.2301,30.0,33.0,71.0,274.0,405662.2506,204921.8524,501777.1394,553679.2506,253106.2751,0,0.0
OAS30385,6.0,5.0,5.0,4.0,19.0,14.0,15.0,15.0,50.0,180.0,29.0,,162256.1103,1474321.021,831324.8622,205023.1779,43118.0,73.3151,29.0,33.0,61.0,125.0,324490.7904,162234.6801,412190.0718,447072.7904,207166.8939,0,0.0
OAS30385,5.0,5.0,5.0,4.0,,,19.0,9.0,39.0,180.0,30.0,,,,,,,73.3151,28.0,33.0,60.75,123.0,,,,,,0,0.0
OAS30385,9.0,7.0,3.0,3.0,,,20.0,15.0,35.0,155.0,29.0,,,,,,,73.3151,28.0,33.0,60.5,118.0,,,,,,0,0.0
OAS30386,4.0,4.0,5.0,4.0,10.0,11.0,16.0,12.0,23.0,36.0,59.0,,255411.5183,1667436.78,1071161.239,228728.069,49695.0,74.8301,30.0,34.0,71.7,204.0,508722.8805,253311.3622,462130.3585,634981.8805,233402.2895,0,0.0
OAS30386,5.0,5.0,6.0,5.0,15.0,12.0,15.0,15.0,22.0,67.0,51.0,,,,,,,74.8301,29.0,34.0,72.0,174.0,,,,,,0,0.0
OAS30387,,,,,13.0,14.0,20.0,16.0,26.0,48.0,49.0,56.0,,,,,,74.1096,26.0,33.0,66.0,193.0,,,,,,0,0.0
OAS30387,,,,,18.0,17.0,21.0,17.0,28.0,55.0,51.0,60.0,181417.3418,1410460.655,823700.7589,186016.6592,45359.0,74.1096,28.0,33.0,65.0,186.0,368906.1756,187488.8338,372791.5833,498009.1756,186774.924,0,0.0
OAS30387,,,,,19.0,17.0,20.0,14.0,37.0,61.0,49.0,60.0,,,,,,74.1096,30.0,33.0,65.0,176.0,,,,,,0,0.0
OAS30387,,,,,19.0,19.0,18.0,20.0,31.0,64.0,55.0,60.0,175969.9205,1411593.101,810386.0381,182536.0721,44494.0,74.1096,30.0,33.0,63.7,172.0,356533.3365,180563.416,366740.7016,483406.3365,184204.6295,0,0.0
OAS30387,,,,,16.0,17.0,32.0,15.0,33.0,54.0,48.0,60.0,175969.9205,1411593.101,810386.0381,182536.0721,44494.0,74.1096,27.0,33.0,64.0,176.0,356533.3365,180563.416,366740.7016,483406.3365,184204.6295,0,0.0
OAS30387,,,,,19.0,19.0,21.0,19.0,27.0,47.0,51.0,58.0,,,,,,74.1096,30.0,33.0,63.0,181.0,,,,,,0,0.0
OAS30387,,,,,22.0,20.0,25.0,22.0,34.0,53.0,49.0,60.0,,,,,,74.1096,30.0,33.0,64.0,172.0,,,,,,0,0.0
OAS30387,,,,,19.0,19.0,24.0,19.0,34.0,59.0,47.0,60.0,,,,,,74.1096,28.0,33.0,64.0,175.0,,,,,,0,0.0
OAS30387,,,,,23.0,21.0,21.0,18.0,43.0,56.0,43.0,60.0,170504.5546,1377962.345,783430.095,169560.5892,42397.0,74.1096,30.0,33.0,63.5,177.0,346022.1586,175517.604,343228.9364,459075.1586,173668.3472,0,0.0
OAS30387,,,,,17.0,17.0,16.0,17.0,37.0,54.0,45.0,60.0,170504.5546,1377962.345,783430.095,169560.5892,42397.0,74.1096,29.0,33.0,63.5,184.0,346022.1586,175517.604,343228.9364,459075.1586,173668.3472,0,0.0
OAS30387,11.0,8.0,9.0,7.0,,,27.0,19.0,35.0,68.0,40.0,,,,,,,74.1096,30.0,33.0,64.0,180.0,,,,,,0,0.0
OAS30388,,,,,7.0,2.0,19.0,16.0,23.0,103.0,43.0,58.0,189905.8454,1358988.702,847897.0781,197249.1467,44878.0,76.4877,28.0,24.0,63.0,127.0,384290.5317,194384.6863,400209.5464,514346.5317,202960.3997,2,1.0
OAS30388,,,,,3.0,0.0,20.0,12.0,24.0,180.0,32.0,54.0,,,,,,76.4877,23.0,24.0,63.5,117.0,,,,,,2,1.0
OAS30388,,,,,5.0,0.0,16.0,10.0,63.0,180.0,34.0,48.0,,,,,,76.4877,21.0,24.0,63.5,131.0,,,,,,2,1.0
OAS30390,,,,,18.0,,16.0,,46.0,85.0,,,249160.2857,1696231.811,1114662.21,267414.5186,63461.0,50.6247,30.0,33.0,68.0,200.0,499815.9684,250655.6828,539434.2412,667693.9684,272019.7226,0,0.0
OAS30390,,,,,14.0,,17.0,,37.0,75.0,,,238008.7319,1672516.305,1091857.671,267074.5132,61587.0,50.6247,28.0,33.0,68.5,239.0,480213.8511,242205.1193,538722.82,642480.8511,271648.3068,0,0.0
OAS30390,,,,,22.0,,20.0,,41.0,57.0,,,,,,,,50.6247,28.0,33.0,67.75,260.0,,,,,,0,0.0
OAS30391,,,,,15.0,10.0,12.0,10.0,40.0,79.0,41.0,48.0,195135.694,1528097.751,867650.4726,192953.8263,43351.0,82.8767,28.0,34.0,66.0,130.0,393974.3484,198838.6544,385304.1242,523444.3484,192350.2979,1,0.5
OAS30391,,,,,9.0,13.0,17.0,8.0,34.0,73.0,28.0,50.0,,,,,,82.8767,29.0,34.0,65.8,152.0,,,,,,1,0.5
OAS30391,,,,,12.0,10.0,13.0,11.0,33.0,151.0,32.0,54.0,,,,,,82.8767,30.0,34.0,65.0,155.0,,,,,,1,0.5
OAS30391,,,,,8.0,6.0,18.0,11.0,49.0,145.0,38.0,48.0,,,,,,82.8767,30.0,34.0,66.0,154.0,,,,,,1,0.5
OAS30391,,,,,3.0,6.0,13.0,5.0,41.0,161.0,33.0,52.0,,,,,,82.8767,26.0,34.0,66.0,150.0,,,,,,2,1.0
OAS30391,8.0,6.0,6.0,5.0,,,11.0,3.0,42.0,150.0,28.0,,,,,,,82.8767,25.0,34.0,65.5,147.0,,,,,,2,1.0
OAS30391,6.0,6.0,4.0,3.0,,,8.0,3.0,52.0,180.0,27.0,,,,,,,82.8767,21.0,34.0,65.5,146.0,,,,,,2,1.0
OAS30392,,,,,,,15.0,,32.0,71.0,45.0,53.0,,,,,,72.4849,29.0,23.0,,191.0,,,,,,0,0.0
OAS30392,,,,,12.0,11.0,13.0,12.0,23.0,66.0,48.0,56.0,,,,,,72.4849,29.0,23.0,72.0,185.0,,,,,,0,0.0
OAS30392,,,,,19.0,20.0,12.0,12.0,40.0,94.0,51.0,56.0,,,,,,72.4849,29.0,23.0,71.5,193.0,,,,,,0,0.0
OAS30392,,,,,20.0,19.0,16.0,12.0,24.0,52.0,54.0,52.0,222291.0579,1601336.89,977233.1453,221096.4906,54102.0,72.4849,29.0,23.0,71.5,190.0,445658.5266,223367.4687,442979.6187,590210.5266,221883.1281,0,0.0
OAS30392,,,,,17.0,18.0,14.0,13.0,27.0,78.0,53.0,56.0,222291.0579,1601336.89,977233.1453,221096.4906,54102.0,72.4849,30.0,23.0,71.5,194.0,445658.5266,223367.4687,442979.6187,590210.5266,221883.1281,0,0.0
OAS30392,,,,,18.0,19.0,15.0,18.0,35.0,71.0,52.0,54.0,,,,,,72.4849,30.0,23.0,71.5,183.0,,,,,,0,0.0
OAS30392,,,,,22.0,21.0,17.0,8.0,30.0,75.0,52.0,56.0,214849.2327,1553913.055,947114.6573,214271.1101,52049.0,72.4849,29.0,23.0,71.0,194.0,425675.1838,210825.9511,432735.4735,557664.1838,218464.3634,0,0.0
OAS30392,,,,,19.0,20.0,13.0,15.0,31.0,81.0,47.0,56.0,214849.2327,1553913.055,947114.6573,214271.1101,52049.0,72.4849,30.0,23.0,71.0,196.0,425675.1838,210825.9511,432735.4735,557664.1838,218464.3634,0,0.0
OAS30392,,,,,19.0,17.0,12.0,15.0,23.0,62.0,48.0,54.0,,,,,,72.4849,30.0,23.0,71.5,195.0,,,,,,0,0.0
OAS30392,6.0,6.0,6.0,5.0,,,15.0,16.0,31.0,73.0,44.0,,,,,,,72.4849,29.0,23.0,70.75,192.0,,,,,,0,0.0
OAS30392,8.0,7.0,4.0,3.0,,,15.0,12.0,33.0,79.0,41.0,,,,,,,72.4849,29.0,23.0,71.0,191.0,,,,,,0,0.0
OAS30393,,,,,,,,,45.0,,39.0,57.0,,,,,,63.5973,,33.0,,,,,,,,0,0.0
OAS30393,,,,,,,,,43.0,,42.0,59.0,,,,,,63.5973,,33.0,,,,,,,,0,0.0
OAS30393,,,,,,,,,75.0,,41.0,58.0,,,,,,63.5973,,33.0,,,,,,,,0,0.0
OAS30393,,,,,,,,,58.0,,57.0,57.0,,,,,,63.5973,,33.0,,,,,,,,0,0.0
OAS30393,,,,,,,,,57.0,167.0,47.0,58.0,,,,,,63.5973,,33.0,,169.0,,,,,,0,0.0
OAS30393,,,,,,,,,64.0,144.0,48.0,55.0,,,,,,63.5973,,33.0,,168.0,,,,,,0,0.0
OAS30393,,,,,,,,,50.0,108.0,53.0,57.0,,,,,,63.5973,,33.0,,173.0,,,,,,0,0.0
OAS30393,,,,,,,,,61.0,149.0,52.0,56.0,,,,,,63.5973,,33.0,,174.0,,,,,,0,0.0
OAS30393,,,,,,,,,64.0,162.0,57.0,58.0,,,,,,63.5973,,33.0,,179.0,,,,,,0,0.0
OAS30393,,,,,,,23.0,,47.0,142.0,59.0,60.0,,,,,,63.5973,30.0,33.0,,173.0,,,,,,0,0.0
OAS30393,,,,,,,16.0,,40.0,130.0,46.0,59.0,,,,,,63.5973,30.0,33.0,,168.0,,,,,,0,0.0
OAS30393,,,,,,,18.0,,47.0,130.0,60.0,58.0,,,,,,63.5973,30.0,33.0,,166.0,,,,,,0,0.0
OAS30393,,,,,,,19.0,,45.0,128.0,54.0,58.0,,,,,,63.5973,29.0,33.0,,170.0,,,,,,0,0.0
OAS30393,,,,,,,20.0,,55.0,164.0,55.0,58.0,,,,,,63.5973,29.0,33.0,,167.0,,,,,,0,0.0
OAS30393,,,,,,,21.0,,46.0,110.0,53.0,59.0,192626.8795,1325753.907,838405.127,201151.5625,161262.7168,63.5973,30.0,33.0,,169.0,386142.7329,193515.8535,405878.9688,547405.4497,204727.4063,0,0.0
OAS30393,,,,,,,23.0,,50.0,132.0,57.0,57.0,192626.8795,1325753.907,838405.127,201151.5625,161262.7168,63.5973,28.0,33.0,,169.0,386142.7329,193515.8535,405878.9688,547405.4497,204727.4063,0,0.0
OAS30393,,,,,,,22.0,,40.0,125.0,53.0,59.0,186987.671,1321567.431,823516.847,198873.8281,158042.459,63.5973,30.0,33.0,,161.0,376833.5036,189845.8326,399380.6406,534875.9627,200506.8125,0,0.0
OAS30393,,,,,23.0,21.0,20.0,16.0,63.0,134.0,52.0,58.0,186987.671,1321567.431,823516.847,198873.8281,158042.459,63.5973,29.0,33.0,64.0,154.0,376833.5036,189845.8326,399380.6406,534875.9627,200506.8125,0,0.0
OAS30393,,,,,23.0,22.0,24.0,20.0,42.0,125.0,55.0,58.0,,,,,,63.5973,29.0,33.0,63.0,160.0,,,,,,0,0.0
OAS30393,,,,,24.0,23.0,24.0,20.0,52.0,134.0,48.0,56.0,194547.5982,1384055.497,841119.1967,184943.4444,52202.0,63.5973,30.0,33.0,64.0,165.0,388409.2981,193861.6999,373917.8986,530294.2981,188974.4542,0,0.0
OAS30393,,,,,20.0,21.0,19.0,16.0,58.0,129.0,45.0,58.0,,,,,,63.5973,30.0,33.0,63.0,157.0,,,,,,0,0.0
OAS30393,,,,,23.0,24.0,18.0,16.0,76.0,180.0,47.0,56.0,190281.941,1400507.276,825692.6928,181311.8081,50874.0,63.5973,28.0,33.0,63.0,150.0,376771.9356,186489.9946,368098.7573,517136.9356,186786.9492,0,0.0
OAS30393,,,,,23.0,21.0,23.0,14.0,70.0,147.0,50.0,58.0,190281.941,1400507.276,825692.6928,181311.8081,50874.0,63.5973,29.0,33.0,63.0,149.0,376771.9356,186489.9946,368098.7573,517136.9356,186786.9492,0,0.0
OAS30393,,,,,22.0,22.0,19.0,16.0,64.0,138.0,48.0,54.0,,,,,,63.5973,30.0,33.0,63.0,142.0,,,,,,0,0.0
OAS30393,,,,,19.0,20.0,23.0,17.0,42.0,180.0,42.0,54.0,,,,,,63.5973,30.0,33.0,63.0,137.0,,,,,,0,0.0
OAS30393,,,,,20.0,21.0,19.0,17.0,64.0,151.0,27.0,52.0,,,,,,63.5973,29.0,33.0,62.0,132.0,,,,,,0,0.0
OAS30393,,,,,22.0,21.0,18.0,12.0,50.0,180.0,40.0,52.0,,,,,,63.5973,27.0,33.0,61.5,128.0,,,,,,1,0.5
OAS30393,,,,,18.0,21.0,14.0,15.0,65.0,,35.0,54.0,,,,,,63.5973,28.0,33.0,63.0,127.0,,,,,,1,0.5
OAS30394,,,,,8.0,8.0,9.0,14.0,112.0,180.0,20.0,32.0,162714.1214,1525042.895,814197.5024,172083.1036,51385.0,84.8438,26.0,33.0,68.0,190.0,325925.1772,163211.0558,345134.3252,452306.1772,173051.2216,1,0.5
OAS30395,,,,,29.0,,29.0,,27.0,44.0,,,247722.9555,1525189.64,1054287.209,238080.977,60859.0,53.2822,30.0,34.0,64.0,161.0,494079.2194,246356.2639,478496.9897,652526.2194,240416.0127,0,0.0
OAS30395,,,,,29.0,,28.0,,22.0,33.0,,,241481.2501,1495522.243,1057025.381,246516.1273,60197.0,53.2822,30.0,34.0,68.7,168.0,480234.6872,238753.437,496422.6939,634877.6872,249906.5665,0,0.0
OAS30395,,,,,26.0,,27.0,,25.0,50.0,,,,,,,,53.2822,30.0,34.0,63.75,175.0,,,,,,0,0.0
OAS30396,,,,,12.0,10.0,14.0,11.0,31.0,91.0,35.0,50.0,260912.7979,2042638.129,1246984.706,271842.5942,56485.0,70.0575,30.0,34.0,74.0,226.0,524752.7572,263839.9594,543669.9491,684493.7572,271827.355,1,0.5
OAS30396,,,,,11.0,9.0,14.0,14.0,47.0,127.0,33.0,48.0,,,,,,70.0575,29.0,34.0,74.0,226.0,,,,,,1,0.5
OAS30397,,,,,3.0,3.0,5.0,1.0,78.0,180.0,5.0,28.0,,,,,,68.9479,16.0,23.0,63.0,111.0,,,,,,2,1.0
OAS30398,,,,,9.0,7.0,8.0,7.0,81.0,180.0,40.0,16.0,,,,,,74.8986,27.0,24.0,65.0,162.0,,,,,,1,0.5
OAS30399,,,,,7.0,5.0,13.0,12.0,42.0,91.0,27.0,56.0,,,,,,79.1233,29.0,33.0,70.0,166.0,,,,,,1,0.5
OAS30399,,,,,8.0,10.0,13.0,10.0,34.0,80.0,29.0,58.0,204094.3035,1756327.211,937734.3384,199276.6016,49911.0,79.1233,27.0,33.0,69.5,162.0,413787.1434,209692.8399,398209.1951,572276.1434,198932.5935,1,0.5
OAS30399,,,,,10.0,8.0,14.0,10.0,35.0,116.0,26.0,60.0,,,,,,79.1233,28.0,33.0,70.0,175.0,,,,,,1,0.5
OAS30399,,,,,8.0,5.0,14.0,10.0,33.0,102.0,30.0,56.0,199149.3189,1755455.198,917708.2895,190503.894,47570.0,79.1233,27.0,33.0,69.5,170.0,403796.3596,204647.0407,381755.9299,557098.3596,191252.0359,1,0.5
OAS30399,,,,,7.0,3.0,12.0,11.0,43.0,114.0,32.0,56.0,199149.3189,1755455.198,917708.2895,190503.894,47570.0,79.1233,28.0,33.0,69.5,173.0,403796.3596,204647.0407,381755.9299,557098.3596,191252.0359,1,0.5
OAS30399,,,,,1.0,0.0,11.0,5.0,54.0,125.0,24.0,58.0,184691.1704,1748635.877,904376.0225,189529.8583,44518.0,79.1233,23.0,33.0,69.0,172.0,369564.8267,184873.6563,394372.1958,513749.8267,204842.3374,1,0.5
OAS30399,,,,,0.0,0.0,7.0,3.0,71.0,173.0,23.0,50.0,184691.1704,1748635.877,904376.0225,189529.8583,44518.0,79.1233,21.0,33.0,67.6,175.0,369564.8267,184873.6563,394372.1958,513749.8267,204842.3374,2,1.0
OAS30400,,,,,25.0,,17.0,,57.0,89.0,,,231531.087,1559608.053,1059539.716,251121.7264,60590.0,53.9644,30.0,34.0,72.5,192.5,466287.7191,234756.6321,505518.9971,638420.7191,254397.2707,0,0.0
OAS30400,,,,,30.0,,16.0,,59.0,79.0,,,219764.9328,1503461.8,1027890.495,248242.581,59990.0,53.9644,29.0,34.0,72.0,195.0,440980.6303,221215.6975,498057.8648,603177.6303,249815.2838,0,0.0
OAS30401,,,,,11.0,11.0,14.0,16.0,31.0,136.0,36.0,60.0,220236.5598,1541265.039,977297.4622,227192.29,53010.0,63.8164,28.0,33.0,62.0,152.0,436432.6185,216196.0587,449645.8437,582156.6185,222453.5537,1,0.5
OAS30401,,,,,11.0,8.0,13.0,10.0,30.0,161.0,26.0,56.0,220236.5598,1541265.039,977297.4622,227192.29,53010.0,63.8164,26.0,33.0,63.0,170.0,436432.6185,216196.0587,449645.8437,582156.6185,222453.5537,2,1.0
OAS30401,,,,,6.0,2.0,11.0,11.0,33.0,180.0,20.0,58.0,,,,,,63.8164,24.0,33.0,62.0,174.0,,,,,,2,1.0
OAS30402,,,,,16.0,15.0,20.0,21.0,54.0,98.0,38.0,48.0,176462.034,1283313.799,798087.9428,176523.3058,51909.0,67.7808,29.0,23.0,65.0,180.0,352968.447,176506.413,353645.4958,488819.447,177122.1901,0,0.0
OAS30402,,,,,14.0,15.0,16.0,15.0,45.0,83.0,43.0,52.0,178176.7057,1344277.053,800897.5751,176516.5381,51922.0,67.7808,29.0,23.0,65.5,180.0,356602.7856,178426.0799,352057.7895,491413.7856,175541.2514,0,0.0
OAS30402,9.0,7.0,8.0,6.0,,,18.0,20.0,44.0,99.0,37.0,,179264.2538,1417213.764,814163.3948,178708.6023,53639.0,67.7808,29.0,23.0,65.5,183.0,359539.5476,180275.2938,355319.8472,497513.5476,176611.245,0,0.0
OAS30402,9.0,7.0,11.0,8.0,,,17.0,21.0,23.0,62.0,43.0,,179264.2538,1417213.764,814163.3948,178708.6023,53639.0,67.7808,29.0,23.0,66.0,167.0,359539.5476,180275.2938,355319.8472,497513.5476,176611.245,0,0.0
OAS30402,12.0,8.0,7.0,5.0,,,21.0,16.0,25.0,78.0,40.0,,170628.7813,1482844.966,796997.9176,176902.6811,50749.0,67.7808,30.0,23.0,66.0,178.0,342554.46,171925.6786,351410.4576,478479.46,174507.7765,0,0.0
OAS30402,10.0,8.0,10.0,6.0,,,22.0,23.0,,,,,170628.7813,1482844.966,796997.9176,176902.6811,50749.0,67.7808,,23.0,,,342554.46,171925.6786,351410.4576,478479.46,174507.7765,0,0.0
OAS30403,,,,,,,,,,,,,,,,,,58.5589,21.0,44.0,62.75,197.0,,,,,,2,1.0
OAS30404,10.0,7.0,8.0,6.0,9.0,2.0,7.0,5.0,34.0,124.0,30.0,,195319.0311,1590748.949,976217.3187,238647.5258,49884.0,63.5781,26.0,34.0,67.0,247.0,396830.3577,201511.3267,477431.9609,536315.3577,238784.4351,1,0.5
OAS30404,8.0,8.0,6.0,5.0,7.0,0.0,13.0,6.0,29.0,163.0,28.0,,195319.0311,1590748.949,976217.3187,238647.5258,49884.0,63.5781,26.0,34.0,67.0,230.0,396830.3577,201511.3267,477431.9609,536315.3577,238784.4351,1,0.5
OAS30404,8.0,7.0,6.0,5.0,,,6.0,4.0,47.0,159.0,28.0,,,,,,,63.5781,25.0,34.0,67.0,231.0,,,,,,2,1.0
OAS30404,10.0,8.0,5.0,4.0,,,12.0,7.0,41.0,129.0,34.0,,,,,,,63.5781,26.0,34.0,67.0,219.0,,,,,,1,0.5
OAS30404,6.0,5.0,7.0,5.0,,,9.0,3.0,43.0,180.0,24.0,,,,,,,63.5781,26.0,34.0,67.0,227.0,,,,,,2,1.0
OAS30405,,,,,18.0,16.0,30.0,24.0,31.0,58.0,57.0,60.0,,,,,,70.611,29.0,44.0,60.7,106.0,,,,,,0,0.0
OAS30405,,,,,18.0,18.0,29.0,20.0,26.0,46.0,52.0,58.0,,,,,,70.611,30.0,44.0,60.5,105.0,,,,,,0,0.0
OAS30405,,,,,17.0,16.0,20.0,21.0,20.0,45.0,58.0,58.0,162578.5067,1283755.255,745000.5133,168729.2822,48493.0,70.611,30.0,44.0,60.5,104.0,324222.9665,161644.4598,342974.5468,451928.9665,174245.2646,0,0.0
OAS30405,,,,,23.0,20.0,22.0,16.0,25.0,64.0,59.0,56.0,162578.5067,1283755.255,745000.5133,168729.2822,48493.0,70.611,30.0,44.0,60.0,99.0,324222.9665,161644.4598,342974.5468,451928.9665,174245.2646,0,0.0
OAS30405,9.0,8.0,6.0,4.0,,,24.0,20.0,23.0,58.0,52.0,,,,,,,70.611,29.0,44.0,60.5,100.0,,,,,,0,0.0
OAS30406,,,,,15.0,13.0,15.0,10.0,42.0,180.0,46.0,60.0,185491.157,1382300.703,856876.6128,201285.3558,51049.0,75.7452,29.0,33.0,67.0,148.0,374381.6482,188890.4912,403529.9646,523118.6482,202244.6088,0,0.0
OAS30406,,,,,16.0,13.0,15.0,12.0,40.0,131.0,44.0,60.0,185491.157,1382300.703,856876.6128,201285.3558,51049.0,75.7452,29.0,33.0,66.0,150.0,374381.6482,188890.4912,403529.9646,523118.6482,202244.6088,0,0.0
OAS30406,,,,,13.0,11.0,14.0,10.0,47.0,129.0,38.0,60.0,,,,,,75.7452,29.0,33.0,66.0,150.0,,,,,,0,0.0
OAS30406,,,,,16.0,14.0,17.0,10.0,26.0,121.0,45.0,60.0,,,,,,75.7452,29.0,33.0,66.0,149.0,,,,,,0,0.0
OAS30406,,,,,16.0,16.0,20.0,9.0,24.0,94.0,43.0,60.0,,,,,,75.7452,29.0,33.0,66.0,144.0,,,,,,0,0.0
OAS30407,,,,,19.0,19.0,15.0,16.0,32.0,74.0,42.0,50.0,203113.5556,1492781.275,871107.8478,184228.387,48827.0,75.7342,29.0,34.0,65.0,140.0,405161.1244,202047.5688,371054.7235,541239.1244,186826.3364,0,0.0
OAS30407,,,,,16.0,16.0,23.0,19.0,39.0,73.0,46.0,50.0,203113.5556,1492781.275,871107.8478,184228.387,48827.0,75.7342,28.0,34.0,65.0,141.0,405161.1244,202047.5688,371054.7235,541239.1244,186826.3364,0,0.0
OAS30407,,,,,13.0,13.0,17.0,18.0,28.0,79.0,47.0,46.0,,,,,,75.7342,28.0,34.0,65.0,133.0,,,,,,0,0.0
OAS30407,,,,,13.0,13.0,26.0,20.0,33.0,86.0,47.0,50.0,198412.0127,1489668.93,857016.8379,178003.8041,47960.0,75.7342,30.0,34.0,65.0,138.0,398075.6652,199663.6525,359940.1727,531235.6652,181936.3686,0,0.0
OAS30407,,,,,12.0,14.0,18.0,20.0,24.0,61.0,50.0,52.0,,,,,,75.7342,27.0,34.0,65.0,139.0,,,,,,0,0.0
OAS30407,,,,,14.0,13.0,24.0,18.0,30.0,83.0,40.0,50.0,,,,,,75.7342,28.0,34.0,64.5,136.0,,,,,,0,0.0
OAS30407,,,,,16.0,14.0,15.0,16.0,32.0,89.0,49.0,56.0,,,,,,75.7342,30.0,34.0,64.5,141.0,,,,,,0,0.0
OAS30407,,,,,16.0,17.0,25.0,17.0,29.0,67.0,42.0,52.0,192857.9901,1451303.462,837807.9613,172289.1717,46598.0,75.7342,29.0,34.0,65.0,137.0,384340.2653,191482.2752,348496.696,513758.2653,176207.5243,0,0.0
OAS30407,8.0,6.0,8.0,5.0,,,19.0,14.0,35.0,97.0,40.0,,192857.9901,1451303.462,837807.9613,172289.1717,46598.0,75.7342,29.0,34.0,64.75,139.0,384340.2653,191482.2752,348496.696,513758.2653,176207.5243,0,0.0
OAS30407,10.0,7.0,7.0,5.0,,,18.0,16.0,29.0,77.0,44.0,,,,,,,75.7342,29.0,34.0,64.75,133.0,,,,,,0,0.0
OAS30407,8.0,7.0,6.0,4.0,,,20.0,15.0,34.0,85.0,42.0,,,,,,,75.7342,29.0,34.0,64.5,135.0,,,,,,0,0.0
OAS30407,8.0,6.0,7.0,5.0,,,18.0,15.0,39.0,95.0,41.0,,,,,,,75.7342,28.0,34.0,64.5,134.1999512,,,,,,0,0.0
OAS30408,,,,,,,17.0,,43.0,118.0,47.0,58.0,,,,,,76.137,25.0,44.0,,213.0,,,,,,1,0.5
OAS30408,,,,,,,9.0,,72.0,180.0,31.0,49.0,178015.4016,1511723.523,851210.2582,200406.0469,152211.9593,76.137,24.0,44.0,,197.0,353892.3377,175876.936,406425.5938,506104.2969,206019.5469,1,0.5
OAS30410,6.0,6.0,6.0,5.0,,,4.0,6.0,66.0,180.0,,,,,,,,74.2658,22.0,34.0,61.3,131.0,,,,,,1,0.5
OAS30411,,,,,29.0,,27.0,,37.0,70.0,,,226971.4043,1606377.263,996603.622,228477.4621,54435.0,47.5589,30.0,33.0,74.8,181.0,456628.0485,229656.6443,460744.5735,600696.0485,232267.1114,0,0.0
OAS30411,,,,,30.0,,24.0,,24.0,46.0,,,211002.2015,1564247.856,965197.9875,224149.6143,54583.0,47.5589,30.0,33.0,74.5,178.0,425809.2778,214807.0762,457693.7097,568019.2778,233544.0954,0,0.0
OAS30411,,,,,33.0,,23.0,,36.0,76.0,,,217968.2434,1664002.526,986496.6922,231041.4219,53628.0,47.5589,30.0,33.0,74.75,184.3999023,439391.8854,221423.642,462386.8068,589815.8854,231345.385,0,0.0
OAS30412,,,,,,,,,48.0,,57.0,59.0,,,,,,80.6685,,23.0,,,,,,,,0,0.0
OAS30412,,,,,,,,,50.0,,61.0,58.0,,,,,,80.6685,,23.0,,,,,,,,0,0.0
OAS30412,,,,,,,,,52.0,,66.0,59.0,,,,,,80.6685,,23.0,,,,,,,,0,0.0
OAS30412,,,,,,,,,53.0,,67.0,59.0,,,,,,80.6685,,23.0,,,,,,,,0,0.0
OAS30412,,,,,,,,,67.0,,69.0,58.0,,,,,,80.6685,,23.0,,,,,,,,0,0.0
OAS30412,,,,,,,,,33.0,123.0,65.0,58.0,,,,,,80.6685,,23.0,,134.0,,,,,,0,0.0
OAS30412,,,,,,,,,46.0,89.0,65.0,59.0,,,,,,80.6685,,23.0,,158.0,,,,,,0,0.0
OAS30412,,,,,,,,,38.0,90.0,67.0,60.0,,,,,,80.6685,,23.0,,139.0,,,,,,0,0.0
OAS30412,,,,,,,,,30.0,113.0,65.0,57.0,,,,,,80.6685,,23.0,,140.0,,,,,,0,0.0
OAS30412,,,,,,,,,38.0,98.0,60.0,58.0,,,,,,80.6685,30.0,23.0,,136.0,,,,,,0,0.0
OAS30412,,,,,,,27.0,,34.0,99.0,61.0,59.0,,,,,,80.6685,29.0,23.0,,138.0,,,,,,0,0.0
OAS30412,,,,,,,24.0,,36.0,71.0,61.0,59.0,,,,,,80.6685,28.0,23.0,,137.0,,,,,,0,0.0
OAS30412,,,,,,,20.0,,40.0,75.0,65.0,59.0,,,,,,80.6685,30.0,23.0,,135.0,,,,,,0,0.0
OAS30412,,,,,,,23.0,,32.0,117.0,58.0,59.0,,,,,,80.6685,30.0,23.0,,134.0,,,,,,0,0.0
OAS30412,,,,,,,25.0,,47.0,92.0,65.0,58.0,,,,,,80.6685,29.0,23.0,,130.0,,,,,,0,0.0
OAS30412,,,,,,,23.0,,33.0,75.0,57.0,58.0,,,,,,80.6685,30.0,23.0,,116.0,,,,,,0,0.0
OAS30412,,,,,,,19.0,,39.0,142.0,60.0,58.0,184522.0624,1449507.693,844250.4541,186873.4375,140883.6463,80.6685,30.0,23.0,,111.0,370283.7733,185761.7109,378995.7344,511167.4196,192122.2969,0,0.0
OAS30412,,,,,17.0,17.0,24.0,18.0,24.0,67.0,52.0,60.0,184522.0624,1449507.693,844250.4541,186873.4375,140883.6463,80.6685,30.0,23.0,61.0,117.0,370283.7733,185761.7109,378995.7344,511167.4196,192122.2969,0,0.0
OAS30412,,,,,17.0,17.0,27.0,17.0,25.0,83.0,56.0,58.0,,,,,,80.6685,29.0,23.0,61.0,114.0,,,,,,0,0.0
OAS30413,,,,,34.0,,22.0,,20.0,65.0,,,244427.549,1781675.618,1094210.699,264106.0313,187442.4994,64.3507,30.0,33.0,66.0,141.0,489118.6845,244691.1354,532976.3906,676561.1839,268870.3594,0,0.0
OAS30413,,,,,18.0,,19.0,,22.0,57.0,,,230138.3431,1784479.904,1073838.127,248709.6781,56627.0,64.3507,30.0,33.0,65.0,140.0,460640.9629,230502.6198,500811.1639,614239.9629,252101.4858,0,0.0
OAS30413,,,,,21.0,18.0,24.0,16.0,28.0,57.0,55.0,56.0,230138.3431,1784479.904,1073838.127,248709.6781,56627.0,64.3507,30.0,33.0,64.5,141.0,460640.9629,230502.6198,500811.1639,614239.9629,252101.4858,0,0.0
OAS30414,,,,,17.0,17.0,22.0,16.0,31.0,73.0,53.0,58.0,204714.964,1604199.253,929806.349,211179.8537,51036.0,73.1945,30.0,23.0,67.5,204.0,408784.846,204069.8821,423932.5029,547326.846,212752.6492,0,0.0
OAS30414,,,,,15.0,15.0,16.0,13.0,27.0,89.0,54.0,58.0,197589.6501,1647050.255,909910.3951,204445.1048,50293.0,73.1945,29.0,23.0,67.0,214.0,399101.8643,201512.2142,409057.5308,533911.8643,204612.426,0,0.0
OAS30414,,,,,20.0,19.0,22.0,17.0,34.0,67.0,52.0,56.0,197589.6501,1647050.255,909910.3951,204445.1048,50293.0,73.1945,30.0,23.0,67.0,217.0,399101.8643,201512.2142,409057.5308,533911.8643,204612.426,0,0.0
OAS30414,,,,,19.0,19.0,30.0,16.0,29.0,74.0,57.0,60.0,197589.6501,1647050.255,909910.3951,204445.1048,50293.0,73.1945,30.0,23.0,67.0,204.0,399101.8643,201512.2142,409057.5308,533911.8643,204612.426,0,0.0
OAS30414,10.0,8.0,5.0,4.0,,,23.0,18.0,31.0,68.0,55.0,,,,,,,73.1945,30.0,23.0,67.25,210.0,,,,,,0,0.0
OAS30414,10.0,7.0,6.0,6.0,,,18.0,11.0,30.0,67.0,52.0,,191386.1154,1652634.648,906467.4031,207364.2709,48106.0,73.1945,30.0,23.0,67.5,209.0,384441.4174,193055.3021,416544.9857,514672.4174,209180.7149,0,0.0
OAS30414,9.0,7.0,5.0,4.0,,,22.0,12.0,33.0,70.0,48.0,,191386.1154,1652634.648,906467.4031,207364.2709,48106.0,73.1945,28.0,23.0,67.5,202.3999023,384441.4174,193055.3021,416544.9857,514672.4174,209180.7149,0,0.0
OAS30415,,,,,13.0,12.0,27.0,14.0,36.0,57.0,57.0,60.0,,,,,,73.0521,30.0,23.0,70.0,185.0,,,,,,1,0.5
OAS30415,,,,,16.0,15.0,17.0,17.0,40.0,76.0,46.0,60.0,,,,,,73.0521,30.0,23.0,70.0,185.0,,,,,,0,0.0
OAS30415,,,,,12.0,8.0,16.0,13.0,70.0,68.0,31.0,60.0,,,,,,73.0521,26.0,23.0,69.5,178.0,,,,,,1,0.5
OAS30416,,,,,2.0,0.0,6.0,4.0,96.0,180.0,32.0,44.0,173072.9024,1518609.314,894365.5084,205850.7505,45652.0,79.2521,23.0,23.0,63.0,141.0,364092.7668,191019.8644,438637.7416,496816.7668,232786.9911,1,0.5
OAS30416,,,,,0.0,0.0,2.0,3.0,180.0,,0.0,10.0,,,,,,79.2521,13.0,23.0,62.0,130.0,,,,,,2,1.0
OAS30417,,,,,16.0,13.0,25.0,15.0,46.0,109.0,32.0,54.0,196952.13,1419683.404,917539.8081,216254.7359,53331.0,69.7178,29.0,34.0,62.0,195.0,389916.7777,192964.6477,432565.0304,532233.7777,216310.2945,0,0.0
OAS30417,,,,,9.0,10.0,23.0,14.0,39.0,134.0,35.0,56.0,196952.13,1419683.404,917539.8081,216254.7359,53331.0,69.7178,29.0,34.0,63.0,192.0,389916.7777,192964.6477,432565.0304,532233.7777,216310.2945,0,0.0
OAS30417,,,,,14.0,13.0,20.0,16.0,51.0,133.0,34.0,60.0,,,,,,69.7178,30.0,34.0,63.0,176.0,,,,,,0,0.0
OAS30417,,,,,16.0,14.0,18.0,15.0,40.0,180.0,31.0,58.0,,,,,,69.7178,28.0,34.0,63.0,176.0,,,,,,0,0.0
OAS30417,,,,,14.0,14.0,19.0,12.0,58.0,180.0,34.0,50.0,,,,,,69.7178,24.0,34.0,63.0,165.0,,,,,,0,0.0
OAS30417,5.0,5.0,3.0,3.0,,,18.0,13.0,43.0,180.0,19.0,,,,,,,69.7178,28.0,34.0,62.0,167.0,,,,,,0,0.0
OAS30417,6.0,6.0,5.0,4.0,,,17.0,7.0,65.0,180.0,24.0,,183944.1098,1478407.184,895735.4076,209833.6103,52145.0,69.7178,25.0,34.0,62.0,168.0,367047.1534,183103.0436,418398.2542,502009.1534,208564.6439,0,0.0
OAS30417,6.0,6.0,1.0,2.0,,,15.0,8.0,56.0,180.0,24.0,,183944.1098,1478407.184,895735.4076,209833.6103,52145.0,69.7178,25.0,34.0,62.0,165.0,367047.1534,183103.0436,418398.2542,502009.1534,208564.6439,0,0.0
OAS30418,,,,,13.0,12.0,13.0,13.0,37.0,82.0,53.0,60.0,218575.7353,1821301.941,1016016.196,227239.5028,58430.0,74.3479,28.0,34.0,70.0,184.0,434136.66,215560.9248,453789.5364,596111.66,226550.0336,1,0.5
OAS30418,,,,,17.0,18.0,11.0,7.0,31.0,76.0,53.0,60.0,218575.7353,1821301.941,1016016.196,227239.5028,58430.0,74.3479,28.0,34.0,69.2,178.0,434136.66,215560.9248,453789.5364,596111.66,226550.0336,0,0.0
OAS30418,,,,,12.0,13.0,8.0,9.0,32.0,78.0,53.0,54.0,209129.8708,1813054.471,998669.8717,219455.5386,58925.0,74.3479,27.0,34.0,69.0,178.0,418066.7331,208936.8623,441128.1386,576666.7331,221672.6,0,0.0
OAS30418,,,,,12.0,13.0,9.0,9.0,38.0,142.0,44.0,54.0,,,,,,74.3479,29.0,34.0,68.5,179.0,,,,,,0,0.0
OAS30418,10.0,7.0,8.0,5.0,,,8.0,7.0,72.0,180.0,34.0,,189359.2947,1742832.535,968599.7915,220460.4744,54825.0,74.3479,28.0,34.0,68.0,164.0,373289.5491,183930.2545,442570.2424,519576.5491,222109.768,0,0.0
OAS30419,,,,,40.0,,29.0,,28.0,56.0,,,,,,,,47.3918,30.0,34.0,,128.0,,,,,,0,0.0
OAS30419,,,,,44.0,,28.0,,40.0,65.0,,,207400.6453,1412261.603,914232.9928,208674.9193,48811.0,47.3918,29.0,34.0,64.0,139.0,413937.5691,206536.9239,417966.4236,552525.5691,209291.5043,0,0.0
OAS30419,,,,,31.0,,26.0,,27.0,59.0,,,202456.8858,1402366.753,916713.7287,210689.9623,48561.0,47.3918,30.0,34.0,63.2,142.0,406734.4765,204277.5907,423438.2522,542138.4765,212748.2899,0,0.0
OAS30419,,,,,38.0,,27.0,,41.0,53.0,,,199057.5403,1397767.337,907906.8441,212262.9897,47933.0,47.3918,28.0,34.0,63.0,136.0,399378.1138,200320.5735,423647.7303,534008.1138,211384.7405,0,0.0
OAS30420,,,,,,,19.0,,40.0,76.0,51.0,54.0,,,,,,85.389,29.0,33.0,,,,,,,,0,0.0
OAS30420,,,,,,,19.0,,46.0,100.0,48.0,54.0,,,,,,85.389,29.0,33.0,,137.0,,,,,,0,0.0
OAS30420,,,,,,,18.0,,38.0,98.0,43.0,53.0,,,,,,85.389,29.0,33.0,,135.0,,,,,,0,0.0
OAS30420,,,,,,,14.0,,54.0,81.0,40.0,56.0,,,,,,85.389,29.0,33.0,,135.0,,,,,,0,0.0
OAS30420,,,,,,,19.0,,69.0,180.0,28.0,56.0,188844.9868,1452040.175,921622.4216,223593.7188,169286.5905,85.389,30.0,33.0,,132.0,375527.6862,186682.6994,447382.3281,544814.2767,223788.6094,0,0.0
OAS30420,,,,,14.0,13.0,16.0,11.0,77.0,132.0,34.0,52.0,188844.9868,1452040.175,921622.4216,223593.7188,169286.5905,85.389,27.0,33.0,57.0,130.0,375527.6862,186682.6994,447382.3281,544814.2767,223788.6094,0,0.0
OAS30420,,,,,17.0,17.0,19.0,9.0,,,,54.0,189794.1167,1562265.253,915010.7275,206905.4173,53094.0,85.389,28.0,33.0,57.0,134.0,381161.6913,191367.5745,418809.0362,519934.6913,211903.6189,0,0.0
OAS30420,,,,,13.0,9.0,29.0,15.0,,,,,189794.1167,1562265.253,915010.7275,206905.4173,53094.0,85.389,28.0,33.0,58.0,134.0,381161.6913,191367.5745,418809.0362,519934.6913,211903.6189,0,0.0
OAS30421,,,,,15.0,11.0,25.0,18.0,22.0,72.0,55.0,52.0,240920.4239,1921555.952,1144516.26,272293.328,55764.0,71.3973,27.0,33.0,73.5,223.0,486078.2343,245157.8104,547998.0259,646981.2343,275704.6979,0,0.0
OAS30421,,,,,9.0,7.0,11.0,14.0,26.0,107.0,51.0,52.0,,,,,,71.3973,30.0,33.0,73.0,193.0,,,,,,1,0.5
OAS30421,,,,,11.0,7.0,29.0,6.0,39.0,74.0,41.0,50.0,,,,,,71.3973,27.0,33.0,72.5,187.0,,,,,,1,0.5
OAS30421,,,,,7.0,6.0,22.0,17.0,26.0,108.0,41.0,56.0,,,,,,71.3973,26.0,33.0,71.7,185.0,,,,,,1,0.5
OAS30421,10.0,8.0,11.0,7.0,,,23.0,11.0,36.0,90.0,41.0,,,,,,,71.3973,30.0,33.0,73.5,187.0,,,,,,1,0.5
OAS30422,9.0,7.0,9.0,6.0,16.0,15.0,13.0,6.0,30.0,129.0,44.0,,162588.0723,1369089.071,800257.5421,198533.0761,49465.0,76.2356,27.0,34.0,70.8,238.0,326128.3296,163540.2574,395337.2125,455352.3296,196804.1363,0,0.0
OAS30422,7.0,6.0,9.0,6.0,,,13.0,4.0,49.0,180.0,34.0,,,,,,,76.2356,26.0,34.0,71.0,311.0,,,,,,0,0.0
OAS30423,,,,,16.0,19.0,14.0,16.0,28.0,100.0,45.0,54.0,199176.6421,1524426.762,938669.5901,220036.6147,47236.0,79.2082,30.0,33.0,63.0,135.0,403451.2335,204274.5913,443157.3566,543227.2335,223120.7419,0,0.0
OAS30423,,,,,16.0,15.0,19.0,13.0,40.0,155.0,43.0,56.0,199176.6421,1524426.762,938669.5901,220036.6147,47236.0,79.2082,30.0,33.0,62.5,137.0,403451.2335,204274.5913,443157.3566,543227.2335,223120.7419,0,0.0
OAS30423,,,,,15.0,13.0,18.0,16.0,46.0,180.0,24.0,54.0,193978.4947,1535295.826,930873.0051,219296.7644,47722.0,79.2082,30.0,33.0,62.0,123.0,392725.8917,198747.397,442428.1134,532707.8917,223131.349,0,0.0
OAS30423,,,,,17.0,15.0,19.0,13.0,36.0,180.0,33.0,54.0,187308.4337,1491510.383,912664.3006,215195.5693,46012.0,79.2082,30.0,33.0,62.5,124.0,378463.8624,191155.4288,434659.4382,507562.8624,219463.8688,0,0.0
OAS30423,,,,,19.0,17.0,12.0,13.0,47.0,180.0,34.0,56.0,187308.4337,1491510.383,912664.3006,215195.5693,46012.0,79.2082,29.0,33.0,63.0,121.0,378463.8624,191155.4288,434659.4382,507562.8624,219463.8688,0,0.0
OAS30423,7.0,7.0,6.0,5.0,,,9.0,2.0,41.0,180.0,30.0,,,,,,,79.2082,29.0,33.0,62.0,127.0,,,,,,1,0.5
OAS30428,,,,,8.0,10.0,23.0,14.0,40.0,102.0,36.0,54.0,174872.778,1391447.794,798386.7766,184742.1194,44473.0,76.011,29.0,24.0,65.2,243.0,349036.0629,174163.2849,370689.7137,477330.0629,185947.5943,1,0.5
OAS30428,,,,,12.0,13.0,15.0,11.0,49.0,180.0,34.0,52.0,174872.778,1391447.794,798386.7766,184742.1194,44473.0,76.011,27.0,24.0,65.0,245.0,349036.0629,174163.2849,370689.7137,477330.0629,185947.5943,0,0.0
OAS30428,,,,,15.0,16.0,14.0,12.0,45.0,133.0,38.0,60.0,,,,,,76.011,24.0,24.0,55.0,244.0,,,,,,0,0.0
OAS30429,,,,,34.0,,29.0,,26.0,50.0,,,227544.5351,1501900.831,989704.5581,230222.5623,56599.0,48.0959,30.0,33.0,62.2,160.0,457446.0264,229901.4912,463388.5318,614242.0264,233165.9695,0,0.0
OAS30430,,,,,18.0,15.0,24.0,18.0,37.0,63.0,47.0,58.0,183353.0519,1395058.938,798122.5679,170931.9773,44105.0,73.2219,30.0,34.0,64.0,174.0,369973.9095,186620.8577,344200.6584,495240.9095,173268.6811,0,0.0
OAS30430,,,,,19.0,20.0,23.0,19.0,39.0,77.0,51.0,56.0,183353.0519,1395058.938,798122.5679,170931.9773,44105.0,73.2219,30.0,34.0,63.0,153.0,369973.9095,186620.8577,344200.6584,495240.9095,173268.6811,0,0.0
OAS30430,,,,,19.0,18.0,22.0,17.0,25.0,62.0,54.0,60.0,184200.0487,1389959.667,783562.7274,161396.7427,42150.0,73.2219,29.0,34.0,63.0,183.0,370759.7234,186559.6747,324242.004,491343.7234,162845.2613,0,0.0
OAS30430,,,,,20.0,20.0,23.0,19.0,39.0,84.0,49.0,60.0,184200.0487,1389959.667,783562.7274,161396.7427,42150.0,73.2219,30.0,34.0,63.5,188.5,370759.7234,186559.6747,324242.004,491343.7234,162845.2613,0,0.0
OAS30431,,,,,13.0,12.0,21.0,18.0,21.0,58.0,58.0,58.0,253331.3096,1730470.543,1111806.382,258447.5531,58082.0,66.8384,30.0,33.0,68.0,182.0,504129.1164,250797.8067,515210.2652,669489.1164,256762.7121,0,0.0
OAS30431,,,,,13.0,10.0,20.0,13.0,18.0,55.0,57.0,54.0,253331.3096,1730470.543,1111806.382,258447.5531,58082.0,66.8384,29.0,33.0,68.0,183.0,504129.1164,250797.8067,515210.2652,669489.1164,256762.7121,0,0.0
OAS30431,,,,,11.0,12.0,21.0,11.0,25.0,62.0,61.0,54.0,,,,,,66.8384,29.0,33.0,67.0,181.0,,,,,,0,0.0
OAS30431,,,,,14.0,11.0,24.0,15.0,19.0,50.0,67.0,56.0,,,,,,66.8384,29.0,33.0,68.0,181.0,,,,,,0,0.0
OAS30431,,,,,19.0,17.0,23.0,13.0,27.0,46.0,63.0,54.0,,,,,,66.8384,30.0,33.0,69.0,186.0,,,,,,0,0.0
OAS30431,,,,,15.0,14.0,25.0,14.0,25.0,64.0,58.0,58.0,,,,,,66.8384,30.0,33.0,68.0,179.0,,,,,,0,0.0
OAS30431,8.0,6.0,12.0,7.0,,,28.0,13.0,18.0,54.0,58.0,,,,,,,66.8384,30.0,33.0,67.7,184.0,,,,,,0,0.0
OAS30431,10.0,7.0,8.0,6.0,,,19.0,12.0,22.0,68.0,52.0,,,,,,,66.8384,30.0,33.0,67.5,174.1999512,,,,,,0,0.0
OAS30431,10.0,7.0,10.0,6.0,,,23.0,12.0,30.0,74.0,50.0,,,,,,,66.8384,29.0,33.0,68.5,181.0,,,,,,0,0.0
OAS30432,,,,,30.0,,16.0,,31.0,78.0,,,205498.0395,1294707.178,861106.5525,189129.3263,53804.0,43.2438,29.0,34.0,71.5,148.0,413627.668,208129.6285,381883.8845,547498.668,192754.5582,0,0.0
OAS30433,,,,,,,15.0,,51.0,124.0,39.0,56.0,,,,,,65.863,30.0,33.0,,190.0,,,,,,1,0.5
OAS30433,,,,,,,18.0,,35.0,83.0,42.0,60.0,,,,,,65.863,29.0,33.0,,202.0,,,,,,1,0.5
OAS30433,,,,,23.0,17.0,20.0,16.0,30.0,68.0,40.0,60.0,,,,,,65.863,30.0,33.0,,198.0,,,,,,1,0.5
OAS30433,,,,,21.0,17.0,19.0,12.0,37.0,108.0,40.0,58.0,,,,,,65.863,30.0,33.0,69.7,200.0,,,,,,1,0.5
OAS30433,,,,,22.0,20.0,22.0,11.0,37.0,98.0,42.0,56.0,,,,,,65.863,29.0,33.0,70.0,212.0,,,,,,1,0.5
OAS30433,,,,,17.0,17.0,18.0,10.0,46.0,101.0,41.0,56.0,227457.3823,1759014.53,1084435.14,260500.3795,54902.0,65.863,30.0,33.0,71.0,213.0,459991.2949,232533.9127,527341.8452,616371.2949,266841.4658,1,0.5
OAS30433,,,,,20.0,20.0,20.0,13.0,32.0,70.0,48.0,60.0,227457.3823,1759014.53,1084435.14,260500.3795,54902.0,65.863,28.0,33.0,70.0,213.0,459991.2949,232533.9127,527341.8452,616371.2949,266841.4658,1,0.5
OAS30433,,,,,23.0,22.0,16.0,16.0,33.0,106.0,50.0,58.0,,,,,,65.863,29.0,33.0,70.0,222.0,,,,,,0,0.0
OAS30433,,,,,23.0,22.0,21.0,15.0,37.0,109.0,43.0,56.0,,,,,,65.863,30.0,33.0,70.8,215.0,,,,,,1,0.5
OAS30433,,,,,23.0,22.0,21.0,12.0,37.0,123.0,38.0,56.0,,,,,,65.863,27.0,33.0,70.0,218.0,,,,,,1,0.5
OAS30433,,,,,20.0,19.0,18.0,11.0,51.0,157.0,39.0,56.0,,,,,,65.863,28.0,33.0,70.0,211.0,,,,,,1,0.5
OAS30433,9.0,8.0,2.0,2.0,,,22.0,7.0,48.0,121.0,34.0,,,,,,,65.863,30.0,33.0,69.0,224.0,,,,,,0,0.0
OAS30433,9.0,7.0,5.0,4.0,,,18.0,12.0,44.0,124.0,32.0,,,,,,,65.863,29.0,33.0,69.0,220.5,,,,,,1,0.5
OAS30433,9.0,7.0,3.0,3.0,,,11.0,8.0,50.0,132.0,29.0,,,,,,,65.863,28.0,33.0,70.0,210.3999023,,,,,,0,0.0
OAS30434,7.0,7.0,6.0,4.0,13.0,13.0,14.0,15.0,32.0,83.0,44.0,,189826.5011,1483804.67,891416.347,206389.4482,48048.0,75.9288,27.0,34.0,60.0,162.0,382324.6703,192498.1692,410812.6767,516916.6703,204423.2284,0,0.0
OAS30434,7.0,6.0,7.0,5.0,,,15.0,12.0,40.0,127.0,39.0,,,,,,,75.9288,29.0,34.0,59.5,160.0,,,,,,0,0.0
OAS30434,7.0,6.0,6.0,4.0,,,4.0,10.0,31.0,180.0,34.0,,,,,,,75.9288,25.0,34.0,59.25,150.0,,,,,,0,0.0
OAS30435,10.0,8.0,8.0,5.0,13.0,10.0,24.0,14.0,20.0,69.0,54.0,,211596.7104,1691923.255,1032326.208,249440.2187,56758.0,75.5973,28.0,33.0,71.5,220.0,425902.6614,214305.951,501899.5463,590473.6614,252459.3277,0,0.0
OAS30435,9.0,7.0,8.0,5.0,,,20.0,19.0,19.0,92.0,53.0,,211596.7104,1691923.255,1032326.208,249440.2187,56758.0,75.5973,29.0,33.0,70.75,228.0,425902.6614,214305.951,501899.5463,590473.6614,252459.3277,0,0.0
OAS30435,8.0,7.0,7.0,5.0,,,15.0,10.0,24.0,58.0,43.0,,,,,,,75.5973,29.0,33.0,70.4,227.1999512,,,,,,0,0.0
OAS30435,8.0,7.0,7.0,5.0,,,15.0,6.0,29.0,54.0,54.0,,,,,,,75.5973,30.0,33.0,69.8,226.1999512,,,,,,0,0.0
OAS30435,8.0,6.0,9.0,6.0,,,21.0,15.0,,,,,,,,,,75.5973,,33.0,,,,,,,,0,0.0
OAS30436,,,,,7.0,6.0,11.0,9.0,35.0,137.0,28.0,54.0,,,,,,81.0219,28.0,33.0,65.5,163.0,,,,,,1,0.5
OAS30436,,,,,4.0,7.0,11.0,3.0,49.0,180.0,23.0,60.0,162848.5296,1586533.157,778597.2664,159442.3038,45371.0,81.0219,24.0,33.0,66.5,161.0,338195.3414,175346.8118,325879.925,471336.3414,166437.6212,2,1.0
OAS30436,,,,,2.0,0.0,5.0,3.0,46.0,180.0,17.0,38.0,,,,,,81.0219,24.0,33.0,67.0,174.0,,,,,,2,1.0
OAS30438,,,,,13.0,11.0,19.0,14.0,31.0,121.0,55.0,60.0,196195.4483,1316703.137,862412.2653,196955.517,51765.0,73.3616,30.0,33.0,62.5,154.0,395564.3752,199368.9269,395775.8901,536649.3752,198820.3732,0,0.0
OAS30438,,,,,15.0,14.0,24.0,13.0,24.0,98.0,59.0,60.0,,,,,,73.3616,26.0,33.0,63.0,160.0,,,,,,0,0.0
OAS30438,,,,,18.0,17.0,17.0,14.0,25.0,80.0,51.0,58.0,186769.6057,1311131.536,828179.466,186688.0588,48394.0,73.3616,28.0,33.0,62.7,172.0,376131.9979,189362.3922,373165.4681,511532.9979,186477.4093,0,0.0
OAS30438,10.0,7.0,9.0,6.0,,,21.0,15.0,30.0,80.0,47.0,,186769.6057,1311131.536,828179.466,186688.0588,48394.0,73.3616,30.0,33.0,62.5,162.0,376131.9979,189362.3922,373165.4681,511532.9979,186477.4093,0,0.0
OAS30438,9.0,7.0,8.0,5.0,,,19.0,13.0,25.0,153.0,43.0,,171611.3146,1315831.657,818029.8793,191427.7649,47420.0,73.3616,29.0,33.0,62.3,164.0,347836.0315,176224.7169,384053.8479,484135.0315,192626.083,0,0.0
OAS30438,6.0,5.0,8.0,5.0,,,21.0,17.0,25.0,89.0,50.0,,171611.3146,1315831.657,818029.8793,191427.7649,47420.0,73.3616,28.0,33.0,62.25,162.0,347836.0315,176224.7169,384053.8479,484135.0315,192626.083,0,0.0
OAS30438,9.0,7.0,6.0,4.0,,,14.0,12.0,37.0,103.0,43.0,,,,,,,73.3616,29.0,33.0,62.0,169.0,,,,,,0,0.0
OAS30441,,,,,8.0,8.0,20.0,11.0,23.0,62.0,61.0,54.0,204320.6832,1431782.151,917259.995,214212.8348,56887.0,66.4795,29.0,33.0,68.0,192.0,409307.1031,204986.4198,429622.8919,574621.1031,215410.0571,0,0.0
OAS30442,,,,,22.0,,21.0,,19.0,84.0,,,191247.0766,1504062.206,874245.5389,228520.5469,162310.9518,64.2192,30.0,34.0,63.0,129.0,384350.3828,193103.3062,441290.75,546661.3346,212770.2031,0,0.0
OAS30442,,,,,2.0,1.0,10.0,10.0,34.0,56.0,48.0,40.0,,,,,,64.2192,27.0,34.0,62.0,114.0,,,,,,1,0.5
OAS30442,,,,,,,10.0,9.0,40.0,98.0,35.0,24.0,,,,,,64.2192,24.0,34.0,61.5,128.0,,,,,,2,1.0
OAS30443,,,,,16.0,15.0,19.0,11.0,26.0,86.0,40.0,60.0,,,,,,67.4658,30.0,33.0,73.0,265.0,,,,,,0,0.0
OAS30443,,,,,16.0,17.0,22.0,12.0,37.0,111.0,43.0,58.0,,,,,,67.4658,28.0,33.0,73.0,281.0,,,,,,0,0.0
OAS30443,,,,,16.0,15.0,23.0,16.0,32.0,97.0,48.0,54.0,,,,,,67.4658,28.0,33.0,62.0,279.0,,,,,,0,0.0
OAS30443,,,,,18.0,19.0,20.0,14.0,35.0,90.0,42.0,52.0,,,,,,67.4658,28.0,33.0,72.0,274.0,,,,,,0,0.0
OAS30443,,,,,18.0,20.0,23.0,10.0,35.0,87.0,46.0,56.0,172144.0763,1582974.67,882452.8997,209995.7872,44412.0,67.4658,28.0,33.0,72.0,265.0,368427.9105,196283.8342,440274.9892,508640.9105,230279.2019,0,0.0
OAS30444,,,,,,,29.0,,33.0,46.0,52.0,60.0,200213.2444,1467415.361,914817.3938,240638.9219,166213.4105,55.526,30.0,33.0,,241.0,397988.397,197775.1525,477520.3281,564201.8074,236881.4063,0,0.0
OAS30444,,,,,41.0,,27.0,,24.0,49.0,,,206116.7583,1444347.215,940632.0647,228035.4141,54016.0,55.526,30.0,33.0,64.0,240.0,415622.7039,209505.9457,451012.3608,559690.7039,222976.9467,0,0.0
OAS30444,,,,,33.0,,27.0,,26.0,59.0,,,,,,,,55.526,29.0,33.0,64.5,249.0,,,,,,0,0.0
OAS30445,,,,,19.0,17.0,31.0,15.0,23.0,45.0,52.0,60.0,199420.1751,1526700.429,952965.7881,234052.3426,56049.0,65.3534,29.0,33.0,65.5,181.0,399056.9848,199636.8098,470632.8033,548277.9848,236580.4606,1,0.5
OAS30445,,,,,15.0,13.0,27.0,20.0,21.0,41.0,53.0,58.0,199420.1751,1526700.429,952965.7881,234052.3426,56049.0,65.3534,29.0,33.0,65.5,182.0,399056.9848,199636.8098,470632.8033,548277.9848,236580.4606,0,0.0
OAS30445,6.0,5.0,9.0,6.0,,,27.0,20.0,23.0,53.0,50.0,,199916.7029,1556990.287,970009.8165,235970.5491,56950.0,65.3534,30.0,33.0,66.0,183.0,401767.5799,201850.877,480598.2365,548150.5799,244627.6874,0,0.0
OAS30445,8.0,6.0,10.0,7.0,,,24.0,16.0,24.0,43.0,47.0,,199916.7029,1556990.287,970009.8165,235970.5491,56950.0,65.3534,30.0,33.0,66.0,181.0,401767.5799,201850.877,480598.2365,548150.5799,244627.6874,0,0.0
OAS30445,9.0,8.0,9.0,6.0,,,24.0,22.0,29.0,56.0,48.0,,,,,,,65.3534,30.0,33.0,66.0,159.7999268,,,,,,0,0.0
OAS30446,,,,,,,,,41.0,,51.0,59.0,,,,,,56.6055,,24.0,,,,,,,,0,0.0
OAS30446,,,,,,,,,54.0,,51.0,59.0,,,,,,56.6055,,24.0,,,,,,,,0,0.0
OAS30446,,,,,,,,,36.0,,46.0,59.0,,,,,,56.6055,,24.0,,,,,,,,0,0.0
OAS30446,,,,,,,,,37.0,119.0,54.0,58.0,,,,,,56.6055,,24.0,,150.0,,,,,,0,0.0
OAS30446,,,,,,,,,50.0,87.0,54.0,58.0,,,,,,56.6055,,24.0,,153.0,,,,,,0,0.0
OAS30446,,,,,,,,,33.0,157.0,56.0,59.0,,,,,,56.6055,,24.0,,154.0,,,,,,0,0.0
OAS30446,,,,,,,,,39.0,121.0,56.0,59.0,,,,,,56.6055,,24.0,,153.0,,,,,,0,0.0
OAS30446,,,,,,,32.0,,28.0,69.0,53.0,59.0,,,,,,56.6055,30.0,24.0,,156.0,,,,,,0,0.0
OAS30446,,,,,,,25.0,,40.0,117.0,53.0,59.0,,,,,,56.6055,26.0,24.0,,151.0,,,,,,0,0.0
OAS30446,,,,,,,28.0,,29.0,92.0,56.0,60.0,,,,,,56.6055,27.0,24.0,,154.0,,,,,,0,0.0
OAS30446,,,,,,,25.0,,37.0,118.0,52.0,58.0,,,,,,56.6055,27.0,24.0,,153.0,,,,,,0,0.0
OAS30446,,,,,,,28.0,,26.0,144.0,57.0,60.0,,,,,,56.6055,29.0,24.0,,154.0,,,,,,0,0.0
OAS30446,,,,,,,20.0,,33.0,117.0,58.0,60.0,,,,,,56.6055,29.0,24.0,,,,,,,,0,0.0
OAS30446,,,,,,,29.0,,30.0,74.0,50.0,60.0,,,,,,56.6055,29.0,24.0,,154.0,,,,,,0,0.0
OAS30446,,,,,,,27.0,,38.0,180.0,53.0,60.0,,,,,,56.6055,29.0,24.0,,,,,,,,0,0.0
OAS30446,,,,,,,24.0,,42.0,135.0,48.0,59.0,,,,,,56.6055,28.0,24.0,,146.0,,,,,,0,0.0
OAS30446,,,,,18.0,17.0,24.0,12.0,35.0,100.0,44.0,56.0,,,,,,56.6055,26.0,24.0,70.0,149.0,,,,,,0,0.0
OAS30446,,,,,19.0,15.0,26.0,10.0,30.0,133.0,52.0,58.0,,,,,,56.6055,30.0,24.0,70.0,150.0,,,,,,0,0.0
OAS30446,,,,,16.0,16.0,30.0,12.0,35.0,100.0,49.0,58.0,,,,,,56.6055,30.0,24.0,70.0,143.0,,,,,,0,0.0
OAS30446,,,,,15.0,15.0,26.0,9.0,31.0,107.0,48.0,58.0,,,,,,56.6055,30.0,24.0,70.0,144.0,,,,,,0,0.0
OAS30446,,,,,14.0,13.0,32.0,14.0,37.0,153.0,46.0,58.0,,,,,,56.6055,27.0,24.0,70.0,147.0,,,,,,0,0.0
OAS30446,,,,,19.0,20.0,25.0,15.0,40.0,110.0,46.0,56.0,,,,,,56.6055,28.0,24.0,70.0,141.0,,,,,,0,0.0
OAS30446,,,,,16.0,16.0,18.0,14.0,38.0,159.0,51.0,56.0,,,,,,56.6055,29.0,24.0,69.0,138.0,,,,,,0,0.0
OAS30446,,,,,15.0,10.0,22.0,12.0,48.0,180.0,51.0,56.0,,,,,,56.6055,29.0,24.0,69.3,135.0,,,,,,0,0.0
OAS30446,,,,,14.0,13.0,23.0,15.0,50.0,159.0,43.0,56.0,,,,,,56.6055,29.0,24.0,69.0,132.0,,,,,,0,0.0
OAS30446,8.0,7.0,6.0,4.0,,,27.0,11.0,58.0,180.0,42.0,,,,,,,56.6055,28.0,24.0,70.0,130.0,,,,,,0,0.0
OAS30446,6.0,5.0,7.0,5.0,,,24.0,11.0,81.0,180.0,38.0,,,,,,,56.6055,29.0,24.0,70.0,120.0,,,,,,1,0.5
OAS30447,8.0,6.0,9.0,6.0,14.0,8.0,15.0,10.0,36.0,96.0,37.0,,203038.8013,1509719.151,897715.4839,193710.5524,45317.0,81.6027,30.0,34.0,66.5,152.0,406632.4223,203593.621,391754.0616,539428.4223,198043.5092,1,0.5
OAS30447,9.0,7.0,9.0,7.0,,,21.0,9.0,49.0,90.0,39.0,,,,,,,81.6027,27.0,34.0,66.25,145.7999268,,,,,,1,0.5
OAS30448,10.0,7.0,9.0,6.0,15.0,12.0,23.0,14.0,36.0,83.0,45.0,,175114.3146,1200565.624,790081.8683,185158.8226,50697.0,67.2849,30.0,23.0,61.5,146.0,352899.8906,177785.5761,373194.9777,482487.8906,188036.1551,1,0.5
OAS30448,10.0,8.0,9.0,6.0,13.0,14.0,20.0,17.0,32.0,74.0,47.0,,175114.3146,1200565.624,790081.8683,185158.8226,50697.0,67.2849,30.0,23.0,61.0,149.0,352899.8906,177785.5761,373194.9777,482487.8906,188036.1551,1,0.5
OAS30448,8.0,6.0,7.0,5.0,,,19.0,12.0,33.0,74.0,45.0,,,,,,,67.2849,30.0,23.0,61.0,149.0,,,,,,0,0.0
OAS30448,8.0,7.0,8.0,6.0,,,21.0,18.0,36.0,67.0,47.0,,,,,,,67.2849,30.0,23.0,60.1,147.5999756,,,,,,0,0.0
OAS30449,,,,,13.0,13.0,21.0,10.0,24.0,67.0,45.0,58.0,235424.684,1636622.761,1028163.123,225805.8716,54040.0,72.0329,30.0,33.0,73.0,184.0,473942.7601,238518.0761,450538.363,625652.7601,224732.4915,0,0.0
OAS30449,,,,,11.0,12.0,22.0,10.0,29.0,49.0,43.0,60.0,,,,,,72.0329,30.0,33.0,72.0,187.0,,,,,,0,0.0
OAS30449,,,,,15.0,14.0,17.0,8.0,24.0,52.0,48.0,56.0,,,,,,72.0329,30.0,33.0,72.0,185.0,,,,,,0,0.0
OAS30449,,,,,16.0,14.0,19.0,12.0,19.0,53.0,46.0,58.0,231070.6209,1637731.516,1008199.75,217330.3043,53329.0,72.0329,30.0,33.0,72.0,186.0,466706.2586,235635.6378,433037.4912,616857.2586,215707.1869,0,0.0
OAS30449,,,,,15.0,13.0,18.0,12.0,30.0,63.0,52.0,56.0,220003.652,1486495.571,1002530.325,222426.9194,53646.0,72.0329,29.0,33.0,72.0,186.0,444987.6455,224983.9935,447348.6792,592022.6455,224921.7598,0,0.0
OAS30449,,,,,12.0,13.0,19.0,12.0,21.0,58.0,45.0,56.0,,,,,,72.0329,29.0,33.0,72.0,179.0,,,,,,0,0.0
OAS30449,8.0,6.0,8.0,6.0,,,20.0,10.0,26.0,48.0,44.0,,,,,,,72.0329,30.0,33.0,72.0,176.0,,,,,,0,0.0
OAS30450,12.0,9.0,7.0,6.0,16.0,15.0,31.0,17.0,33.0,82.0,49.0,,174987.7975,1416659.558,810273.8748,163254.8474,49900.0,72.1288,28.0,34.0,63.25,181.5,348021.3323,173033.5349,329139.5424,489115.3323,165884.695,0,0.0
OAS30451,,,,,,,21.0,,56.0,149.0,33.0,55.0,,,,,,80.3836,29.0,33.0,,138.0,,,,,,0,0.0
OAS30451,,,,,,,15.0,,68.0,180.0,30.0,58.0,,,,,,80.3836,30.0,33.0,,132.0,,,,,,0,0.0
OAS30451,,,,,17.0,16.0,21.0,14.0,59.0,180.0,31.0,54.0,,,,,,80.3836,29.0,33.0,64.0,126.0,,,,,,0,0.0
OAS30451,,,,,13.0,16.0,16.0,13.0,88.0,180.0,33.0,60.0,,,,,,80.3836,30.0,33.0,62.0,121.0,,,,,,0,0.0
OAS30451,,,,,19.0,18.0,20.0,13.0,98.0,180.0,28.0,60.0,,,,,,80.3836,29.0,33.0,63.0,124.0,,,,,,0,0.0
OAS30451,,,,,20.0,19.0,23.0,16.0,110.0,162.0,30.0,54.0,,,,,,80.3836,29.0,33.0,64.0,124.0,,,,,,0,0.0
OAS30451,,,,,19.0,19.0,27.0,19.0,74.0,180.0,32.0,58.0,201312.873,1742071.545,937093.5954,195554.8444,49228.0,80.3836,29.0,33.0,63.0,127.0,403781.7999,202468.9269,390893.7955,539253.7999,195338.9511,0,0.0
OAS30451,,,,,17.0,17.0,19.0,11.0,,,,,,,,,,80.3836,,33.0,88.8,110.0,,,,,,0,0.0
OAS30451,4.0,4.0,4.0,3.0,,,22.0,13.0,,,,,,,,,,80.3836,,33.0,88.8,888.0,,,,,,0,0.0
OAS30451,5.0,5.0,3.0,3.0,,,21.0,11.0,,,,,,,,,,80.3836,,33.0,88.8,113.0,,,,,,0,0.0
OAS30451,6.0,6.0,5.0,4.0,,,18.0,13.0,,,,,,,,,,80.3836,,33.0,88.8,888.0,,,,,,1,0.5
OAS30452,,,,,,,25.0,,22.0,34.0,57.0,59.0,,,,,,47.7452,30.0,34.0,,138.0,,,,,,0,0.0
OAS30452,,,,,36.0,,20.0,,26.0,61.0,,,206686.939,1370795.857,909819.5965,215514.1743,52943.0,47.7452,30.0,34.0,64.5,133.0,413989.3983,207302.4593,430015.1982,556754.3983,214501.024,1,0.5
OAS30452,,,,,31.0,,21.0,,31.0,42.0,,,199548.0825,1356701.666,878391.18,207663.1585,50839.0,47.7452,28.0,34.0,62.0,172.0,398279.391,198731.3085,414351.7891,535262.391,206688.6306,0,0.0
OAS30452,,,,,18.0,,15.0,,46.0,94.0,,,195756.766,1300646.195,865144.1074,206157.5584,49586.0,47.7452,28.0,34.0,61.0,171.0,389709.9335,193953.1675,410708.1739,523922.9335,204550.6155,1,0.5
OAS30452,,,,,39.0,,20.0,,39.0,77.0,,,197020.1423,1354881.594,862527.2042,202032.4265,49174.0,47.7452,26.0,34.0,61.0,151.0,393926.6791,196906.5368,404525.5251,526740.6791,202493.0986,1,0.5
OAS30452,,,,,27.0,,12.0,,27.0,77.0,,,,,,,,47.7452,29.0,34.0,61.0,139.0,,,,,,0,0.0
OAS30452,,,,,29.0,,22.0,,22.0,82.0,,,,,,,,47.7452,27.0,34.0,61.0,139.1999512,,,,,,1,0.5
OAS30452,,,,,40.0,,17.0,,32.0,62.0,,,192265.5816,1156372.402,858368.703,207197.1434,48461.0,47.7452,30.0,34.0,60.75,126.0,382529.3528,190263.7712,412072.3502,512771.3528,204875.2068,1,0.5
OAS30453,,,,,13.0,16.0,24.0,13.0,30.0,87.0,45.0,54.0,233546.1072,1892596.784,1053868.361,232439.9923,56606.0,82.4548,30.0,33.0,69.0,178.0,467959.7228,234413.6156,463498.6386,638210.7228,231058.6463,1,0.5
OAS30454,,,,,25.0,,19.0,,26.0,92.0,,,202663.1309,1517145.333,941987.5083,234489.4494,48099.0,63.3534,28.0,33.0,65.5,124.0,402833.5664,200170.4355,461259.9419,540698.5664,226770.4924,0,0.0
OAS30455,,,,,,,24.0,,22.0,79.0,50.0,57.0,184021.2797,1227735.515,799430.8606,196409.2969,158400.1871,60.4438,30.0,34.0,,112.0,369414.4206,185393.1409,393672.625,527814.6077,197263.3281,0,0.0
OAS30455,,,,,35.0,,18.0,,33.0,75.0,,,,,,,,60.4438,29.0,34.0,61.5,110.0,,,,,,0,0.0
OAS30455,,,,,32.0,,19.0,,26.0,59.0,,,,,,,,60.4438,28.0,34.0,61.0,102.0,,,,,,0,0.0
OAS30455,,,,,34.0,,18.0,,35.0,60.0,,,,,,,,60.4438,29.0,34.0,61.0,109.0,,,,,,0,0.0
OAS30455,,,,,33.0,,17.0,,30.0,58.0,,,175606.696,1239561.666,769195.3907,171295.6359,47921.0,60.4438,30.0,34.0,61.5,100.0,352687.1779,177080.482,343358.2128,484774.1779,172062.5769,0,0.0
OAS30455,,,,,35.0,,14.0,,26.0,90.0,,,,,,,,60.4438,28.0,34.0,60.25,100.0,,,,,,0,0.0
OAS30455,,,,,32.0,,16.0,,34.0,72.0,,,,,,,,60.4438,29.0,34.0,61.5,102.5999756,,,,,,0,0.0
OAS30455,,,,,29.0,,19.0,,37.0,89.0,,,176107.3771,1162848.444,771105.818,170501.24,47807.0,60.4438,30.0,34.0,61.0,96.0,349219.4691,173112.092,344316.3489,486559.4691,173815.1089,0,0.0
OAS30455,6.0,6.0,7.0,5.0,,,17.0,12.0,,,,,176107.3771,1162848.444,771105.818,170501.24,47807.0,60.4438,,34.0,,,349219.4691,173112.092,344316.3489,486559.4691,173815.1089,0,0.0
OAS30456,,,,,10.0,11.0,18.0,10.0,29.0,124.0,54.0,48.0,,,,,,65.8822,24.0,23.0,68.0,216.0,,,,,,0,0.0
OAS30456,,,,,10.0,9.0,14.0,9.0,24.0,81.0,55.0,40.0,217416.686,1608482.191,999628.381,242101.9262,55054.0,65.8822,26.0,23.0,68.0,208.0,438963.869,221547.183,484612.512,580450.869,242510.5858,0,0.0
OAS30456,,,,,10.0,9.0,10.0,6.0,27.0,94.0,54.0,40.0,217416.686,1608482.191,999628.381,242101.9262,55054.0,65.8822,26.0,23.0,67.0,215.0,438963.869,221547.183,484612.512,580450.869,242510.5858,0,0.0
OAS30457,,,,,1.0,0.0,18.0,11.0,51.0,157.0,40.0,56.0,220114.6789,1800210.974,998039.3662,223989.1158,48628.0,74.0932,26.0,34.0,69.0,209.0,432519.9647,212405.2858,452416.4015,577307.9647,228427.2857,1,0.5
OAS30457,,,,,0.0,0.0,16.0,10.0,64.0,180.0,42.0,56.0,220114.6789,1800210.974,998039.3662,223989.1158,48628.0,74.0932,22.0,34.0,69.5,213.0,432519.9647,212405.2858,452416.4015,577307.9647,228427.2857,1,0.5
OAS30457,,,,,0.0,0.0,11.0,11.0,83.0,180.0,18.0,60.0,,,,,,74.0932,23.0,34.0,69.0,205.0,,,,,,2,1.0
OAS30457,,,,,1.0,0.0,9.0,5.0,130.0,180.0,14.0,54.0,,,,,,74.0932,17.0,34.0,70.0,229.0,,,,,,2,1.0
OAS30458,,,,,36.0,,18.0,,36.0,66.0,,,212822.328,1444400.067,1004687.529,244829.8496,52407.0,63.7699,28.0,33.0,60.7,123.0,430617.8186,217795.4906,491462.7107,568801.8186,246632.8611,0,0.0
OAS30458,,,,,31.0,,17.0,,25.0,46.0,,,200298.3392,1448621.361,980626.5406,245334.1083,50978.0,63.7699,30.0,33.0,60.5,124.0,404948.1917,204649.8524,490011.3489,540651.1917,244677.2407,0,0.0
OAS30458,,,,,30.0,,28.0,,29.0,53.0,,,200298.3392,1448621.361,980626.5406,245334.1083,50978.0,63.7699,30.0,33.0,60.5,119.0,404948.1917,204649.8524,490011.3489,540651.1917,244677.2407,0,0.0
OAS30458,,,,,21.0,,20.0,,49.0,72.0,,,,,,,,63.7699,30.0,33.0,60.5,127.0,,,,,,0,0.0
OAS30458,,,,,25.0,,17.0,,42.0,51.0,,,196437.6088,1412365.351,978603.5685,245337.6893,49801.0,63.7699,28.0,33.0,60.0,124.7999878,397909.7547,201472.1459,491514.8138,539228.7547,246177.1245,0,0.0
OAS30458,8.0,6.0,6.0,5.0,,,18.0,15.0,,,,,196437.6088,1412365.351,978603.5685,245337.6893,49801.0,63.7699,,33.0,,,397909.7547,201472.1459,491514.8138,539228.7547,246177.1245,0,0.0
OAS30459,,,,,,,20.0,,23.0,75.0,48.0,59.0,203998.5246,1353630.147,939718.634,247637.9063,163548.713,62.3753,29.0,23.0,,165.0,408653.3805,204654.8559,495542.1094,572202.0935,247904.2031,0,0.0
OAS30460,,,,,2.0,0.0,17.0,5.0,48.0,180.0,16.0,40.0,205542.1436,1719174.212,983585.4315,206053.4085,54466.0,87.8959,21.0,34.0,65.0,169.0,415520.0859,209977.9423,424225.3456,568475.0859,218171.9371,2,1.0
OAS30461,,,,,13.0,7.0,20.0,14.0,39.0,135.0,37.0,52.0,224783.7813,1638414.573,952793.9876,200074.8174,53801.0,68.9589,28.0,33.0,69.0,185.0,451404.356,226620.5747,401139.6315,615359.356,201064.8142,0,0.0
OAS30462,,,,,38.0,,21.0,,31.0,60.0,,,221875.6205,1544740.479,960166.2808,217436.2675,63628.0,50.9973,29.0,33.0,67.0,200.0,443962.1932,222086.5727,434455.0876,611610.1932,217018.8201,0,0.0
OAS30463,,,,,,,13.0,,44.0,165.0,46.0,60.0,,,,,,79.1205,30.0,33.0,,165.0,,,,,,0,0.0
OAS30463,,,,,,,10.0,,31.0,105.0,51.0,59.0,,,,,,79.1205,29.0,33.0,,167.0,,,,,,0,0.0
OAS30463,,,,,,,10.0,,49.0,112.0,51.0,58.0,,,,,,79.1205,27.0,33.0,,164.0,,,,,,1,0.5
OAS30463,,,,,,,16.0,,33.0,100.0,35.0,56.0,,,,,,79.1205,28.0,33.0,,166.0,,,,,,1,0.5
OAS30463,,,,,,,16.0,,32.0,128.0,36.0,58.0,,,,,,79.1205,28.0,33.0,,166.0,,,,,,0,0.0
OAS30463,,,,,,,13.0,,40.0,136.0,30.0,56.0,,,,,,79.1205,30.0,33.0,,167.0,,,,,,0,0.0
OAS30463,,,,,9.0,8.0,11.0,5.0,38.0,115.0,37.0,50.0,,,,,,79.1205,27.0,33.0,67.2,167.0,,,,,,0,0.0
OAS30463,,,,,16.0,14.0,9.0,7.0,59.0,111.0,45.0,54.0,,,,,,79.1205,28.0,33.0,67.0,160.0,,,,,,1,0.5
OAS30463,,,,,12.0,7.0,10.0,4.0,92.0,180.0,39.0,48.0,,,,,,79.1205,27.0,33.0,67.0,160.0,,,,,,1,0.5
OAS30463,,,,,8.0,10.0,7.0,4.0,59.0,180.0,33.0,48.0,,,,,,79.1205,28.0,33.0,67.0,156.0,,,,,,1,0.5
OAS30463,,,,,7.0,8.0,8.0,3.0,75.0,180.0,31.0,52.0,,,,,,79.1205,25.0,33.0,67.0,146.0,,,,,,1,0.5
OAS30463,,,,,6.0,4.0,7.0,7.0,97.0,180.0,5.0,38.0,,,,,,79.1205,24.0,33.0,66.5,135.0,,,,,,2,1.0
OAS30464,,,,,39.0,,25.0,,29.0,60.0,,,227588.6099,1653036.69,1058711.145,258487.2299,58727.0,60.8082,30.0,33.0,65.0,173.0,457621.844,230033.2341,518287.301,608312.844,259800.0711,0,0.0
OAS30464,,,,,37.0,,26.0,,29.0,62.0,,,225666.3771,1661326.361,1054360.703,257797.4306,58243.0,60.8082,30.0,33.0,64.2,180.0,454073.3489,228406.9718,517138.3545,602502.3489,259340.9239,0,0.0
OAS30464,,,,,36.0,,28.0,,32.0,62.0,,,220086.8927,1650035.211,1037643.053,254136.0679,56795.0,60.8082,30.0,33.0,64.0,185.0,441897.6678,221810.775,510480.3854,588210.6678,256344.3175,0,0.0
OAS30464,,,,,41.0,,26.0,,26.0,79.0,,,210028.5841,1606981.156,1023044.939,256167.4829,57060.0,60.8082,30.0,33.0,64.0,184.0,424924.4106,214895.8265,509606.5288,565565.4106,253439.0459,0,0.0
OAS30464,,,,,40.0,,22.0,,26.0,61.0,,,210028.5841,1606981.156,1023044.939,256167.4829,57060.0,60.8082,30.0,33.0,64.0,159.0,424924.4106,214895.8265,509606.5288,565565.4106,253439.0459,0,0.0
OAS30464,,,,,40.0,,20.0,,36.0,84.0,,,,,,,,60.8082,30.0,33.0,64.0,168.0,,,,,,0,0.0
OAS30464,,,,,38.0,,26.0,,37.0,81.0,,,,,,,,60.8082,30.0,33.0,63.5,172.25,,,,,,0,0.0
OAS30464,,,,,36.0,,23.0,,40.0,68.0,,,215138.6403,1653371.68,1032683.503,253629.3351,55782.0,60.8082,29.0,33.0,63.5,157.0,433618.2002,218479.56,506983.3033,583313.2002,253353.9682,0,0.0
OAS30464,7.0,6.0,9.0,6.0,,,24.0,15.0,,,,,212806.9276,1607880.65,1019197.432,248041.7655,55786.0,60.8082,,33.0,,,427720.2976,214913.37,498981.1342,573033.2976,250939.3687,0,0.0
OAS30465,,,,,39.0,,24.0,,17.0,37.0,,,225387.4769,1779918.251,1067796.299,240044.0008,54847.0,60.0932,30.0,34.0,72.0,215.0,458878.682,233491.2052,494344.6167,614163.682,254300.6159,0,0.0
OAS30465,,,,,40.0,,32.0,,18.0,31.0,,,228342.5999,1734758.753,1067671.197,240060.8868,54348.0,60.0932,29.0,34.0,70.0,197.0,462968.7106,234626.1107,490223.486,614062.7106,250162.5992,0,0.0
OAS30466,,,,,14.0,15.0,13.0,11.0,57.0,120.0,39.0,56.0,194204.8291,1437279.201,916529.4639,223862.8037,52011.0,66.5205,27.0,33.0,62.0,180.0,388748.5314,194543.7023,448104.9325,529944.5314,224242.1287,1,0.5
OAS30466,,,,,16.0,15.0,16.0,11.0,44.0,88.0,40.0,56.0,193782.1585,1448987.815,910590.8514,219516.8829,51252.0,66.5205,29.0,33.0,62.5,177.0,388222.1311,194439.9726,440618.7203,526798.1311,221101.8374,0,0.0
OAS30466,,,,,18.0,18.0,13.0,9.0,61.0,154.0,25.0,56.0,193782.1585,1448987.815,910590.8514,219516.8829,51252.0,66.5205,29.0,33.0,62.0,166.0,388222.1311,194439.9726,440618.7203,526798.1311,221101.8374,0,0.0
OAS30466,,,,,15.0,12.0,17.0,15.0,64.0,92.0,30.0,54.0,,,,,,66.5205,28.0,33.0,61.0,180.0,,,,,,0,0.0
OAS30466,,,,,20.0,20.0,14.0,15.0,68.0,95.0,29.0,58.0,,,,,,66.5205,29.0,33.0,62.0,177.0,,,,,,0,0.0
OAS30466,10.0,7.0,8.0,6.0,,,15.0,13.0,62.0,103.0,25.0,,,,,,,66.5205,27.0,33.0,62.0,177.0,,,,,,0,0.0
OAS30466,11.0,8.0,7.0,5.0,,,13.0,15.0,52.0,97.0,25.0,,,,,,,66.5205,28.0,33.0,62.0,172.0,,,,,,0,0.0
OAS30467,,,,,12.0,1.0,12.0,11.0,62.0,180.0,21.0,50.0,170900.3581,1228217.276,751366.8679,168809.7399,43054.0,82.3041,29.0,34.0,65.0,180.0,347088.157,176187.7989,337396.7109,457137.157,168586.971,2,1.0
OAS30468,6.0,5.0,4.0,3.0,16.0,15.0,21.0,22.0,69.0,103.0,45.0,,195225.2655,1416383.047,895295.995,212866.2542,54696.0,74.6466,27.0,34.0,62.5,208.0,392024.5927,196799.3273,432842.4023,535345.5927,219976.1481,0,0.0
OAS30468,6.0,5.0,7.0,5.0,,,23.0,11.0,57.0,117.0,42.0,,,,,,,74.6466,28.0,34.0,62.5,197.3999023,,,,,,0,0.0
OAS30468,6.0,5.0,5.0,4.0,,,14.0,14.0,,,,,,,,,,74.6466,,34.0,,,,,,,,0,0.0
OAS30469,9.0,7.0,6.0,4.0,15.0,15.0,19.0,17.0,21.0,63.0,66.0,,176851.7494,1340368.514,796712.2175,178087.115,46434.0,74.9041,29.0,33.0,64.5,158.0,355281.903,178430.1536,356414.3145,481427.903,178327.1994,0,0.0
OAS30469,8.0,7.0,7.0,5.0,,,22.0,18.0,18.0,60.0,66.0,,176851.7494,1340368.514,796712.2175,178087.115,46434.0,74.9041,30.0,33.0,64.5,153.0,355281.903,178430.1536,356414.3145,481427.903,178327.1994,0,0.0
OAS30469,8.0,7.0,7.0,5.0,,,21.0,13.0,21.0,58.0,61.0,,,,,,,74.9041,30.0,33.0,64.0,157.5,,,,,,0,0.0
OAS30469,7.0,6.0,6.0,4.0,,,21.0,13.0,37.0,48.0,64.0,,,,,,,74.9041,30.0,33.0,63.5,156.7999268,,,,,,0,0.0
OAS30470,,,,,,,15.0,,51.0,107.0,34.0,46.0,,,,,,80.8,28.0,34.0,,142.0,,,,,,0,0.0
OAS30470,,,,,,,14.0,,62.0,155.0,,48.0,,,,,,80.8,28.0,34.0,,147.0,,,,,,0,0.0
OAS30470,,,,,,,13.0,,66.0,180.0,32.0,48.0,205100.634,1729529.189,998448.0117,244129.2656,165896.8261,80.8,29.0,34.0,,147.0,407591.3467,202490.7127,490620.2031,573488.1727,246490.9375,0,0.0
OAS30470,,,,,6.0,3.0,15.0,10.0,67.0,141.0,33.0,48.0,204624.3704,1802635.003,987860.2872,227144.9102,47509.0,80.8,25.0,34.0,70.0,147.0,409546.1959,204921.8256,458930.0913,547608.1959,231785.1811,0,0.0
OAS30470,,,,,11.0,11.0,9.0,13.0,86.0,180.0,24.0,46.0,204624.3704,1802635.003,987860.2872,227144.9102,47509.0,80.8,26.0,34.0,70.0,147.0,409546.1959,204921.8256,458930.0913,547608.1959,231785.1811,0,0.0
OAS30470,,,,,8.0,9.0,12.0,9.0,76.0,150.0,25.0,50.0,189271.8501,1806691.786,921506.2321,214740.4217,44875.0,80.8,29.0,34.0,69.0,141.0,372107.8328,182835.9827,431330.3993,512030.8328,216589.9776,0,0.0
OAS30470,,,,,12.0,13.0,,12.0,78.0,170.0,23.0,44.0,189271.8501,1806691.786,921506.2321,214740.4217,44875.0,80.8,28.0,34.0,71.0,132.0,372107.8328,182835.9827,431330.3993,512030.8328,216589.9776,0,0.0
OAS30471,,,,,8.0,7.0,22.0,13.0,41.0,107.0,34.0,52.0,,,,,,79.7452,30.0,33.0,66.3,145.0,,,,,,0,0.0
OAS30471,,,,,10.0,4.0,22.0,12.0,32.0,106.0,29.0,56.0,242950.6793,1711165.332,1016078.746,221350.5279,52855.0,79.7452,30.0,33.0,66.5,150.0,483488.3765,240537.6972,436450.3697,629734.3765,215099.8417,0,0.0
OAS30471,,,,,7.0,7.0,15.0,11.0,43.0,120.0,29.0,56.0,242950.6793,1711165.332,1016078.746,221350.5279,52855.0,79.7452,27.0,33.0,66.5,149.0,483488.3765,240537.6972,436450.3697,629734.3765,215099.8417,0,0.0
OAS30471,,,,,9.0,8.0,16.0,14.0,34.0,127.0,29.0,52.0,,,,,,79.7452,26.0,33.0,66.0,148.0,,,,,,1,0.5
OAS30471,,,,,4.0,3.0,21.0,10.0,38.0,167.0,29.0,52.0,,,,,,79.7452,29.0,33.0,66.0,150.0,,,,,,1,0.5
OAS30471,,,,,3.0,1.0,23.0,9.0,44.0,170.0,27.0,44.0,225920.3394,1729918.976,962890.2892,203596.0637,49517.0,79.7452,26.0,33.0,66.0,142.0,448447.0412,222526.7018,409142.248,588195.0412,205546.1842,1,0.5
OAS30472,,,,,7.0,0.0,19.0,10.0,25.0,73.0,35.0,60.0,,,,,,60.4658,25.0,23.0,67.0,174.0,,,,,,1,0.5
OAS30472,,,,,4.0,0.0,17.0,11.0,33.0,96.0,33.0,56.0,,,,,,60.4658,28.0,23.0,66.5,168.0,,,,,,1,0.5
OAS30472,,,,,4.0,0.0,12.0,9.0,41.0,180.0,30.0,48.0,186306.2445,1607334.414,914223.4552,210455.9733,54669.0,60.4658,25.0,23.0,67.0,164.0,377551.0302,191244.7857,429529.425,532439.0302,219073.4517,2,1.0
OAS30472,,,,,0.0,0.0,9.0,5.0,47.0,180.0,18.0,34.0,186306.2445,1607334.414,914223.4552,210455.9733,54669.0,60.4658,23.0,23.0,66.0,162.0,377551.0302,191244.7857,429529.425,532439.0302,219073.4517,2,1.0
OAS30472,,,,,0.0,0.0,5.0,3.0,67.0,180.0,,32.0,,,,,,60.4658,19.0,23.0,66.0,144.0,,,,,,2,2.0
OAS30473,,,,,10.0,7.0,28.0,11.0,20.0,52.0,60.0,56.0,,,,,,69.1699,30.0,34.0,72.0,211.0,,,,,,0,0.0
OAS30473,,,,,15.0,15.0,15.0,13.0,16.0,37.0,67.0,56.0,257211.8145,1763949.784,1063091.243,235670.2934,56008.0,69.1699,29.0,34.0,72.0,205.0,511234.4718,254022.6573,467736.7708,666879.4718,232066.4774,0,0.0
OAS30473,,,,,11.0,8.0,19.0,9.0,27.0,51.0,53.0,56.0,,,,,,69.1699,30.0,34.0,73.0,211.0,,,,,,1,0.5
OAS30474,,,,,12.0,9.0,16.0,8.0,25.0,133.0,32.0,34.0,197753.9692,1451509.841,859548.5564,188808.1698,54516.0,78.3014,26.0,34.0,62.3,145.0,400948.975,203195.0058,381921.5815,545235.975,193113.4117,1,0.5
OAS30474,,,,,11.0,7.0,13.0,10.0,34.0,114.0,28.0,36.0,,,,,,78.3014,26.0,34.0,64.0,141.0,,,,,,1,0.5
OAS30475,11.0,8.0,12.0,8.0,15.0,15.0,25.0,21.0,24.0,49.0,45.0,,181983.0049,1453134.438,916744.1374,214392.7642,49497.0,72.8603,30.0,34.0,65.5,155.0,367179.025,185196.0202,432785.1123,489547.025,218392.3482,0,0.0
OAS30475,11.0,9.0,12.0,8.0,,,20.0,20.0,28.0,69.0,47.0,,,,,,,72.8603,29.0,34.0,65.75,163.0,,,,,,0,0.0
OAS30475,12.0,9.0,11.0,8.0,,,19.0,18.0,31.0,58.0,41.0,,,,,,,72.8603,29.0,34.0,65.0,164.5999756,,,,,,0,0.0
OAS30475,11.0,8.0,8.0,5.0,,,21.0,14.0,,,,,,,,,,72.8603,,34.0,,,,,,,,0,0.0
OAS30476,,,,,15.0,15.0,17.0,17.0,58.0,71.0,54.0,58.0,,,,,,71.4493,29.0,34.0,62.0,172.0,,,,,,0,0.0
OAS30476,10.0,7.0,10.0,6.0,,,24.0,12.0,,,44.0,,205635.3789,1459839.518,907854.5509,207870.3416,49621.0,71.4493,28.0,34.0,61.5,173.5,413997.1205,208361.7416,418192.4303,551993.1205,210322.0887,0,0.0
OAS30478,,,,,,,28.0,,24.0,63.0,66.0,60.0,,,,,,68.6411,30.0,33.0,,194.0,,,,,,0,0.0
OAS30478,,,,,,,31.0,,23.0,57.0,65.0,60.0,,,,,,68.6411,29.0,33.0,,,,,,,,0,0.0
OAS30478,,,,,,,31.0,,21.0,57.0,63.0,60.0,,,,,,68.6411,28.0,33.0,,191.0,,,,,,0,0.0
OAS30478,,,,,,,31.0,,22.0,46.0,60.0,60.0,,,,,,68.6411,30.0,33.0,,192.0,,,,,,0,0.0
OAS30478,,,,,,,32.0,,21.0,81.0,63.0,60.0,,,,,,68.6411,29.0,33.0,,191.0,,,,,,0,0.0
OAS30478,,,,,,,22.0,,20.0,80.0,61.0,60.0,,,,,,68.6411,30.0,33.0,,188.0,,,,,,0,0.0
OAS30478,,,,,,,27.0,,19.0,42.0,58.0,60.0,,,,,,68.6411,29.0,33.0,,189.0,,,,,,0,0.0
OAS30478,,,,,9.0,13.0,27.0,14.0,19.0,48.0,55.0,60.0,,,,,,68.6411,29.0,33.0,71.0,193.0,,,,,,0,0.0
OAS30478,,,,,13.0,10.0,21.0,15.0,20.0,94.0,51.0,60.0,220518.4234,1633198.896,956304.1496,211647.4338,52800.0,68.6411,27.0,33.0,70.0,190.0,439620.2706,219101.8472,421915.8791,606603.2706,210268.4453,0,0.0
OAS30478,,,,,10.0,11.0,27.0,8.0,23.0,82.0,51.0,60.0,220518.4234,1633198.896,956304.1496,211647.4338,52800.0,68.6411,28.0,33.0,70.0,172.0,439620.2706,219101.8472,421915.8791,606603.2706,210268.4453,0,0.0
OAS30478,,,,,6.0,8.0,27.0,11.0,24.0,86.0,57.0,60.0,217238.9098,1644637.482,936699.3379,204293.8163,51684.0,68.6411,28.0,33.0,70.0,192.0,432446.8476,215207.9378,405001.4903,597326.8476,200707.674,0,0.0
OAS30478,,,,,5.0,4.0,20.0,8.0,24.0,180.0,51.0,54.0,217238.9098,1644637.482,936699.3379,204293.8163,51684.0,68.6411,24.0,33.0,70.0,188.0,432446.8476,215207.9378,405001.4903,597326.8476,200707.674,1,0.5
OAS30478,,,,,0.0,0.0,13.0,6.0,84.0,180.0,10.0,56.0,,,,,,68.6411,18.0,33.0,69.0,200.0,,,,,,2,1.0
OAS30478,,,,,0.0,0.0,10.0,2.0,83.0,180.0,,46.0,,,,,,68.6411,14.0,33.0,69.7,202.0,,,,,,2,2.0
OAS30479,,,,,13.0,10.0,23.0,15.0,36.0,85.0,39.0,60.0,,,,,,79.5836,26.0,33.0,69.0,233.0,,,,,,1,0.5
OAS30479,,,,,11.0,12.0,24.0,16.0,45.0,92.0,36.0,56.0,208489.4264,1692135.061,979019.1969,224906.0854,48199.0,79.5836,29.0,33.0,70.0,223.0,417099.5522,208610.1257,454110.6447,561349.5522,229204.5592,0,0.0
OAS30479,,,,,15.0,2.0,20.0,11.0,38.0,78.0,39.0,60.0,,,,,,79.5836,28.0,33.0,68.0,214.0,,,,,,0,0.0
OAS30480,,,,,20.0,17.0,23.0,15.0,76.0,95.0,33.0,50.0,,,,,,74.2082,29.0,33.0,65.5,132.0,,,,,,0,0.0
OAS30480,,,,,17.0,17.0,21.0,11.0,,,31.0,54.0,,,,,,74.2082,29.0,33.0,66.0,120.0,,,,,,0,0.0
OAS30481,11.0,9.0,8.0,5.0,10.0,8.0,19.0,12.0,23.0,89.0,60.0,,206469.6611,1356560.664,883784.3134,200036.4836,49201.0,73.6986,30.0,34.0,64.5,171.0,414016.3087,207546.6476,403463.0047,545558.3087,203426.5212,0,0.0
OAS30481,8.0,6.0,8.0,5.0,,,20.0,16.0,31.0,125.0,60.0,,206469.6611,1356560.664,883784.3134,200036.4836,49201.0,73.6986,29.0,34.0,65.5,182.0,414016.3087,207546.6476,403463.0047,545558.3087,203426.5212,0,0.0
OAS30481,10.0,7.0,8.0,5.0,,,21.0,15.0,24.0,119.0,55.0,,,,,,,73.6986,30.0,34.0,64.5,177.7999268,,,,,,1,0.5
OAS30482,,,,,30.0,,29.0,,19.0,40.0,,,210617.5268,1447757.404,918484.4105,231387.6094,176518.2286,54.4959,30.0,33.0,67.0,184.0,424149.0668,213531.54,461571.6563,600667.2954,230184.0469,0,0.0
OAS30482,,,,,33.0,,30.0,,18.0,35.0,,,198696.794,1380584.876,883923.5714,208674.6864,49653.0,54.4959,30.0,33.0,66.0,172.0,398565.4581,199868.6641,421769.1133,540100.4581,213094.427,0,0.0
OAS30483,,,,,31.0,,25.0,,23.0,50.0,,,188421.752,1286150.996,834471.5336,196201.8099,51556.0,55.4219,30.0,34.0,67.0,165.0,376732.0608,188310.3087,393633.4728,522321.0608,197431.663,0,0.0
OAS30483,,,,,30.0,,20.0,,22.0,51.0,,,189084.0085,1279533.118,832407.2614,195493.5287,51166.0,55.4219,29.0,34.0,67.0,164.0,377853.0718,188769.0633,389853.1896,519540.0718,194359.6609,0,0.0
OAS30483,,,,,28.0,,18.0,,43.0,87.0,,,182130.0718,1251514.055,817913.1367,192170.8218,50968.0,55.4219,30.0,34.0,66.0,139.0,364059.2561,181929.1843,386773.8806,509248.2561,194603.0588,0,0.0
OAS30484,,,,,34.0,,23.0,,23.0,59.0,,,210769.5675,1406236.44,896218.1059,202173.1687,46556.0,61.1836,29.0,33.0,64.5,216.0,423955.4516,213185.8841,405302.6543,557436.4516,203129.4856,0,0.0
OAS30484,,,,,35.0,,13.0,,28.0,61.0,,,209746.0049,1364895.016,881867.6105,193656.0961,46525.0,61.1836,29.0,33.0,64.5,239.5,419102.4352,209356.4303,394767.1754,552398.4352,201111.0793,0,0.0
OAS30484,,,,,31.0,,22.0,,26.0,60.0,,,208917.0731,1408635.396,876911.3297,190711.22,47204.0,61.1836,29.0,33.0,64.5,225.0,421269.2272,212352.1541,384451.1025,555725.2272,193739.8826,0,0.0
OAS30484,,,,,26.0,,15.0,,37.0,65.0,,,208917.0731,1408635.396,876911.3297,190711.22,47204.0,61.1836,29.0,33.0,64.5,231.0,421269.2272,212352.1541,384451.1025,555725.2272,193739.8826,0,0.0
OAS30484,,,,,31.0,,17.0,,26.0,65.0,,,,,,,,61.1836,29.0,33.0,64.25,227.3999023,,,,,,0,0.0
OAS30485,9.0,7.0,8.0,6.0,16.0,14.0,21.0,16.0,36.0,64.0,43.0,,189696.773,1430135.206,894604.9797,193314.468,44707.0,73.126,30.0,33.0,62.2,115.0,380235.2346,190538.4616,389813.7451,494968.2346,196499.2771,0,0.0
OAS30485,10.0,8.0,8.0,5.0,,,23.0,17.0,35.0,91.0,41.0,,,,,,,73.126,29.0,33.0,62.3,118.0,,,,,,0,0.0
OAS30485,11.0,8.0,9.0,6.0,,,16.0,8.0,37.0,81.0,45.0,,,,,,,73.126,30.0,33.0,62.0,120.3999634,,,,,,0,0.0
OAS30485,9.0,7.0,8.0,5.0,,,22.0,14.0,,,,,,,,,,73.126,,33.0,,,,,,,,0,0.0
OAS30486,,,,,34.0,,16.0,,29.0,59.0,,,246526.938,1663293.57,1075057.943,250496.0302,59087.0,54.6767,30.0,44.0,73.0,280.0,494523.7985,247996.8604,500235.1445,661727.7985,249739.1143,0,0.0
OAS30487,,,,,16.0,19.0,22.0,20.0,26.0,71.0,49.0,60.0,230697.6285,1569596.619,997310.97,222214.2502,51531.0,72.2411,30.0,33.0,62.0,148.0,462867.0658,232169.4374,448389.9042,618437.0658,226175.654,0,0.0
OAS30487,,,,,23.0,21.0,29.0,20.0,25.0,53.0,56.0,60.0,,,,,,72.2411,30.0,33.0,62.0,148.0,,,,,,0,0.0
OAS30487,,,,,20.0,22.0,33.0,23.0,28.0,61.0,50.0,60.0,223055.6541,1540551.349,978203.8928,216539.0095,49350.0,72.2411,30.0,33.0,62.0,148.0,450828.9003,227773.2462,438989.9925,599745.9003,222450.983,0,0.0
OAS30487,,,,,20.0,21.0,26.0,20.0,38.0,90.0,52.0,60.0,223055.6541,1540551.349,978203.8928,216539.0095,49350.0,72.2411,30.0,33.0,62.0,145.0,450828.9003,227773.2462,438989.9925,599745.9003,222450.983,0,0.0
OAS30487,,,,,20.0,21.0,25.0,18.0,21.0,66.0,49.0,60.0,221416.4769,1546129.196,974192.5409,215877.2744,50242.0,72.2411,30.0,33.0,65.0,146.0,445687.3503,224270.8734,436247.1906,594518.3503,220369.9162,0,0.0
OAS30487,,,,,24.0,23.0,23.0,21.0,31.0,68.0,49.0,58.0,221416.4769,1546129.196,974192.5409,215877.2744,50242.0,72.2411,30.0,33.0,61.5,150.0,445687.3503,224270.8734,436247.1906,594518.3503,220369.9162,0,0.0
OAS30487,,,,,23.0,23.0,24.0,16.0,27.0,67.0,50.0,58.0,,,,,,72.2411,30.0,33.0,61.8,148.5,,,,,,0,0.0
OAS30487,8.0,6.0,6.0,5.0,,,19.0,17.0,42.0,80.0,53.0,,212254.9951,1572033.442,965161.2076,218234.8962,46958.0,72.2411,30.0,33.0,61.5,142.0,425703.5804,213448.5853,436875.6272,568496.5804,218640.731,0,0.0
OAS30487,7.0,6.0,6.0,4.0,,,18.0,17.0,33.0,58.0,44.0,,212254.9951,1572033.442,965161.2076,218234.8962,46958.0,72.2411,29.0,33.0,61.5,140.7999268,425703.5804,213448.5853,436875.6272,568496.5804,218640.731,0,0.0
OAS30487,6.0,6.0,7.0,5.0,,,19.0,16.0,35.0,139.0,38.0,,,,,,,72.2411,29.0,33.0,62.0,143.1999512,,,,,,0,0.0
OAS30487,3.0,4.0,4.0,3.0,,,16.0,14.0,,,,,,,,,,72.2411,,33.0,,,,,,,,0,0.0
OAS30489,,,,,9.0,8.0,19.0,18.0,40.0,75.0,59.0,58.0,227709.4946,1783523.464,1106716.754,273599.4516,51376.0,70.4,30.0,33.0,71.2,247.0,457384.6429,229675.1483,553437.111,605101.6429,279837.6593,0,0.0
OAS30489,,,,,10.0,7.0,27.0,13.0,32.0,65.0,57.0,58.0,,,,,,70.4,29.0,33.0,71.0,231.0,,,,,,0,0.0
OAS30489,,,,,12.0,8.0,28.0,10.0,26.0,68.0,64.0,56.0,,,,,,70.4,29.0,33.0,70.0,230.0,,,,,,0,0.0
OAS30489,,,,,14.0,12.0,21.0,15.0,29.0,85.0,64.0,58.0,,,,,,70.4,29.0,33.0,70.0,224.0,,,,,,0,0.0
OAS30489,,,,,13.0,11.0,20.0,11.0,47.0,82.0,57.0,58.0,,,,,,70.4,30.0,33.0,71.3,226.0,,,,,,0,0.0
OAS30489,,,,,15.0,12.0,23.0,13.0,26.0,88.0,58.0,58.0,,,,,,70.4,30.0,33.0,71.0,226.0,,,,,,0,0.0
OAS30489,6.0,5.0,8.0,5.0,,,21.0,9.0,27.0,85.0,51.0,,,,,,,70.4,30.0,33.0,72.0,222.0,,,,,,0,0.0
OAS30489,10.0,8.0,6.0,5.0,,,17.0,12.0,27.0,74.0,53.0,,,,,,,70.4,30.0,33.0,70.75,212.0,,,,,,0,0.0
OAS30489,8.0,6.0,6.0,4.0,,,20.0,10.0,26.0,83.0,51.0,,,,,,,70.4,30.0,33.0,71.0,215.0,,,,,,0,0.0
OAS30489,8.0,6.0,5.0,4.0,,,20.0,13.0,,,,,,,,,,70.4,,33.0,,,,,,,,0,0.0
OAS30489,8.0,7.0,6.0,5.0,,,22.0,8.0,,,,,,,,,,70.4,,33.0,,,,,,,,0,0.0
OAS30490,,,,,16.0,18.0,26.0,18.0,35.0,99.0,49.0,58.0,,,,,,74.8904,30.0,33.0,64.0,211.0,,,,,,0,0.0
OAS30490,,,,,12.0,11.0,23.0,16.0,51.0,119.0,48.0,54.0,209105.5765,1600346.902,926478.8722,211512.3047,55713.0,74.8904,30.0,33.0,64.0,218.0,418409.0343,209303.4578,418715.8379,566910.0343,207203.5332,0,0.0
OAS30490,,,,,16.0,17.0,22.0,13.0,34.0,116.0,51.0,52.0,,,,,,74.8904,29.0,33.0,65.0,207.0,,,,,,0,0.0
OAS30490,,,,,17.0,16.0,24.0,15.0,33.0,115.0,44.0,54.0,,,,,,74.8904,28.0,33.0,64.5,210.0,,,,,,0,0.0
OAS30490,,,,,19.0,19.0,30.0,13.0,40.0,147.0,49.0,58.0,,,,,,74.8904,28.0,33.0,64.3,202.0,,,,,,0,0.0
OAS30491,7.0,6.0,3.0,3.0,17.0,14.0,11.0,17.0,33.0,102.0,47.0,,185618.022,1387852.939,857627.1985,196986.6209,51495.0,77.9945,30.0,33.0,61.5,191.0,375338.4764,189720.4544,396634.722,508634.4764,199648.1011,0,0.0
OAS30491,8.0,6.0,4.0,4.0,4.0,4.0,16.0,20.0,30.0,115.0,48.0,,,,,,,77.9945,30.0,33.0,62.0,198.0,,,,,,0,0.0
OAS30491,7.0,7.0,4.0,4.0,,,19.0,17.0,25.0,86.0,54.0,,,,,,,77.9945,30.0,33.0,61.6,188.0,,,,,,0,0.0
OAS30491,7.0,6.0,2.0,2.0,,,14.0,14.0,31.0,87.0,49.0,,,,,,,77.9945,26.0,33.0,61.5,169.0,,,,,,0,0.0
OAS30491,9.0,7.0,5.0,4.0,,,19.0,15.0,,,,,,,,,,77.9945,,33.0,,,,,,,,0,0.0
OAS30492,,,,,27.0,,23.0,,32.0,46.0,,,227835.6741,1551008.107,970175.9288,218068.795,56795.0,57.3507,30.0,33.0,69.0,197.0,454599.5406,226763.8665,438092.3882,612116.5406,220023.5931,0,0.0
OAS30492,,,,,27.0,,23.0,,26.0,46.0,,,220480.7931,1531750.138,954572.6576,218906.6392,56683.0,57.3507,30.0,33.0,68.3,202.0,438141.4825,217660.6894,438186.1752,588897.4825,219279.536,0,0.0
OAS30492,,,,,21.0,,25.0,,26.0,57.0,,,225153.3322,1540548.445,971262.5978,219203.6358,57209.0,57.3507,30.0,33.0,68.0,202.1999512,448233.6345,223080.3022,443263.9633,608387.6345,224060.3276,0,0.0
OAS30493,,,,,15.0,15.0,19.0,7.0,140.0,,21.0,28.0,159810.872,1352026.885,725443.6049,152348.8281,41911.0,91.5288,27.0,23.0,60.0,100.0,319749.7761,159938.9041,308174.8288,426016.7761,155826.0007,0,0.0
OAS30493,,,,,13.0,8.0,20.0,7.0,180.0,180.0,13.0,30.0,159810.872,1352026.885,725443.6049,152348.8281,41911.0,91.5288,29.0,23.0,59.5,103.0,319749.7761,159938.9041,308174.8288,426016.7761,155826.0007,0,0.0
OAS30493,,,,,13.0,13.0,17.0,5.0,180.0,,11.0,32.0,,,,,,91.5288,27.0,23.0,88.8,888.0,,,,,,1,0.5
OAS30493,9.0,7.0,3.0,3.0,,,21.0,10.0,,,,,,,,,,91.5288,28.0,23.0,88.8,888.0,,,,,,1,0.5
OAS30494,,,,,,,29.0,,23.0,57.0,61.0,56.0,244101.4698,1749833.076,1130025.567,293114.25,199281.2689,51.463,29.0,33.0,,184.0,488167.6837,244066.2139,590179.2344,687448.9526,297064.9844,0,0.0
OAS30494,,,,,33.0,,20.0,,34.0,59.0,,,,,,,,51.463,29.0,33.0,70.3,181.0,,,,,,0,0.0
OAS30494,,,,,28.0,,20.0,,36.0,71.0,,,239655.8881,1727594.394,1109814.436,264085.5438,63410.0,51.463,30.0,33.0,69.8,178.0,485097.098,245441.2098,532101.3384,652030.098,268015.7946,0,0.0
OAS30494,,,,,28.0,,21.0,,35.0,77.0,,,,,,,,51.463,30.0,33.0,69.5,176.0,,,,,,0,0.0
OAS30495,,,,,5.0,3.0,10.0,7.0,94.0,180.0,27.0,38.0,173021.7136,1375580.141,818326.6698,188330.3312,46593.0,71.1397,16.0,34.0,64.0,165.0,355451.5069,182429.7933,381078.1629,491414.5069,192747.8316,2,1.0
OAS30495,,,,,1.0,1.0,9.0,5.0,82.0,180.0,22.0,36.0,173021.7136,1375580.141,818326.6698,188330.3312,46593.0,71.1397,19.0,34.0,64.0,160.0,355451.5069,182429.7933,381078.1629,491414.5069,192747.8316,2,1.0
OAS30496,,,,,40.0,,23.0,,35.0,75.0,,,235313.5378,1750233.006,1055606.298,240814.1495,58065.0,61.8329,30.0,33.0,62.5,326.0,474026.5279,238712.9902,488060.7703,623110.5279,247246.6208,0,0.0
OAS30496,,,,,35.0,,27.0,,44.0,82.0,,,241144.9576,1748228.822,1049701.131,231772.9811,56789.0,61.8329,30.0,33.0,71.2,317.0,487390.2618,246245.3042,467167.8695,634514.2618,235394.8884,0,0.0
OAS30496,,,,,30.0,,20.0,,45.0,92.0,,,240199.7091,1696405.779,1065258.35,237678.6456,57795.0,61.8329,28.0,33.0,71.75,301.3999023,483901.5978,243701.8887,483622.7524,633535.5978,245944.1068,0,0.0
OAS30496,,,,,34.0,,18.0,,44.0,77.0,,,240199.7091,1696405.779,1065258.35,237678.6456,57795.0,61.8329,29.0,33.0,71.0,298.3999023,483901.5978,243701.8887,483622.7524,633535.5978,245944.1068,0,0.0
OAS30497,7.0,6.0,8.0,6.0,11.0,0.0,14.0,15.0,28.0,89.0,49.0,,204948.4253,1350904.313,879995.1333,203347.8858,50669.0,65.2521,29.0,33.0,65.25,147.0,408882.2814,203933.8561,409824.8518,542824.2814,206476.9661,0,0.0
OAS30497,8.0,6.0,5.0,4.0,,,26.0,18.0,20.0,57.0,50.0,,,,,,,65.2521,29.0,33.0,65.0,149.0,,,,,,0,0.0
OAS30498,,,,,12.0,12.0,22.0,8.0,20.0,55.0,51.0,58.0,222392.6276,1352302.671,998090.041,240894.4694,49767.0,66.3479,28.0,24.0,70.0,268.0,447459.69,225067.0624,485122.351,591291.69,244227.8816,1,0.5
OAS30498,,,,,15.0,14.0,21.0,8.0,21.0,84.0,51.0,54.0,222392.6276,1352302.671,998090.041,240894.4694,49767.0,66.3479,28.0,24.0,70.0,274.0,447459.69,225067.0624,485122.351,591291.69,244227.8816,1,0.5
OAS30498,,,,,13.0,12.0,20.0,9.0,33.0,64.0,49.0,58.0,,,,,,66.3479,30.0,24.0,69.0,271.0,,,,,,0,0.0
OAS30498,8.0,7.0,4.0,3.0,,,19.0,9.0,25.0,53.0,45.0,,,,,,,66.3479,28.0,24.0,69.75,210.0,,,,,,0,0.0
OAS30498,8.0,7.0,5.0,4.0,,,22.0,11.0,,,,,,,,,,66.3479,,24.0,,,,,,,,0,0.0
OAS30499,,,,,10.0,,13.0,,33.0,100.0,,,200941.5846,1492551.814,851648.8259,183508.745,49810.0,57.1315,29.0,33.0,67.5,210.25,402468.4848,201526.9002,369514.3411,526789.4848,186005.5961,0,0.0
OAS30500,,,,,9.0,11.0,25.0,13.0,36.0,65.0,41.0,60.0,233596.3469,1743858.582,1112625.225,267651.4733,54477.0,70.6027,28.0,23.0,69.0,228.0,472922.6969,239326.35,538005.5279,631085.6969,270354.0546,0,0.0
OAS30500,,,,,11.0,11.0,18.0,10.0,33.0,66.0,49.0,60.0,233596.3469,1743858.582,1112625.225,267651.4733,54477.0,70.6027,29.0,23.0,69.5,292.0,472922.6969,239326.35,538005.5279,631085.6969,270354.0546,0,0.0
OAS30500,,,,,14.0,13.0,15.0,12.0,38.0,95.0,46.0,60.0,,,,,,70.6027,29.0,23.0,69.0,222.0,,,,,,0,0.0
OAS30500,,,,,13.0,13.0,17.0,11.0,35.0,51.0,50.0,60.0,218318.1551,1765817.502,1061935.046,257296.329,52740.0,70.6027,30.0,23.0,67.5,217.0,440435.7219,222117.5668,514683.3245,594294.7219,257386.9955,0,0.0
OAS30500,,,,,15.0,14.0,16.0,17.0,39.0,63.0,49.0,58.0,218318.1551,1765817.502,1061935.046,257296.329,52740.0,70.6027,29.0,23.0,68.0,222.0,440435.7219,222117.5668,514683.3245,594294.7219,257386.9955,0,0.0
OAS30500,,,,,14.0,13.0,27.0,16.0,37.0,58.0,36.0,56.0,,,,,,70.6027,30.0,23.0,68.0,219.0,,,,,,0,0.0
OAS30500,,,,,12.0,10.0,23.0,17.0,47.0,94.0,33.0,60.0,,,,,,70.6027,30.0,23.0,68.0,218.0,,,,,,0,0.0
OAS30502,,,,,27.0,,20.0,,18.0,53.0,,,,,,,,51.6822,29.0,33.0,67.8,189.0,,,,,,0,0.0
OAS30502,11.0,8.0,9.0,6.0,,,24.0,10.0,,,,,,,,,,51.6822,,33.0,,,,,,,,0,0.0
OAS30503,,,,,15.0,17.0,24.0,12.0,23.0,62.0,56.0,52.0,203220.8527,1616394.067,924556.4167,209129.6245,49938.0,72.474,29.0,34.0,70.5,203.0,408047.4211,204826.5684,408738.9956,545760.4211,199609.3711,0,0.0
OAS30503,,,,,16.0,17.0,27.0,11.0,29.0,54.0,59.0,54.0,203220.8527,1616394.067,924556.4167,209129.6245,49938.0,72.474,30.0,34.0,70.25,200.0,408047.4211,204826.5684,408738.9956,545760.4211,199609.3711,0,0.0
OAS30503,,,,,19.0,18.0,30.0,13.0,20.0,63.0,56.0,54.0,,,,,,72.474,30.0,34.0,70.0,201.0,,,,,,0,0.0
OAS30504,,,,,0.0,0.0,5.0,3.0,180.0,,,54.0,211836.0559,1851912.226,1029229.307,231219.067,53248.0,66.3014,16.0,34.0,58.0,154.0,437993.3858,226157.3299,469528.9212,595423.3858,238309.8542,2,1.0
OAS30504,,,,,0.0,0.0,1.0,1.0,180.0,180.0,,52.0,,,,,,66.3014,19.0,34.0,68.8,164.0,,,,,,2,1.0
OAS30504,,,,,0.0,0.0,,,180.0,,,36.0,,,,,,66.3014,6.0,34.0,68.0,167.0,,,,,,2,2.0
OAS30505,,,,,,,,,52.0,91.0,42.0,58.0,,,,,,67.8986,,33.0,,213.0,,,,,,1,0.5
OAS30505,,,,,,,22.0,,45.0,85.0,40.0,58.0,,,,,,67.8986,28.0,33.0,,232.0,,,,,,1,0.5
OAS30505,,,,,,,19.0,,48.0,91.0,36.0,59.0,,,,,,67.8986,29.0,33.0,,212.0,,,,,,1,0.5
OAS30505,,,,,,,17.0,,40.0,77.0,40.0,59.0,,,,,,67.8986,29.0,33.0,,224.0,,,,,,0,0.0
OAS30505,,,,,,,21.0,,37.0,100.0,37.0,58.0,,,,,,67.8986,29.0,33.0,,234.0,,,,,,0,0.0
OAS30505,,,,,,,21.0,,40.0,81.0,40.0,58.0,,,,,,67.8986,29.0,33.0,,228.0,,,,,,0,0.0
OAS30505,,,,,,,20.0,,35.0,88.0,45.0,58.0,232180.3813,1797599.458,1109723.567,277410.1719,170164.1072,67.8986,29.0,33.0,,228.0,464659.1134,232478.732,555711.5781,634823.2206,278301.4063,0,0.0
OAS30505,,,,,15.0,15.0,25.0,14.0,30.0,95.0,33.0,58.0,232180.3813,1797599.458,1109723.567,277410.1719,170164.1072,67.8986,29.0,33.0,67.0,201.0,464659.1134,232478.732,555711.5781,634823.2206,278301.4063,0,0.0
OAS30505,,,,,14.0,11.0,22.0,15.0,40.0,91.0,38.0,60.0,,,,,,67.8986,29.0,33.0,67.0,213.0,,,,,,0,0.0
OAS30505,,,,,14.0,13.0,16.0,8.0,39.0,105.0,36.0,60.0,230877.4095,1897052.35,1109948.329,256987.4164,59240.0,67.8986,30.0,33.0,66.0,221.0,465965.4785,235088.069,509447.8503,612061.4785,252460.4339,0,0.0
OAS30505,,,,,14.0,15.0,17.0,12.0,66.0,136.0,36.0,60.0,,,,,,67.8986,25.0,33.0,66.0,237.0,,,,,,0,0.0
OAS30505,,,,,15.0,14.0,23.0,9.0,46.0,180.0,34.0,60.0,,,,,,67.8986,28.0,33.0,66.0,231.0,,,,,,0,0.0
OAS30505,,,,,8.0,7.0,20.0,7.0,82.0,166.0,32.0,60.0,,,,,,67.8986,29.0,33.0,64.0,216.0,,,,,,0,0.0
OAS30505,,,,,6.0,0.0,18.0,8.0,49.0,134.0,30.0,56.0,,,,,,67.8986,29.0,33.0,65.5,214.0,,,,,,1,0.5
OAS30506,,,,,,,12.0,,39.0,180.0,31.0,50.0,,,,,,77.0137,25.0,33.0,,165.0,,,,,,1,0.5
OAS30506,,,,,,,11.0,,51.0,132.0,32.0,52.0,,,,,,77.0137,27.0,33.0,,168.0,,,,,,1,0.5
OAS30506,,,,,7.0,5.0,13.0,4.0,31.0,101.0,37.0,48.0,218624.4841,1563090.402,1006158.318,252969.75,167576.3932,77.0137,27.0,33.0,68.0,164.0,438895.8714,220271.3873,504351.1875,606472.2646,251381.4375,1,0.5
OAS30506,,,,,5.0,5.0,12.0,6.0,48.0,96.0,28.0,52.0,218624.4841,1563090.402,1006158.318,252969.75,167576.3932,77.0137,25.0,33.0,66.7,152.0,438895.8714,220271.3873,504351.1875,606472.2646,251381.4375,1,0.5
OAS30506,,,,,9.0,6.0,21.0,10.0,50.0,142.0,41.0,52.0,,,,,,77.0137,25.0,33.0,57.5,160.0,,,,,,1,0.5
OAS30506,,,,,9.0,8.0,25.0,10.0,42.0,94.0,37.0,46.0,223447.2441,1692737.485,1004929.375,234848.2524,49999.0,77.0137,28.0,33.0,67.0,153.0,446070.5285,222623.2844,464875.8465,591820.5285,230027.5941,1,0.5
OAS30506,,,,,4.0,6.0,19.0,5.0,43.0,145.0,40.0,50.0,223447.2441,1692737.485,1004929.375,234848.2524,49999.0,77.0137,26.0,33.0,67.0,154.0,446070.5285,222623.2844,464875.8465,591820.5285,230027.5941,1,0.5
OAS30506,,,,,8.0,7.0,23.0,7.0,36.0,131.0,34.0,48.0,,,,,,77.0137,29.0,33.0,67.1,167.0,,,,,,1,0.5
OAS30507,,,,,36.0,,23.0,,23.0,54.0,,,,,,,,55.5699,30.0,34.0,65.0,180.0,,,,,,0,0.0
OAS30507,,,,,36.0,,24.0,,24.0,52.0,,,,,,,,55.5699,30.0,34.0,64.5,157.0,,,,,,0,0.0
OAS30507,10.0,7.0,9.0,6.0,,,25.0,14.0,,,,,,,,,,55.5699,,34.0,,,,,,,,0,0.0
OAS30508,9.0,7.0,8.0,5.0,10.0,10.0,20.0,14.0,28.0,76.0,59.0,,206630.5038,1489383.413,921583.7613,216926.8579,51171.0,69.737,29.0,33.0,63.2,157.0,412411.8307,205781.3269,433334.9305,555447.8307,216408.0727,0,0.0
OAS30508,8.0,8.0,7.0,5.0,16.0,18.0,17.0,13.0,23.0,70.0,59.0,,206630.5038,1489383.413,921583.7613,216926.8579,51171.0,69.737,30.0,33.0,63.25,159.0,412411.8307,205781.3269,433334.9305,555447.8307,216408.0727,0,0.0
OAS30508,7.0,6.0,8.0,6.0,,,20.0,16.0,24.0,61.0,57.0,,,,,,,69.737,30.0,33.0,63.75,160.0,,,,,,0,0.0
OAS30508,7.0,6.0,5.0,4.0,,,20.0,17.0,20.0,82.0,69.0,,,,,,,69.737,30.0,33.0,63.0,149.0,,,,,,0,0.0
OAS30508,8.0,7.0,4.0,3.0,,,19.0,15.0,29.0,117.0,55.0,,,,,,,69.737,29.0,33.0,63.3,156.0,,,,,,0,0.0
OAS30509,,,,,16.0,13.0,17.0,16.0,28.0,70.0,54.0,56.0,201788.7225,1206689.035,865185.8086,199072.9026,51673.0,64.5699,30.0,34.0,9999.0,999.0,400726.1884,198937.466,397329.6201,536477.1884,198256.7175,0,0.0
OAS30509,,,,,14.0,12.0,25.0,12.0,26.0,69.0,58.0,60.0,,,,,,64.5699,30.0,34.0,63.0,132.0,,,,,,0,0.0
OAS30509,,,,,15.0,15.0,27.0,22.0,23.0,56.0,63.0,58.0,,,,,,64.5699,30.0,34.0,63.0,137.0,,,,,,0,0.0
OAS30509,,,,,17.0,15.0,23.0,15.0,19.0,68.0,62.0,60.0,,,,,,64.5699,30.0,34.0,62.0,138.0,,,,,,0,0.0
OAS30509,,,,,17.0,16.0,21.0,17.0,23.0,66.0,50.0,58.0,,,,,,64.5699,30.0,34.0,62.7,146.0,,,,,,0,0.0
OAS30510,,,,,6.0,1.0,12.0,10.0,71.0,180.0,19.0,44.0,,,,,,85.2493,26.0,33.0,66.0,186.0,,,,,,1,0.5
OAS30510,,,,,5.0,0.0,11.0,11.0,84.0,178.0,23.0,44.0,,,,,,85.2493,26.0,33.0,65.7,181.0,,,,,,1,0.5
OAS30510,,,,,0.0,0.0,10.0,8.0,120.0,180.0,6.0,40.0,181244.8469,1556387.947,800873.2584,171699.3659,42283.0,85.2493,22.0,33.0,65.0,170.0,356987.7416,175742.8948,358056.5167,481772.7416,186357.1509,2,1.0
OAS30512,,,,,26.0,,25.0,,13.0,39.0,,,256001.9283,1752162.133,1147479.444,272679.7621,62734.0,61.6795,29.0,33.0,67.0,158.0,516500.8238,260498.8955,547344.6199,697805.8238,274664.8578,0,0.0
OAS30512,,,,,30.0,,22.0,,14.0,54.0,,,,,,,,61.6795,30.0,33.0,,,,,,,,0,0.0
OAS30513,,,,,13.0,11.0,18.0,18.0,30.0,67.0,35.0,36.0,202446.6646,1431919.652,890124.9413,205153.225,54415.0,68.5205,30.0,33.0,61.0,139.0,406312.0018,203865.3371,413154.9395,562130.0018,208001.7145,0,0.0
OAS30514,,,,,17.0,14.0,21.0,15.0,19.0,72.0,74.0,54.0,177942.762,1128754.569,755592.4589,170085.8741,48691.0,64.3671,29.0,34.0,67.2,244.0,356761.2685,178818.5065,340013.1904,490018.2685,169927.3162,0,0.0
OAS30514,,,,,13.0,15.0,19.0,13.0,19.0,67.0,70.0,54.0,177942.762,1128754.569,755592.4589,170085.8741,48691.0,64.3671,30.0,34.0,67.0,246.0,356761.2685,178818.5065,340013.1904,490018.2685,169927.3162,0,0.0
OAS30514,,,,,16.0,14.0,23.0,20.0,22.0,60.0,70.0,60.0,,,,,,64.3671,30.0,34.0,66.0,228.0,,,,,,0,0.0
OAS30514,,,,,16.0,17.0,23.0,17.0,15.0,63.0,74.0,56.0,,,,,,64.3671,30.0,34.0,67.0,230.0,,,,,,0,0.0
OAS30514,,,,,14.0,14.0,19.0,17.0,17.0,57.0,58.0,56.0,173017.8187,1138355.311,739747.3114,168555.6261,45714.0,64.3671,29.0,34.0,67.0,250.0,345000.8737,171983.055,337999.4377,469693.8737,169443.8116,0,0.0
OAS30514,,,,,18.0,18.0,22.0,13.0,25.0,70.0,70.0,58.0,173017.8187,1138355.311,739747.3114,168555.6261,45714.0,64.3671,29.0,34.0,67.0,246.0,345000.8737,171983.055,337999.4377,469693.8737,169443.8116,0,0.0
OAS30515,11.0,8.0,13.0,8.0,14.0,12.0,13.0,9.0,23.0,48.0,34.0,,218849.2336,1767723.789,1058401.245,254363.3246,50019.0,76.8,29.0,34.0,71.0,132.0,441938.5277,223089.2941,506236.7177,577636.5277,251873.3932,1,0.5
OAS30515,11.0,8.0,9.0,6.0,,,11.0,8.0,29.0,79.0,38.0,,216466.2751,1762651.252,1054107.193,251481.737,48686.0,76.8,29.0,34.0,70.0,135.0,436799.2731,220332.9981,504466.92,569486.2731,252985.183,0,0.0
OAS30515,10.0,7.0,9.0,6.0,,,12.0,10.0,30.0,56.0,34.0,,216466.2751,1762651.252,1054107.193,251481.737,48686.0,76.8,30.0,34.0,70.5,151.0,436799.2731,220332.9981,504466.92,569486.2731,252985.183,1,0.5
OAS30515,10.0,8.0,10.0,7.0,,,14.0,6.0,33.0,62.0,34.0,,210945.3079,1797317.334,1048572.021,250098.7366,48793.0,76.8,30.0,34.0,70.1,141.7999268,429976.7967,219031.4888,500319.2242,573871.7967,250220.4876,1,0.5
OAS30515,6.0,5.0,9.0,6.0,,,6.0,6.0,,,,,210945.3079,1797317.334,1048572.021,250098.7366,48793.0,76.8,,34.0,,,429976.7967,219031.4888,500319.2242,573871.7967,250220.4876,1,0.5
OAS30516,,,,,,,29.0,,23.0,66.0,71.0,57.0,206730.7711,1436485.535,920938.9244,225656.8281,167047.1859,67.5342,29.0,34.0,,150.0,418480.0902,211749.3191,455685.9219,585527.2761,230029.0938,0,0.0
OAS30516,,,,,17.0,14.0,27.0,19.0,29.0,37.0,66.0,58.0,206730.7711,1436485.535,920938.9244,225656.8281,167047.1859,67.5342,30.0,34.0,62.0,144.0,418480.0902,211749.3191,455685.9219,585527.2761,230029.0938,0,0.0
OAS30516,,,,,16.0,16.0,27.0,18.0,18.0,60.0,72.0,58.0,,,,,,67.5342,28.0,34.0,61.5,141.0,,,,,,0,0.0
OAS30516,,,,,16.0,17.0,24.0,20.0,26.0,67.0,66.0,56.0,,,,,,67.5342,30.0,34.0,61.5,142.0,,,,,,0,0.0
OAS30516,,,,,18.0,13.0,28.0,20.0,39.0,41.0,74.0,58.0,203756.0429,1424810.692,911440.9635,209957.6083,55192.0,67.5342,30.0,34.0,61.5,146.0,412261.9543,208505.9114,418641.0092,555360.9543,208683.4009,0,0.0
OAS30516,,,,,17.0,18.0,20.0,20.0,27.0,68.0,70.0,58.0,203756.0429,1424810.692,911440.9635,209957.6083,55192.0,67.5342,27.0,34.0,61.5,147.0,412261.9543,208505.9114,418641.0092,555360.9543,208683.4009,0,0.0
OAS30516,,,,,16.0,13.0,25.0,16.0,21.0,59.0,77.0,60.0,,,,,,67.5342,29.0,34.0,61.0,151.0,,,,,,0,0.0
OAS30516,,,,,17.0,16.0,21.0,16.0,29.0,66.0,68.0,56.0,,,,,,67.5342,30.0,34.0,62.0,150.0,,,,,,0,0.0
OAS30516,,,,,16.0,16.0,19.0,20.0,25.0,41.0,73.0,58.0,196634.6753,1420619.257,875381.7975,195059.4313,52910.0,67.5342,29.0,34.0,61.5,149.0,396830.8985,200196.2232,393323.899,527226.8985,198264.4677,0,0.0
OAS30516,,,,,17.0,15.0,19.0,15.0,24.0,61.0,68.0,56.0,196634.6753,1420619.257,875381.7975,195059.4313,52910.0,67.5342,29.0,34.0,61.5,141.5,396830.8985,200196.2232,393323.899,527226.8985,198264.4677,0,0.0
OAS30516,9.0,7.0,7.0,6.0,,,22.0,19.0,22.0,68.0,65.0,,,,,,,67.5342,29.0,34.0,61.25,142.0,,,,,,0,0.0
OAS30516,8.0,7.0,9.0,7.0,,,20.0,16.0,22.0,111.0,63.0,,198986.672,1458044.301,886803.9956,197847.7713,53495.0,67.5342,30.0,34.0,61.25,148.0,397441.3887,198454.7167,399630.6069,536708.3887,201782.8355,0,0.0
OAS30516,8.0,7.0,9.0,6.0,,,18.0,15.0,20.0,74.0,63.0,,198986.672,1458044.301,886803.9956,197847.7713,53495.0,67.5342,30.0,34.0,61.0,141.0,397441.3887,198454.7167,399630.6069,536708.3887,201782.8355,0,0.0
OAS30517,,,,,10.0,10.0,21.0,15.0,36.0,67.0,45.0,60.0,208986.1584,1479645.652,885517.9751,188939.3431,48570.0,73.9726,26.0,33.0,72.0,192.0,417806.7602,208820.6018,375945.2149,554298.7602,187005.8718,0,0.0
OAS30517,,,,,14.0,14.0,17.0,10.0,26.0,54.0,48.0,60.0,208986.1584,1479645.652,885517.9751,188939.3431,48570.0,73.9726,30.0,33.0,71.5,186.0,417806.7602,208820.6018,375945.2149,554298.7602,187005.8718,0,0.0
OAS30517,,,,,14.0,14.0,21.0,11.0,24.0,72.0,47.0,60.0,,,,,,73.9726,26.0,33.0,71.0,187.0,,,,,,0,0.0
OAS30517,,,,,13.0,17.0,22.0,9.0,31.0,69.0,49.0,60.0,,,,,,73.9726,29.0,33.0,71.5,185.5999756,,,,,,0,0.0
OAS30517,,,,,12.0,9.0,16.0,16.0,32.0,75.0,56.0,60.0,,,,,,73.9726,28.0,33.0,71.5,188.0,,,,,,0,0.0
OAS30517,,,,,15.0,15.0,14.0,14.0,37.0,133.0,43.0,60.0,,,,,,73.9726,29.0,33.0,71.7,184.0,,,,,,0,0.0
OAS30517,9.0,7.0,6.0,4.0,,,13.0,13.0,40.0,101.0,39.0,,,,,,,73.9726,30.0,33.0,71.0,183.0,,,,,,0,0.0
OAS30517,8.0,7.0,6.0,4.0,,,16.0,12.0,52.0,68.0,37.0,,,,,,,73.9726,28.0,33.0,71.25,175.0,,,,,,0,0.0
OAS30517,9.0,7.0,2.0,2.0,,,20.0,12.0,41.0,153.0,38.0,,,,,,,73.9726,29.0,33.0,71.0,177.0,,,,,,0,0.0
OAS30518,,,,,12.0,11.0,5.0,6.0,159.0,180.0,18.0,50.0,,,,,,64.589,29.0,33.0,70.0,207.0,,,,,,1,0.5
OAS30518,5.0,5.0,0.0,0.0,,,3.0,1.0,180.0,180.0,,,,,,,,64.589,24.0,33.0,70.0,157.0,,,,,,2,2.0
OAS30521,,,,,7.0,0.0,20.0,19.0,63.0,155.0,25.0,58.0,156905.0507,1388948.296,726271.1995,162635.416,42911.0,70.0658,26.0,34.0,62.0,136.0,308419.2255,151514.1748,323801.974,435113.2255,161166.558,1,0.5
OAS30521,,,,,1.0,0.0,17.0,15.0,51.0,180.0,16.0,56.0,156905.0507,1388948.296,726271.1995,162635.416,42911.0,70.0658,26.0,34.0,62.0,156.0,308419.2255,151514.1748,323801.974,435113.2255,161166.558,1,0.5
OAS30521,,,,,3.0,0.0,17.0,9.0,58.0,180.0,2.0,50.0,,,,,,70.0658,24.0,34.0,62.0,164.0,,,,,,1,0.5
OAS30521,,,,,3.0,0.0,13.0,7.0,87.0,180.0,2.0,38.0,,,,,,70.0658,19.0,34.0,61.7,170.0,,,,,,2,1.0
OAS30522,,,,,0.0,0.0,9.0,6.0,73.0,180.0,27.0,24.0,165503.5627,1423503.67,786263.7045,193110.2965,43217.0,84.1616,23.0,33.0,61.75,170.0,317704.6859,152201.1233,385361.0185,449001.6859,192250.722,1,0.5
OAS30522,,,,,0.0,0.0,8.0,7.0,180.0,,29.0,22.0,165503.5627,1423503.67,786263.7045,193110.2965,43217.0,84.1616,23.0,33.0,62.0,180.0,317704.6859,152201.1233,385361.0185,449001.6859,192250.722,2,1.0
OAS30523,,,,,36.0,,20.0,,17.0,41.0,,,196033.419,1190266.613,873409.7676,204261.0131,55223.0,51.6986,30.0,33.0,64.0,188.0,392742.1702,196708.7511,405371.5975,535930.1702,201110.5844,0,0.0
OAS30524,,,,,17.0,11.0,20.0,9.0,25.0,56.0,66.0,56.0,203324.8459,1357459.209,881388.753,193484.5578,51935.0,69.5205,29.0,33.0,64.0,173.0,409651.1329,206326.287,389916.6202,539591.1329,196432.0624,0,0.0
OAS30525,,,,,,,21.0,,32.0,49.0,69.0,56.0,,,,,,77.326,30.0,33.0,,165.0,,,,,,0,0.0
OAS30525,,,,,19.0,20.0,22.0,16.0,20.0,43.0,68.0,56.0,217308.2473,1525070.505,930061.5301,206713.074,51821.0,77.326,29.0,33.0,66.0,169.0,436231.7316,218923.4843,411850.7985,573567.7316,205137.7245,0,0.0
OAS30525,,,,,12.0,13.0,19.0,12.0,23.0,67.0,66.0,58.0,,,,,,77.326,30.0,33.0,67.0,167.0,,,,,,0,0.0
OAS30525,,,,,18.0,18.0,24.0,14.0,21.0,45.0,70.0,58.0,215360.2692,1517224.071,914123.7691,201415.913,51002.0,77.326,30.0,33.0,66.5,159.0,429631.2007,214270.9315,401128.5684,566125.2007,199712.6553,0,0.0
OAS30525,,,,,18.0,18.0,23.0,12.0,23.0,56.0,68.0,58.0,,,,,,77.326,30.0,33.0,67.0,134.0,,,,,,0,0.0
OAS30525,,,,,18.0,18.0,17.0,14.0,34.0,52.0,66.0,58.0,206630.2686,1468629.403,900827.1766,201369.2959,50691.0,77.326,30.0,33.0,66.0,138.0,412989.816,206359.5474,400286.3606,547124.816,198917.0647,0,0.0
OAS30525,,,,,17.0,19.0,24.0,11.0,30.0,42.0,68.0,58.0,206630.2686,1468629.403,900827.1766,201369.2959,50691.0,77.326,30.0,33.0,66.3,143.0,412989.816,206359.5474,400286.3606,547124.816,198917.0647,0,0.0
OAS30525,,,,,19.0,19.0,19.0,11.0,24.0,55.0,68.0,58.0,206630.2686,1468629.403,900827.1766,201369.2959,50691.0,77.326,30.0,33.0,66.0,149.0,412989.816,206359.5474,400286.3606,547124.816,198917.0647,0,0.0
OAS30525,9.0,7.0,9.0,6.0,,,19.0,11.0,22.0,49.0,59.0,,,,,,,77.326,29.0,33.0,66.0,141.0,,,,,,0,0.0
OAS30525,10.0,7.0,4.0,3.0,,,17.0,8.0,23.0,52.0,72.0,,,,,,,77.326,30.0,33.0,66.25,139.0,,,,,,0,0.0
OAS30525,10.0,8.0,6.0,5.0,,,12.0,10.0,24.0,56.0,61.0,,,,,,,77.326,29.0,33.0,66.25,126.0,,,,,,0,0.0
OAS30525,9.0,7.0,8.0,7.0,,,19.0,14.0,,,,,,,,,,77.326,,33.0,,,,,,,,0,0.0
OAS30527,8.0,6.0,4.0,3.0,9.0,5.0,17.0,13.0,35.0,149.0,31.0,,202320.4528,1448312.467,908455.1072,211904.4928,48976.0,74.2959,26.0,33.0,66.5,193.5,399289.1339,196968.6812,426785.9733,529521.1339,214881.4805,1,0.5
OAS30528,,,,,13.0,15.0,20.0,10.0,53.0,146.0,34.0,48.0,186916.3239,1360635.829,860198.2227,201383.3865,48071.0,64.9151,29.0,23.0,63.0,198.0,372252.3025,185335.9786,404439.9202,503125.3025,203056.5337,0,0.0
OAS30528,,,,,15.0,16.0,16.0,11.0,48.0,180.0,34.0,54.0,,,,,,64.9151,27.0,23.0,63.0,196.0,,,,,,0,0.0
OAS30528,,,,,11.0,11.0,17.0,13.0,60.0,180.0,26.0,48.0,,,,,,64.9151,30.0,23.0,62.7,199.0,,,,,,0,0.0
OAS30528,,,,,17.0,15.0,15.0,14.0,48.0,156.0,29.0,54.0,,,,,,64.9151,27.0,23.0,63.5,194.0,,,,,,1,0.5
OAS30528,,,,,16.0,14.0,11.0,12.0,53.0,155.0,26.0,56.0,,,,,,64.9151,29.0,23.0,63.5,197.0,,,,,,1,0.5
OAS30528,3.0,4.0,4.0,3.0,,,18.0,13.0,46.0,138.0,22.0,,,,,,,64.9151,27.0,23.0,63.5,194.5,,,,,,0,0.0
OAS30528,4.0,4.0,4.0,4.0,,,9.0,10.0,65.0,180.0,21.0,,,,,,,64.9151,27.0,23.0,62.5,196.3999023,,,,,,0,0.0
OAS30528,5.0,5.0,2.0,2.0,,,14.0,16.0,88.0,180.0,24.0,,,,,,,64.9151,27.0,23.0,63.75,198.0,,,,,,0,0.0
OAS30529,,,,,16.0,17.0,16.0,20.0,41.0,124.0,39.0,56.0,194970.2602,1259041.866,853977.32,194094.9681,51339.0,70.8384,30.0,34.0,63.0,154.0,390911.0514,195940.7913,390142.2686,531455.0514,196047.3004,0,0.0
OAS30529,,,,,14.0,14.0,21.0,18.0,51.0,74.0,44.0,54.0,194970.2602,1259041.866,853977.32,194094.9681,51339.0,70.8384,29.0,34.0,62.0,148.0,390911.0514,195940.7913,390142.2686,531455.0514,196047.3004,0,0.0
OAS30529,,,,,13.0,9.0,17.0,15.0,46.0,69.0,56.0,54.0,,,,,,70.8384,29.0,34.0,62.0,154.0,,,,,,0,0.0
OAS30529,,,,,16.0,17.0,17.0,14.0,49.0,74.0,46.0,56.0,,,,,,70.8384,29.0,34.0,62.0,144.0,,,,,,0,0.0
OAS30529,,,,,16.0,20.0,20.0,20.0,48.0,75.0,51.0,54.0,,,,,,70.8384,29.0,34.0,62.0,139.5,,,,,,0,0.0
OAS30529,,,,,14.0,12.0,21.0,19.0,45.0,80.0,44.0,58.0,,,,,,70.8384,30.0,34.0,62.0,133.0,,,,,,0,0.0
OAS30529,10.0,8.0,6.0,4.0,,,21.0,12.0,59.0,71.0,40.0,,,,,,,70.8384,29.0,34.0,62.0,138.0,,,,,,0,0.0
OAS30529,10.0,7.0,6.0,4.0,,,19.0,16.0,44.0,113.0,43.0,,,,,,,70.8384,30.0,34.0,62.0,131.7999268,,,,,,0,0.0
OAS30529,8.0,7.0,4.0,3.0,,,10.0,8.0,,,,,,,,,,70.8384,,34.0,,,,,,,,0,0.0
OAS30530,,,,,,,22.0,,25.0,125.0,65.0,55.0,178909.5664,1320633.15,819682.6763,197149.8125,165988.8485,66.9671,29.0,34.0,,112.0,363335.3004,184425.734,395984.8281,529324.1489,198835.0156,1,0.5
OAS30530,,,,,1.0,0.0,17.0,10.0,28.0,69.0,58.0,54.0,225744.7693,1720693.856,1042121.387,249608.0938,208749.1691,66.9671,25.0,34.0,59.0,107.0,454131.2744,228386.5051,498595.5938,662880.4435,248987.5,1,0.5
OAS30531,,,,,36.0,,24.0,,24.0,30.0,,,200297.2124,1255326.747,860678.0028,192016.4481,52780.0,52.1315,30.0,33.0,67.0,161.0,402574.0245,202276.8121,385574.9783,556111.0245,193558.5303,0,0.0
OAS30531,,,,,33.0,,23.0,,31.0,36.0,,,200787.6329,1261238.602,855182.1193,189802.6839,52600.0,52.1315,30.0,33.0,67.5,167.0,402307.5022,201519.8692,379963.6171,556484.5022,190160.9332,0,0.0
OAS30531,,,,,24.0,,21.0,,32.0,38.0,,,,,,,,52.1315,30.0,33.0,66.5,159.0,,,,,,0,0.0
OAS30532,,,,,13.0,10.0,17.0,12.0,76.0,180.0,38.0,28.0,158935.8508,1061029.276,704878.4653,160664.4084,45592.0,75.7562,30.0,44.0,59.4,201.0,318555.5162,159619.6655,320291.9491,435132.5162,159627.5407,0,0.0
OAS30532,,,,,12.0,10.0,9.0,14.0,78.0,180.0,33.0,28.0,,,,,,75.7562,26.0,44.0,60.0,187.0,,,,,,0,0.0
OAS30532,,,,,10.0,11.0,13.0,13.0,67.0,180.0,34.0,26.0,,,,,,75.7562,29.0,44.0,59.0,187.0,,,,,,0,0.0
OAS30532,,,,,13.0,9.0,11.0,6.0,101.0,180.0,36.0,26.0,,,,,,75.7562,23.0,44.0,59.0,172.0,,,,,,1,0.5
OAS30532,,,,,12.0,11.0,10.0,13.0,80.0,180.0,18.0,26.0,,,,,,75.7562,22.0,44.0,58.75,166.0,,,,,,1,0.5
OAS30533,,,,,5.0,0.0,12.0,8.0,69.0,180.0,,48.0,,,,,,77.2877,19.0,34.0,65.0,186.0,,,,,,2,1.0
OAS30533,,,,,5.0,2.0,10.0,8.0,96.0,180.0,8.0,46.0,,,,,,77.2877,20.0,34.0,65.0,184.0,,,,,,2,1.0
OAS30533,,,,,1.0,2.0,9.0,4.0,110.0,180.0,1.0,28.0,,,,,,77.2877,15.0,34.0,65.0,182.0,,,,,,2,1.0
OAS30534,,,,,36.0,,19.0,,26.0,75.0,,,,,,,,66.4932,30.0,33.0,74.0,211.0,,,,,,0,0.0
OAS30534,,,,,18.0,19.0,17.0,14.0,28.0,63.0,50.0,60.0,258344.0191,1862565.423,1204184.311,293171.2427,69357.0,66.4932,30.0,33.0,73.5,206.0,523512.2734,265168.2543,587695.0377,698078.2734,294523.795,0,0.0
OAS30534,,,,,17.0,15.0,26.0,12.0,28.0,59.0,52.0,60.0,262033.7259,1863692.917,1207278.822,291586.3654,67237.0,66.4932,30.0,33.0,73.0,206.0,527687.0806,265653.3547,586286.7413,699965.0806,294700.3758,0,0.0
OAS30534,,,,,17.0,16.0,23.0,14.0,24.0,75.0,52.0,60.0,262033.7259,1863692.917,1207278.822,291586.3654,67237.0,66.4932,30.0,33.0,73.0,208.0,527687.0806,265653.3547,586286.7413,699965.0806,294700.3758,0,0.0
OAS30534,,,,,16.0,15.0,25.0,13.0,41.0,59.0,54.0,58.0,,,,,,66.4932,30.0,33.0,73.0,211.0,,,,,,0,0.0
OAS30534,,,,,20.0,18.0,25.0,11.0,30.0,60.0,51.0,60.0,257494.2405,1849311.469,1183286.803,281345.4664,66884.0,66.4932,30.0,33.0,73.0,203.0,521200.876,263706.6354,566119.9267,692793.876,284774.4603,0,0.0
OAS30534,,,,,16.0,17.0,24.0,16.0,24.0,56.0,56.0,60.0,257494.2405,1849311.469,1183286.803,281345.4664,66884.0,66.4932,30.0,33.0,73.0,208.0,521200.876,263706.6354,566119.9267,692793.876,284774.4603,0,0.0
OAS30534,,,,,15.0,18.0,26.0,14.0,30.0,57.0,65.0,58.0,,,,,,66.4932,30.0,33.0,72.7,209.0,,,,,,0,0.0
OAS30534,,,,,16.0,15.0,33.0,13.0,23.0,55.0,57.0,60.0,,,,,,66.4932,29.0,33.0,72.0,196.0,,,,,,0,0.0
OAS30534,,,,,16.0,15.0,27.0,14.0,24.0,63.0,56.0,60.0,242611.8506,1787763.075,1156282.254,281119.3042,65041.0,66.4932,30.0,33.0,72.3,200.0,487443.8607,244832.0102,569912.3929,645924.8607,288793.0887,0,0.0
OAS30534,,,,,19.0,17.0,19.0,13.0,28.0,52.0,50.0,56.0,242611.8506,1787763.075,1156282.254,281119.3042,65041.0,66.4932,30.0,33.0,72.5,200.0,487443.8607,244832.0102,569912.3929,645924.8607,288793.0887,0,0.0
OAS30534,,,,,,,24.0,13.0,,,,,,,,,,66.4932,28.0,33.0,72.0,202.0,,,,,,0,0.0
OAS30534,8.0,6.0,4.0,3.0,,,25.0,13.0,30.0,57.0,58.0,,,,,,,66.4932,30.0,33.0,72.0,204.0,,,,,,0,0.0
OAS30535,,,,,25.0,,18.0,,28.0,65.0,,,187147.4665,1225290.935,814323.1282,172049.6217,46890.0,52.2712,29.0,33.0,63.0,116.0,382528.2282,195380.7616,360760.9001,516694.2282,188711.2784,0,0.0
OAS30535,,,,,32.0,,13.0,,31.0,76.0,,,177354.6113,1288219.886,786031.9144,172311.8474,44674.0,52.2712,30.0,33.0,62.0,108.5,358252.6942,180898.0829,355977.2202,485397.6942,183665.3729,0,0.0
OAS30536,,,,,,,25.0,,61.0,110.0,40.0,53.0,,,,,,84.5288,28.0,34.0,,113.0,,,,,,1,0.5
OAS30536,,,,,,,22.0,,38.0,118.0,41.0,45.0,,,,,,84.5288,30.0,34.0,,115.0,,,,,,0,0.0
OAS30536,,,,,,,19.0,,84.0,112.0,34.0,52.0,,,,,,84.5288,30.0,34.0,,110.0,,,,,,0,0.0
OAS30536,,,,,,,24.0,,42.0,123.0,36.0,48.0,,,,,,84.5288,28.0,34.0,,110.0,,,,,,0,0.0
OAS30536,,,,,15.0,11.0,29.0,15.0,46.0,113.0,38.0,44.0,,,,,,84.5288,29.0,34.0,60.0,112.0,,,,,,0,0.0
OAS30536,,,,,14.0,11.0,30.0,12.0,50.0,104.0,35.0,56.0,189643.0111,1609601.485,879955.4704,195963.4998,48479.0,84.5288,29.0,34.0,59.0,100.0,384172.8424,194529.8313,396912.628,510272.8424,200949.1282,0,0.0
OAS30536,,,,,16.0,16.0,29.0,14.0,46.0,180.0,34.0,42.0,189643.0111,1609601.485,879955.4704,195963.4998,48479.0,84.5288,28.0,34.0,59.0,100.0,384172.8424,194529.8313,396912.628,510272.8424,200949.1282,1,0.5
OAS30536,,,,,14.0,10.0,25.0,15.0,58.0,114.0,32.0,42.0,,,,,,84.5288,27.0,34.0,59.0,93.0,,,,,,1,0.5
OAS30537,,,,,17.0,16.0,24.0,22.0,22.0,65.0,49.0,56.0,221166.2353,1360631.411,963525.4583,228386.6822,54135.0,65.7644,30.0,34.0,64.5,134.0,443496.4416,222330.2064,455211.0167,590260.4416,226824.3345,0,0.0
OAS30537,,,,,20.0,21.0,18.0,24.0,21.0,45.0,57.0,52.0,221166.2353,1360631.411,963525.4583,228386.6822,54135.0,65.7644,30.0,34.0,64.3,114.0,443496.4416,222330.2064,455211.0167,590260.4416,226824.3345,0,0.0
OAS30537,,,,,18.0,20.0,25.0,22.0,20.0,59.0,60.0,58.0,,,,,,65.7644,29.0,34.0,64.0,118.0,,,,,,0,0.0
OAS30537,,,,,18.0,18.0,21.0,20.0,18.0,49.0,56.0,58.0,220418.9867,1380896.124,941963.6898,216046.7791,52354.0,65.7644,30.0,34.0,63.0,106.0,442127.0079,221708.0211,434294.6819,584352.0079,218247.9028,0,0.0
OAS30537,,,,,22.0,19.0,25.0,23.0,24.0,53.0,56.0,54.0,220418.9867,1380896.124,941963.6898,216046.7791,52354.0,65.7644,30.0,34.0,63.0,107.0,442127.0079,221708.0211,434294.6819,584352.0079,218247.9028,0,0.0
OAS30537,,,,,19.0,20.0,24.0,19.0,20.0,41.0,60.0,56.0,214046.5346,1397019.324,928933.8979,216692.4779,51687.0,65.7644,30.0,34.0,64.0,108.0,430668.8294,216622.2948,431539.0685,570807.8294,214846.5906,0,0.0
OAS30537,,,,,22.0,21.0,29.0,18.0,24.0,55.0,56.0,56.0,,,,,,65.7644,30.0,34.0,63.5,109.0,,,,,,0,0.0
OAS30537,11.0,8.0,10.0,8.0,,,30.0,19.0,36.0,41.0,52.0,,191557.9063,1432213.057,874051.0204,213416.7835,50246.0,65.7644,30.0,34.0,63.3,108.0,383223.7879,191665.8817,423390.2325,518680.7879,209973.449,0,0.0
OAS30537,10.0,7.0,11.0,8.0,,,24.0,18.0,20.0,53.0,55.0,,191557.9063,1432213.057,874051.0204,213416.7835,50246.0,65.7644,30.0,34.0,63.75,111.0,383223.7879,191665.8817,423390.2325,518680.7879,209973.449,0,0.0
OAS30537,12.0,8.0,11.0,8.0,,,23.0,20.0,26.0,51.0,54.0,,,,,,,65.7644,29.0,34.0,63.3,110.0,,,,,,0,0.0
OAS30537,12.0,8.0,8.0,6.0,,,28.0,16.0,20.0,68.0,45.0,,,,,,,65.7644,29.0,34.0,63.0,105.3999634,,,,,,0,0.0
OAS30538,,,,,17.0,18.0,22.0,17.0,29.0,88.0,43.0,54.0,218129.9035,1544102.641,989993.1075,236465.6931,59307.0,71.0959,29.0,33.0,62.3,139.0,435038.6351,216908.7316,473485.4724,589641.6351,237019.7794,0,0.0
OAS30538,,,,,17.0,14.0,27.0,15.0,38.0,133.0,41.0,54.0,218129.9035,1544102.641,989993.1075,236465.6931,59307.0,71.0959,30.0,33.0,61.5,132.0,435038.6351,216908.7316,473485.4724,589641.6351,237019.7794,0,0.0
OAS30538,4.0,4.0,6.0,4.0,,,15.0,16.0,45.0,92.0,43.0,,,,,,,71.0959,30.0,33.0,63.5,132.0,,,,,,0,0.0
OAS30538,7.0,6.0,5.0,4.0,,,20.0,15.0,25.0,104.0,43.0,,,,,,,71.0959,29.0,33.0,62.25,134.0,,,,,,0,0.0
OAS30538,8.0,7.0,6.0,5.0,,,20.0,10.0,,,,,,,,,,71.0959,,33.0,,,,,,,,0,0.0
OAS30539,,,,,,,15.0,,38.0,124.0,34.0,41.0,153065.7866,1187120.438,707064.7303,176547.9219,148349.027,81.5315,26.0,34.0,,148.0,307928.8433,154863.0567,350368.5938,456277.8703,173820.6719,1,0.5
OAS30539,,,,,10.0,2.0,16.0,18.0,38.0,80.0,40.0,34.0,152284.4703,1173820.435,696561.4751,171650.7031,139322.4208,81.5315,27.0,34.0,67.5,151.0,302578.895,150294.4248,342405.625,441901.3159,170754.9219,1,0.5
OAS30539,,,,,5.0,3.0,15.0,14.0,35.0,96.0,36.0,34.0,,,,,,81.5315,26.0,34.0,68.0,146.0,,,,,,1,0.5
OAS30539,,,,,6.0,0.0,13.0,13.0,58.0,177.0,29.0,20.0,,,,,,81.5315,25.0,34.0,68.0,135.0,,,,,,1,0.5
OAS30541,,,,,3.0,3.0,13.0,9.0,50.0,121.0,26.0,54.0,181627.9159,1401052.037,838983.7977,190529.5707,45576.0,73.5397,29.0,34.0,70.0,216.0,368546.7157,186918.7998,384881.0821,508018.7157,194351.5113,1,0.5
OAS30541,,,,,4.0,3.0,11.0,9.0,35.0,109.0,29.0,52.0,181627.9159,1401052.037,838983.7977,190529.5707,45576.0,73.5397,25.0,34.0,69.0,223.0,368546.7157,186918.7998,384881.0821,508018.7157,194351.5113,1,0.5
OAS30541,,,,,2.0,0.0,3.0,8.0,45.0,180.0,32.0,50.0,,,,,,73.5397,19.0,34.0,69.0,229.0,,,,,,2,1.0
OAS30541,,,,,5.0,0.0,5.0,4.0,36.0,180.0,31.0,44.0,180400.9847,1382589.097,814284.1279,175936.9802,42335.0,73.5397,21.0,34.0,69.0,224.0,360510.6493,180109.6646,352914.4786,486916.6493,176977.4984,2,1.0
OAS30541,8.0,7.0,3.0,3.0,,,7.0,9.0,52.0,169.0,30.0,,180400.9847,1382589.097,814284.1279,175936.9802,42335.0,73.5397,21.0,34.0,68.5,231.0,360510.6493,180109.6646,352914.4786,486916.6493,176977.4984,2,1.0
OAS30541,9.0,7.0,0.0,0.0,,,3.0,,51.0,180.0,30.0,,,,,,,73.5397,16.0,34.0,69.0,225.0,,,,,,2,1.0
OAS30542,,,,,14.0,9.0,20.0,14.0,27.0,85.0,49.0,60.0,,,,,,72.4329,29.0,23.0,70.0,239.0,,,,,,0,0.0
OAS30542,,,,,10.0,8.0,23.0,14.0,23.0,63.0,51.0,58.0,225695.8831,1683915.964,978425.6853,204690.6549,54152.0,72.4329,29.0,23.0,70.0,243.0,457487.0102,231791.1271,415869.6751,604572.0102,211179.0202,0,0.0
OAS30542,,,,,11.0,8.0,29.0,14.0,48.0,83.0,49.0,56.0,,,,,,72.4329,30.0,23.0,70.0,262.0,,,,,,0,0.0
OAS30542,,,,,15.0,11.0,24.0,14.0,44.0,76.0,45.0,58.0,,,,,,72.4329,30.0,23.0,70.0,235.0,,,,,,0,0.0
OAS30542,8.0,6.0,6.0,5.0,,,22.0,10.0,37.0,91.0,43.0,,,,,,,72.4329,25.0,23.0,69.0,236.0,,,,,,0,0.0
OAS30543,,,,,14.0,14.0,15.0,8.0,64.0,125.0,39.0,60.0,195336.5297,1599807.495,980702.7256,237203.6244,51833.0,85.6904,27.0,33.0,63.3,156.0,395139.1724,199802.6427,475312.5532,544619.1724,238108.9288,0,0.0
OAS30544,,,,,1.0,0.0,13.0,9.0,58.0,180.0,32.0,54.0,,,,,,88.2603,25.0,34.0,67.0,136.0,,,,,,2,1.0
OAS30546,,,,,20.0,19.0,21.0,21.0,29.0,80.0,53.0,56.0,,,,,,74.126,27.0,23.0,68.0,131.5,,,,,,0,0.0
OAS30546,,,,,13.0,10.0,23.0,15.0,26.0,62.0,48.0,56.0,176874.8279,1203672.112,728456.8783,150457.6585,44107.0,74.126,30.0,23.0,67.5,130.0,356462.5685,179587.7406,302569.3097,494206.5685,152111.6512,0,0.0
OAS30546,,,,,15.0,15.0,22.0,17.0,26.0,71.0,54.0,52.0,176874.8279,1203672.112,728456.8783,150457.6585,44107.0,74.126,30.0,23.0,67.75,130.0,356462.5685,179587.7406,302569.3097,494206.5685,152111.6512,0,0.0
OAS30546,12.0,9.0,10.0,6.0,,,21.0,14.0,44.0,64.0,46.0,,,,,,,74.126,29.0,23.0,67.75,125.0,,,,,,0,0.0
OAS30546,10.0,7.0,10.0,6.0,,,19.0,14.0,35.0,66.0,43.0,,,,,,,74.126,30.0,23.0,68.5,132.5999756,,,,,,0,0.0
OAS30546,13.0,9.0,10.0,6.0,,,24.0,16.0,33.0,55.0,37.0,,,,,,,74.126,30.0,23.0,67.3,129.0,,,,,,0,0.0
OAS30547,,,,,19.0,18.0,25.0,22.0,42.0,86.0,72.0,58.0,,,,,,75.4877,30.0,33.0,62.3,154.0,,,,,,0,0.0
OAS30547,,,,,17.0,16.0,26.0,19.0,44.0,85.0,80.0,60.0,204452.4136,1269342.71,861278.8985,194406.8998,51702.0,75.4877,29.0,33.0,63.0,156.0,404725.4236,200273.01,389104.4749,546374.4236,194697.5751,0,0.0
OAS30547,,,,,18.0,18.0,22.0,24.0,23.0,65.0,88.0,58.0,,,,,,75.4877,30.0,33.0,62.0,152.0,,,,,,0,0.0
OAS30547,,,,,18.0,16.0,26.0,28.0,29.0,67.0,92.0,58.0,,,,,,75.4877,29.0,33.0,63.0,146.0,,,,,,0,0.0
OAS30547,,,,,20.0,19.0,24.0,23.0,31.0,89.0,80.0,58.0,,,,,,75.4877,30.0,33.0,62.25,148.5,,,,,,0,0.0
OAS30547,10.0,8.0,10.0,6.0,,,28.0,19.0,,,,,,,,,,75.4877,,33.0,,,,,,,,0,0.0
OAS30548,,,,,2.0,0.0,8.0,4.0,44.0,173.0,37.0,50.0,219222.0118,1753777.194,969906.1603,217228.0918,51571.0,74.6438,23.0,34.0,73.5,260.0,425815.1432,206593.1314,435912.017,571977.1432,218683.9252,2,1.0
OAS30548,8.0,6.0,3.0,3.0,,,4.0,1.0,67.0,180.0,22.0,,,,,,,74.6438,15.0,34.0,73.0,268.0,,,,,,2,2.0
OAS30549,,,,,,,12.0,,51.0,90.0,27.0,54.0,,,,,,76.4384,27.0,33.0,,200.0,,,,,,1,0.5
OAS30549,,,,,6.0,0.0,12.0,7.0,33.0,169.0,32.0,52.0,,,,,,76.4384,26.0,33.0,71.0,209.0,,,,,,1,0.5
OAS30549,,,,,4.0,0.0,12.0,4.0,47.0,83.0,32.0,42.0,,,,,,76.4384,25.0,33.0,70.5,203.0,,,,,,1,0.5
OAS30549,,,,,2.0,0.0,6.0,1.0,33.0,118.0,26.0,42.0,200929.5206,1901505.491,1053732.984,242339.5918,53764.0,76.4384,24.0,33.0,71.0,185.0,421937.0131,221007.4924,482873.9711,568705.0131,240534.3793,1,0.5
OAS30550,,,,,7.0,8.0,16.0,14.0,19.0,78.0,57.0,58.0,228749.6562,1671414.84,1013233.846,227867.472,58875.0,66.2,28.0,34.0,73.5,182.0,458298.2875,229548.6313,454500.5586,617793.2875,226633.0865,0,0.0
OAS30551,,,,,11.0,8.0,16.0,18.0,20.0,56.0,63.0,52.0,200390.8068,1343699.413,909187.8066,212335.9283,48915.0,64.7096,29.0,33.0,62.5,155.0,398808.406,198417.5992,424595.4006,536971.406,212259.4724,0,0.0
OAS30552,,,,,17.0,11.0,18.0,16.0,26.0,69.0,46.0,54.0,240624.4135,1832116.819,1055908.125,230814.9129,54711.0,73.0877,28.0,33.0,66.0,173.0,482153.5947,241529.1813,461025.5307,644989.5947,230210.6178,0,0.0
OAS30552,,,,,19.0,14.0,18.0,12.0,23.0,73.0,50.0,60.0,240624.4135,1832116.819,1055908.125,230814.9129,54711.0,73.0877,30.0,33.0,66.0,172.0,482153.5947,241529.1813,461025.5307,644989.5947,230210.6178,0,0.0
OAS30552,,,,,16.0,10.0,18.0,15.0,32.0,62.0,44.0,58.0,238520.3482,1838294.699,1047678.687,225445.9945,55043.0,73.0877,30.0,33.0,66.7,181.0,478386.1914,239865.8432,449781.4958,639064.1914,224335.5013,0,0.0
OAS30552,,,,,12.0,10.0,22.0,17.0,22.0,68.0,50.0,54.0,238520.3482,1838294.699,1047678.687,225445.9945,55043.0,73.0877,29.0,33.0,66.0,176.0,478386.1914,239865.8432,449781.4958,639064.1914,224335.5013,0,0.0
OAS30552,,,,,15.0,14.0,14.0,13.0,30.0,80.0,49.0,52.0,,,,,,73.0877,29.0,33.0,66.0,169.0,,,,,,0,0.0
OAS30552,,,,,13.0,11.0,24.0,17.0,29.0,67.0,38.0,50.0,,,,,,73.0877,30.0,33.0,65.5,176.0,,,,,,0,0.0
OAS30553,,,,,8.0,3.0,12.0,10.0,24.0,105.0,38.0,52.0,208126.0765,1630798.187,944851.7688,216764.4411,51693.0,66.9589,29.0,33.0,67.5,197.0,416606.9522,208480.8756,423605.8167,549145.9522,206841.3756,1,0.5
OAS30553,,,,,7.0,4.0,10.0,6.0,28.0,96.0,42.0,54.0,208126.0765,1630798.187,944851.7688,216764.4411,51693.0,66.9589,27.0,33.0,67.0,199.0,416606.9522,208480.8756,423605.8167,549145.9522,206841.3756,0,0.0
OAS30553,,,,,8.0,5.0,7.0,6.0,35.0,92.0,39.0,56.0,206539.1305,1640386.317,939503.102,208132.7614,50439.0,66.9589,30.0,33.0,67.0,191.0,413300.6075,206761.477,416386.4945,543761.6075,208253.7331,1,0.5
OAS30553,,,,,8.0,6.0,8.0,7.0,30.0,97.0,38.0,46.0,206539.1305,1640386.317,939503.102,208132.7614,50439.0,66.9589,25.0,33.0,66.5,190.0,413300.6075,206761.477,416386.4945,543761.6075,208253.7331,1,0.5
OAS30553,,,,,8.0,6.0,11.0,7.0,40.0,73.0,40.0,52.0,,,,,,66.9589,28.0,33.0,67.0,196.0,,,,,,0,0.0
OAS30553,,,,,3.0,6.0,8.0,7.0,35.0,77.0,39.0,54.0,,,,,,66.9589,28.0,33.0,67.0,200.0,,,,,,1,0.5
OAS30553,,,,,8.0,8.0,8.0,8.0,61.0,113.0,31.0,54.0,,,,,,66.9589,30.0,33.0,67.0,193.0,,,,,,1,0.5
OAS30553,,,,,13.0,10.0,11.0,9.0,33.0,83.0,35.0,48.0,,,,,,66.9589,30.0,33.0,66.0,185.0,,,,,,1,0.5
OAS30553,,,,,6.0,7.0,9.0,12.0,41.0,122.0,40.0,48.0,,,,,,66.9589,29.0,33.0,69.5,185.0,,,,,,1,0.5
OAS30553,,,,,12.0,7.0,8.0,7.0,37.0,78.0,32.0,50.0,,,,,,66.9589,24.0,33.0,66.7,174.0,,,,,,1,0.5
OAS30553,9.0,7.0,6.0,5.0,,,7.0,7.0,58.0,110.0,27.0,,,,,,,66.9589,26.0,33.0,68.5,171.0,,,,,,1,0.5
OAS30553,7.0,6.0,6.0,4.0,,,7.0,5.0,72.0,150.0,26.0,,,,,,,66.9589,28.0,33.0,66.75,171.5999756,,,,,,0,0.0
OAS30553,7.0,6.0,4.0,3.0,,,7.0,5.0,,,,,,,,,,66.9589,,33.0,,,,,,,,0,0.0
OAS30553,7.0,6.0,5.0,4.0,,,7.0,5.0,,,,,,,,,,66.9589,,33.0,,,,,,,,0,0.0
OAS30554,,,,,15.0,13.0,20.0,14.0,50.0,72.0,54.0,56.0,200160.9611,1588316.786,909378.0921,206799.0012,46735.0,74.063,30.0,34.0,64.0,99.0,394222.6233,194061.6622,414910.4688,535119.6233,208111.4676,1,0.5
OAS30554,,,,,10.0,5.0,14.0,18.0,24.0,68.0,58.0,56.0,200160.9611,1588316.786,909378.0921,206799.0012,46735.0,74.063,27.0,34.0,64.0,97.0,394222.6233,194061.6622,414910.4688,535119.6233,208111.4676,1,0.5
OAS30554,,,,,11.0,1.0,17.0,15.0,42.0,68.0,55.0,52.0,,,,,,74.063,25.0,34.0,63.0,96.0,,,,,,2,1.0
OAS30554,,,,,12.0,0.0,12.0,15.0,36.0,93.0,55.0,52.0,,,,,,74.063,23.0,34.0,63.0,97.0,,,,,,2,1.0
OAS30555,,,,,16.0,15.0,21.0,17.0,24.0,60.0,48.0,58.0,,,,,,65.1068,30.0,33.0,62.5,145.0,,,,,,0,0.0
OAS30555,,,,,15.0,15.0,23.0,12.0,26.0,53.0,55.0,54.0,,,,,,65.1068,29.0,33.0,62.0,146.0,,,,,,0,0.0
OAS30555,,,,,18.0,18.0,37.0,18.0,19.0,52.0,54.0,54.0,,,,,,65.1068,30.0,33.0,62.0,136.0,,,,,,0,0.0
OAS30555,,,,,19.0,22.0,19.0,20.0,21.0,54.0,52.0,52.0,,,,,,65.1068,29.0,33.0,62.5,147.5,,,,,,0,0.0
OAS30555,,,,,17.0,19.0,26.0,35.0,16.0,53.0,54.0,56.0,,,,,,65.1068,30.0,33.0,62.3,147.5,,,,,,0,0.0
OAS30555,9.0,7.0,6.0,4.0,,,18.0,23.0,18.0,78.0,53.0,,,,,,,65.1068,29.0,33.0,62.4,145.7999268,,,,,,0,0.0
OAS30556,,,,,6.0,4.0,8.0,7.0,40.0,180.0,46.0,28.0,187991.9753,1569367.654,945593.9791,223032.5868,46675.0,70.8,25.0,34.0,64.0,163.0,381569.1706,193577.1953,455191.8085,511737.1706,232159.2216,1,0.5
OAS30557,,,,,,,23.0,,28.0,68.0,50.0,57.0,,,,,,82.1178,29.0,23.0,,138.0,,,,,,0,0.0
OAS30557,,,,,,,25.0,,32.0,74.0,55.0,56.0,,,,,,82.1178,29.0,23.0,,138.0,,,,,,0,0.0
OAS30557,,,,,,,21.0,,44.0,59.0,36.0,56.0,,,,,,82.1178,29.0,23.0,,136.0,,,,,,0,0.0
OAS30557,,,,,20.0,18.0,24.0,18.0,33.0,57.0,39.0,54.0,186005.4543,1314114.766,822887.5264,196138.0876,43163.0,82.1178,28.0,23.0,64.5,136.0,369193.5371,183188.0828,390050.9894,496501.5371,193912.9018,0,0.0
OAS30557,,,,,14.0,11.0,24.0,11.0,30.0,99.0,16.0,42.0,,,,,,82.1178,26.0,23.0,62.0,106.0,,,,,,2,1.0
OAS30558,,,,,,,21.0,,29.0,87.0,46.0,60.0,180001.7737,1274560.624,837871.872,222060.0156,148846.2469,63.7507,30.0,34.0,,137.0,358288.3449,178286.5712,442710.6719,507134.5918,220650.6563,0,0.0
OAS30558,,,,,20.0,20.0,30.0,15.0,27.0,69.0,45.0,58.0,191529.3772,1246363.644,858618.1282,200123.0499,51430.0,63.7507,30.0,34.0,66.5,143.0,387801.4174,196272.0402,402936.7108,519380.4174,202813.6609,0,0.0
OAS30558,,,,,19.0,20.0,28.0,16.0,39.0,84.0,48.0,60.0,191529.3772,1246363.644,858618.1282,200123.0499,51430.0,63.7507,30.0,34.0,66.5,143.0,387801.4174,196272.0402,402936.7108,519380.4174,202813.6609,0,0.0
OAS30558,,,,,20.0,20.0,32.0,16.0,42.0,66.0,57.0,60.0,188393.6021,1285585.81,852597.9252,203140.9694,51479.0,63.7507,30.0,34.0,66.0,133.0,379863.3932,191469.7911,403666.532,508607.3932,200525.5625,0,0.0
OAS30558,,,,,,,18.0,16.0,28.0,70.0,,60.0,,,,,,63.7507,30.0,34.0,66.1,135.0,,,,,,0,0.0
OAS30558,,,,,36.0,,20.0,,23.0,68.0,,,,,,,,63.7507,30.0,34.0,66.2,127.0,,,,,,0,0.0
OAS30558,,,,,20.0,20.0,24.0,20.0,22.0,97.0,52.0,60.0,184054.2026,1333820.242,827567.9862,192525.2469,49284.0,63.7507,30.0,34.0,66.3,127.0,370537.6107,186483.4081,385299.3755,496371.6107,192774.1286,0,0.0
OAS30558,,,,,42.0,,27.0,,23.0,65.0,,,185970.1827,1337142.594,824560.6624,187778.5492,48138.0,63.7507,30.0,34.0,66.25,129.0,375773.1319,189802.9492,376905.5305,498781.1319,189126.9812,0,0.0
OAS30558,,,,,20.0,21.0,27.0,18.0,21.0,79.0,48.0,58.0,185970.1827,1337142.594,824560.6624,187778.5492,48138.0,63.7507,30.0,34.0,66.2,138.0,375773.1319,189802.9492,376905.5305,498781.1319,189126.9812,0,0.0
OAS30558,,,,,20.0,22.0,21.0,16.0,22.0,83.0,45.0,58.0,180668.7454,1339402.42,820402.2227,187215.7813,48010.0,63.7507,30.0,34.0,66.0,138.0,365419.7486,184751.0032,378424.4741,488629.7486,191208.6928,0,0.0
OAS30558,,,,,34.0,,30.0,,40.0,70.0,,,180668.7454,1339402.42,820402.2227,187215.7813,48010.0,63.7507,29.0,34.0,66.0,137.0,365419.7486,184751.0032,378424.4741,488629.7486,191208.6928,0,0.0
OAS30558,,,,,38.0,,26.0,,31.0,88.0,,,179113.0719,1353149.195,826758.7263,187202.8532,48204.0,63.7507,30.0,34.0,66.4,134.7999268,365217.9832,186104.9112,374981.7431,491019.9832,187778.89,0,0.0
OAS30558,6.0,6.0,6.0,4.0,,,24.0,18.0,23.0,123.0,38.0,,179113.0719,1353149.195,826758.7263,187202.8532,48204.0,63.7507,30.0,34.0,66.0,137.5999756,365217.9832,186104.9112,374981.7431,491019.9832,187778.89,0,0.0
OAS30559,,,,,16.0,13.0,17.0,13.0,44.0,55.0,42.0,58.0,,,,,,68.1753,30.0,33.0,70.0,188.0,,,,,,0,0.0
OAS30559,,,,,10.0,10.0,16.0,12.0,34.0,61.0,49.0,60.0,233497.8587,1708180.983,1098741.712,271704.6181,52218.0,68.1753,30.0,33.0,69.4,183.0,471358.1681,237860.3094,544612.5439,617130.1681,272907.9257,0,0.0
OAS30559,,,,,5.0,3.0,21.0,10.0,28.0,64.0,52.0,58.0,230015.5576,1708561.206,1085658.182,270259.2232,52470.0,68.1753,30.0,33.0,69.0,183.0,464143.7223,234128.1647,537115.4599,609211.7223,266856.2367,0,0.0
OAS30559,,,,,12.0,9.0,14.0,12.0,32.0,65.0,53.0,58.0,219296.4981,1683749.406,1072044.505,273623.4627,51631.0,68.1753,30.0,33.0,70.0,184.5,447637.4449,228340.9468,541068.0604,592292.4449,267444.5977,0,0.0
OAS30559,10.0,7.0,12.0,8.0,,,15.0,10.0,30.0,57.0,49.0,,,,,,,68.1753,29.0,33.0,69.75,184.0,,,,,,0,0.0
OAS30559,12.0,8.0,9.0,6.0,,,19.0,9.0,26.0,79.0,43.0,,,,,,,68.1753,30.0,33.0,69.5,179.0,,,,,,0,0.0
OAS30559,12.0,8.0,7.0,5.0,,,21.0,9.0,,,,,,,,,,68.1753,,33.0,,,,,,,,0,0.0
OAS30560,,,,,10.0,9.0,14.0,9.0,43.0,62.0,43.0,56.0,229095.8408,1613768.008,981072.4679,216880.7891,50683.0,67.5589,30.0,34.0,70.0,154.0,464268.3804,235172.5395,431240.0876,608472.3804,214359.2985,0,0.0
OAS30560,,,,,11.0,11.0,18.0,8.0,34.0,72.0,45.0,56.0,229095.8408,1613768.008,981072.4679,216880.7891,50683.0,67.5589,27.0,34.0,69.8,153.0,464268.3804,235172.5395,431240.0876,608472.3804,214359.2985,0,0.0
OAS30560,,,,,3.0,6.0,14.0,5.0,43.0,103.0,46.0,58.0,,,,,,67.5589,30.0,34.0,69.6,150.0,,,,,,1,0.5
OAS30560,7.0,7.0,7.0,5.0,,,9.0,7.0,39.0,110.0,35.0,,,,,,,67.5589,29.0,34.0,71.0,150.0,,,,,,2,1.0
OAS30561,10.0,8.0,7.0,5.0,10.0,8.0,15.0,18.0,26.0,75.0,45.0,,202289.3384,1487421.965,916893.3456,221794.1129,54594.0,69.8466,28.0,33.0,64.5,175.0,401972.8105,199683.4721,435912.5351,555940.8105,214118.4223,0,0.0
OAS30561,9.0,7.0,7.0,5.0,14.0,14.0,18.0,17.0,35.0,98.0,49.0,,202289.3384,1487421.965,916893.3456,221794.1129,54594.0,69.8466,28.0,33.0,64.0,174.0,401972.8105,199683.4721,435912.5351,555940.8105,214118.4223,0,0.0
OAS30561,10.0,8.0,9.0,6.0,,,14.0,13.0,24.0,63.0,53.0,,,,,,,69.8466,28.0,33.0,64.5,178.0,,,,,,0,0.0
OAS30561,9.0,7.0,8.0,5.0,,,19.0,17.0,34.0,101.0,50.0,,200024.2499,1527807.598,897316.7447,208571.3289,52940.0,69.8466,29.0,33.0,64.25,175.1999512,400335.8626,200311.6127,411522.8821,548777.8626,202951.5532,0,0.0
OAS30561,10.0,8.0,9.0,6.0,,,14.0,11.0,33.0,90.0,49.0,,204132.1326,1532715.27,929862.431,222976.824,53241.0,69.8466,29.0,33.0,64.5,169.7999268,403746.8027,199614.6701,439003.6283,554507.8027,216026.8043,0,0.0
OAS30562,,,,,38.0,,17.0,,23.0,63.0,,,181870.6043,1061766.491,802584.5289,188102.5667,49703.0,61.4192,29.0,33.0,62.0,182.0,361589.0021,179718.3978,375361.5268,493044.0021,187258.9601,0,0.0
OAS30562,,,,,40.0,,13.0,,25.0,60.0,,,177705.05,1047019.195,786807.4106,181983.752,48997.0,61.4192,29.0,33.0,61.0,180.3999023,357509.8658,179804.8158,363933.5448,487298.8658,181949.7928,0,0.0
OAS30562,,,,,42.0,,12.0,,24.0,56.0,,,177705.05,1047019.195,786807.4106,181983.752,48997.0,61.4192,29.0,33.0,61.5,185.0,357509.8658,179804.8158,363933.5448,487298.8658,181949.7928,0,0.0
OAS30562,,,,,40.0,,16.0,,22.0,57.0,,,,,,,,61.4192,28.0,33.0,61.25,182.0,,,,,,0,0.0
OAS30562,,,,,34.0,,13.0,,23.0,63.0,,,174740.0361,1104035.014,771654.8496,176847.6908,48125.0,61.4192,30.0,33.0,61.0,184.0,348546.057,173806.021,355136.7926,471491.057,178289.1018,0,0.0
OAS30562,,,,,38.0,,13.0,,28.0,62.0,,,174740.0361,1104035.014,771654.8496,176847.6908,48125.0,61.4192,30.0,33.0,61.0,183.0,348546.057,173806.021,355136.7926,471491.057,178289.1018,0,0.0
OAS30562,,,,,32.0,,13.0,,20.0,53.0,,,,,,,,61.4192,29.0,33.0,61.3,178.7999268,,,,,,0,0.0
OAS30562,,,,,35.0,,14.0,,28.0,56.0,,,,,,,,61.4192,30.0,33.0,61.0,170.1999512,,,,,,0,0.0
OAS30562,6.0,6.0,6.0,5.0,,,14.0,13.0,,,,,,,,,,61.4192,,33.0,,,,,,,,0,0.0
OAS30563,,,,,,,10.0,,55.0,180.0,18.0,30.0,,,,,,78.7041,23.0,33.0,,171.0,,,,,,2,1.0
OAS30563,,,,,,,14.0,,64.0,180.0,18.0,27.0,180048.5779,1433853.597,829659.2997,193736.5313,147089.959,78.7041,26.0,33.0,,156.0,365975.1933,185926.6154,387800.1563,513065.1523,194063.625,1,0.5
OAS30563,,,,,,,15.0,,65.0,180.0,11.0,28.0,181504.419,1439672.573,815794.4553,184902.3906,146496.0591,78.7041,18.0,33.0,,154.0,367739.2135,186234.7946,370877.1406,514235.2726,185974.75,1,0.5
OAS30564,,,,,,,17.0,,47.0,165.0,39.0,56.0,192403.7194,1445462.895,880144.693,210318.2188,151343.8546,81.7096,29.0,23.0,,145.0,386383.9516,193980.2321,421912.6875,537727.8062,211594.4688,0,0.0
OAS30564,,,,,9.0,9.0,17.0,10.0,38.0,104.0,38.0,50.0,192851.0509,1446586.318,874343.2484,209120.5156,150053.5075,81.7096,30.0,23.0,65.0,143.0,383902.6441,191051.5932,418538.3906,533956.1516,209417.875,0,0.0
OAS30564,,,,,8.0,6.0,19.0,11.0,35.0,105.0,33.0,50.0,,,,,,81.7096,30.0,23.0,64.0,144.0,,,,,,0,0.0
OAS30564,,,,,10.0,11.0,17.0,11.0,40.0,116.0,32.0,54.0,,,,,,81.7096,26.0,23.0,66.0,145.0,,,,,,0,0.0
OAS30564,,,,,12.0,13.0,17.0,14.0,40.0,121.0,33.0,44.0,183735.9361,1525442.203,865329.6056,198378.0369,50218.0,81.7096,27.0,23.0,65.0,144.0,371625.2554,187889.3193,399891.3502,497791.2554,201513.3133,0,0.0
OAS30564,,,,,7.0,8.0,18.0,11.0,42.0,140.0,33.0,52.0,,,,,,81.7096,30.0,23.0,64.0,151.0,,,,,,0,0.0
OAS30564,,,,,8.0,8.0,13.0,14.0,44.0,124.0,25.0,46.0,192755.4877,1530996.749,851448.3704,180454.4531,50449.0,81.7096,27.0,23.0,64.0,148.0,389093.9625,196338.4747,364250.4079,512074.9625,183795.9548,0,0.0
OAS30564,,,,,7.0,9.0,19.0,10.0,44.0,141.0,26.0,50.0,,,,,,81.7096,28.0,23.0,64.0,145.0,,,,,,0,0.0
OAS30564,,,,,10.0,10.0,19.0,12.0,55.0,142.0,27.0,46.0,,,,,,81.7096,25.0,23.0,64.25,141.0,,,,,,0,0.0
OAS30565,,,,,,,,,42.0,85.0,42.0,56.0,,,,,,72.7151,29.0,33.0,,219.0,,,,,,0,0.0
OAS30565,,,,,,,22.0,,40.0,68.0,46.0,58.0,,,,,,72.7151,30.0,33.0,,211.0,,,,,,0,0.0
OAS30565,,,,,,,15.0,,38.0,55.0,47.0,57.0,,,,,,72.7151,30.0,33.0,,209.0,,,,,,0,0.0
OAS30565,,,,,,,22.0,,36.0,67.0,50.0,58.0,,,,,,72.7151,30.0,33.0,,204.0,,,,,,0,0.0
OAS30565,,,,,,,24.0,,35.0,87.0,43.0,59.0,,,,,,72.7151,30.0,33.0,,194.0,,,,,,0,0.0
OAS30565,,,,,,,19.0,,39.0,67.0,47.0,60.0,232574.1889,1821653.577,1116002.078,290250.9375,195918.7917,72.7151,30.0,33.0,,200.0,469262.5328,236688.3439,576097.1094,665181.3246,285846.1719,0,0.0
OAS30565,,,,,8.0,6.0,20.0,11.0,37.0,74.0,43.0,54.0,232574.1889,1821653.577,1116002.078,290250.9375,195918.7917,72.7151,30.0,33.0,69.0,193.0,469262.5328,236688.3439,576097.1094,665181.3246,285846.1719,0,0.0
OAS30565,,,,,16.0,13.0,19.0,10.0,35.0,105.0,43.0,52.0,,,,,,72.7151,30.0,33.0,69.0,180.0,,,,,,1,0.5
OAS30565,,,,,10.0,9.0,24.0,15.0,50.0,107.0,37.0,56.0,,,,,,72.7151,26.0,33.0,69.0,184.0,,,,,,0,0.0
OAS30565,,,,,8.0,8.0,16.0,8.0,53.0,126.0,37.0,52.0,,,,,,72.7151,28.0,33.0,69.5,190.0,,,,,,0,0.0
OAS30565,,,,,8.0,9.0,18.0,14.0,38.0,70.0,39.0,52.0,,,,,,72.7151,30.0,33.0,67.0,164.0,,,,,,0,0.0
OAS30566,,,,,13.0,12.0,24.0,21.0,40.0,83.0,46.0,60.0,196298.9368,1697493.359,986605.0142,242723.9057,57623.0,71.0164,29.0,33.0,69.0,273.0,396582.6522,200283.7155,485505.362,548785.6522,242781.4563,0,0.0
OAS30566,,,,,10.0,10.0,19.0,14.0,32.0,105.0,38.0,56.0,196298.9368,1697493.359,986605.0142,242723.9057,57623.0,71.0164,29.0,33.0,69.0,268.0,396582.6522,200283.7155,485505.362,548785.6522,242781.4563,0,0.0
OAS30566,,,,,15.0,16.0,22.0,19.0,44.0,112.0,39.0,54.0,,,,,,71.0164,28.0,33.0,68.0,245.0,,,,,,0,0.0
OAS30567,13.0,9.0,8.0,6.0,16.0,14.0,25.0,14.0,24.0,63.0,46.0,,188796.2094,1322283.026,845910.1927,195869.4597,47565.0,74.6932,30.0,33.0,59.0,118.0,377122.9608,188326.7515,392772.2318,506106.9608,196902.7721,0,0.0
OAS30567,9.0,7.0,9.0,6.0,,,30.0,13.0,25.0,81.0,50.0,,188796.2094,1322283.026,845910.1927,195869.4597,47565.0,74.6932,28.0,33.0,58.7,116.0,377122.9608,188326.7515,392772.2318,506106.9608,196902.7721,0,0.0
OAS30567,12.0,9.0,10.0,6.0,,,21.0,17.0,51.0,160.0,44.0,,,,,,,74.6932,30.0,33.0,58.75,115.0,,,,,,0,0.0
OAS30567,12.0,8.0,10.0,7.0,,,23.0,12.0,39.0,92.0,49.0,,182794.9014,1398315.113,847949.1969,201363.6831,45930.0,74.6932,28.0,33.0,58.7,118.0,365788.8194,182993.918,402317.3775,497948.8194,200953.6944,0,0.0
OAS30568,,,,,34.0,,35.0,,32.0,69.0,,,194340.7091,1000078.123,886057.0905,210863.2776,52348.0,54.9918,28.0,33.0,67.2,210.0,386906.5137,192565.8045,423212.5769,534486.5137,212349.2993,0,0.0
OAS30568,,,,,44.0,,25.0,,30.0,60.0,,,189443.0232,1275029.005,882474.672,211165.276,51228.0,54.9918,30.0,33.0,67.0,199.0,379315.7397,189872.7165,422914.9323,527847.7397,211749.6563,0,0.0
OAS30568,,,,,39.0,,33.0,,30.0,50.0,,,185009.8588,1281748.42,860129.0655,204347.2675,50296.0,54.9918,30.0,33.0,67.0,198.0,368666.7184,183656.8597,411667.3471,514354.7184,207320.0795,0,0.0
OAS30568,,,,,32.0,,36.0,,27.0,54.0,,,186605.7767,1399890.864,879092.6667,209518.2065,49939.0,54.9918,30.0,33.0,67.0,177.0,373798.5056,187192.729,424396.1611,523134.5056,214877.9546,0,0.0
OAS30569,,,,,,,17.0,,29.0,64.0,64.0,59.0,,,,,,69.2137,28.0,33.0,,135.0,,,,,,0,0.0
OAS30569,,,,,,,16.0,,27.0,58.0,63.0,58.0,,,,,,69.2137,29.0,33.0,,143.0,,,,,,0,0.0
OAS30569,,,,,,,17.0,,34.0,44.0,64.0,58.0,,,,,,69.2137,30.0,33.0,,141.0,,,,,,0,0.0
OAS30569,,,,,,,13.0,,34.0,49.0,63.0,57.0,,,,,,69.2137,29.0,33.0,,138.0,,,,,,0,0.0
OAS30569,,,,,,,15.0,,29.0,63.0,62.0,59.0,,,,,,69.2137,28.0,33.0,,136.0,,,,,,0,0.0
OAS30569,,,,,10.0,11.0,17.0,18.0,22.0,50.0,58.0,60.0,,,,,,69.2137,30.0,33.0,62.5,134.0,,,,,,0,0.0
OAS30569,,,,,10.0,8.0,19.0,13.0,23.0,40.0,63.0,58.0,,,,,,69.2137,30.0,33.0,62.0,133.0,,,,,,0,0.0
OAS30569,,,,,10.0,11.0,15.0,14.0,28.0,64.0,66.0,60.0,,,,,,69.2137,27.0,33.0,62.0,134.0,,,,,,0,0.0
OAS30569,,,,,10.0,11.0,18.0,18.0,26.0,55.0,62.0,58.0,193499.869,1445486.548,889285.5457,215838.4161,47809.0,69.2137,28.0,33.0,62.0,134.0,389211.9976,195712.1286,429156.5481,519881.9976,213318.1321,0,0.0
OAS30569,,,,,15.0,13.0,20.0,20.0,33.0,76.0,61.0,58.0,,,,,,69.2137,29.0,33.0,61.7,128.0,,,,,,0,0.0
OAS30569,,,,,7.0,8.0,20.0,14.0,25.0,59.0,60.0,58.0,,,,,,69.2137,28.0,33.0,62.0,140.0,,,,,,0,0.0
OAS30570,,,,,10.0,7.0,29.0,21.0,28.0,121.0,43.0,60.0,,,,,,66.2055,28.0,33.0,67.5,218.0,,,,,,0,0.0
OAS30571,,,,,27.0,,24.0,,30.0,55.0,,,201536.9606,1084827.552,827646.5371,183098.9719,46439.0,54.4301,29.0,44.0,63.8,167.0,403881.7499,202344.7893,367097.7872,532948.7499,183998.8153,0,0.0
OAS30571,,,,,28.0,,11.0,,28.0,78.0,,,,,,,,54.4301,29.0,44.0,54.0,134.0,,,,,,0,0.0
OAS30571,,,,,20.0,,21.0,,22.0,71.0,,,192067.5941,1075048.456,808196.407,181765.4622,45967.0,54.4301,30.0,44.0,63.5,135.0,385867.1455,193799.5514,364667.2615,510876.1455,182901.7993,0,0.0
OAS30571,,,,,17.0,,25.0,,28.0,81.0,,,188254.0321,1093999.426,786949.7007,177172.0958,44471.0,54.4301,30.0,44.0,63.5,133.0,375345.751,187091.7189,355106.9497,495084.751,177934.8539,0,0.0
OAS30571,10.0,7.0,9.0,7.0,,,23.0,9.0,,,,,,,,,,54.4301,,44.0,,,,,,,,0,0.0
OAS30572,,,,,29.0,,23.0,,29.0,39.0,,,210011.8276,1639273.308,981102.7231,238527.6913,57604.0,62.6082,30.0,33.0,67.5,209.0,419938.6059,209926.7783,475559.1172,564455.6059,237031.4259,0,0.0
OAS30572,,,,,33.0,,34.0,,27.0,45.0,,,207554.5976,1625820.845,965983.7939,232174.8718,56077.0,62.6082,30.0,33.0,67.0,201.0,414861.8749,207307.2774,462648.9189,556444.8749,230474.0471,0,0.0
OAS30572,,,,,31.0,,25.0,,25.0,41.0,,,,,,,,62.6082,30.0,33.0,67.0,209.0,,,,,,0,0.0
OAS30572,,,,,35.0,,27.0,,34.0,40.0,,,208982.5332,1640789.176,976862.5445,234222.0704,56050.0,62.6082,30.0,33.0,67.0,204.7999268,415968.9133,206986.3801,469554.6312,558864.9133,235332.5607,0,0.0
OAS30572,,,,,38.0,,32.0,,29.0,40.0,,,208982.5332,1640789.176,976862.5445,234222.0704,56050.0,62.6082,30.0,33.0,67.2,206.7999268,415968.9133,206986.3801,469554.6312,558864.9133,235332.5607,0,0.0
OAS30573,,,,,14.0,13.0,16.0,12.0,36.0,127.0,45.0,54.0,,,,,,69.4164,29.0,33.0,59.5,137.0,,,,,,1,0.5
OAS30573,,,,,15.0,13.0,18.0,13.0,55.0,130.0,44.0,56.0,186886.4729,1385356.933,851247.0905,183754.1505,49542.0,69.4164,29.0,33.0,59.7,137.0,375964.3336,189077.8607,365982.7569,512740.3336,182228.6064,1,0.5
OAS30573,13.0,9.0,7.0,5.0,,,18.0,14.0,43.0,76.0,38.0,,182804.1903,1363700.568,838489.0346,177040.3928,48343.0,69.4164,29.0,33.0,59.75,135.0,368621.3592,185817.1689,352507.6753,495098.3592,175467.2825,1,0.5
OAS30573,13.0,9.0,8.0,5.0,,,16.0,16.0,36.0,81.0,46.0,,,,,,,69.4164,29.0,33.0,59.75,138.0,,,,,,1,0.5
OAS30574,,,,,14.0,15.0,20.0,17.0,43.0,79.0,55.0,58.0,,,,,,72.1644,30.0,34.0,67.2,125.0,,,,,,0,0.0
OAS30574,,,,,13.0,13.0,21.0,29.0,30.0,111.0,54.0,60.0,206637.8194,1521607.538,952769.0668,228009.47,48713.0,72.1644,30.0,34.0,67.0,127.0,420372.2527,213734.4333,456405.8141,558803.2527,228396.3441,0,0.0
OAS30574,,,,,16.0,17.0,26.0,19.0,33.0,84.0,59.0,60.0,206637.8194,1521607.538,952769.0668,228009.47,48713.0,72.1644,30.0,34.0,67.3,128.0,420372.2527,213734.4333,456405.8141,558803.2527,228396.3441,0,0.0
OAS30574,,,,,17.0,19.0,27.0,27.0,34.0,70.0,59.0,58.0,,,,,,72.1644,30.0,34.0,67.0,125.0,,,,,,0,0.0
OAS30574,,,,,14.0,14.0,30.0,33.0,28.0,63.0,51.0,60.0,199581.6963,1494233.429,923975.396,222139.1584,46369.0,72.1644,30.0,34.0,67.0,124.0,400926.9006,201345.2043,445655.4954,536573.9006,223516.337,0,0.0
OAS30574,10.0,7.0,8.0,5.0,,,27.0,28.0,27.0,81.0,52.0,,199581.6963,1494233.429,923975.396,222139.1584,46369.0,72.1644,29.0,34.0,67.0,128.0,400926.9006,201345.2043,445655.4954,536573.9006,223516.337,0,0.0
OAS30574,10.0,7.0,4.0,4.0,,,25.0,19.0,35.0,83.0,46.0,,,,,,,72.1644,29.0,34.0,66.5,123.1999512,,,,,,0,0.0
OAS30574,9.0,7.0,7.0,5.0,,,21.0,19.0,,,,,,,,,,72.1644,,34.0,,,,,,,,0,0.0
OAS30576,,,,,11.0,6.0,12.0,8.0,37.0,104.0,46.0,42.0,201224.6833,1485914.915,884057.633,218824.2379,46001.0,75.211,28.0,44.0,64.0,143.0,391975.7591,190751.0758,426637.8739,526243.7591,207813.636,1,0.5
OAS30576,,,,,15.0,11.0,14.0,10.0,40.0,104.0,42.0,52.0,201224.6833,1485914.915,884057.633,218824.2379,46001.0,75.211,28.0,44.0,63.5,144.0,391975.7591,190751.0758,426637.8739,526243.7591,207813.636,1,0.5
OAS30576,,,,,11.0,0.0,14.0,7.0,39.0,69.0,44.0,44.0,,,,,,75.211,26.0,44.0,63.8,137.0,,,,,,1,0.5
OAS30576,,,,,9.0,0.0,9.0,5.0,29.0,94.0,42.0,44.0,,,,,,75.211,25.0,44.0,64.0,144.0,,,,,,1,0.5
OAS30576,,,,,10.0,0.0,15.0,8.0,34.0,54.0,39.0,48.0,,,,,,75.211,26.0,44.0,63.0,146.0,,,,,,2,1.0
OAS30576,,,,,7.0,0.0,16.0,9.0,46.0,85.0,41.0,48.0,,,,,,75.211,23.0,44.0,63.7,156.0,,,,,,2,1.0
OAS30576,12.0,8.0,9.0,6.0,,,13.0,5.0,40.0,84.0,28.0,,,,,,,75.211,19.0,44.0,63.5,159.0,,,,,,2,1.0
OAS30576,11.0,8.0,8.0,5.0,,,11.0,4.0,40.0,154.0,28.0,,,,,,,75.211,20.0,44.0,62.0,150.3999023,,,,,,2,1.0
OAS30577,,,,,9.0,3.0,14.0,6.0,53.0,180.0,28.0,,219408.1785,1731869.629,1017561.624,223034.8433,48852.0,80.4082,29.0,33.0,69.0,210.0,443987.417,224579.2385,451156.207,583435.417,228121.3638,1,0.5
OAS30577,,,,,7.0,1.0,12.0,6.0,52.0,125.0,16.0,46.0,219408.1785,1731869.629,1017561.624,223034.8433,48852.0,80.4082,24.0,33.0,69.0,188.0,443987.417,224579.2385,451156.207,583435.417,228121.3638,1,0.5
OAS30577,8.0,6.0,5.0,4.0,,,6.0,2.0,84.0,180.0,13.0,,,,,,,80.4082,21.0,33.0,68.5,193.0,,,,,,2,1.0
OAS30578,,,,,11.0,6.0,10.0,9.0,60.0,121.0,40.0,32.0,174030.3992,1408378.03,852179.6468,202883.447,46034.0,79.7589,26.0,34.0,63.0,138.0,358970.4642,184940.065,409762.1826,494876.4642,206878.7356,1,0.5
OAS30579,,,,,24.0,,24.0,,27.0,42.0,,,188164.2496,1060542.658,785664.6886,174205.8057,47917.0,57.3836,30.0,23.0,62.5,115.0,378043.6927,189879.4432,348599.9959,506035.6927,174394.1902,0,0.0
OAS30579,,,,,33.0,,25.0,,24.0,38.0,,,184640.2267,1113011.306,777809.3195,173068.0148,49142.0,57.3836,30.0,23.0,62.0,117.0,371858.1831,187217.9564,345709.1364,498032.1831,172641.1216,0,0.0
OAS30579,,,,,27.0,,25.0,,26.0,46.0,,,182790.5332,1105096.96,781084.286,176284.4988,49026.0,57.3836,30.0,23.0,61.75,116.0,367503.1936,184712.6604,351545.0924,497986.1936,175260.5936,0,0.0
OAS30579,6.0,5.0,6.0,5.0,,,23.0,15.0,,,,,,,,,,57.3836,,23.0,,,,,,,,0,0.0
OAS30580,,,,,19.0,19.0,36.0,16.0,31.0,56.0,60.0,60.0,191337.21,1510330.15,920934.2166,225769.4648,54735.0,67.7562,29.0,23.0,66.0,245.0,387896.9177,196559.7076,450725.2989,528941.9177,224955.8341,0,0.0
OAS30580,,,,,20.0,19.0,24.0,11.0,24.0,49.0,60.0,60.0,,,,,,67.7562,30.0,23.0,65.0,224.0,,,,,,0,0.0
OAS30580,,,,,22.0,21.0,18.0,7.0,30.0,53.0,59.0,58.0,196755.7464,1474188.821,923504.4986,223114.0969,53392.0,67.7562,30.0,23.0,65.0,175.0,390686.7777,193931.0313,450489.7209,531163.7777,227375.6239,0,0.0
OAS30580,,,,,18.0,18.0,21.0,8.0,22.0,44.0,59.0,58.0,196755.7464,1474188.821,923504.4986,223114.0969,53392.0,67.7562,30.0,23.0,65.0,192.0,390686.7777,193931.0313,450489.7209,531163.7777,227375.6239,0,0.0
OAS30580,,,,,19.0,20.0,22.0,15.0,26.0,45.0,56.0,58.0,196755.7464,1474188.821,923504.4986,223114.0969,53392.0,67.7562,30.0,23.0,65.5,208.0,390686.7777,193931.0313,450489.7209,531163.7777,227375.6239,0,0.0
OAS30580,10.0,8.0,9.0,6.0,,,16.0,10.0,25.0,60.0,57.0,,195083.2584,1464056.443,906972.9656,215601.2643,50158.0,67.7562,30.0,23.0,65.5,206.0,386646.0911,191562.8327,435269.8745,522038.0911,219668.6102,0,0.0
OAS30580,9.0,8.0,11.0,7.0,,,17.0,11.0,24.0,51.0,57.0,,195083.2584,1464056.443,906972.9656,215601.2643,50158.0,67.7562,30.0,23.0,65.0,217.5,386646.0911,191562.8327,435269.8745,522038.0911,219668.6102,0,0.0
OAS30580,7.0,6.0,6.0,4.0,,,25.0,11.0,27.0,64.0,54.0,,,,,,,67.7562,30.0,23.0,66.0,216.0,,,,,,0,0.0
OAS30580,9.0,7.0,9.0,7.0,,,14.0,6.0,,,,,,,,,,67.7562,,23.0,,,,,,,,0,0.0
OAS30581,,,,,36.0,,21.0,,26.0,66.0,,,217060.1712,1493279.977,941649.123,213363.249,50910.0,50.2164,29.0,34.0,62.25,144.0,431649.3034,214589.1323,426988.8196,576766.3034,213625.5706,0,0.0
OAS30581,,,,,37.0,,26.0,,31.0,66.0,,,,,,,,50.2164,30.0,34.0,62.0,154.0,,,,,,0,0.0
OAS30581,8.0,7.0,7.0,5.0,,,23.0,14.0,,,,,,,,,,50.2164,,34.0,,,,,,,,0,0.0
OAS30582,,,,,11.0,3.0,17.0,13.0,43.0,180.0,33.0,52.0,215058.1898,1511253.516,923918.608,208094.5444,48018.0,67.6658,26.0,34.0,62.0,162.0,427439.1305,212380.9407,410195.4775,574903.1305,202100.9331,1,0.5
OAS30582,,,,,7.0,0.0,11.0,16.0,47.0,,23.0,48.0,215058.1898,1511253.516,923918.608,208094.5444,48018.0,67.6658,24.0,34.0,63.0,158.0,427439.1305,212380.9407,410195.4775,574903.1305,202100.9331,2,1.0
OAS30582,,,,,4.0,0.0,12.0,10.0,76.0,180.0,19.0,50.0,,,,,,67.6658,22.0,34.0,62.4,154.0,,,,,,2,1.0
OAS30582,,,,,4.0,0.0,5.0,5.0,152.0,180.0,14.0,40.0,,,,,,67.6658,13.0,34.0,62.0,168.0,,,,,,2,2.0
OAS30583,,,,,7.0,6.0,14.0,12.0,62.0,180.0,38.0,52.0,187614.3444,1586719.551,917969.9508,196293.6389,43245.0,70.1808,23.0,33.0,64.5,177.0,371096.3461,183482.0017,397163.6047,500376.3461,200869.9657,1,0.5
OAS30583,,,,,9.0,3.0,7.0,7.0,110.0,180.0,28.0,28.0,,,,,,70.1808,24.0,33.0,66.0,175.0,,,,,,2,1.0
OAS30584,,,,,13.0,13.0,30.0,19.0,21.0,68.0,36.0,60.0,238073.3584,1538373.256,1024237.764,227459.5302,55046.0,73.9342,29.0,34.0,70.3,193.0,480257.5441,242184.1856,461191.2199,611699.5441,233731.6897,0,0.0
OAS30584,8.0,6.0,8.0,6.0,,,25.0,18.0,21.0,71.0,33.0,,,,,,,73.9342,29.0,34.0,70.75,192.0,,,,,,0,0.0
OAS30584,8.0,6.0,6.0,4.0,,,26.0,15.0,19.0,68.0,43.0,,,,,,,73.9342,30.0,34.0,70.0,190.0,,,,,,0,0.0
OAS30584,6.0,5.0,7.0,5.0,,,20.0,14.0,,,,,,,,,,73.9342,,34.0,,,,,,,,0,0.0
OAS30585,,,,,12.0,9.0,12.0,9.0,43.0,177.0,44.0,58.0,203016.6684,1640892.97,919237.2548,206234.0136,54426.0,80.4575,29.0,33.0,67.0,229.0,405892.0403,202875.3719,415812.2145,551704.0403,209578.2009,0,0.0
OAS30585,,,,,12.0,12.0,12.0,13.0,53.0,134.0,42.0,58.0,203016.6684,1640892.97,919237.2548,206234.0136,54426.0,80.4575,27.0,33.0,66.8,214.0,405892.0403,202875.3719,415812.2145,551704.0403,209578.2009,1,0.5
OAS30585,9.0,7.0,4.0,3.0,,,13.0,8.0,48.0,180.0,33.0,,,,,,,80.4575,28.0,33.0,68.0,210.0,,,,,,1,0.5
OAS30585,6.0,6.0,3.0,3.0,,,9.0,6.0,47.0,180.0,37.0,,,,,,,80.4575,28.0,33.0,66.3,203.0,,,,,,1,0.5
OAS30585,8.0,6.0,3.0,3.0,,,11.0,4.0,49.0,180.0,28.0,,,,,,,80.4575,27.0,33.0,66.0,203.5999756,,,,,,2,1.0
OAS30585,1.0,3.0,3.0,3.0,,,4.0,4.0,,,,,,,,,,80.4575,,33.0,,,,,,,,2,1.0
OAS30586,,,,,6.0,6.0,18.0,16.0,36.0,104.0,43.0,58.0,223765.4919,1703300.849,988559.3227,223675.2463,56243.0,86.211,28.0,34.0,70.0,172.0,449033.1119,225267.6201,448241.2108,597100.1119,224565.9645,0,0.0
OAS30586,,,,,13.0,6.0,23.0,13.0,30.0,86.0,44.0,50.0,223765.4919,1703300.849,988559.3227,223675.2463,56243.0,86.211,28.0,34.0,70.0,160.0,449033.1119,225267.6201,448241.2108,597100.1119,224565.9645,0,0.0
OAS30586,,,,,13.0,9.0,24.0,9.0,35.0,84.0,47.0,54.0,210776.9067,1649163.503,946425.0164,216000.8078,54517.0,86.211,30.0,34.0,69.0,170.0,421135.548,210358.6413,431271.4685,563763.548,215270.6607,0,0.0
OAS30586,,,,,15.0,13.0,24.0,12.0,29.0,94.0,41.0,52.0,212039.2305,1666057.947,958089.5468,217569.8082,55550.0,86.211,27.0,34.0,69.5,172.0,423187.5025,211148.272,436475.0442,561582.5025,218905.236,0,0.0
OAS30587,,,,,,,25.0,,30.0,77.0,58.0,57.0,,,,,,64.1781,30.0,34.0,,161.0,,,,,,0,0.0
OAS30587,,,,,,,20.0,,33.0,23.0,55.0,58.0,,,,,,64.1781,30.0,34.0,,162.0,,,,,,0,0.0
OAS30587,,,,,,,16.0,,35.0,69.0,50.0,60.0,,,,,,64.1781,30.0,34.0,,147.0,,,,,,0,0.0
OAS30587,,,,,16.0,12.0,23.0,20.0,23.0,57.0,52.0,58.0,,,,,,64.1781,29.0,34.0,63.0,140.0,,,,,,0,0.0
OAS30587,,,,,16.0,10.0,18.0,13.0,25.0,56.0,51.0,58.0,,,,,,64.1781,30.0,34.0,63.0,143.0,,,,,,0,0.0
OAS30587,,,,,13.0,7.0,14.0,10.0,31.0,64.0,55.0,58.0,,,,,,64.1781,29.0,34.0,63.0,144.0,,,,,,1,0.5
OAS30587,,,,,12.0,7.0,18.0,16.0,32.0,66.0,58.0,52.0,,,,,,64.1781,27.0,34.0,62.0,141.0,,,,,,1,0.5
OAS30587,,,,,4.0,0.0,8.0,11.0,34.0,109.0,45.0,46.0,,,,,,64.1781,29.0,34.0,62.2,123.0,,,,,,2,1.0
OAS30587,,,,,3.0,0.0,10.0,6.0,39.0,180.0,48.0,32.0,192079.6483,1692114.036,955309.1415,218148.6158,44062.0,64.1781,23.0,34.0,62.3,123.5,385191.2494,193111.6011,447339.8921,513898.2494,229191.2763,2,1.0
OAS30587,,,,,0.0,0.0,10.0,8.0,42.0,128.0,38.0,32.0,192079.6483,1692114.036,955309.1415,218148.6158,44062.0,64.1781,22.0,34.0,62.5,122.0,385191.2494,193111.6011,447339.8921,513898.2494,229191.2763,2,1.0
OAS30588,,,,,26.0,,15.0,,41.0,134.0,,,,,,,,47.1342,29.0,33.0,68.0,231.0,,,,,,0,0.0
OAS30588,,,,,31.0,,24.0,,47.0,142.0,,,,,,,,47.1342,30.0,33.0,68.0,205.0,,,,,,0,0.0
OAS30588,,,,,31.0,,23.0,,39.0,120.0,,,220510.6329,1560487.317,973715.5681,217877.6991,50750.0,47.1342,29.0,33.0,68.0,192.0,439469.0922,218958.4593,437847.4759,584387.0922,219969.7768,0,0.0
OAS30588,,,,,17.0,,20.0,,34.0,87.0,,,218808.6122,1566261.768,974242.1542,214140.9333,51032.0,47.1342,29.0,33.0,68.0,203.0,435618.4942,216809.882,431669.66,579135.4942,217528.7268,0,0.0
OAS30589,,,,,10.0,8.0,11.0,11.0,49.0,123.0,45.0,50.0,175022.5161,1360362.408,749711.9577,150076.7522,45126.0,74.5288,29.0,34.0,60.0,98.0,353436.9845,178414.4684,302207.9732,478125.9845,152131.221,0,0.0
OAS30589,,,,,14.0,14.0,12.0,14.0,50.0,95.0,37.0,46.0,,,,,,74.5288,30.0,34.0,59.0,99.0,,,,,,0,0.0
OAS30589,,,,,14.0,16.0,11.0,14.0,51.0,120.0,40.0,52.0,175021.9892,1365006.857,742379.4945,142057.3239,45070.0,74.5288,29.0,34.0,59.0,93.0,352370.7079,177348.7187,290415.7866,473276.7079,148358.4627,0,0.0
OAS30589,,,,,18.0,16.0,12.0,16.0,31.0,68.0,47.0,48.0,175021.9892,1365006.857,742379.4945,142057.3239,45070.0,74.5288,29.0,34.0,59.0,89.0,352370.7079,177348.7187,290415.7866,473276.7079,148358.4627,0,0.0
OAS30589,,,,,17.0,14.0,14.0,8.0,45.0,87.0,37.0,54.0,,,,,,74.5288,29.0,34.0,57.0,95.0,,,,,,0,0.0
OAS30589,,,,,18.0,19.0,15.0,20.0,39.0,72.0,37.0,54.0,,,,,,74.5288,30.0,34.0,60.0,96.0,,,,,,0,0.0
OAS30589,12.0,9.0,4.0,3.0,,,12.0,16.0,56.0,99.0,42.0,,162066.5219,1318646.488,731464.4237,147018.5221,43623.0,74.5288,29.0,34.0,59.0,96.0,332492.8357,170426.3138,290980.588,445835.8357,143962.0659,0,0.0
OAS30591,,,,,8.0,0.0,14.0,9.0,23.0,117.0,49.0,54.0,,,,,,74.7014,24.0,34.0,63.3,132.0,,,,,,1,0.5
OAS30591,,,,,5.0,0.0,14.0,9.0,39.0,69.0,48.0,54.0,184425.6534,1462376.332,886728.3635,212349.2851,45253.0,74.7014,26.0,34.0,63.7,135.0,371953.5419,187527.8885,426038.8217,494439.5419,213689.5365,1,0.5
OAS30591,,,,,8.0,0.0,14.0,11.0,32.0,80.0,43.0,52.0,183349.9141,1485965.988,876327.4068,209230.0815,44914.0,74.7014,24.0,34.0,63.0,139.0,367279.999,183930.0849,415788.4078,487792.999,206558.3263,1,0.5
OAS30591,,,,,7.0,2.0,8.0,9.0,28.0,80.0,46.0,50.0,183349.9141,1485965.988,876327.4068,209230.0815,44914.0,74.7014,25.0,34.0,63.5,140.0,367279.999,183930.0849,415788.4078,487792.999,206558.3263,1,0.5
OAS30592,,,,,14.0,14.0,23.0,9.0,24.0,70.0,47.0,56.0,209070.8879,1800613.435,1073721.887,262317.4648,55333.0,80.2137,30.0,33.0,72.5,158.0,421417.3763,212346.4883,520696.5108,571379.3763,258379.046,0,0.0
OAS30592,,,,,13.0,14.0,20.0,9.0,25.0,75.0,49.0,58.0,,,,,,80.2137,30.0,33.0,73.0,166.0,,,,,,0,0.0
OAS30592,8.0,7.0,7.0,5.0,,,24.0,12.0,22.0,84.0,52.0,,,,,,,80.2137,26.0,33.0,71.0,166.0,,,,,,0,0.0
OAS30592,7.0,6.0,6.0,4.0,,,18.0,15.0,28.0,107.0,49.0,,,,,,,80.2137,30.0,33.0,73.0,173.0,,,,,,0,0.0
OAS30592,5.0,5.0,7.0,5.0,,,20.0,11.0,23.0,63.0,49.0,,,,,,,80.2137,30.0,33.0,72.75,168.0,,,,,,0,0.0
OAS30593,,,,,,,24.0,,28.0,107.0,43.0,56.0,,,,,,65.7397,29.0,33.0,,150.0,,,,,,1,0.5
OAS30593,,,,,,,24.0,,34.0,111.0,45.0,54.0,,,,,,65.7397,30.0,33.0,,147.0,,,,,,0,0.0
OAS30593,,,,,8.0,6.0,24.0,13.0,46.0,124.0,42.0,54.0,,,,,,65.7397,30.0,33.0,66.5,148.0,,,,,,1,0.5
OAS30593,7.0,6.0,4.0,4.0,,,12.0,5.0,52.0,180.0,29.0,,,,,,,65.7397,27.0,33.0,65.0,134.0,,,,,,1,0.5
OAS30593,7.0,6.0,5.0,4.0,,,12.0,7.0,59.0,180.0,30.0,,,,,,,65.7397,26.0,33.0,66.5,146.0,,,,,,2,1.0
OAS30593,7.0,6.0,5.0,5.0,,,11.0,4.0,35.0,180.0,30.0,,,,,,,65.7397,22.0,33.0,65.5,139.0,,,,,,2,1.0
OAS30594,,,,,28.0,,19.0,,34.0,87.0,,,226086.6671,1568370.276,968210.3777,214769.2684,56260.0,62.3671,29.0,23.0,64.5,126.0,451161.577,225074.9099,430126.8006,615155.577,215357.5323,0,0.0
OAS30594,5.0,5.0,7.0,5.0,,,29.0,18.0,,,,,,,,,,62.3671,,23.0,,,,,,,,0,0.0
OAS30595,,,,,16.0,17.0,19.0,19.0,35.0,67.0,54.0,54.0,189560.8659,1292669.971,828440.6935,185857.1664,46190.0,66.9425,30.0,33.0,64.0,176.0,380077.5324,190516.6666,374038.1611,498164.5324,188180.9947,0,0.0
OAS30595,,,,,16.0,13.0,19.0,14.0,25.0,75.0,48.0,56.0,189560.8659,1292669.971,828440.6935,185857.1664,46190.0,66.9425,30.0,33.0,64.0,174.0,380077.5324,190516.6666,374038.1611,498164.5324,188180.9947,0,0.0
OAS30595,,,,,20.0,18.0,23.0,23.0,38.0,63.0,48.0,50.0,183021.0962,1296203.214,811326.2819,182450.4472,46329.0,66.9425,28.0,33.0,64.0,165.0,367512.2845,184491.1883,367284.9974,483558.2845,184834.5503,0,0.0
OAS30595,5.0,5.0,5.0,5.0,,,20.0,15.0,34.0,81.0,57.0,,,,,,,66.9425,29.0,33.0,63.0,166.0,,,,,,0,0.0
OAS30595,7.0,6.0,4.0,4.0,,,21.0,16.0,24.0,70.0,54.0,,,,,,,66.9425,29.0,33.0,63.4,169.5999756,,,,,,0,0.0
OAS30595,6.0,6.0,4.0,3.0,,,20.0,18.0,,,,,,,,,,66.9425,,33.0,,,,,,,,0,0.0
OAS30596,,,,,,,16.0,,36.0,85.0,45.0,58.0,,,,,,72.3425,29.0,44.0,,155.0,,,,,,0,0.0
OAS30596,,,,,17.0,17.0,17.0,12.0,25.0,93.0,46.0,48.0,,,,,,72.3425,30.0,44.0,61.0,148.0,,,,,,1,0.5
OAS30596,,,,,17.0,17.0,15.0,8.0,39.0,68.0,39.0,56.0,191485.9448,1535248.662,882087.0225,206416.0252,44806.0,72.3425,29.0,44.0,61.0,136.0,381665.6756,190179.7308,413042.3469,506477.6756,206626.3217,0,0.0
OAS30596,,,,,15.0,15.0,16.0,7.0,40.0,137.0,40.0,52.0,191485.9448,1535248.662,882087.0225,206416.0252,44806.0,72.3425,29.0,44.0,61.0,142.0,381665.6756,190179.7308,413042.3469,506477.6756,206626.3217,1,0.5
OAS30597,,,,,7.0,7.0,22.0,17.0,22.0,62.0,54.0,60.0,227591.2004,1638427.879,1015855.977,236359.7189,56304.0,72.6603,29.0,33.0,74.0,202.0,456316.6478,228725.4474,469090.3295,609871.6478,232730.6106,1,0.5
OAS30597,,,,,8.0,8.0,26.0,17.0,19.0,78.0,53.0,58.0,,,,,,72.6603,28.0,33.0,74.0,213.0,,,,,,1,0.5
OAS30597,,,,,12.0,8.0,22.0,20.0,20.0,52.0,57.0,60.0,,,,,,72.6603,29.0,33.0,73.7,226.0,,,,,,1,0.5
OAS30597,,,,,13.0,13.0,19.0,17.0,22.0,58.0,58.0,60.0,,,,,,72.6603,30.0,33.0,74.0,191.0,,,,,,0,0.0
OAS30597,,,,,11.0,10.0,19.0,19.0,18.0,63.0,56.0,60.0,206995.3595,1656542.647,983064.4399,230820.2967,55312.0,72.6603,30.0,33.0,73.0,202.0,420487.6915,213492.3319,465161.7484,569339.6915,234341.4517,1,0.5
OAS30597,,,,,16.0,12.0,21.0,22.0,17.0,48.0,57.0,60.0,,,,,,72.6603,30.0,33.0,74.0,203.0,,,,,,1,0.5
OAS30597,,,,,17.0,13.0,18.0,20.0,16.0,62.0,63.0,58.0,,,,,,72.6603,28.0,33.0,99.0,201.0,,,,,,0,0.0
OAS30597,,,,,13.0,13.0,23.0,18.0,20.0,91.0,66.0,60.0,217172.0523,1644619.275,992924.8707,226143.6065,54974.0,72.6603,29.0,33.0,73.0,200.0,437342.3029,220170.2507,453221.5678,576680.3029,227077.9612,0,0.0
OAS30597,,,,,16.0,15.0,21.0,19.0,17.0,48.0,56.0,60.0,217172.0523,1644619.275,992924.8707,226143.6065,54974.0,72.6603,29.0,33.0,71.5,198.0,437342.3029,220170.2507,453221.5678,576680.3029,227077.9612,0,0.0
OAS30597,8.0,6.0,8.0,6.0,,,21.0,18.0,19.0,58.0,56.0,,200596.9062,1668740.018,937832.3821,214680.8141,53373.0,72.6603,28.0,33.0,73.5,191.0,400142.1733,199545.2672,429836.2088,537478.1733,215155.3948,1,0.5
OAS30597,12.0,8.0,4.0,3.0,,,23.0,18.0,22.0,58.0,56.0,,200596.9062,1668740.018,937832.3821,214680.8141,53373.0,72.6603,29.0,33.0,73.4,194.1999512,400142.1733,199545.2672,429836.2088,537478.1733,215155.3948,0,0.0
OAS30598,,,,,6.0,5.0,12.0,6.0,49.0,137.0,39.0,56.0,234927.9795,1608993.562,1002713.329,214511.808,58316.0,79.4301,27.0,44.0,73.0,212.0,474741.21,239813.2304,432303.1194,635770.21,217791.3115,0,0.0
OAS30598,,,,,8.0,9.0,9.0,7.0,42.0,120.0,38.0,54.0,,,,,,79.4301,29.0,44.0,73.0,211.0,,,,,,0,0.0
OAS30598,,,,,4.0,1.0,11.0,8.0,54.0,129.0,33.0,56.0,,,,,,79.4301,29.0,44.0,72.0,214.0,,,,,,0,0.0
OAS30600,,,,,23.0,,21.0,,23.0,39.0,,,,,,,,53.5178,30.0,24.0,,169.0,,,,,,0,0.0
OAS30600,,,,,38.0,,20.0,,21.0,40.0,,,192178.4503,1375890.295,860855.9723,204888.9072,50639.0,53.5178,30.0,24.0,64.5,173.0,384301.8489,192123.3986,407994.1234,532069.8489,203105.2161,0,0.0
OAS30600,,,,,35.0,,19.0,,26.0,43.0,,,,,,,,53.5178,30.0,24.0,64.5,186.0,,,,,,0,0.0
OAS30600,,,,,34.0,,20.0,,29.0,42.0,,,187613.9091,1351471.96,836274.0135,196352.2036,49336.0,53.5178,29.0,24.0,65.0,160.0,374960.9392,187347.0301,392896.0743,519896.9392,196543.8707,0,0.0
OAS30601,,,,,11.0,9.0,21.0,13.0,36.0,59.0,47.0,60.0,227973.2743,1609731.497,1017841.819,239589.026,59731.0,67.5479,30.0,23.0,70.2,206.0,455618.1724,227644.8981,480009.6464,631374.1724,240420.6203,0,0.0
OAS30601,,,,,9.0,7.0,19.0,12.0,29.0,65.0,56.0,60.0,227973.2743,1609731.497,1017841.819,239589.026,59731.0,67.5479,30.0,23.0,70.0,210.0,455618.1724,227644.8981,480009.6464,631374.1724,240420.6203,0,0.0
OAS30601,,,,,18.0,17.0,20.0,9.0,28.0,44.0,59.0,60.0,226572.8694,1613779.482,1000780.569,231109.4359,58078.0,67.5479,28.0,23.0,70.0,195.0,453466.0215,226893.152,464321.5472,623315.0215,233212.1114,0,0.0
OAS30601,,,,,12.0,10.0,20.0,11.0,25.0,52.0,59.0,58.0,,,,,,67.5479,29.0,23.0,70.5,198.0,,,,,,0,0.0
OAS30601,,,,,15.0,14.0,15.0,9.0,32.0,43.0,53.0,58.0,217409.8213,1607730.374,974577.7456,225630.0604,56941.0,67.5479,30.0,23.0,70.25,201.0,435697.1408,218287.3195,454511.6047,599101.1408,228881.5443,0,0.0
OAS30601,10.0,7.0,9.0,6.0,,,20.0,13.0,25.0,42.0,56.0,,217409.8213,1607730.374,974577.7456,225630.0604,56941.0,67.5479,30.0,23.0,70.5,203.0,435697.1408,218287.3195,454511.6047,599101.1408,228881.5443,0,0.0
OAS30601,10.0,7.0,9.0,6.0,,,18.0,12.0,23.0,47.0,57.0,,,,,,,67.5479,30.0,23.0,70.6,208.5,,,,,,0,0.0
OAS30601,10.0,8.0,9.0,6.0,,,12.0,10.0,22.0,41.0,55.0,,,,,,,67.5479,30.0,23.0,70.25,198.0,,,,,,0,0.0
OAS30601,8.0,6.0,9.0,6.0,,,17.0,13.0,,,,,,,,,,67.5479,,23.0,,,,,,,,0,0.0
OAS30602,,,,,,,21.0,,29.0,70.0,56.0,59.0,,,,,,64.463,30.0,34.0,,181.0,,,,,,0,0.0
OAS30602,,,,,34.0,,28.0,,27.0,47.0,,,,,,,,64.463,29.0,34.0,66.8,176.0,,,,,,0,0.0
OAS30603,,,,,8.0,6.0,24.0,9.0,36.0,109.0,39.0,58.0,,,,,,69.937,30.0,33.0,74.0,181.0,,,,,,0,0.0
OAS30603,,,,,11.0,11.0,22.0,11.0,35.0,83.0,38.0,60.0,,,,,,69.937,29.0,33.0,74.0,184.0,,,,,,0,0.0
OAS30603,,,,,15.0,15.0,20.0,10.0,32.0,90.0,39.0,54.0,229373.2113,1612257.414,1023420.861,232525.9757,55154.0,69.937,30.0,33.0,74.5,181.0,461415.6651,232042.4538,467386.1956,620760.6651,234860.2199,0,0.0
OAS30603,,,,,15.0,13.0,25.0,13.0,32.0,73.0,42.0,58.0,229373.2113,1612257.414,1023420.861,232525.9757,55154.0,69.937,29.0,33.0,74.0,181.0,461415.6651,232042.4538,467386.1956,620760.6651,234860.2199,0,0.0
OAS30603,,,,,15.0,17.0,18.0,10.0,33.0,87.0,41.0,52.0,222238.4314,1560515.183,1008658.714,229063.4629,53808.0,69.937,30.0,33.0,73.5,174.0,449414.557,227176.1256,462233.1573,598534.557,233169.6944,0,0.0
OAS30603,,,,,15.0,16.0,18.0,8.0,37.0,109.0,40.0,56.0,,,,,,69.937,28.0,33.0,74.0,172.0,,,,,,0,0.0
OAS30603,5.0,5.0,5.0,4.0,,,19.0,8.0,40.0,88.0,40.0,,,,,,,69.937,30.0,33.0,73.8,173.0,,,,,,0,0.0
OAS30603,6.0,5.0,4.0,4.0,,,13.0,7.0,39.0,95.0,38.0,,,,,,,69.937,30.0,33.0,74.0,176.0,,,,,,0,0.0
OAS30603,5.0,5.0,4.0,3.0,,,18.0,6.0,,,,,,,,,,69.937,30.0,33.0,,,,,,,,0,0.0
OAS30605,,,,,7.0,3.0,23.0,5.0,41.0,108.0,39.0,50.0,246967.5917,1794114.229,1053927.733,217188.034,57752.0,76.274,27.0,33.0,68.5,159.0,500106.792,253139.2003,435427.9411,663324.792,218239.9071,1,0.5
OAS30605,,,,,14.0,11.0,16.0,14.0,39.0,90.0,38.0,54.0,246967.5917,1794114.229,1053927.733,217188.034,57752.0,76.274,29.0,33.0,68.0,162.0,500106.792,253139.2003,435427.9411,663324.792,218239.9071,0,0.0
OAS30605,,,,,5.0,3.0,15.0,8.0,42.0,69.0,39.0,56.0,244658.133,1796595.723,1040601.694,206347.7443,57401.0,76.274,30.0,33.0,68.5,157.0,497215.3464,252557.2134,418012.3474,660745.3464,211664.6031,0,0.0
OAS30605,,,,,10.0,8.0,15.0,16.0,64.0,123.0,38.0,52.0,244658.133,1796595.723,1040601.694,206347.7443,57401.0,76.274,28.0,33.0,68.0,157.0,497215.3464,252557.2134,418012.3474,660745.3464,211664.6031,0,0.0
OAS30605,,,,,5.0,6.0,14.0,8.0,32.0,122.0,38.0,52.0,,,,,,76.274,29.0,33.0,68.0,156.0,,,,,,1,0.5
OAS30605,9.0,7.0,7.0,5.0,,,8.0,6.0,70.0,180.0,32.0,,,,,,,76.274,27.0,33.0,67.5,157.0,,,,,,1,0.5
OAS30606,,,,,16.0,17.0,14.0,17.0,24.0,106.0,38.0,58.0,179919.0982,1271825.844,773147.4101,158630.4426,42771.0,69.6055,27.0,33.0,64.0,196.0,359750.3517,179831.2535,322755.0585,476413.3517,164124.6159,0,0.0
OAS30607,7.0,6.0,6.0,5.0,21.0,17.0,22.0,20.0,39.0,51.0,47.0,,196622.2165,1437245.704,894806.9051,182865.7094,51156.0,86.6986,29.0,33.0,64.0,145.0,392542.936,195920.7195,364659.9691,535815.936,181794.2597,0,0.0
OAS30607,7.0,6.0,10.0,7.0,18.0,16.0,25.0,19.0,29.0,71.0,50.0,,196622.2165,1437245.704,894806.9051,182865.7094,51156.0,86.6986,29.0,33.0,64.3,141.0,392542.936,195920.7195,364659.9691,535815.936,181794.2597,0,0.0
OAS30607,8.0,7.0,10.0,8.0,,,23.0,16.0,31.0,57.0,48.0,,,,,,,86.6986,29.0,33.0,64.0,136.5,,,,,,0,0.0
OAS30607,8.0,7.0,5.0,4.0,,,24.0,15.0,36.0,69.0,45.0,,,,,,,86.6986,30.0,33.0,63.5,135.0,,,,,,0,0.0
OAS30607,8.0,7.0,4.0,3.0,,,20.0,16.0,41.0,74.0,39.0,,,,,,,86.6986,29.0,33.0,62.7,138.0,,,,,,0,0.0
OAS30608,,,,,25.0,,25.0,,30.0,62.0,,,,,,,,55.9808,30.0,34.0,,172.0,,,,,,1,0.5
OAS30608,,,,,17.0,17.0,28.0,15.0,30.0,55.0,54.0,60.0,,,,,,55.9808,30.0,34.0,71.0,170.0,,,,,,0,0.0
OAS30608,,,,,15.0,15.0,25.0,16.0,28.0,54.0,58.0,58.0,240369.9058,1654955.309,1056888.904,249330.9531,61509.0,55.9808,29.0,34.0,71.0,169.0,478615.1486,238245.2428,506001.7559,656992.1486,256670.8028,0,0.0
OAS30608,,,,,18.0,19.0,27.0,23.0,22.0,62.0,59.0,58.0,238463.6274,1653296.074,1054934.455,252278.132,60180.0,55.9808,29.0,34.0,71.0,178.0,475867.3664,237403.739,508114.0891,656221.3664,255835.957,0,0.0
OAS30608,,,,,17.0,15.0,24.0,20.0,22.0,55.0,57.0,58.0,,,,,,55.9808,27.0,34.0,71.0,181.0,,,,,,0,0.0
OAS30608,,,,,18.0,16.0,28.0,22.0,18.0,54.0,62.0,60.0,234415.8425,1641268.714,1034430.646,242706.6895,60458.0,55.9808,29.0,34.0,71.0,181.0,471779.3982,237363.5558,490721.2483,649851.3982,248014.5588,0,0.0
OAS30608,,,,,16.0,18.0,27.0,22.0,25.0,56.0,58.0,58.0,234415.8425,1641268.714,1034430.646,242706.6895,60458.0,55.9808,29.0,34.0,71.0,185.0,471779.3982,237363.5558,490721.2483,649851.3982,248014.5588,0,0.0
OAS30608,,,,,14.0,17.0,23.0,21.0,30.0,57.0,59.0,60.0,,,,,,55.9808,30.0,34.0,71.0,172.0,,,,,,0,0.0
OAS30608,,,,,18.0,19.0,27.0,13.0,22.0,43.0,54.0,58.0,,,,,,55.9808,30.0,34.0,71.0,171.0,,,,,,0,0.0
OAS30608,,,,,18.0,17.0,21.0,18.0,23.0,56.0,58.0,60.0,224916.8178,1614302.998,1004195.65,238085.3249,58407.0,55.9808,30.0,34.0,71.0,173.5,451304.2453,226387.4275,482256.4045,619325.2453,244171.0796,0,0.0
OAS30608,13.0,9.0,9.0,6.0,,,20.0,17.0,24.0,57.0,57.0,,224916.8178,1614302.998,1004195.65,238085.3249,58407.0,55.9808,30.0,34.0,70.5,173.0,451304.2453,226387.4275,482256.4045,619325.2453,244171.0796,0,0.0
OAS30608,7.0,6.0,9.0,6.0,,,24.0,12.0,32.0,65.0,52.0,,211616.8448,1609403.812,988974.1038,242298.9451,58200.0,55.9808,30.0,34.0,70.5,185.0,427503.7263,215886.8815,490619.3775,601800.7263,248320.4324,0,0.0
OAS30608,12.0,8.0,9.0,6.0,,,22.0,17.0,,,,,,,,,,55.9808,,34.0,,,,,,,,0,0.0
OAS30610,,,,,7.0,1.0,12.0,5.0,42.0,180.0,45.0,50.0,192376.3841,1421620.774,819838.6507,175185.5483,44489.0,75.6767,21.0,34.0,66.0,172.0,380568.6661,188192.282,348964.9846,508331.6661,173779.4363,2,1.0
OAS30610,,,,,5.0,0.0,17.0,7.0,59.0,100.0,42.0,42.0,192376.3841,1421620.774,819838.6507,175185.5483,44489.0,75.6767,20.0,34.0,65.0,182.0,380568.6661,188192.282,348964.9846,508331.6661,173779.4363,2,1.0
OAS30610,,,,,5.0,0.0,11.0,21.0,44.0,,24.0,36.0,,,,,,75.6767,21.0,34.0,66.0,184.0,,,,,,2,1.0
OAS30612,,,,,27.0,,31.0,,27.0,56.0,,,200640.8599,1512456.799,915523.1864,205802.8479,54243.0,64.4603,30.0,33.0,64.5,161.0,407257.435,206616.5752,417001.7514,553259.435,211198.9035,0,0.0
OAS30612,,,,,40.0,,26.0,,43.0,76.0,,,199667.6014,1508941.989,910639.1056,201172.4553,55618.0,64.4603,30.0,33.0,64.0,156.0,405216.9503,205549.3489,405909.1553,552003.9503,204736.7001,1,0.5
OAS30612,,,,,31.0,,27.0,,26.0,51.0,,,193107.0868,1443041.966,894655.9029,200106.1208,52215.0,64.4603,29.0,33.0,64.0,167.0,391912.1259,198805.0391,405077.777,524312.1259,204971.6561,0,0.0
OAS30612,,,,,33.0,,21.0,,34.0,83.0,,,193107.0868,1443041.966,894655.9029,200106.1208,52215.0,64.4603,27.0,33.0,64.0,160.0,391912.1259,198805.0391,405077.777,524312.1259,204971.6561,0,0.0
OAS30612,,,,,29.0,,24.0,,29.0,72.0,,,189701.3792,1470798.859,897642.3489,202625.888,53563.0,64.4603,30.0,33.0,64.25,160.0,384142.168,194440.7888,408563.1809,529493.168,205937.2929,0,0.0
OAS30612,,,,,34.0,,27.0,,27.0,54.0,,,189701.3792,1470798.859,897642.3489,202625.888,53563.0,64.4603,29.0,33.0,63.8,142.3999023,384142.168,194440.7888,408563.1809,529493.168,205937.2929,0,0.0
OAS30612,9.0,7.0,7.0,5.0,,,33.0,13.0,,,,,,,,,,64.4603,,33.0,,,,,,,,1,0.5
OAS30613,,,,,1.0,1.0,6.0,6.0,55.0,180.0,14.0,38.0,,,,,,82.9836,25.0,33.0,70.0,203.0,,,,,,2,1.0
OAS30613,,,,,3.0,0.0,13.0,7.0,57.0,180.0,18.0,40.0,,,,,,82.9836,25.0,33.0,69.0,209.0,,,,,,2,1.0
OAS30613,,,,,0.0,0.0,9.0,6.0,98.0,,14.0,32.0,,,,,,82.9836,21.0,33.0,70.3,189.0,,,,,,2,1.0
OAS30614,,,,,,,17.0,,53.0,128.0,30.0,57.0,,,,,,73.5534,29.0,23.0,,119.0,,,,,,0,0.0
OAS30614,,,,,,,16.0,,48.0,120.0,32.0,57.0,,,,,,73.5534,29.0,23.0,,120.0,,,,,,0,0.0
OAS30614,,,,,,,22.0,,42.0,124.0,33.0,58.0,,,,,,73.5534,29.0,23.0,,119.0,,,,,,0,0.0
OAS30614,,,,,,,16.0,,62.0,120.0,31.0,60.0,174944.3201,1317894.647,787864.4047,173702.75,153890.7887,73.5534,29.0,23.0,,122.0,351558.0286,176613.7085,350652.3906,505448.8174,176949.6406,0,0.0
OAS30614,,,,,12.0,8.0,18.0,12.0,35.0,110.0,27.0,58.0,,,,,,73.5534,27.0,23.0,60.5,112.0,,,,,,0,0.0
OAS30614,,,,,8.0,10.0,13.0,11.0,31.0,114.0,33.0,56.0,173437.2363,1413684.519,771704.8013,158669.4318,44728.0,73.5534,26.0,23.0,61.0,122.0,345695.3103,172258.0741,315695.491,479879.3103,157026.0592,0,0.0
OAS30614,,,,,10.0,9.0,11.0,7.0,46.0,180.0,26.0,56.0,,,,,,73.5534,26.0,23.0,61.0,128.0,,,,,,0,0.0
OAS30614,,,,,6.0,3.0,12.0,6.0,43.0,146.0,27.0,58.0,168777.0473,1398866.671,750105.0773,150640.4641,43323.0,73.5534,29.0,23.0,60.5,125.0,336439.9132,167662.8659,299519.1641,462331.9132,148878.7,1,0.5
OAS30615,,,,,9.0,7.0,17.0,11.0,19.0,46.0,52.0,56.0,214208.0095,1607764.223,992856.0583,258814.9219,200384.9229,67.6301,29.0,23.0,68.5,160.0,422877.2209,208669.2114,527297.5781,623262.1438,268482.6563,0,0.0
OAS30615,,,,,16.0,15.0,13.0,11.0,19.0,44.0,56.0,58.0,214081.0164,1575577.335,974813.4314,233293.0339,55443.0,67.6301,29.0,23.0,68.5,158.0,428092.2078,214011.1914,469090.2236,592741.2078,235797.1897,0,0.0
OAS30615,,,,,15.0,14.0,21.0,16.0,23.0,88.0,57.0,54.0,214449.3792,1570772.187,968270.1017,230211.7814,53468.0,67.6301,26.0,23.0,68.0,160.0,431333.6107,216884.2316,460462.491,592939.6107,230250.7096,0,0.0
OAS30615,,,,,12.0,13.0,22.0,14.0,28.0,58.0,57.0,58.0,,,,,,67.6301,29.0,23.0,58.7,160.0,,,,,,0,0.0
OAS30615,,,,,13.0,13.0,18.0,12.0,23.0,62.0,55.0,56.0,208203.7985,1561156.365,944115.608,224931.1398,52326.0,67.6301,29.0,23.0,68.0,160.0,414531.3269,206327.5285,451174.2811,572519.3269,226243.1412,0,0.0
OAS30615,,,,,12.0,10.0,20.0,14.0,23.0,52.0,53.0,56.0,,,,,,67.6301,29.0,23.0,68.0,158.0,,,,,,0,0.0
OAS30615,,,,,13.0,13.0,21.0,15.0,30.0,65.0,59.0,56.0,,,,,,67.6301,29.0,23.0,68.25,157.0,,,,,,0,0.0
OAS30615,,,,,10.0,10.0,21.0,14.0,24.0,65.0,50.0,54.0,,,,,,67.6301,28.0,23.0,88.8,157.0,,,,,,0,0.0
OAS30615,6.0,5.0,6.0,4.0,,,17.0,14.0,26.0,52.0,50.0,,,,,,,67.6301,29.0,23.0,68.5,159.0,,,,,,0,0.0
OAS30615,8.0,7.0,3.0,3.0,,,19.0,10.0,26.0,58.0,47.0,,,,,,,67.6301,29.0,23.0,68.5,158.0,,,,,,0,0.0
OAS30615,5.0,5.0,4.0,4.0,,,19.0,10.0,26.0,55.0,34.0,,,,,,,67.6301,26.0,23.0,68.3,156.0,,,,,,0,0.0
OAS30616,,,,,4.0,3.0,5.0,6.0,115.0,180.0,13.0,18.0,166583.7871,1479508.478,809642.3323,187887.6695,42290.0,76.3178,24.0,34.0,63.0,141.0,332192.0434,165608.2563,373157.2889,467925.0434,185269.6194,2,1.0
OAS30618,7.0,6.0,6.0,5.0,4.0,0.0,16.0,8.0,35.0,88.0,39.0,,185813.6925,1422725.76,884729.6023,215038.6466,48620.0,65.2959,23.0,44.0,64.0,211.0,375552.0322,189738.3397,431839.5701,495419.0322,216800.9235,1,0.5
OAS30618,7.0,6.0,6.0,5.0,,,15.0,7.0,42.0,180.0,43.0,,185813.6925,1422725.76,884729.6023,215038.6466,48620.0,65.2959,25.0,44.0,64.25,206.0,375552.0322,189738.3397,431839.5701,495419.0322,216800.9235,1,0.5
OAS30618,6.0,5.0,4.0,3.0,,,12.0,6.0,51.0,71.0,40.0,,,,,,,65.2959,23.0,44.0,63.75,196.0,,,,,,2,1.0
OAS30619,,,,,,,24.0,,29.0,102.0,55.0,58.0,,,,,,81.5479,29.0,33.0,,149.0,,,,,,0,0.0
OAS30619,,,,,,,28.0,,27.0,130.0,52.0,54.0,,,,,,81.5479,28.0,33.0,,152.0,,,,,,0,0.0
OAS30619,,,,,,,27.0,,34.0,90.0,53.0,59.0,,,,,,81.5479,28.0,33.0,,151.0,,,,,,0,0.0
OAS30619,,,,,,,23.0,,41.0,111.0,49.0,58.0,,,,,,81.5479,30.0,33.0,,150.0,,,,,,0,0.0
OAS30619,,,,,12.0,12.0,29.0,13.0,21.0,63.0,46.0,54.0,,,,,,81.5479,28.0,33.0,61.8,140.0,,,,,,0,0.0
OAS30619,,,,,12.0,11.0,26.0,11.0,23.0,97.0,49.0,56.0,183140.7881,1645411.464,959497.1495,232665.6006,45118.0,81.5479,26.0,33.0,62.0,123.0,371730.9883,188590.2002,467791.1612,504561.9883,235125.5606,1,0.5
OAS30619,,,,,10.0,10.0,34.0,14.0,35.0,89.0,49.0,56.0,183140.7881,1645411.464,959497.1495,232665.6006,45118.0,81.5479,28.0,33.0,62.0,127.0,371730.9883,188590.2002,467791.1612,504561.9883,235125.5606,0,0.0
OAS30619,,,,,9.0,7.0,29.0,16.0,36.0,116.0,51.0,58.0,,,,,,81.5479,27.0,33.0,61.5,127.0,,,,,,1,0.5
OAS30619,,,,,14.0,11.0,31.0,12.0,26.0,178.0,,52.0,,,,,,81.5479,30.0,33.0,61.5,126.0,,,,,,1,0.5
OAS30619,,,,,8.0,8.0,29.0,18.0,33.0,180.0,50.0,58.0,,,,,,81.5479,27.0,33.0,61.0,127.0,,,,,,1,0.5
OAS30620,,,,,38.0,,29.0,,27.0,73.0,,,195318.3886,1184047.127,868435.2913,198940.369,45718.0,60.7863,29.0,33.0,65.0,194.0,391793.829,196475.4405,399226.4623,518745.829,200286.0933,0,0.0
OAS30620,,,,,34.0,,28.0,,36.0,54.0,,,185896.6787,1212949.409,853328.6017,196280.0715,44845.0,60.7863,30.0,33.0,65.3,195.0,376921.5123,191024.8336,395635.0894,499198.5123,199355.018,0,0.0
OAS30620,,,,,28.0,,23.0,,30.0,45.0,,,185896.6787,1212949.409,853328.6017,196280.0715,44845.0,60.7863,30.0,33.0,65.6,198.0,376921.5123,191024.8336,395635.0894,499198.5123,199355.018,0,0.0
OAS30620,,,,,31.0,,25.0,,29.0,55.0,,,,,,,,60.7863,29.0,33.0,65.0,208.0,,,,,,0,0.0
OAS30620,,,,,39.0,,29.0,,28.0,53.0,,,186518.7244,1365388.348,846095.535,183663.7567,48189.0,60.7863,29.0,33.0,65.0,198.3999023,374797.0899,188278.3655,380841.4452,507256.0899,197177.6885,0,0.0
OAS30621,,,,,17.0,,17.0,,32.0,64.0,,,,,,,,57.4219,30.0,33.0,72.0,204.0,,,,,,0,0.0
OAS30621,,,,,23.0,,22.0,,36.0,64.0,,,,,,,,57.4219,29.0,33.0,72.0,211.0,,,,,,0,0.0
OAS30624,,,,,15.0,16.0,22.0,18.0,24.0,53.0,58.0,56.0,183374.2872,1360298.996,841151.9871,202831.0574,47998.0,68.8438,30.0,34.0,64.0,176.0,368290.3752,184916.088,404800.612,507435.3752,201969.5546,0,0.0
OAS30624,,,,,13.0,13.0,21.0,24.0,29.0,60.0,54.0,58.0,,,,,,68.8438,30.0,34.0,65.0,,,,,,,0,0.0
OAS30624,,,,,17.0,18.0,19.0,18.0,29.0,91.0,53.0,60.0,,,,,,68.8438,29.0,34.0,64.0,184.0,,,,,,0,0.0
OAS30624,,,,,14.0,16.0,28.0,18.0,32.0,62.0,52.0,60.0,,,,,,68.8438,29.0,34.0,64.0,177.0,,,,,,0,0.0
OAS30624,,,,,14.0,14.0,26.0,18.0,18.0,103.0,55.0,60.0,180088.5615,1364668.54,811346.1745,187445.6042,46922.0,68.8438,30.0,34.0,64.5,176.0,363969.9865,183881.425,374925.188,499466.9865,187479.5838,0,0.0
OAS30624,,,,,18.0,18.0,29.0,20.0,23.0,62.0,48.0,60.0,,,,,,68.8438,29.0,34.0,64.0,167.0,,,,,,0,0.0
OAS30624,,,,,16.0,14.0,29.0,22.0,29.0,60.0,49.0,58.0,,,,,,68.8438,30.0,34.0,64.0,172.0,,,,,,0,0.0
OAS30624,,,,,16.0,17.0,25.0,21.0,22.0,78.0,54.0,60.0,182204.1708,1362708.287,798591.4901,177748.7906,45925.0,68.8438,29.0,34.0,64.0,177.0,365919.8576,183715.6868,355443.6326,497433.8576,177694.8419,0,0.0
OAS30624,,,,,17.0,19.0,24.0,20.0,23.0,47.0,47.0,58.0,182204.1708,1362708.287,798591.4901,177748.7906,45925.0,68.8438,30.0,34.0,64.0,172.0,365919.8576,183715.6868,355443.6326,497433.8576,177694.8419,0,0.0
OAS30624,9.0,7.0,6.0,5.0,,,26.0,19.0,23.0,69.0,58.0,,,,,,,68.8438,29.0,34.0,63.5,175.0,,,,,,0,0.0
OAS30624,9.0,7.0,8.0,6.0,,,29.0,15.0,18.0,52.0,57.0,,,,,,,68.8438,30.0,34.0,64.0,169.0,,,,,,0,0.0
OAS30624,11.0,8.0,8.0,6.0,,,26.0,14.0,37.0,64.0,49.0,,,,,,,68.8438,30.0,34.0,63.5,165.7999268,,,,,,0,0.0
OAS30625,,,,,8.0,6.0,20.0,9.0,54.0,66.0,49.0,58.0,229571.4685,1647419.027,1072433.471,264645.7999,57067.0,68.1123,29.0,34.0,73.2,244.0,460524.9013,230953.4328,533546.5697,628589.9013,268900.7698,0,0.0
OAS30625,,,,,14.0,13.0,21.0,7.0,30.0,56.0,60.0,60.0,,,,,,68.1123,29.0,34.0,73.0,255.0,,,,,,0,0.0
OAS30625,,,,,12.0,11.0,18.0,10.0,24.0,73.0,56.0,60.0,,,,,,68.1123,29.0,34.0,73.0,244.0,,,,,,0,0.0
OAS30625,,,,,14.0,13.0,25.0,6.0,24.0,41.0,66.0,54.0,227908.8644,1679929.88,1067674.148,258498.5279,56250.0,68.1123,29.0,34.0,71.0,252.0,465538.2506,237629.3862,517717.8976,636332.2506,259219.3697,0,0.0
OAS30625,,,,,14.0,12.0,26.0,8.0,19.0,48.0,56.0,60.0,227908.8644,1679929.88,1067674.148,258498.5279,56250.0,68.1123,30.0,34.0,71.0,257.0,465538.2506,237629.3862,517717.8976,636332.2506,259219.3697,0,0.0
OAS30625,8.0,7.0,8.0,5.0,,,22.0,8.0,19.0,54.0,56.0,,,,,,,68.1123,29.0,34.0,88.8,888.0,,,,,,0,0.0
OAS30625,9.0,7.0,7.0,5.0,,,23.0,10.0,24.0,52.0,58.0,,222933.3301,1693811.762,1055577.175,251731.2085,55130.0,68.1123,30.0,34.0,72.5,250.0,454103.0353,231169.7052,512345.1396,612155.0353,260613.9311,0,0.0
OAS30625,8.0,6.0,10.0,7.0,,,22.0,6.0,35.0,124.0,53.0,,222933.3301,1693811.762,1055577.175,251731.2085,55130.0,68.1123,30.0,34.0,71.3,237.1999512,454103.0353,231169.7052,512345.1396,612155.0353,260613.9311,0,0.0
OAS30625,10.0,7.0,7.0,6.0,,,25.0,8.0,,,,,,,,,,68.1123,,34.0,,,,,,,,0,0.0
OAS30626,,,,,,,17.0,,30.0,140.0,66.0,56.0,,,,,,56.1123,30.0,33.0,,169.0,,,,,,0,0.0
OAS30626,,,,,28.0,,19.0,,23.0,55.0,,,215501.7818,1498536.261,948830.9779,218081.6036,54803.0,56.1123,30.0,33.0,62.6,164.0,431043.7246,215541.9428,436485.2533,596218.7246,218403.6497,0,0.0
OAS30627,,,,,,,8.0,,48.0,131.0,42.0,57.0,,,,,,80.4493,28.0,33.0,,184.0,,,,,,1,0.5
OAS30627,,,,,,,8.0,,64.0,125.0,31.0,56.0,,,,,,80.4493,26.0,33.0,,187.0,,,,,,1,0.5
OAS30627,,,,,13.0,11.0,8.0,6.0,78.0,180.0,26.0,52.0,,,,,,80.4493,27.0,33.0,68.0,156.0,,,,,,2,1.0
OAS30628,,,,,9.0,10.0,16.0,12.0,49.0,80.0,48.0,58.0,,,,,,79.3068,26.0,33.0,67.3,178.0,,,,,,0,0.0
OAS30628,,,,,12.0,9.0,15.0,14.0,35.0,84.0,44.0,54.0,164374.4603,1215042.139,738073.0963,166791.0589,41045.0,79.3068,27.0,33.0,67.0,174.0,332016.436,167641.9756,337231.6604,457598.436,170440.6015,0,0.0
OAS30628,,,,,10.0,10.0,16.0,11.0,43.0,80.0,47.0,56.0,,,,,,79.3068,30.0,33.0,67.0,175.0,,,,,,0,0.0
OAS30628,,,,,13.0,13.0,17.0,12.0,44.0,125.0,51.0,54.0,,,,,,79.3068,30.0,33.0,67.0,180.0,,,,,,0,0.0
OAS30628,,,,,14.0,12.0,16.0,12.0,43.0,80.0,50.0,58.0,,,,,,79.3068,28.0,33.0,67.0,176.0,,,,,,0,0.0
OAS30628,,,,,15.0,12.0,19.0,14.0,46.0,83.0,47.0,56.0,,,,,,79.3068,28.0,33.0,88.8,156.0,,,,,,0,0.0
OAS30628,,,,,11.0,11.0,16.0,13.0,54.0,121.0,47.0,58.0,,,,,,79.3068,29.0,33.0,66.5,171.0,,,,,,0,0.0
OAS30628,7.0,6.0,6.0,4.0,,,18.0,12.0,50.0,118.0,45.0,,,,,,,79.3068,30.0,33.0,66.0,165.0,,,,,,0,0.0
OAS30628,7.0,6.0,6.0,5.0,,,17.0,15.0,47.0,89.0,49.0,,,,,,,79.3068,29.0,33.0,66.5,165.7999268,,,,,,0,0.0
OAS30630,,,,,9.0,6.0,24.0,10.0,52.0,137.0,30.0,54.0,220687.001,1666228.159,991493.5665,212324.8293,54176.0,69.4384,30.0,33.0,68.5,163.0,439030.1893,218343.1883,435406.3773,583500.1893,223081.548,1,0.5
OAS30630,,,,,7.0,4.0,17.0,9.0,61.0,161.0,31.0,54.0,220687.001,1666228.159,991493.5665,212324.8293,54176.0,69.4384,27.0,33.0,68.0,164.0,439030.1893,218343.1883,435406.3773,583500.1893,223081.548,1,0.5
OAS30631,,,,,26.0,,23.0,,44.0,78.0,,,246036.5973,1692614.581,1091206.728,255325.1494,57697.0,60.4493,30.0,33.0,72.0,200.0,497050.0206,251013.4233,514107.7074,654259.0206,258782.558,0,0.0
OAS30632,,,,,9.0,9.0,29.0,18.0,37.0,141.0,49.0,58.0,227187.5574,1659886.291,1046130.848,248591.8009,63115.0,57.389,27.0,34.0,70.0,212.0,451185.5522,223997.9948,494456.2955,624218.5522,245864.4946,0,0.0
OAS30632,,,,,12.0,12.0,26.0,11.0,38.0,94.0,62.0,56.0,,,,,,57.389,30.0,34.0,70.0,206.0,,,,,,0,0.0
OAS30632,,,,,14.0,14.0,33.0,20.0,35.0,60.0,60.0,58.0,221005.7391,1614538.722,1038498.512,250964.5995,63219.0,57.389,30.0,34.0,70.0,210.0,440206.4756,219200.7365,497417.036,609335.4756,246452.4365,0,0.0
OAS30632,,,,,18.0,17.0,24.0,12.0,33.0,64.0,58.0,56.0,221005.7391,1614538.722,1038498.512,250964.5995,63219.0,57.389,30.0,34.0,70.5,215.0,440206.4756,219200.7365,497417.036,609335.4756,246452.4365,0,0.0
OAS30632,,,,,16.0,15.0,23.0,11.0,31.0,54.0,64.0,60.0,,,,,,57.389,29.0,34.0,70.3,218.0,,,,,,0,0.0
OAS30632,12.0,8.0,8.0,6.0,,,26.0,16.0,31.0,53.0,61.0,,,,,,,57.389,30.0,34.0,70.5,218.0,,,,,,0,0.0
OAS30632,13.0,9.0,9.0,6.0,,,22.0,16.0,30.0,51.0,58.0,,219302.6041,1607913.872,1034645.29,246597.4017,61251.0,57.389,29.0,34.0,70.0,220.0,438726.8321,219424.2279,494543.458,608744.8321,247946.0563,0,0.0
OAS30632,13.0,9.0,6.0,4.0,,,21.0,15.0,28.0,50.0,60.0,,219302.6041,1607913.872,1034645.29,246597.4017,61251.0,57.389,30.0,34.0,70.5,223.0,438726.8321,219424.2279,494543.458,608744.8321,247946.0563,0,0.0
OAS30633,,,,,26.0,,26.0,,30.0,53.0,,,243693.2952,1557304.542,1050139.265,240692.6324,60551.0,54.8521,29.0,34.0,66.7,139.0,486012.5533,242319.2581,484003.7115,634330.5533,243311.0791,0,0.0
OAS30633,,,,,26.0,,22.0,,25.0,51.0,,,,,,,,54.8521,30.0,34.0,67.0,147.0,,,,,,0,0.0
OAS30633,,,,,26.0,,30.0,,32.0,77.0,,,229822.4986,1607026.668,1021253.371,236629.0959,57767.0,54.8521,30.0,34.0,68.5,135.0,458843.8656,229021.3671,482338.5056,600869.8656,245709.4097,0,0.0
OAS30633,,,,,25.0,,24.0,,31.0,64.0,,,227288.2915,1581075.885,1014481.631,235018.5142,58315.0,54.8521,30.0,34.0,66.5,138.0,456751.5721,229463.2806,474912.0589,600097.5721,239893.5447,0,0.0
OAS30634,,,,,14.0,14.0,17.0,13.0,34.0,148.0,32.0,52.0,179442.2716,1400517.718,813437.4003,185567.2131,45732.0,86.2329,27.0,33.0,66.0,175.0,357844.3752,178402.1036,371199.0251,484348.3752,185631.8121,0,0.0
OAS30635,,,,,18.0,15.0,20.0,16.0,43.0,77.0,36.0,54.0,225649.354,1479982.668,987048.446,231752.4509,59249.0,68.9863,29.0,33.0,66.0,238.0,451999.596,226350.242,463790.85,599912.596,232038.3991,0,0.0
OAS30635,,,,,16.0,15.0,22.0,15.0,32.0,108.0,43.0,56.0,226596.5868,1462635.224,983244.9447,227109.6718,58574.0,68.9863,29.0,33.0,66.6,237.0,453567.5294,226970.9426,458226.4153,601952.5294,231116.7435,0,0.0
OAS30635,,,,,13.0,13.0,19.0,11.0,41.0,104.0,37.0,60.0,217942.7639,1454664.13,956931.497,224467.6506,58405.0,68.9863,30.0,33.0,66.5,242.0,434813.0656,216870.3017,448959.4314,578081.0656,224491.7807,0,0.0
OAS30635,,,,,18.0,16.0,19.0,14.0,35.0,85.0,39.0,58.0,217942.7639,1454664.13,956931.497,224467.6506,58405.0,68.9863,30.0,33.0,66.25,236.0,434813.0656,216870.3017,448959.4314,578081.0656,224491.7807,0,0.0
OAS30635,8.0,7.0,7.0,5.0,,,17.0,8.0,38.0,95.0,29.0,,,,,,,68.9863,29.0,33.0,66.0,224.0,,,,,,0,0.0
OAS30635,9.0,7.0,6.0,5.0,,,20.0,13.0,40.0,140.0,31.0,,,,,,,68.9863,28.0,33.0,67.0,220.0,,,,,,0,0.0
OAS30636,,,,,32.0,,21.0,,32.0,55.0,,,207851.1221,1433447.228,904798.1158,204928.1927,53592.0,58.3068,30.0,24.0,65.7,115.0,420943.4596,213092.3375,412847.6562,573593.4596,207919.4635,0,0.0
OAS30636,,,,,31.0,,17.0,,30.0,80.0,,,195957.7219,1353976.922,881572.2417,204243.8641,53470.0,58.3068,30.0,24.0,65.3,110.0,398008.4987,202050.7768,412134.7431,547508.4987,207890.879,0,0.0
OAS30636,,,,,37.0,,17.0,,29.0,73.0,,,201436.5673,1396743.621,895409.3049,207177.5331,51504.0,58.3068,30.0,24.0,65.5,115.0,407305.3456,205868.7783,416445.9594,554853.3456,209268.4262,0,0.0
OAS30637,6.0,5.0,10.0,6.0,15.0,13.0,18.0,10.0,28.0,58.0,52.0,,203542.8206,1591992.407,973840.0184,228727.5393,55891.0,73.2247,30.0,33.0,68.7,210.0,409006.1156,205463.295,455475.9028,559444.1156,226748.3636,0,0.0
OAS30637,9.0,7.0,6.0,4.0,,,16.0,11.0,23.0,62.0,53.0,,,,,,,73.2247,30.0,33.0,68.5,231.0,,,,,,0,0.0
OAS30637,6.0,5.0,6.0,4.0,,,19.0,11.0,21.0,45.0,53.0,,205357.7498,1587313.532,963123.58,220533.6884,54424.0,73.2247,29.0,33.0,69.0,228.0,413004.0037,207646.2539,438576.5763,558941.0037,218042.8879,0,0.0
OAS30637,9.0,7.0,7.0,5.0,,,20.0,9.0,,,,,,,,,,73.2247,,33.0,,,,,,,,0,0.0
OAS30637,8.0,6.0,6.0,4.0,,,17.0,8.0,,,,,,,,,,73.2247,30.0,33.0,68.5,236.1999512,,,,,,0,0.0
OAS30638,,,,,24.0,,23.0,,25.0,98.0,,,232556.268,1642815.36,1107910.4,282536.0554,60982.0,42.4986,30.0,33.0,69.5,204.0,459687.2502,227130.9822,561487.1498,612398.2502,278951.0943,0,0.0
OAS30638,,,,,25.0,,18.0,,30.0,57.0,,,,,,,,42.4986,30.0,33.0,69.0,203.0,,,,,,0,0.0
OAS30641,,,,,8.0,3.0,12.0,10.0,41.0,103.0,27.0,52.0,,,,,,67.5973,26.0,33.0,69.5,191.0,,,,,,1,0.5
OAS30641,,,,,10.0,6.0,13.0,9.0,48.0,93.0,32.0,46.0,225607.8407,1910751.556,1108172.525,237018.0083,55424.0,67.5973,23.0,33.0,70.0,196.0,460361.4528,234753.6121,486926.0722,631035.4528,249908.0639,1,0.5
OAS30641,,,,,7.0,3.0,14.0,7.0,48.0,105.0,29.0,44.0,225607.8407,1910751.556,1108172.525,237018.0083,55424.0,67.5973,26.0,33.0,69.0,202.0,460361.4528,234753.6121,486926.0722,631035.4528,249908.0639,1,0.5
OAS30641,,,,,6.0,3.0,13.0,7.0,46.0,140.0,31.0,44.0,,,,,,67.5973,21.0,33.0,70.0,200.0,,,,,,1,0.5
OAS30641,,,,,9.0,1.0,11.0,10.0,50.0,125.0,29.0,48.0,,,,,,67.5973,25.0,33.0,68.3,198.0,,,,,,2,1.0
OAS30642,,,,,28.0,,23.0,,31.0,57.0,,,184981.504,1180906.481,799647.0551,179769.1944,48706.0,59.8603,30.0,23.0,63.0,217.0,367997.6578,183016.1537,359819.3974,505216.6578,180050.2029,0,0.0
OAS30642,,,,,31.0,,24.0,,24.0,49.0,,,183322.6277,1166376.539,795509.065,177896.3595,48004.0,59.8603,30.0,23.0,62.6,246.0,365511.7609,182189.1332,356487.304,501577.7609,178590.9446,0,0.0
OAS30643,,,,,16.0,17.0,18.0,14.0,48.0,79.0,48.0,60.0,228341.5345,1548967.722,963369.2351,211937.4868,56910.0,66.2137,30.0,33.0,69.0,165.0,453505.5236,225163.9891,421260.7115,613624.5236,209323.2246,0,0.0
OAS30643,,,,,16.0,18.0,22.0,14.0,25.0,86.0,57.0,60.0,,,,,,66.2137,29.0,33.0,69.0,172.0,,,,,,0,0.0
OAS30643,,,,,22.0,21.0,20.0,17.0,32.0,64.0,49.0,58.0,,,,,,66.2137,30.0,33.0,69.3,163.0,,,,,,0,0.0
OAS30643,,,,,22.0,22.0,21.0,14.0,31.0,60.0,49.0,58.0,215884.516,1493934.141,923286.2735,200671.6664,53957.0,66.2137,30.0,33.0,69.5,166.0,432141.8063,216257.2902,398740.4672,578308.8063,198068.8008,0,0.0
OAS30643,,,,,20.0,20.0,21.0,13.0,25.0,63.0,43.0,58.0,215884.516,1493934.141,923286.2735,200671.6664,53957.0,66.2137,30.0,33.0,69.75,167.0,432141.8063,216257.2902,398740.4672,578308.8063,198068.8008,0,0.0
OAS30643,6.0,5.0,8.0,5.0,,,16.0,11.0,27.0,63.0,45.0,,218156.0939,1516707.562,939228.2999,203825.0937,55131.0,66.2137,28.0,33.0,69.3,165.0,436140.6158,217984.5219,408772.6841,591864.6158,204947.5905,0,0.0
OAS30643,11.0,8.0,10.0,7.0,,,16.0,11.0,32.0,56.0,42.0,,214719.9604,1514359.266,915996.9508,196270.8564,54471.0,66.2137,30.0,33.0,69.25,164.0,428865.1041,214145.1437,391625.8466,583693.1041,195354.9903,0,0.0
OAS30644,6.0,6.0,4.0,4.0,12.0,12.0,17.0,10.0,30.0,105.0,50.0,,194794.9997,1323039.027,878126.5289,202126.6922,51877.0,69.126,29.0,33.0,64.0,189.0,389588.6405,194793.6408,404184.8884,533294.6405,202058.1962,0,0.0
OAS30644,4.0,4.0,5.0,4.0,,,19.0,16.0,30.0,107.0,51.0,,,,,,,69.126,29.0,33.0,64.0,196.0,,,,,,0,0.0
OAS30647,,,,,38.0,,24.0,,31.0,75.0,,,227783.9013,1562626.615,1013101.699,236475.6468,54423.0,54.5315,29.0,34.0,64.5,215.0,454794.467,227010.5657,470439.2316,604125.467,233963.5848,0,0.0
OAS30647,,,,,32.0,,27.0,,23.0,45.0,,,224856.2506,1516712.77,995987.3114,232968.3157,53847.0,54.5315,29.0,34.0,64.0,232.0,445612.1958,220755.9451,463587.1156,591790.1958,230618.7999,0,0.0
OAS30648,,,,,5.0,0.0,15.0,17.0,58.0,180.0,29.0,44.0,,,,,,89.8247,25.0,33.0,63.0,122.0,,,,,,1,0.5
OAS30648,,,,,9.0,2.0,13.0,11.0,33.0,134.0,39.0,42.0,,,,,,89.8247,26.0,33.0,62.8,117.0,,,,,,1,0.5
OAS30649,,,,,8.0,9.0,,5.0,23.0,58.0,55.0,48.0,216224.9333,1578919.217,972807.3883,220968.9067,48106.0,71.6959,27.0,33.0,65.5,215.0,438558.9696,222334.0363,451505.4187,576124.9696,230536.512,1,0.5
OAS30649,,,,,6.0,2.0,15.0,6.0,32.0,56.0,44.0,44.0,216224.9333,1578919.217,972807.3883,220968.9067,48106.0,71.6959,26.0,33.0,66.0,215.0,438558.9696,222334.0363,451505.4187,576124.9696,230536.512,1,0.5
OAS30651,,,,,18.0,15.0,17.0,17.0,28.0,57.0,54.0,54.0,196102.2869,1423246.421,895750.7917,209810.1426,50767.0,66.9671,30.0,33.0,63.0,163.0,396008.6446,199906.3577,422284.1471,532444.6446,212474.0045,0,0.0
OAS30651,,,,,21.0,21.0,21.0,18.0,27.0,77.0,61.0,58.0,,,,,,66.9671,26.0,33.0,62.0,157.0,,,,,,0,0.0
OAS30651,,,,,12.0,16.0,18.0,19.0,24.0,45.0,55.0,58.0,189148.3788,1395286.679,869770.4239,204388.3943,50473.0,66.9671,30.0,33.0,63.0,150.0,381169.8233,192021.4445,409981.6006,515833.8233,205593.2063,0,0.0
OAS30651,,,,,18.0,19.0,26.0,19.0,32.0,53.0,51.0,60.0,184751.2979,1383590.405,861838.72,205282.8686,49267.0,66.9671,30.0,33.0,63.0,147.0,370528.2575,185776.9595,412690.4625,502647.2575,207407.5939,0,0.0
OAS30651,12.0,9.0,7.0,5.0,,,13.0,14.0,28.0,180.0,46.0,,180940.7181,1394482.533,839651.2375,197434.4226,46167.0,66.9671,30.0,33.0,63.0,120.0,362830.4116,181889.6936,395399.8259,488724.4116,197965.4033,0,0.0
OAS30651,12.0,8.0,8.0,6.0,,,18.0,13.0,35.0,107.0,47.0,,,,,,,66.9671,30.0,33.0,62.5,122.0,,,,,,0,0.0
OAS30652,,,,,14.0,9.0,12.0,13.0,30.0,66.0,40.0,54.0,,,,,,74.6466,29.0,23.0,69.0,162.0,,,,,,0,0.0
OAS30652,,,,,13.0,10.0,18.0,12.0,41.0,65.0,40.0,58.0,,,,,,74.6466,29.0,23.0,68.5,162.0,,,,,,0,0.0
OAS30652,,,,,20.0,17.0,20.0,15.0,32.0,58.0,44.0,58.0,243312.1935,1730598.089,1065625.006,240643.7424,54494.0,74.6466,28.0,23.0,69.0,167.0,489812.3251,246500.1316,481018.6807,639504.3251,240374.9383,0,0.0
OAS30652,,,,,16.0,14.0,16.0,16.0,27.0,101.0,45.0,54.0,242114.0155,1744425.779,1052885.616,235268.9982,53642.0,74.6466,28.0,23.0,68.5,161.0,488159.8906,246045.8752,468049.7253,635285.8906,232780.7271,0,0.0
OAS30652,,,,,10.0,10.0,19.0,14.0,30.0,58.0,41.0,60.0,242114.0155,1744425.779,1052885.616,235268.9982,53642.0,74.6466,30.0,23.0,68.0,156.0,488159.8906,246045.8752,468049.7253,635285.8906,232780.7271,0,0.0
OAS30652,,,,,12.0,13.0,20.0,11.0,30.0,73.0,43.0,52.0,,,,,,74.6466,29.0,23.0,68.0,163.0,,,,,,0,0.0
OAS30652,,,,,15.0,16.0,14.0,10.0,34.0,77.0,40.0,54.0,,,,,,74.6466,30.0,23.0,68.5,163.5,,,,,,0,0.0
OAS30652,,,,,13.0,13.0,13.0,10.0,25.0,66.0,37.0,54.0,,,,,,74.6466,29.0,23.0,69.0,164.0,,,,,,0,0.0
OAS30652,8.0,7.0,7.0,5.0,,,13.0,12.0,31.0,64.0,44.0,,,,,,,74.6466,29.0,23.0,68.7,158.0,,,,,,0,0.0
OAS30653,,,,,8.0,8.0,19.0,14.0,26.0,60.0,56.0,58.0,171843.598,1088880.917,742291.3023,167344.4223,42505.0,66.3178,26.0,44.0,64.5,119.0,341389.8811,169546.2832,335337.4212,460985.8811,167992.9989,1,0.5
OAS30653,,,,,10.0,3.0,13.0,13.0,27.0,75.0,55.0,56.0,,,,,,66.3178,27.0,44.0,65.0,119.0,,,,,,1,0.5
OAS30654,,,,,10.0,10.0,8.0,5.0,91.0,180.0,23.0,44.0,177980.8751,1426867.731,846630.0836,197743.8507,45527.0,83.1315,27.0,34.0,61.0,121.0,367543.4933,189562.6183,395978.5903,491757.4933,198234.7396,1,0.5
OAS30654,,,,,6.0,7.0,8.0,2.0,83.0,180.0,23.0,36.0,,,,,,83.1315,24.0,34.0,60.0,117.0,,,,,,1,0.5
OAS30654,,,,,4.0,3.0,9.0,1.0,180.0,180.0,6.0,26.0,,,,,,83.1315,12.0,34.0,60.7,128.0,,,,,,2,1.0
OAS30655,,,,,1.0,0.0,15.0,6.0,63.0,87.0,31.0,28.0,168494.3893,1545947.536,812348.0612,191213.2364,41543.0,85.7671,19.0,34.0,70.3,177.0,340771.114,172276.7247,390001.9472,472730.114,198788.7108,2,1.0
OAS30656,,,,,11.0,8.0,22.0,11.0,19.0,61.0,61.0,60.0,,,,,,70.2247,30.0,34.0,67.0,165.0,,,,,,0,0.0
OAS30656,,,,,14.0,10.0,29.0,13.0,21.0,63.0,58.0,58.0,,,,,,70.2247,28.0,34.0,67.0,169.0,,,,,,0,0.0
OAS30656,,,,,13.0,14.0,26.0,10.0,21.0,71.0,57.0,60.0,,,,,,70.2247,30.0,34.0,66.0,168.0,,,,,,0,0.0
OAS30656,,,,,10.0,12.0,27.0,9.0,19.0,66.0,60.0,60.0,,,,,,70.2247,28.0,34.0,67.0,160.0,,,,,,0,0.0
OAS30656,,,,,14.0,14.0,24.0,11.0,23.0,46.0,63.0,60.0,198522.461,1502586.196,923065.8674,214306.0875,53494.0,70.2247,30.0,34.0,67.0,163.0,399581.958,201059.4969,429133.9094,555880.958,214827.8219,0,0.0
OAS30656,,,,,11.0,12.0,34.0,12.0,19.0,53.0,63.0,60.0,198522.461,1502586.196,923065.8674,214306.0875,53494.0,70.2247,30.0,34.0,66.0,156.0,399581.958,201059.4969,429133.9094,555880.958,214827.8219,0,0.0
OAS30656,,,,,12.0,13.0,29.0,14.0,15.0,58.0,66.0,60.0,193018.6882,1499756.256,913059.2953,215100.1715,50193.0,70.2247,30.0,34.0,66.0,164.0,388399.2079,195380.5197,430183.0874,534017.2079,215082.9158,0,0.0
OAS30656,7.0,7.0,8.0,5.0,,,25.0,9.0,19.0,53.0,58.0,,193018.6882,1499756.256,913059.2953,215100.1715,50193.0,70.2247,29.0,34.0,66.0,162.0,388399.2079,195380.5197,430183.0874,534017.2079,215082.9158,0,0.0
OAS30656,6.0,6.0,6.0,5.0,,,25.0,8.0,18.0,56.0,61.0,,,,,,,70.2247,30.0,34.0,66.0,160.0,,,,,,0,0.0
OAS30657,,,,,13.0,12.0,13.0,18.0,33.0,64.0,52.0,52.0,205943.9856,1348426.161,899800.8193,214376.4149,49276.0,72.7726,30.0,33.0,68.2,162.0,408569.5947,202625.6091,429367.2246,533184.5947,214990.8097,0,0.0
OAS30657,,,,,12.0,14.0,17.0,20.0,45.0,70.0,55.0,56.0,205943.9856,1348426.161,899800.8193,214376.4149,49276.0,72.7726,29.0,33.0,63.0,163.0,408569.5947,202625.6091,429367.2246,533184.5947,214990.8097,0,0.0
OAS30657,,,,,21.0,19.0,16.0,14.0,35.0,57.0,49.0,48.0,,,,,,72.7726,30.0,33.0,63.0,166.0,,,,,,0,0.0
OAS30657,,,,,17.0,18.0,18.0,11.0,35.0,61.0,50.0,54.0,,,,,,72.7726,30.0,33.0,63.0,166.0,,,,,,0,0.0
OAS30657,8.0,6.0,6.0,5.0,,,15.0,14.0,33.0,74.0,51.0,,,,,,,72.7726,29.0,33.0,61.5,159.0,,,,,,0,0.0
OAS30657,7.0,6.0,8.0,6.0,,,13.0,13.0,28.0,56.0,47.0,,,,,,,72.7726,30.0,33.0,60.4,145.7999268,,,,,,0,0.0
OAS30658,,,,,14.0,11.0,14.0,17.0,49.0,110.0,24.0,46.0,176823.4216,1324872.02,810032.8148,192106.824,44555.0,70.6219,26.0,33.0,61.0,222.0,353609.0221,176785.6005,379643.7927,474677.0221,187536.9687,0,0.0
OAS30658,,,,,10.0,10.0,15.0,19.0,59.0,127.0,28.0,52.0,176823.4216,1324872.02,810032.8148,192106.824,44555.0,70.6219,25.0,33.0,61.5,224.0,353609.0221,176785.6005,379643.7927,474677.0221,187536.9687,0,0.0
OAS30658,,,,,13.0,14.0,16.0,11.0,71.0,97.0,28.0,50.0,,,,,,70.6219,26.0,33.0,61.0,224.0,,,,,,0,0.0
OAS30658,,,,,12.0,8.0,13.0,15.0,53.0,,25.0,48.0,,,,,,70.6219,27.0,33.0,61.5,187.0,,,,,,0,0.0
OAS30660,,,,,,,26.0,,18.0,35.0,68.0,60.0,191153.6633,1271573.987,851943.157,212110.0156,159474.4425,57.737,30.0,33.0,,133.0,384922.0058,193768.3425,428785.5625,544396.4483,216675.5469,0,0.0
OAS30660,,,,,42.0,,31.0,,18.0,39.0,,,,,,,,57.737,30.0,33.0,61.5,124.0,,,,,,0,0.0
OAS30660,,,,,37.0,,35.0,,20.0,48.0,,,,,,,,57.737,30.0,33.0,61.0,133.0,,,,,,0,0.0
OAS30660,,,,,39.0,,25.0,,22.0,41.0,,,191327.5271,1304517.143,840613.3183,190128.9618,49229.0,57.737,30.0,33.0,61.0,133.0,385594.1268,194266.5997,382351.1915,518927.1268,192222.2297,0,0.0
OAS30660,,,,,44.0,,26.0,,17.0,50.0,,,191327.5271,1304517.143,840613.3183,190128.9618,49229.0,57.737,29.0,33.0,61.0,132.0,385594.1268,194266.5997,382351.1915,518927.1268,192222.2297,0,0.0
OAS30660,,,,,38.0,,31.0,,21.0,41.0,,,,,,,,57.737,30.0,33.0,61.0,132.0,,,,,,0,0.0
OAS30660,,,,,41.0,,30.0,,21.0,42.0,,,186576.9112,1263029.084,828718.3267,188426.8667,46524.0,57.737,30.0,33.0,60.5,131.0,375103.7336,188526.8224,379318.593,499326.7336,190891.7263,0,0.0
OAS30660,,,,,37.0,,30.0,,16.0,37.0,,,186576.9112,1263029.084,828718.3267,188426.8667,46524.0,57.737,30.0,33.0,60.75,128.0,375103.7336,188526.8224,379318.593,499326.7336,190891.7263,0,0.0
OAS30660,8.0,6.0,7.0,5.0,,,31.0,15.0,,,,,,,,,,57.737,,33.0,,,,,,,,0,0.0
OAS30661,,,,,5.0,0.0,9.0,3.0,82.0,180.0,15.0,44.0,,,,,,91.7178,21.0,33.0,68.0,180.0,,,,,,2,1.0
OAS30662,,,,,,,23.0,,50.0,137.0,52.0,53.0,,,,,,78.8548,30.0,33.0,,152.0,,,,,,0,0.0
OAS30662,,,,,,,23.0,,50.0,122.0,40.0,55.0,,,,,,78.8548,29.0,33.0,,154.0,,,,,,0,0.0
OAS30662,,,,,,,28.0,,53.0,108.0,55.0,54.0,,,,,,78.8548,30.0,33.0,,150.0,,,,,,0,0.0
OAS30662,,,,,,,21.0,,40.0,129.0,46.0,50.0,,,,,,78.8548,29.0,33.0,,156.0,,,,,,0,0.0
OAS30662,,,,,,,17.0,,59.0,153.0,42.0,48.0,168791.2527,1418260.454,796635.3007,161288.0156,146944.4987,78.8548,30.0,33.0,,156.0,344835.1077,176043.8551,322055.7813,491779.6065,160767.7656,0,0.0
OAS30662,,,,,19.0,17.0,14.0,15.0,39.0,141.0,37.0,40.0,168791.2527,1418260.454,796635.3007,161288.0156,146944.4987,78.8548,29.0,33.0,64.5,160.0,344835.1077,176043.8551,322055.7813,491779.6065,160767.7656,0,0.0
OAS30662,,,,,16.0,14.0,12.0,14.0,45.0,120.0,36.0,38.0,,,,,,78.8548,30.0,33.0,65.0,168.0,,,,,,0,0.0
OAS30662,,,,,17.0,15.0,15.0,12.0,57.0,147.0,27.0,36.0,165774.1664,1559975.335,780571.2373,142588.0881,35704.0,78.8548,28.0,33.0,64.0,166.0,338302.001,172527.8346,289147.2363,461544.001,146559.1482,0,0.0
OAS30662,,,,,13.0,10.0,10.0,10.0,40.0,180.0,29.0,34.0,,,,,,78.8548,27.0,33.0,63.5,156.0,,,,,,2,1.0
OAS30662,,,,,7.0,5.0,10.0,5.0,71.0,180.0,25.0,30.0,,,,,,78.8548,27.0,33.0,63.0,155.0,,,,,,2,1.0
OAS30663,9.0,7.0,6.0,4.0,10.0,7.0,29.0,16.0,23.0,38.0,56.0,,217684.7204,1401923.911,927901.2909,206359.5719,53568.0,69.4822,29.0,33.0,61.8,219.0,433866.5217,216181.8013,414499.7691,573116.5217,208140.1972,0,0.0
OAS30663,9.0,7.0,8.0,5.0,,,24.0,15.0,16.0,38.0,52.0,,217684.7204,1401923.911,927901.2909,206359.5719,53568.0,69.4822,30.0,33.0,61.25,193.0,433866.5217,216181.8013,414499.7691,573116.5217,208140.1972,0,0.0
OAS30663,10.0,7.0,8.0,5.0,,,31.0,19.0,23.0,57.0,56.0,,,,,,,69.4822,30.0,33.0,61.0,199.0,,,,,,0,0.0
OAS30663,9.0,7.0,9.0,6.0,,,24.0,22.0,20.0,63.0,58.0,,213883.6352,1608382.299,931173.3654,208634.8954,52553.0,69.4822,30.0,33.0,61.0,201.0,426368.2445,212484.6093,420692.1209,565846.2445,212057.2256,0,0.0
OAS30663,8.0,7.0,8.0,5.0,,,22.0,19.0,,,,,213883.6352,1608382.299,931173.3654,208634.8954,52553.0,69.4822,,33.0,,,426368.2445,212484.6093,420692.1209,565846.2445,212057.2256,0,0.0
OAS30664,,,,,15.0,13.0,18.0,13.0,53.0,90.0,40.0,58.0,180534.5875,1273325.493,785649.9746,171518.0154,55284.0,66.0849,30.0,23.0,63.0,200.0,359914.6581,179380.0707,344787.3164,483417.6581,173269.301,0,0.0
OAS30664,,,,,10.0,8.0,13.0,10.0,45.0,101.0,40.0,58.0,180534.5875,1273325.493,785649.9746,171518.0154,55284.0,66.0849,30.0,23.0,63.0,194.0,359914.6581,179380.0707,344787.3164,483417.6581,173269.301,0,0.0
OAS30664,,,,,15.0,12.0,13.0,17.0,63.0,103.0,39.0,52.0,,,,,,66.0849,30.0,23.0,64.0,198.0,,,,,,0,0.0
OAS30664,,,,,13.0,11.0,12.0,12.0,55.0,123.0,40.0,58.0,,,,,,66.0849,30.0,23.0,63.0,185.0,,,,,,0,0.0
OAS30664,,,,,14.0,13.0,17.0,12.0,53.0,108.0,43.0,52.0,,,,,,66.0849,30.0,23.0,63.0,184.0,,,,,,0,0.0
OAS30664,,,,,12.0,14.0,19.0,13.0,51.0,97.0,36.0,52.0,,,,,,66.0849,30.0,23.0,63.0,182.0,,,,,,0,0.0
OAS30664,,,,,18.0,18.0,18.0,11.0,56.0,109.0,36.0,50.0,168749.7894,1239085.153,742992.4762,160176.0922,53889.0,66.0849,29.0,23.0,64.0,169.0,336316.8254,167567.036,317769.6508,458049.8254,157593.5586,0,0.0
OAS30664,11.0,8.0,7.0,5.0,,,12.0,13.0,38.0,86.0,38.0,,168749.7894,1239085.153,742992.4762,160176.0922,53889.0,66.0849,30.0,23.0,63.0,182.0,336316.8254,167567.036,317769.6508,458049.8254,157593.5586,0,0.0
OAS30664,11.0,8.0,8.0,5.0,,,16.0,11.0,42.0,90.0,43.0,,,,,,,66.0849,30.0,23.0,62.5,181.0,,,,,,0,0.0
OAS30665,,,,,,,27.0,,28.0,104.0,52.0,56.0,,,,,,76.4137,28.0,23.0,,176.0,,,,,,0,0.0
OAS30665,,,,,8.0,6.0,16.0,16.0,30.0,106.0,38.0,58.0,,,,,,76.4137,23.0,23.0,63.0,159.0,,,,,,0,0.0
OAS30665,,,,,9.0,10.0,33.0,21.0,31.0,83.0,49.0,56.0,,,,,,76.4137,29.0,23.0,64.0,151.0,,,,,,0,0.0
OAS30665,,,,,8.0,6.0,21.0,19.0,39.0,150.0,41.0,58.0,,,,,,76.4137,24.0,23.0,62.0,138.0,,,,,,1,0.5
OAS30665,,,,,8.0,4.0,23.0,15.0,39.0,82.0,45.0,54.0,190884.7245,1512961.032,844996.2289,189066.0662,42950.0,76.4137,26.0,23.0,63.0,109.0,384272.3072,193387.5827,371834.9217,504433.3072,182768.8555,1,0.5
OAS30666,,,,,24.0,,25.0,,29.0,57.0,,,208646.2798,1537207.635,986446.5482,246271.5501,57384.0,62.0493,29.0,34.0,63.0,173.0,415221.5945,206575.3147,491681.9537,571924.5945,245410.4036,0,0.0
OAS30667,,,,,13.0,12.0,16.0,12.0,32.0,46.0,52.0,54.0,179756.1081,1298310.785,824883.1936,194163.5371,50827.0,66.5589,29.0,33.0,62.0,141.0,362999.4814,183243.3733,390653.7122,504241.4814,196490.1751,1,0.5
OAS30667,,,,,13.0,13.0,18.0,19.0,17.0,44.0,52.0,54.0,180415.2989,1254822.526,819495.9666,195137.0908,50663.0,66.5589,27.0,33.0,61.5,134.0,359624.4231,179209.1242,388345.5435,499961.4231,193208.4528,0,0.0
OAS30667,10.0,8.0,8.0,5.0,,,23.0,18.0,28.0,51.0,56.0,,,,,,,66.5589,27.0,33.0,61.75,130.0,,,,,,0,0.0
OAS30667,11.0,8.0,7.0,5.0,,,20.0,14.0,17.0,49.0,56.0,,,,,,,66.5589,27.0,33.0,62.0,125.0,,,,,,0,0.0
OAS30668,,,,,38.0,,20.0,,16.0,36.0,,,,,,,,47.4329,30.0,34.0,63.5,183.0,,,,,,0,0.0
OAS30668,,,,,35.0,,21.0,,21.0,51.0,,,240622.5742,1478389.93,1096910.753,272115.3832,61142.0,47.4329,30.0,34.0,63.5,166.0,476739.6864,236117.1122,545075.0661,628962.6864,272959.6829,0,0.0
OAS30669,,,,,,,29.0,,29.0,76.0,53.0,59.0,,,,,,70.8986,28.0,33.0,,164.0,,,,,,0,0.0
OAS30669,,,,,,,23.0,,23.0,101.0,46.0,60.0,,,,,,70.8986,29.0,33.0,,161.0,,,,,,0,0.0
OAS30669,,,,,,,25.0,,26.0,64.0,55.0,58.0,,,,,,70.8986,30.0,33.0,,165.0,,,,,,0,0.0
OAS30669,,,,,,,24.0,,26.0,61.0,55.0,60.0,,,,,,70.8986,29.0,33.0,,161.0,,,,,,0,0.0
OAS30669,,,,,,,23.0,,48.0,67.0,51.0,60.0,,,,,,70.8986,30.0,33.0,,163.0,,,,,,0,0.0
OAS30669,,,,,,,23.0,,22.0,48.0,48.0,59.0,,,,,,70.8986,30.0,33.0,,167.0,,,,,,1,0.5
OAS30669,,,,,,,19.0,,21.0,46.0,51.0,60.0,,,,,,70.8986,30.0,33.0,,171.0,,,,,,0,0.0
OAS30669,,,,,18.0,16.0,26.0,19.0,21.0,45.0,52.0,60.0,199859.5978,1450287.887,846136.7771,200665.3594,157138.4277,70.8986,29.0,33.0,70.0,177.0,388224.8369,188365.2391,391272.5313,545363.2646,190607.1719,1,0.5
OAS30669,,,,,18.0,17.0,26.0,20.0,22.0,52.0,42.0,60.0,,,,,,70.8986,30.0,33.0,70.0,176.0,,,,,,1,0.5
OAS30669,,,,,18.0,15.0,24.0,14.0,30.0,56.0,42.0,58.0,194704.1636,1522851.78,826506.8368,182905.6339,41867.0,70.8986,29.0,33.0,70.0,178.0,377045.6983,182341.5346,352658.1385,502120.6983,169752.5046,0,0.0
OAS30669,,,,,20.0,15.0,25.0,13.0,32.0,96.0,42.0,58.0,194704.1636,1522851.78,826506.8368,182905.6339,41867.0,70.8986,29.0,33.0,69.0,174.0,377045.6983,182341.5346,352658.1385,502120.6983,169752.5046,1,0.5
OAS30669,,,,,14.0,14.0,19.0,12.0,43.0,111.0,40.0,58.0,,,,,,70.8986,28.0,33.0,,163.0,,,,,,1,0.5
OAS30670,,,,,16.0,16.0,31.0,16.0,37.0,169.0,48.0,58.0,192254.77,1608327.688,954615.5175,202525.1321,44573.0,71.7178,29.0,34.0,67.5,175.0,396077.4833,203822.7133,412796.0341,523663.4833,210270.902,0,0.0
OAS30670,,,,,17.0,12.0,24.0,16.0,28.0,180.0,40.0,60.0,,,,,,71.7178,28.0,34.0,67.5,174.0,,,,,,0,0.0
OAS30670,,,,,14.0,11.0,30.0,22.0,31.0,180.0,41.0,60.0,,,,,,71.7178,30.0,34.0,67.0,176.0,,,,,,0,0.0
OAS30670,7.0,6.0,5.0,4.0,,,23.0,14.0,40.0,167.0,39.0,,188296.2372,1620520.184,939697.64,193225.1471,44474.0,71.7178,23.0,34.0,67.0,178.0,385205.86,196909.6228,393434.78,508410.86,200209.6329,1,0.5
OAS30670,8.0,7.0,4.0,4.0,,,17.0,9.0,37.0,180.0,34.0,,,,,,,71.7178,25.0,34.0,66.5,165.0,,,,,,1,0.5
OAS30671,,,,,16.0,15.0,29.0,10.0,24.0,50.0,55.0,54.0,235923.6724,1725153.296,1051045.861,248905.8589,56700.0,67.4384,30.0,34.0,72.6,181.0,470146.7658,234223.0934,491664.095,634814.7658,242758.2361,0,0.0
OAS30671,,,,,15.0,16.0,26.0,12.0,28.0,68.0,55.0,58.0,235923.6724,1725153.296,1051045.861,248905.8589,56700.0,67.4384,27.0,34.0,73.0,176.0,470146.7658,234223.0934,491664.095,634814.7658,242758.2361,0,0.0
OAS30671,,,,,16.0,17.0,29.0,10.0,40.0,116.0,50.0,58.0,,,,,,67.4384,28.0,34.0,73.0,173.0,,,,,,0,0.0
OAS30671,,,,,16.0,17.0,27.0,14.0,28.0,62.0,46.0,58.0,,,,,,67.4384,30.0,34.0,72.5,173.0,,,,,,0,0.0
OAS30671,,,,,15.0,14.0,25.0,10.0,22.0,57.0,50.0,58.0,231060.9099,1724112.937,1016887.081,233221.3404,53430.0,67.4384,30.0,34.0,73.0,174.0,463636.4122,232575.5024,459791.6688,623488.4122,226570.3284,0,0.0
OAS30671,,,,,17.0,16.0,25.0,15.0,20.0,63.0,53.0,56.0,231060.9099,1724112.937,1016887.081,233221.3404,53430.0,67.4384,29.0,34.0,73.0,171.0,463636.4122,232575.5024,459791.6688,623488.4122,226570.3284,0,0.0
OAS30671,,,,,19.0,19.0,25.0,14.0,16.0,70.0,57.0,56.0,,,,,,67.4384,30.0,34.0,72.8,170.0,,,,,,0,0.0
OAS30671,,,,,16.0,19.0,22.0,12.0,22.0,88.0,55.0,54.0,216326.592,1652331.866,975073.981,225583.3868,52444.0,67.4384,26.0,34.0,73.0,171.0,431950.3815,215623.7894,443829.5995,585011.3815,218246.2127,0,0.0
OAS30671,10.0,7.0,8.0,6.0,,,28.0,12.0,24.0,83.0,43.0,,,,,,,67.4384,28.0,34.0,72.5,171.0,,,,,,0,0.0
OAS30671,9.0,7.0,5.0,4.0,,,28.0,14.0,23.0,75.0,48.0,,,,,,,67.4384,29.0,34.0,70.9,170.0,,,,,,0,0.0
OAS30672,,,,,15.0,14.0,25.0,12.0,32.0,175.0,38.0,58.0,182324.6825,1633694.911,927550.2236,223221.542,47834.0,77.4932,29.0,33.0,68.0,151.0,370613.569,188288.8866,447982.6545,507081.569,224761.1126,1,0.5
OAS30672,,,,,9.0,8.0,20.0,9.0,40.0,100.0,39.0,58.0,182324.6825,1633694.911,927550.2236,223221.542,47834.0,77.4932,27.0,33.0,68.0,147.0,370613.569,188288.8866,447982.6545,507081.569,224761.1126,1,0.5
OAS30672,,,,,10.0,10.0,24.0,12.0,39.0,151.0,38.0,52.0,182101.8126,1636947.851,917938.0348,217038.7354,47296.0,77.4932,28.0,33.0,67.0,150.0,373281.9001,191180.0875,429992.1346,512306.9001,212953.3992,1,0.5
OAS30672,,,,,5.0,5.0,22.0,11.0,34.0,122.0,40.0,58.0,182101.8126,1636947.851,917938.0348,217038.7354,47296.0,77.4932,30.0,33.0,67.3,150.0,373281.9001,191180.0875,429992.1346,512306.9001,212953.3992,1,0.5
OAS30672,,,,,7.0,6.0,23.0,8.0,44.0,140.0,32.0,56.0,,,,,,77.4932,27.0,33.0,67.0,147.0,,,,,,1,0.5
OAS30672,,,,,4.0,4.0,22.0,10.0,29.0,98.0,30.0,54.0,,,,,,77.4932,29.0,33.0,66.0,144.0,,,,,,1,0.5
OAS30672,,,,,3.0,1.0,19.0,7.0,36.0,180.0,,56.0,,,,,,77.4932,28.0,33.0,67.0,138.0,,,,,,2,1.0
OAS30672,,,,,3.0,1.0,13.0,4.0,28.0,180.0,25.0,54.0,,,,,,77.4932,25.0,33.0,67.0,146.0,,,,,,2,1.0
OAS30672,,,,,1.0,2.0,9.0,5.0,44.0,180.0,24.0,50.0,,,,,,77.4932,23.0,33.0,67.0,157.0,,,,,,2,1.0
OAS30673,,,,,31.0,,28.0,,18.0,43.0,,,197283.9009,1380513.849,867161.8767,217990.0156,158082.8707,45.2959,29.0,33.0,64.0,165.0,396573.9541,199290.0532,435536.4688,554656.8248,217546.4531,0,0.0
OAS30673,,,,,33.0,,22.0,,18.0,39.0,,,195598.9329,1205402.08,855192.3704,191597.8857,53062.0,45.2959,30.0,33.0,63.0,174.0,395384.907,199785.9741,388195.4634,525559.907,196597.5777,0,0.0
OAS30673,8.0,7.0,7.0,5.0,,,18.0,16.0,,,,,,,,,,45.2959,,33.0,,,,,,,,0,0.0
OAS30674,,,,,,,24.0,,29.0,80.0,69.0,59.0,,,,,,65.4658,30.0,34.0,,121.0,,,,,,0,0.0
OAS30674,,,,,,,24.0,,20.0,78.0,67.0,59.0,,,,,,65.4658,30.0,34.0,,123.0,,,,,,0,0.0
OAS30674,,,,,12.0,12.0,16.0,15.0,16.0,50.0,65.0,60.0,223478.8142,1413200.159,919636.8278,197190.6909,50328.0,65.4658,30.0,34.0,62.5,122.0,451361.5607,227882.7465,396409.267,584546.5607,199218.5761,0,0.0
OAS30674,,,,,6.0,6.0,19.0,17.0,20.0,67.0,65.0,60.0,222567.0765,1400980.691,908273.9599,192297.3739,48973.0,65.4658,30.0,34.0,63.5,124.0,449073.2842,226506.2077,386825.6757,581618.2842,194528.3018,0,0.0
OAS30674,,,,,6.0,7.0,17.0,14.0,22.0,66.0,66.0,58.0,,,,,,65.4658,30.0,34.0,63.0,119.0,,,,,,0,0.0
OAS30674,,,,,11.0,8.0,18.0,16.0,21.0,51.0,66.0,58.0,,,,,,65.4658,28.0,34.0,63.0,121.0,,,,,,0,0.0
OAS30674,,,,,13.0,14.0,16.0,15.0,16.0,66.0,71.0,56.0,,,,,,65.4658,30.0,34.0,62.0,121.0,,,,,,0,0.0
OAS30675,,,,,,,,,25.0,,61.0,58.0,,,,,,69.0055,,33.0,,,,,,,,0,0.0
OAS30675,,,,,,,,,23.0,,68.0,58.0,,,,,,69.0055,,33.0,,,,,,,,0,0.0
OAS30675,,,,,,,,,30.0,,71.0,59.0,,,,,,69.0055,,33.0,,,,,,,,0,0.0
OAS30675,,,,,,,,,25.0,57.0,67.0,50.0,,,,,,69.0055,,33.0,,208.0,,,,,,0,0.0
OAS30675,,,,,,,,,26.0,57.0,61.0,58.0,,,,,,69.0055,,33.0,,205.0,,,,,,1,0.5
OAS30675,,,,,,,,,26.0,55.0,59.0,59.0,,,,,,69.0055,,33.0,,207.0,,,,,,0,0.0
OAS30675,,,,,,,,,27.0,57.0,59.0,59.0,,,,,,69.0055,,33.0,,,,,,,,0,0.0
OAS30675,,,,,,,,,29.0,43.0,65.0,59.0,,,,,,69.0055,29.0,33.0,,213.0,,,,,,0,0.0
OAS30675,,,,,,,22.0,,31.0,46.0,65.0,59.0,,,,,,69.0055,29.0,33.0,,216.0,,,,,,0,0.0
OAS30675,,,,,,,23.0,,25.0,50.0,54.0,57.0,,,,,,69.0055,28.0,33.0,,214.0,,,,,,1,0.5
OAS30675,,,,,,,19.0,,25.0,41.0,62.0,56.0,,,,,,69.0055,30.0,33.0,,215.0,,,,,,0,0.0
OAS30675,,,,,,,20.0,,28.0,59.0,61.0,59.0,,,,,,69.0055,30.0,33.0,,215.0,,,,,,0,0.0
OAS30675,,,,,,,21.0,,26.0,62.0,58.0,57.0,,,,,,69.0055,29.0,33.0,,217.0,,,,,,0,0.0
OAS30675,,,,,,,19.0,,17.0,54.0,54.0,57.0,,,,,,69.0055,30.0,33.0,,217.0,,,,,,0,0.0
OAS30675,,,,,,,19.0,,19.0,47.0,49.0,58.0,,,,,,69.0055,29.0,33.0,,203.0,,,,,,0,0.0
OAS30675,,,,,,,15.0,,27.0,78.0,48.0,60.0,167717.2816,1395364.119,764630.2559,171265.1875,144239.5561,69.0055,30.0,33.0,,202.0,349025.885,181308.6034,350472.0625,493265.4411,179206.875,1,0.5
OAS30675,,,,,16.0,15.0,22.0,12.0,18.0,40.0,50.0,58.0,,,,,,69.0055,30.0,33.0,67.0,198.0,,,,,,0,0.0
OAS30675,,,,,17.0,15.0,20.0,13.0,24.0,48.0,49.0,54.0,,,,,,69.0055,29.0,33.0,67.0,198.0,,,,,,0,0.0
OAS30675,,,,,16.0,15.0,16.0,14.0,24.0,42.0,55.0,54.0,161896.2785,1495784.106,753089.7175,157180.048,39835.0,69.0055,30.0,33.0,67.0,186.0,338444.2644,176547.986,318552.453,466650.2644,161372.405,0,0.0
OAS30675,,,,,10.0,10.0,8.0,7.0,25.0,46.0,48.0,48.0,,,,,,69.0055,29.0,33.0,67.0,185.0,,,,,,1,0.5
OAS30675,,,,,10.0,13.0,13.0,8.0,24.0,49.0,51.0,52.0,,,,,,69.0055,27.0,33.0,66.0,183.0,,,,,,1,0.5
OAS30675,,,,,10.0,11.0,12.0,9.0,26.0,63.0,48.0,48.0,,,,,,69.0055,30.0,33.0,66.5,180.0,,,,,,1,0.5
OAS30676,,,,,,,19.0,,33.0,55.0,61.0,58.0,,,,,,61.3123,30.0,34.0,,133.0,,,,,,0,0.0
OAS30676,,,,,12.0,9.0,22.0,25.0,27.0,43.0,67.0,54.0,211277.5626,1449274.89,919127.6402,226309.7969,160708.5773,61.3123,30.0,34.0,65.0,156.0,424365.1622,213087.5996,453547.6563,585073.7395,227237.8594,0,0.0
OAS30676,,,,,17.0,15.0,23.0,17.0,25.0,45.0,61.0,58.0,225226.3937,1518584.054,929676.2417,200833.353,49593.0,61.3123,30.0,34.0,65.0,148.0,450408.5928,225182.1991,405528.6489,589177.5928,204695.2959,0,0.0
OAS30676,,,,,36.0,,24.0,,23.0,51.0,,,,,,,,61.3123,28.0,34.0,65.0,134.0,,,,,,0,0.0
OAS30676,,,,,14.0,12.0,18.0,14.0,30.0,56.0,58.0,54.0,,,,,,61.3123,30.0,34.0,64.7,144.0,,,,,,0,0.0
OAS30676,,,,,17.0,15.0,21.0,19.0,22.0,43.0,58.0,54.0,213161.9541,1511579.219,902308.551,196320.0757,49029.0,61.3123,29.0,34.0,64.5,156.0,429580.6889,216418.7348,395346.8622,567702.6889,199026.7865,0,0.0
OAS30676,,,,,16.0,13.0,23.0,16.0,22.0,38.0,61.0,54.0,220478.2855,1460864.992,903982.1546,189603.1389,47451.0,61.3123,30.0,34.0,64.0,147.0,445841.7579,225363.4725,381028.3967,579622.7579,191425.2578,0,0.0
OAS30676,,,,,31.0,,24.0,,29.0,45.0,,,,,,,,61.3123,29.0,34.0,64.0,149.0,,,,,,0,0.0
OAS30676,,,,,29.0,,18.0,,30.0,52.0,,,202114.1129,1485666.355,871764.2197,186276.8535,46132.0,61.3123,30.0,34.0,64.5,136.0,408959.2887,206845.1758,381584.931,541956.2887,195308.0775,0,0.0
OAS30676,12.0,9.0,11.0,8.0,,,15.0,18.0,29.0,59.0,63.0,,202114.1129,1485666.355,871764.2197,186276.8535,46132.0,61.3123,29.0,34.0,64.3,134.0,408959.2887,206845.1758,381584.931,541956.2887,195308.0775,0,0.0
OAS30677,,,,,14.0,16.0,31.0,13.0,39.0,66.0,51.0,58.0,205940.2139,1504839.752,924585.1702,212164.2096,51775.0,69.4055,30.0,33.0,65.0,148.0,417354.5768,211414.3629,423447.5934,545784.5768,211283.3838,0,0.0
OAS30677,,,,,18.0,14.0,25.0,19.0,28.0,74.0,47.0,58.0,,,,,,69.4055,28.0,33.0,65.0,148.0,,,,,,0,0.0
OAS30677,,,,,16.0,17.0,30.0,21.0,32.0,63.0,51.0,58.0,,,,,,69.4055,29.0,33.0,65.0,153.0,,,,,,0,0.0
OAS30677,,,,,20.0,18.0,27.0,13.0,31.0,107.0,57.0,58.0,,,,,,69.4055,30.0,33.0,65.0,146.0,,,,,,0,0.0
OAS30678,,,,,6.0,4.0,10.0,10.0,172.0,180.0,,24.0,165415.6909,1413819.054,833784.3781,191837.5671,41824.0,84.8055,20.0,23.0,51.0,131.0,323631.3512,158215.6603,367989.027,449686.3512,176151.4599,2,1.0
OAS30679,13.0,9.0,10.0,7.0,20.0,19.0,29.0,14.0,27.0,48.0,60.0,,199873.9867,1623246.963,960533.297,225725.1741,54309.0,72.1699,28.0,34.0,69.5,216.0,399437.1792,199563.1924,457069.1178,547126.1792,231343.9437,0,0.0
OAS30679,13.0,9.0,11.0,7.0,17.0,19.0,32.0,15.0,33.0,61.0,58.0,,199873.9867,1623246.963,960533.297,225725.1741,54309.0,72.1699,29.0,34.0,68.5,218.0,399437.1792,199563.1924,457069.1178,547126.1792,231343.9437,0,0.0
OAS30679,12.0,9.0,13.0,8.0,,,18.0,18.0,22.0,41.0,63.0,,200249.0564,1627983.883,956423.7222,223444.5221,52388.0,72.1699,29.0,34.0,69.0,213.0,398153.0091,197903.9527,450743.7132,545424.0091,227299.1911,0,0.0
OAS30680,,,,,,,23.0,,19.0,64.0,44.0,59.0,,,,,,72.1123,30.0,33.0,,176.0,,,,,,0,0.0
OAS30680,,,,,,,18.0,,34.0,72.0,43.0,60.0,,,,,,72.1123,30.0,33.0,,165.0,,,,,,0,0.0
OAS30680,,,,,16.0,14.0,20.0,13.0,23.0,85.0,48.0,60.0,,,,,,72.1123,30.0,33.0,63.0,152.0,,,,,,0,0.0
OAS30680,,,,,13.0,11.0,20.0,9.0,24.0,105.0,43.0,60.0,,,,,,72.1123,30.0,33.0,62.0,149.0,,,,,,0,0.0
OAS30680,,,,,15.0,14.0,20.0,13.0,35.0,70.0,46.0,58.0,,,,,,72.1123,28.0,33.0,62.0,151.0,,,,,,0,0.0
OAS30680,,,,,12.0,11.0,14.0,9.0,18.0,116.0,47.0,58.0,,,,,,72.1123,30.0,33.0,62.0,141.0,,,,,,0,0.0
OAS30680,,,,,13.0,11.0,17.0,12.0,21.0,123.0,46.0,58.0,198101.4268,1641009.135,906376.86,203837.749,50422.0,72.1123,30.0,33.0,62.0,141.0,395216.0281,197114.6013,414699.8319,533322.0281,210862.0829,0,0.0
OAS30680,,,,,11.0,9.0,19.0,11.0,25.0,86.0,44.0,60.0,198101.4268,1641009.135,906376.86,203837.749,50422.0,72.1123,29.0,33.0,62.0,140.0,395216.0281,197114.6013,414699.8319,533322.0281,210862.0829,0,0.0
OAS30680,11.0,9.0,8.0,7.0,,,17.0,11.0,24.0,91.0,43.0,,198101.4268,1641009.135,906376.86,203837.749,50422.0,72.1123,30.0,33.0,61.5,138.0,395216.0281,197114.6013,414699.8319,533322.0281,210862.0829,0,0.0
OAS30680,12.0,9.0,5.0,4.0,,,21.0,8.0,21.0,80.0,41.0,,,,,,,72.1123,29.0,33.0,62.75,142.3999023,,,,,,0,0.0
OAS30683,,,,,32.0,,24.0,,18.0,40.0,,,197667.8836,1447442.211,874828.3437,197282.7773,47136.0,61.5781,30.0,33.0,67.5,157.0,392940.097,195272.2134,398129.2467,531781.097,200846.4694,0,0.0
OAS30683,8.0,6.0,7.0,5.0,,,26.0,19.0,15.0,42.0,67.0,,193138.896,1435336.136,870674.0771,198748.964,47871.0,61.5781,30.0,33.0,67.25,136.75,383548.8366,190409.9406,399827.2405,522252.8366,201078.2764,0,0.0
OAS30683,11.0,8.0,10.0,6.0,,,23.0,23.0,19.0,42.0,66.0,,193138.896,1435336.136,870674.0771,198748.964,47871.0,61.5781,30.0,33.0,67.25,146.3999023,383548.8366,190409.9406,399827.2405,522252.8366,201078.2764,0,0.0
OAS30683,8.0,7.0,8.0,5.0,,,25.0,26.0,,,,,,,,,,61.5781,,33.0,,,,,,,,0,0.0
OAS30685,,,,,15.0,14.0,11.0,14.0,43.0,63.0,46.0,52.0,,,,,,68.6,29.0,33.0,64.5,132.0,,,,,,0,0.0
OAS30685,,,,,15.0,16.0,12.0,14.0,30.0,92.0,56.0,56.0,,,,,,68.6,30.0,33.0,64.0,132.0,,,,,,0,0.0
OAS30685,,,,,16.0,14.0,11.0,11.0,41.0,110.0,52.0,56.0,165932.6253,1107194.886,748804.2607,180382.7773,44761.0,68.6,29.0,33.0,64.0,122.0,331255.864,165323.2387,365868.3967,454828.864,185485.6193,0,0.0
OAS30685,8.0,6.0,5.0,4.0,,,12.0,12.0,45.0,84.0,59.0,,165932.6253,1107194.886,748804.2607,180382.7773,44761.0,68.6,28.0,33.0,64.0,119.0,331255.864,165323.2387,365868.3967,454828.864,185485.6193,0,0.0
OAS30685,7.0,6.0,4.0,4.0,,,7.0,11.0,44.0,100.0,51.0,,,,,,,68.6,30.0,33.0,64.5,116.0,,,,,,0,0.0
OAS30686,,,,,7.0,7.0,25.0,7.0,44.0,85.0,29.0,48.0,195735.5435,1597325.404,902655.5796,209700.7731,45079.0,69.9863,26.0,34.0,67.0,223.0,398141.9716,202406.428,424881.608,532637.9716,215180.8349,1,0.5
OAS30686,,,,,7.0,6.0,14.0,5.0,48.0,147.0,27.0,52.0,195735.5435,1597325.404,902655.5796,209700.7731,45079.0,69.9863,27.0,34.0,67.0,222.0,398141.9716,202406.428,424881.608,532637.9716,215180.8349,1,0.5
OAS30687,,,,,8.0,3.0,9.0,17.0,59.0,103.0,35.0,44.0,172680.55,1253661.784,743751.7836,160743.2817,43349.0,81.4986,29.0,33.0,60.0,161.0,345543.0713,172862.5213,324285.7123,462221.0713,163542.4306,0,0.0
OAS30687,,,,,6.0,0.0,6.0,7.0,73.0,98.0,30.0,42.0,164051.8475,1282785.842,742753.0194,168555.022,41072.0,81.4986,26.0,33.0,60.0,143.0,328362.4242,164310.5768,337419.5952,442598.4242,168864.5732,1,0.5
OAS30688,,,,,16.0,13.0,31.0,23.0,38.0,75.0,52.0,60.0,190990.8791,1440261.944,894482.8463,222199.5154,53481.0,66.8904,29.0,34.0,64.0,157.0,381845.0676,190854.1884,443836.7787,529575.0676,221637.2633,0,0.0
OAS30688,,,,,17.0,16.0,30.0,18.0,33.0,66.0,53.0,58.0,190990.8791,1440261.944,894482.8463,222199.5154,53481.0,66.8904,30.0,34.0,64.0,142.0,381845.0676,190854.1884,443836.7787,529575.0676,221637.2633,0,0.0
OAS30688,,,,,20.0,19.0,26.0,17.0,28.0,62.0,57.0,58.0,,,,,,66.8904,30.0,34.0,63.3,158.0,,,,,,0,0.0
OAS30688,,,,,21.0,20.0,24.0,21.0,21.0,62.0,55.0,60.0,181945.5651,1429841.65,862414.0427,214679.5302,51007.0,66.8904,30.0,34.0,64.0,156.0,364545.3661,182599.801,426843.6766,502224.3661,212164.1464,0,0.0
OAS30688,,,,,19.0,19.0,30.0,21.0,20.0,60.0,55.0,58.0,,,,,,66.8904,30.0,34.0,64.0,159.0,,,,,,0,0.0
OAS30688,,,,,21.0,19.0,28.0,20.0,23.0,54.0,49.0,60.0,172519.247,1370077.689,830314.2782,207437.7736,49106.0,66.8904,29.0,34.0,63.75,156.0,343524.1109,171004.8639,413514.1674,478408.1109,206076.3937,0,0.0
OAS30688,10.0,8.0,7.0,5.0,,,24.0,14.0,24.0,60.0,46.0,,,,,,,66.8904,30.0,34.0,64.0,159.0,,,,,,0,0.0
OAS30688,11.0,9.0,9.0,7.0,,,21.0,16.0,28.0,151.0,43.0,,170620.5905,1503185.489,827931.6984,202617.1126,48326.0,66.8904,30.0,34.0,63.5,150.0,340219.9819,169599.3913,411158.7165,475784.9819,208541.6039,0,0.0
OAS30689,,,,,,,18.0,,45.0,77.0,56.0,54.0,,,,,,76.9945,28.0,33.0,,114.0,,,,,,0,0.0
OAS30689,,,,,,,20.0,,35.0,87.0,56.0,59.0,,,,,,76.9945,30.0,33.0,,108.0,,,,,,0,0.0
OAS30689,,,,,,,13.0,,35.0,81.0,49.0,56.0,,,,,,76.9945,30.0,33.0,,107.0,,,,,,0,0.0
OAS30689,,,,,,,17.0,,45.0,93.0,49.0,57.0,,,,,,76.9945,30.0,33.0,,105.0,,,,,,0,0.0
OAS30689,,,,,17.0,14.0,27.0,12.0,34.0,75.0,43.0,58.0,,,,,,76.9945,29.0,33.0,59.5,101.0,,,,,,0,0.0
OAS30689,,,,,16.0,14.0,18.0,13.0,51.0,97.0,,54.0,,,,,,76.9945,27.0,33.0,60.0,101.0,,,,,,0,0.0
OAS30690,,,,,26.0,,23.0,,24.0,42.0,,,213057.2458,1535867.224,978915.5999,233570.4934,58924.0,59.7288,29.0,34.0,70.3,230.0,424979.388,211922.1422,469397.2119,579449.388,235826.7185,0,0.0
OAS30690,,,,,30.0,,25.0,,22.0,39.0,,,218178.4895,1668229.309,991477.0875,230461.1543,58825.0,59.7288,29.0,34.0,70.25,230.0,441150.1496,222971.6601,460366.9379,605870.1496,229905.7836,0,0.0
OAS30691,9.0,7.0,4.0,4.0,13.0,11.0,19.0,14.0,26.0,180.0,57.0,,191662.7728,1350774.003,856453.7117,203991.5109,50937.0,69.5589,30.0,33.0,64.5,120.0,379441.8663,187779.0935,401317.8455,509327.8663,197326.3345,0,0.0
OAS30692,,,,,,,25.0,,47.0,132.0,40.0,60.0,,,,,,71.9781,29.0,33.0,,171.0,,,,,,1,0.5
OAS30692,,,,,,,26.0,,31.0,70.0,41.0,59.0,,,,,,71.9781,30.0,33.0,,166.0,,,,,,1,0.5
OAS30692,,,,,,,24.0,,29.0,99.0,41.0,57.0,,,,,,71.9781,30.0,33.0,,169.0,,,,,,1,0.5
OAS30692,,,,,,,25.0,,48.0,79.0,38.0,58.0,,,,,,71.9781,30.0,33.0,,161.0,,,,,,1,0.5
OAS30692,,,,,15.0,13.0,21.0,8.0,20.0,96.0,43.0,56.0,,,,,,71.9781,29.0,33.0,72.0,166.0,,,,,,0,0.0
OAS30692,,,,,13.0,12.0,16.0,9.0,25.0,85.0,41.0,56.0,,,,,,71.9781,30.0,33.0,71.0,164.0,,,,,,0,0.0
OAS30692,,,,,13.0,12.0,21.0,6.0,37.0,81.0,35.0,56.0,177680.1486,1487485.192,836924.6613,196345.8881,46335.0,71.9781,28.0,33.0,71.0,162.0,360070.6226,182390.474,389187.0387,499653.6226,192841.1506,1,0.5
OAS30692,,,,,16.0,14.0,21.0,7.0,44.0,68.0,45.0,54.0,177680.1486,1487485.192,836924.6613,196345.8881,46335.0,71.9781,29.0,33.0,71.5,166.0,360070.6226,182390.474,389187.0387,499653.6226,192841.1506,1,0.5
OAS30692,,,,,17.0,16.0,15.0,11.0,28.0,90.0,35.0,58.0,,,,,,71.9781,27.0,33.0,71.5,164.0,,,,,,1,0.5
OAS30692,,,,,11.0,11.0,23.0,10.0,46.0,85.0,41.0,56.0,,,,,,71.9781,29.0,33.0,71.5,166.0,,,,,,1,0.5
OAS30692,,,,,13.0,13.0,18.0,12.0,32.0,91.0,40.0,54.0,,,,,,71.9781,27.0,33.0,71.0,164.0,,,,,,1,0.5
OAS30692,,,,,13.0,14.0,18.0,11.0,30.0,98.0,42.0,54.0,,,,,,71.9781,29.0,33.0,71.0,170.0,,,,,,1,0.5
OAS30692,,,,,15.0,15.0,15.0,11.0,31.0,82.0,37.0,56.0,,,,,,71.9781,25.0,33.0,71.0,164.5,,,,,,1,0.5
OAS30692,,,,,8.0,10.0,20.0,9.0,41.0,90.0,29.0,54.0,,,,,,71.9781,26.0,33.0,70.0,167.0,,,,,,1,0.5
OAS30693,,,,,37.0,,32.0,,19.0,40.0,,,213357.4559,1376364.135,936151.1807,213679.0667,54236.0,52.2685,29.0,23.0,61.0,195.0,428487.753,215130.2971,428826.4277,578449.753,215147.361,0,0.0
OAS30693,,,,,29.0,,31.0,,31.0,60.0,,,,,,,,52.2685,30.0,23.0,61.5,207.0,,,,,,0,0.0
OAS30695,9.0,7.0,6.0,5.0,11.0,5.0,14.0,18.0,45.0,93.0,44.0,,229991.1797,1690395.055,1078107.784,262296.5239,54241.0,71.8301,30.0,44.0,70.7,187.0,463470.798,233479.6184,527673.9861,627408.798,265377.4621,0,0.0
OAS30695,8.0,7.0,6.0,5.0,12.0,10.0,18.0,13.0,28.0,62.0,51.0,,229991.1797,1690395.055,1078107.784,262296.5239,54241.0,71.8301,29.0,44.0,71.0,187.0,463470.798,233479.6184,527673.9861,627408.798,265377.4621,0,0.0
OAS30695,6.0,6.0,9.0,6.0,,,21.0,13.0,34.0,118.0,44.0,,,,,,,71.8301,29.0,44.0,70.75,188.0,,,,,,0,0.0
OAS30695,7.0,6.0,5.0,4.0,,,18.0,10.0,36.0,81.0,44.0,,,,,,,71.8301,30.0,44.0,71.75,187.3999023,,,,,,0,0.0
OAS30698,,,,,,,18.0,,21.0,52.0,41.0,56.0,,,,,,88.3288,28.0,33.0,,162.0,,,,,,0,0.0
OAS30698,,,,,,,13.0,,45.0,69.0,41.0,56.0,,,,,,88.3288,28.0,33.0,,158.0,,,,,,0,0.0
OAS30698,,,,,,,15.0,,27.0,64.0,45.0,57.0,,,,,,88.3288,30.0,33.0,,156.0,,,,,,0,0.0
OAS30698,,,,,10.0,9.0,12.0,10.0,29.0,68.0,41.0,58.0,,,,,,88.3288,27.0,33.0,67.0,158.0,,,,,,0,0.0
OAS30699,,,,,,,28.0,,34.0,59.0,67.0,58.0,274818.8681,1809016.555,1221839.135,307554.2656,206916.4581,43.5014,29.0,33.0,,232.0,552150.7218,277331.8537,623419.0469,759067.1799,315864.7813,0,0.0
OAS30699,,,,,38.0,,26.0,,32.0,56.0,,,,,,,,43.5014,30.0,33.0,78.5,230.0,,,,,,0,0.0
OAS30699,,,,,38.0,,19.0,,20.0,45.0,,,266566.0433,1875336.89,1220965.058,292388.2369,69178.0,43.5014,30.0,33.0,78.7,228.0,542932.3384,276366.2951,592929.7195,719979.3384,300541.4826,0,0.0
OAS30699,,,,,36.0,,25.0,,20.0,41.0,,,,,,,,43.5014,30.0,33.0,79.3,229.0,,,,,,0,0.0
OAS30699,,,,,38.0,,22.0,,25.0,52.0,,,269337.7267,1731462.819,1221259.089,290891.3222,68493.0,43.5014,30.0,33.0,78.25,227.3999023,543157.9147,273820.188,591102.1744,723301.9147,300210.8522,0,0.0
OAS30700,,,,,,,17.0,,70.0,167.0,34.0,54.0,,,,,,79.5973,29.0,33.0,,121.0,,,,,,0,0.0
OAS30700,,,,,,,22.0,,44.0,143.0,36.0,52.0,,,,,,79.5973,28.0,33.0,,116.0,,,,,,0,0.0
OAS30700,,,,,,,18.0,,55.0,142.0,33.0,54.0,,,,,,79.5973,29.0,33.0,,120.0,,,,,,0,0.0
OAS30700,,,,,,,17.0,,68.0,121.0,32.0,56.0,,,,,,79.5973,29.0,33.0,,119.0,,,,,,0,0.0
OAS30700,,,,,,,23.0,,46.0,180.0,31.0,56.0,,,,,,79.5973,29.0,33.0,,119.0,,,,,,0,0.0
OAS30700,,,,,,,19.0,,42.0,130.0,34.0,56.0,,,,,,79.5973,30.0,33.0,,195.0,,,,,,0,0.0
OAS30700,,,,,11.0,8.0,20.0,16.0,47.0,109.0,30.0,52.0,179858.3106,1453481.072,886068.2188,227763.5781,169954.8152,79.5973,29.0,33.0,61.0,114.0,358438.1282,178579.8176,456989.8281,528392.9434,229226.25,0,0.0
OAS30700,,,,,9.0,12.0,22.0,17.0,62.0,142.0,29.0,52.0,,,,,,79.5973,27.0,33.0,62.0,117.0,,,,,,1,0.5
OAS30700,,,,,11.0,9.0,18.0,16.0,76.0,180.0,25.0,50.0,190548.8523,1524425.909,883103.7635,199882.885,50706.0,79.5973,29.0,33.0,60.0,105.0,384346.9048,193798.0525,401212.8587,518129.9048,201329.9736,0,0.0
OAS30700,,,,,12.0,10.0,20.0,13.0,62.0,175.0,24.0,54.0,190548.8523,1524425.909,883103.7635,199882.885,50706.0,79.5973,25.0,33.0,60.0,107.0,384346.9048,193798.0525,401212.8587,518129.9048,201329.9736,1,0.5
OAS30701,,,,,18.0,18.0,24.0,17.0,30.0,40.0,80.0,56.0,224005.5119,1501424.219,964246.0027,223171.0044,53622.0,46.0082,30.0,34.0,64.5,128.0,452194.3077,228188.7959,448652.695,600077.3077,225481.6906,0,0.0
OAS30701,,,,,31.0,,28.0,,20.0,39.0,,,218255.9805,1418456.312,940199.3407,218006.9149,51953.0,46.0082,29.0,34.0,65.0,130.0,439392.4505,221136.47,438271.8902,581690.4505,220264.9753,0,0.0
OAS30701,,,,,27.0,,32.0,,20.0,39.0,,,225748.7296,1482374.991,963552.9891,224047.6786,53373.0,46.0082,30.0,34.0,64.2,136.0,452249.5951,226500.8655,448642.394,598728.5951,224594.7154,0,0.0
OAS30702,,,,,11.0,6.0,16.0,12.0,58.0,169.0,28.0,54.0,195740.8102,1517374.951,919407.6932,208905.4892,47838.0,72.3479,30.0,34.0,64.8,186.0,405159.4678,209418.6577,424026.2254,545417.4678,215120.7362,1,0.5
OAS30702,,,,,8.0,0.0,12.0,8.0,122.0,170.0,29.0,46.0,,,,,,72.3479,25.0,34.0,63.0,190.0,,,,,,1,0.5
OAS30702,,,,,4.0,0.0,14.0,10.0,117.0,180.0,23.0,52.0,,,,,,72.3479,26.0,34.0,62.0,175.0,,,,,,2,1.0
OAS30703,,,,,16.0,17.0,22.0,14.0,25.0,73.0,38.0,56.0,175329.3782,1394002.202,815553.2866,181815.7969,46094.0,72.5616,30.0,33.0,64.2,191.0,348094.0329,172764.6547,356725.2537,485204.0329,174909.4569,0,0.0
OAS30703,,,,,12.0,11.0,13.0,9.0,41.0,153.0,40.0,56.0,166985.7441,1407275.335,813031.3344,185811.8175,46661.0,72.5616,30.0,33.0,64.3,191.0,334747.9095,167762.1654,365214.4249,476136.9095,179402.6074,0,0.0
OAS30703,,,,,16.0,14.0,13.0,9.0,38.0,117.0,39.0,56.0,172026.2508,1405025.951,814014.3974,178938.1585,48071.0,72.5616,30.0,33.0,63.0,192.0,341239.5325,169213.2818,354205.8648,480735.5325,175267.7064,0,0.0
OAS30703,,,,,14.0,14.0,11.0,4.0,44.0,86.0,32.0,52.0,,,,,,72.5616,30.0,33.0,63.0,197.0,,,,,,0,0.0
OAS30705,,,,,14.0,9.0,19.0,17.0,29.0,68.0,50.0,52.0,192604.029,1234943.511,867319.0912,201354.0065,51238.0,66.5863,29.0,34.0,64.5,172.0,388712.195,196108.166,409335.8962,523140.195,207981.8897,1,0.5
OAS30705,,,,,12.0,7.0,16.0,15.0,24.0,95.0,48.0,54.0,,,,,,66.5863,27.0,34.0,64.0,142.0,,,,,,1,0.5
OAS30705,,,,,6.0,1.0,13.0,15.0,35.0,70.0,42.0,50.0,,,,,,66.5863,24.0,34.0,64.8,146.5,,,,,,1,0.5
OAS30705,,,,,6.0,0.0,12.0,13.0,29.0,85.0,39.0,54.0,,,,,,66.5863,25.0,34.0,64.0,149.0,,,,,,2,1.0
OAS30705,,,,,10.0,0.0,12.0,8.0,25.0,93.0,43.0,56.0,181180.7139,1406072.372,811517.183,182702.1357,45195.0,66.5863,24.0,34.0,64.0,143.0,368293.8054,187113.0914,369325.3776,490200.8054,186623.2419,2,1.0
OAS30705,10.0,8.0,8.0,5.0,,,10.0,12.0,41.0,98.0,42.0,,181180.7139,1406072.372,811517.183,182702.1357,45195.0,66.5863,23.0,34.0,64.0,136.0,368293.8054,187113.0914,369325.3776,490200.8054,186623.2419,2,1.0
OAS30706,,,,,10.0,7.0,16.0,11.0,64.0,119.0,29.0,52.0,197397.1066,1408085.208,900850.2058,215093.3999,49622.0,80.1644,30.0,34.0,70.0,131.0,390357.8054,192960.6988,435112.4004,514622.8054,220019.0005,0,0.0
OAS30706,,,,,10.0,7.0,17.0,15.0,59.0,132.0,27.0,48.0,197397.1066,1408085.208,900850.2058,215093.3999,49622.0,80.1644,27.0,34.0,70.0,132.0,390357.8054,192960.6988,435112.4004,514622.8054,220019.0005,0,0.0
OAS30706,,,,,9.0,6.0,15.0,12.0,50.0,122.0,28.0,48.0,,,,,,80.1644,27.0,34.0,70.0,123.0,,,,,,0,0.0
OAS30706,6.0,5.0,6.0,5.0,,,21.0,11.0,39.0,89.0,34.0,,191912.918,1457574.702,875955.4363,209873.7542,48900.0,80.1644,30.0,34.0,70.0,117.0,385492.9146,193579.9966,418377.5217,510372.9146,208503.7675,0,0.0
OAS30706,6.0,6.0,5.0,4.0,,,17.0,13.0,59.0,113.0,30.0,,191912.918,1457574.702,875955.4363,209873.7542,48900.0,80.1644,29.0,34.0,70.0,124.5999756,385492.9146,193579.9966,418377.5217,510372.9146,208503.7675,0,0.0
OAS30706,6.0,5.0,6.0,5.0,,,18.0,7.0,75.0,91.0,28.0,,,,,,,80.1644,29.0,34.0,88.8,888.0,,,,,,0,0.0
OAS30706,9.0,7.0,7.0,5.0,,,19.0,15.0,,,,,,,,,,80.1644,,34.0,,,,,,,,0,0.0
OAS30707,,,,,17.0,16.0,16.0,10.0,24.0,67.0,36.0,60.0,,,,,,83.3315,29.0,34.0,70.0,177.0,,,,,,0,0.0
OAS30707,,,,,11.0,10.0,17.0,12.0,23.0,95.0,36.0,60.0,207228.4102,1800458.697,997929.7452,212839.0145,53288.0,83.3315,29.0,34.0,69.5,193.0,417006.2548,209777.8446,430967.4904,557491.2548,218128.4759,0,0.0
OAS30707,,,,,15.0,16.0,11.0,13.0,37.0,80.0,36.0,58.0,207228.4102,1800458.697,997929.7452,212839.0145,53288.0,83.3315,27.0,34.0,70.0,191.0,417006.2548,209777.8446,430967.4904,557491.2548,218128.4759,0,0.0
OAS30707,,,,,11.0,13.0,19.0,9.0,43.0,147.0,27.0,58.0,,,,,,83.3315,29.0,34.0,70.0,191.0,,,,,,1,0.5
OAS30707,,,,,14.0,14.0,15.0,8.0,55.0,170.0,32.0,60.0,,,,,,83.3315,29.0,34.0,69.5,190.0,,,,,,1,0.5
OAS30708,,,,,19.0,19.0,16.0,17.0,34.0,73.0,51.0,50.0,181165.9234,1444248.161,879280.226,214931.468,52479.0,81.5589,30.0,33.0,64.0,205.0,363546.629,182380.7056,431741.597,502218.629,216810.1289,0,0.0
OAS30708,,,,,16.0,16.0,19.0,12.0,29.0,119.0,44.0,54.0,181165.9234,1444248.161,879280.226,214931.468,52479.0,81.5589,30.0,33.0,64.0,193.0,363546.629,182380.7056,431741.597,502218.629,216810.1289,0,0.0
OAS30709,,,,,,,21.0,,32.0,84.0,56.0,51.0,199653.4077,1350014.756,851070.0371,195486.9844,152856.1022,47.7808,29.0,34.0,,81.0,394720.4896,195067.0819,395979.8906,547576.5918,200492.9063,0,0.0
OAS30710,,,,,17.0,15.0,21.0,13.0,32.0,53.0,41.0,52.0,207830.0168,1480126.096,951049.9907,225090.8731,55474.0,65.5918,30.0,33.0,68.1,162.0,423060.7491,215230.7323,451865.2416,584395.7491,226774.3685,0,0.0
OAS30710,,,,,15.0,15.0,21.0,13.0,29.0,83.0,43.0,54.0,207830.0168,1480126.096,951049.9907,225090.8731,55474.0,65.5918,30.0,33.0,69.0,166.0,423060.7491,215230.7323,451865.2416,584395.7491,226774.3685,0,0.0
OAS30710,,,,,18.0,17.0,21.0,14.0,31.0,72.0,42.0,52.0,211201.5341,1487134.737,947425.6351,217634.7572,55732.0,65.5918,30.0,33.0,68.0,162.0,426890.9708,215689.4367,440972.6644,586050.9708,223337.9071,0,0.0
OAS30710,,,,,17.0,18.0,20.0,12.0,22.0,77.0,43.0,56.0,211201.5341,1487134.737,947425.6351,217634.7572,55732.0,65.5918,30.0,33.0,68.3,163.0,426890.9708,215689.4367,440972.6644,586050.9708,223337.9071,0,0.0
OAS30710,,,,,14.0,16.0,16.0,13.0,27.0,54.0,42.0,56.0,,,,,,65.5918,30.0,33.0,68.0,161.0,,,,,,0,0.0
OAS30710,,,,,18.0,15.0,18.0,12.0,31.0,92.0,48.0,54.0,202648.7038,1495917.058,920155.2229,213687.304,53460.0,65.5918,30.0,33.0,68.5,156.0,408249.985,205601.2812,431971.2379,565143.985,218283.9339,0,0.0
OAS30710,,,,,16.0,16.0,15.0,11.0,27.0,61.0,35.0,48.0,202648.7038,1495917.058,920155.2229,213687.304,53460.0,65.5918,30.0,33.0,68.0,163.0,408249.985,205601.2812,431971.2379,565143.985,218283.9339,0,0.0
OAS30710,,,,,15.0,13.0,19.0,13.0,22.0,67.0,38.0,50.0,,,,,,65.5918,29.0,33.0,68.0,164.0,,,,,,0,0.0
OAS30710,10.0,8.0,6.0,5.0,,,16.0,9.0,31.0,74.0,36.0,,194447.2157,1474487.966,907265.2212,212180.8126,53764.0,65.5918,30.0,33.0,68.25,147.0,392456.8901,198009.6744,430063.3311,547080.8901,217882.5186,0,0.0
OAS30710,10.0,8.0,6.0,5.0,,,19.0,13.0,27.0,100.0,35.0,,,,,,,65.5918,29.0,33.0,68.0,154.0,,,,,,0,0.0
OAS30711,,,,,35.0,,23.0,,21.0,45.0,,,246095.2061,1600513.67,1138553.961,296146.9688,192948.2583,58.2795,30.0,33.0,64.5,248.0,489494.4844,243399.2783,588166.8125,682442.7427,292019.8438,0,0.0
OAS30711,,,,,32.0,,21.0,,26.0,64.0,,,243850.4426,1605556.74,1119395.161,268168.9529,63389.0,58.2795,29.0,33.0,64.0,250.0,487224.6074,243374.1648,533801.5537,646969.6074,265632.6008,0,0.0
OAS30711,,,,,23.0,,27.0,,27.0,65.0,,,237956.8338,1591779.344,1092424.802,256839.9794,61499.0,58.2795,29.0,33.0,64.5,253.0,478814.0234,240857.1896,512878.7787,633460.0234,256038.7993,0,0.0
OAS30713,,,,,14.0,15.0,24.0,18.0,46.0,93.0,43.0,60.0,239971.117,1783998.732,1118171.497,273108.3158,60019.0,70.6712,30.0,33.0,67.1,163.0,481131.5786,241160.4617,546612.918,632272.5786,273504.6022,0,0.0
OAS30713,,,,,15.0,14.0,31.0,11.0,39.0,69.0,48.0,60.0,239971.117,1783998.732,1118171.497,273108.3158,60019.0,70.6712,30.0,33.0,67.0,159.0,481131.5786,241160.4617,546612.918,632272.5786,273504.6022,0,0.0
OAS30713,,,,,10.0,12.0,26.0,17.0,30.0,101.0,46.0,60.0,,,,,,70.6712,30.0,33.0,67.0,155.0,,,,,,0,0.0
OAS30713,,,,,16.0,12.0,25.0,15.0,39.0,72.0,16.0,60.0,232288.2878,1787729.632,1089737.576,265443.4681,57414.0,70.6712,30.0,33.0,67.0,155.0,463954.8515,231666.5637,529795.7241,609265.8515,264352.2559,0,0.0
OAS30713,,,,,11.0,10.0,21.0,14.0,28.0,64.0,50.0,60.0,232288.2878,1787729.632,1089737.576,265443.4681,57414.0,70.6712,30.0,33.0,66.7,155.0,463954.8515,231666.5637,529795.7241,609265.8515,264352.2559,1,0.5
OAS30713,,,,,16.0,15.0,30.0,15.0,35.0,68.0,52.0,58.0,220034.9793,1804061.446,1066472.776,263271.0781,57269.0,70.6712,29.0,33.0,67.0,157.0,442490.9941,222456.0148,522882.7816,588181.9941,259611.7034,0,0.0
OAS30713,,,,,16.0,14.0,30.0,14.0,37.0,88.0,42.0,60.0,220034.9793,1804061.446,1066472.776,263271.0781,57269.0,70.6712,28.0,33.0,67.0,153.0,442490.9941,222456.0148,522882.7816,588181.9941,259611.7034,1,0.5
OAS30713,8.0,7.0,6.0,4.0,,,24.0,14.0,40.0,83.0,51.0,,,,,,,70.6712,29.0,33.0,66.3,148.0,,,,,,0,0.0
OAS30713,8.0,7.0,7.0,6.0,,,23.0,12.0,37.0,93.0,51.0,,,,,,,70.6712,29.0,33.0,66.5,153.0,,,,,,0,0.0
OAS30714,,,,,,,17.0,,18.0,60.0,,,,,,,,66.2795,29.0,34.0,67.0,166.0,,,,,,1,0.5
OAS30715,,,,,35.0,,16.0,,18.0,72.0,,,230128.2181,1442513.345,953076.3676,207609.5239,59198.0,52.8493,30.0,34.0,69.0,181.0,461517.4798,231389.2616,419006.8878,613824.4798,211397.3639,0,0.0
OAS30715,,,,,25.0,,24.0,,25.0,77.0,,,221815.0598,1386507.168,932281.7871,207769.9997,56275.0,52.8493,30.0,34.0,69.5,184.0,444324.0318,222508.972,417532.7553,592532.0318,209762.7556,0,0.0
OAS30717,,,,,28.0,,18.0,,31.0,47.0,,,185224.2894,1139643.508,786129.6652,175152.4684,48805.0,57.4904,30.0,33.0,66.0,262.0,372002.5171,186778.2277,352186.1481,509065.5171,177033.6797,0,0.0
OAS30717,,,,,27.0,,22.0,,36.0,104.0,,,,,,,,57.4904,30.0,33.0,66.0,267.5998535,,,,,,0,0.0
OAS30717,,,,,36.0,,23.0,,39.0,110.0,,,,,,,,57.4904,29.0,33.0,65.5,269.0,,,,,,0,0.0
OAS30717,9.0,8.0,6.0,4.0,,,25.0,20.0,,,,,,,,,,57.4904,,33.0,,,,,,,,0,0.0
OAS30719,,,,,13.0,11.0,23.0,12.0,21.0,70.0,53.0,58.0,,,,,,60.9452,30.0,34.0,62.2,116.0,,,,,,0,0.0
OAS30719,,,,,13.0,11.0,20.0,15.0,24.0,63.0,59.0,52.0,177544.1175,1255811.784,783569.1128,176631.1542,43526.0,60.9452,30.0,34.0,62.4,120.0,357905.8466,180361.7291,355424.2662,485002.8466,178793.112,0,0.0
OAS30719,,,,,16.0,10.0,19.0,12.0,33.0,69.0,52.0,56.0,,,,,,60.9452,28.0,34.0,62.0,117.0,,,,,,0,0.0
OAS30719,,,,,13.0,13.0,21.0,12.0,27.0,95.0,55.0,58.0,,,,,,60.9452,30.0,34.0,62.5,118.0,,,,,,0,0.0
OAS30719,,,,,10.0,7.0,19.0,10.0,43.0,82.0,46.0,56.0,,,,,,60.9452,30.0,34.0,62.0,108.0,,,,,,0,0.0
OAS30719,,,,,13.0,9.0,19.0,12.0,20.0,96.0,54.0,54.0,,,,,,60.9452,29.0,34.0,62.0,116.0,,,,,,1,0.5
OAS30719,,,,,9.0,3.0,18.0,13.0,31.0,79.0,50.0,56.0,,,,,,60.9452,30.0,34.0,62.2,124.0,,,,,,1,0.5
OAS30719,,,,,9.0,4.0,22.0,13.0,21.0,76.0,47.0,52.0,,,,,,60.9452,27.0,34.0,62.0,122.0,,,,,,0,0.0
OAS30720,,,,,,,24.0,,25.0,48.0,67.0,58.0,246518.6319,1922284.224,1166042.12,277447.1094,207942.1912,61.2849,30.0,33.0,,199.0,492573.6833,246055.0514,556401.7813,700515.8745,278954.6719,2,1.0
OAS30720,,,,,18.0,14.0,20.0,10.0,19.0,34.0,61.0,60.0,239218.2658,1915824.37,1159613.896,277479.4063,203824.429,61.2849,30.0,33.0,73.0,186.0,480447.0855,241228.8198,549524.3438,684271.5145,272044.9375,1,0.5
OAS30720,,,,,14.0,13.0,20.0,11.0,36.0,56.0,51.0,60.0,,,,,,61.2849,30.0,33.0,73.5,223.0,,,,,,2,1.0
OAS30720,,,,,16.0,16.0,16.0,13.0,19.0,61.0,60.0,56.0,239345.948,2017272.286,1172587.875,260186.7247,62914.0,61.2849,30.0,33.0,73.5,222.0,480020.761,240674.813,521995.1142,659288.761,261808.3895,1,0.5
OAS30720,,,,,16.0,13.0,19.0,13.0,36.0,57.0,50.0,60.0,239345.948,2017272.286,1172587.875,260186.7247,62914.0,61.2849,30.0,33.0,72.5,224.0,480020.761,240674.813,521995.1142,659288.761,261808.3895,1,0.5
OAS30720,,,,,15.0,12.0,18.0,12.0,32.0,73.0,57.0,58.0,,,,,,61.2849,30.0,33.0,73.0,223.0,,,,,,1,0.5
OAS30720,,,,,9.0,8.0,21.0,7.0,31.0,73.0,45.0,54.0,,,,,,61.2849,30.0,33.0,73.0,213.0,,,,,,2,1.0
OAS30720,,,,,13.0,14.0,12.0,8.0,34.0,76.0,51.0,58.0,,,,,,61.2849,29.0,33.0,73.0,216.0,,,,,,2,1.0
OAS30720,,,,,19.0,15.0,12.0,8.0,42.0,113.0,43.0,56.0,,,,,,61.2849,30.0,33.0,73.0,214.0,,,,,,2,1.0
OAS30720,,,,,12.0,4.0,14.0,8.0,30.0,88.0,45.0,52.0,,,,,,61.2849,29.0,33.0,72.5,223.0,,,,,,1,0.5
OAS30720,,,,,14.0,12.0,14.0,11.0,26.0,62.0,40.0,54.0,,,,,,61.2849,29.0,33.0,72.8,206.0,,,,,,2,1.0
OAS30720,,,,,13.0,7.0,11.0,6.0,42.0,122.0,37.0,58.0,,,,,,61.2849,28.0,33.0,72.5,226.0,,,,,,2,1.0
OAS30720,8.0,7.0,5.0,4.0,,,19.0,7.0,28.0,98.0,38.0,,,,,,,61.2849,25.0,33.0,74.0,218.0,,,,,,2,1.0
OAS30720,7.0,6.0,6.0,5.0,,,20.0,10.0,33.0,111.0,38.0,,,,,,,61.2849,27.0,33.0,73.0,214.0,,,,,,2,1.0
OAS30721,5.0,5.0,5.0,4.0,17.0,17.0,19.0,10.0,32.0,100.0,45.0,,183724.8371,1303150.345,829762.073,200778.8879,49205.0,68.5836,29.0,23.0,61.7,188.0,368408.949,184684.1119,399916.124,495451.949,199137.236,0,0.0
OAS30721,5.0,5.0,6.0,4.0,,,24.0,12.0,24.0,73.0,53.0,,189008.9033,1282523.183,841089.3941,203744.8815,48670.0,68.5836,30.0,23.0,62.0,158.0,376093.7242,187084.8209,404977.6699,506913.7242,201232.7884,0,0.0
OAS30721,6.0,5.0,4.0,4.0,,,20.0,12.0,30.0,62.0,55.0,,,,,,,68.5836,30.0,23.0,61.5,167.0,,,,,,0,0.0
OAS30721,8.0,7.0,5.0,4.0,,,19.0,12.0,33.0,94.0,53.0,,,,,,,68.5836,29.0,23.0,61.5,173.5999756,,,,,,0,0.0
OAS30722,,,,,18.0,16.0,22.0,18.0,30.0,64.0,54.0,60.0,,,,,,66.3918,28.0,34.0,99.0,127.0,,,,,,0,0.0
OAS30722,,,,,15.0,15.0,21.0,23.0,33.0,67.0,54.0,58.0,183517.1386,1407927.744,873011.7022,216898.1704,50143.0,66.3918,30.0,34.0,64.75,119.0,374335.4201,190818.2815,428944.2821,509389.4201,212046.1118,0,0.0
OAS30722,9.0,8.0,8.0,5.0,,,22.0,17.0,24.0,47.0,54.0,,,,,,,66.3918,30.0,34.0,64.5,109.0,,,,,,0,0.0
OAS30723,,,,,9.0,8.0,19.0,8.0,41.0,109.0,51.0,56.0,215059.9767,1691172.461,1072908.84,269764.0176,59857.0,69.0548,30.0,34.0,67.0,191.0,433937.7505,218877.7738,546541.089,592575.7505,276777.0714,0,0.0
OAS30723,,,,,15.0,13.0,23.0,9.0,45.0,82.0,48.0,58.0,215059.9767,1691172.461,1072908.84,269764.0176,59857.0,69.0548,30.0,34.0,66.0,185.0,433937.7505,218877.7738,546541.089,592575.7505,276777.0714,0,0.0
OAS30723,,,,,12.0,13.0,24.0,12.0,34.0,73.0,55.0,52.0,,,,,,69.0548,29.0,34.0,66.2,192.0,,,,,,0,0.0
OAS30723,,,,,14.0,17.0,19.0,9.0,30.0,80.0,51.0,56.0,219632.4,1683345.639,1071037.046,266588.5305,58752.0,69.0548,28.0,34.0,66.0,189.0,440750.0588,221117.6588,535992.9875,594721.0588,269404.4569,0,0.0
OAS30723,,,,,13.0,13.0,25.0,9.0,29.0,85.0,51.0,56.0,219632.4,1683345.639,1071037.046,266588.5305,58752.0,69.0548,30.0,34.0,66.0,192.0,440750.0588,221117.6588,535992.9875,594721.0588,269404.4569,0,0.0
OAS30723,,,,,14.0,15.0,15.0,9.0,42.0,70.0,51.0,56.0,,,,,,69.0548,28.0,34.0,66.0,188.0,,,,,,0,0.0
OAS30723,,,,,16.0,12.0,19.0,14.0,31.0,83.0,54.0,56.0,215400.0342,1677736.757,1050839.894,258081.5475,58455.0,69.0548,30.0,34.0,66.0,187.0,432418.5228,217018.4886,521450.3714,585904.5228,263368.8239,0,0.0
OAS30723,,,,,15.0,16.0,20.0,8.0,38.0,108.0,50.0,58.0,205337.0419,1627842.961,1026621.245,256839.1633,57852.0,69.0548,30.0,34.0,65.75,187.0,413221.7597,207884.7178,516396.4855,559177.7597,259557.3223,0,0.0
OAS30723,,,,,15.0,12.0,11.0,10.0,32.0,91.0,50.0,56.0,205337.0419,1627842.961,1026621.245,256839.1633,57852.0,69.0548,29.0,34.0,66.0,189.0,413221.7597,207884.7178,516396.4855,559177.7597,259557.3223,0,0.0
OAS30723,6.0,5.0,5.0,4.0,,,19.0,8.0,29.0,83.0,52.0,,,,,,,69.0548,29.0,34.0,65.9,185.0,,,,,,0,0.0
OAS30723,5.0,5.0,3.0,3.0,,,17.0,13.0,30.0,105.0,52.0,,,,,,,69.0548,29.0,34.0,66.0,197.1999512,,,,,,0,0.0
OAS30723,8.0,7.0,6.0,4.0,,,17.0,8.0,28.0,179.0,52.0,,,,,,,69.0548,30.0,34.0,66.6,177.5999756,,,,,,0,0.0
OAS30724,,,,,,,31.0,,24.0,67.0,49.0,60.0,,,,,,68.8137,30.0,34.0,,184.0,,,,,,0,0.0
OAS30724,,,,,,,23.0,,29.0,55.0,48.0,60.0,,,,,,68.8137,30.0,34.0,,166.0,,,,,,0,0.0
OAS30724,,,,,,,28.0,,26.0,70.0,41.0,60.0,,,,,,68.8137,30.0,34.0,,180.0,,,,,,0,0.0
OAS30724,,,,,,,25.0,,22.0,40.0,45.0,59.0,,,,,,68.8137,30.0,34.0,,183.0,,,,,,0,0.0
OAS30724,,,,,,,20.0,,24.0,53.0,33.0,59.0,,,,,,68.8137,29.0,34.0,,180.0,,,,,,0,0.0
OAS30724,,,,,,,22.0,,33.0,69.0,44.0,60.0,,,,,,68.8137,30.0,34.0,,166.0,,,,,,0,0.0
OAS30724,,,,,18.0,18.0,22.0,17.0,31.0,56.0,47.0,58.0,207323.2016,1808139.064,1023348.063,247076.5,178930.2317,68.8137,29.0,34.0,70.0,165.0,409260.4963,201937.2947,497760.3281,588190.7281,250683.8281,0,0.0
OAS30724,,,,,17.0,19.0,25.0,16.0,22.0,103.0,44.0,58.0,207323.2016,1808139.064,1023348.063,247076.5,178930.2317,68.8137,27.0,34.0,70.0,163.0,409260.4963,201937.2947,497760.3281,588190.7281,250683.8281,0,0.0
OAS30724,,,,,18.0,18.0,24.0,15.0,33.0,114.0,45.0,60.0,224810.2316,1877811.372,1033921.585,211747.106,53239.0,68.8137,29.0,34.0,69.5,161.0,451483.9679,226673.7363,423130.6175,598658.9679,211383.5115,0,0.0
OAS30724,,,,,18.0,18.0,21.0,12.0,24.0,126.0,36.0,56.0,224810.2316,1877811.372,1033921.585,211747.106,53239.0,68.8137,29.0,34.0,70.0,163.0,451483.9679,226673.7363,423130.6175,598658.9679,211383.5115,0,0.0
OAS30724,,,,,17.0,17.0,21.0,9.0,23.0,84.0,38.0,58.0,,,,,,68.8137,26.0,34.0,69.3,158.0,,,,,,0,0.0
OAS30724,,,,,13.0,9.0,17.0,7.0,44.0,175.0,30.0,54.0,,,,,,68.8137,27.0,34.0,69.0,166.0,,,,,,1,0.5
OAS30724,,,,,3.0,8.0,9.0,6.0,97.0,180.0,23.0,52.0,,,,,,68.8137,27.0,34.0,69.0,168.0,,,,,,2,1.0
OAS30725,,,,,41.0,,20.0,,26.0,51.0,,,199148.2084,1337963.666,886385.3466,213341.6366,50439.0,60.3534,30.0,33.0,61.3,162.0,395221.8371,196073.6287,428367.5095,533902.8371,215025.8729,0,0.0
OAS30725,,,,,30.0,,21.0,,28.0,50.0,,,192900.7295,1321498.714,866283.1275,209949.5264,49092.0,60.3534,30.0,33.0,62.0,190.0,382847.3053,189946.5758,420820.8222,517457.3053,210871.2959,0,0.0
OAS30725,,,,,30.0,,18.0,,36.0,69.0,,,185710.2896,1302815.611,847493.8985,205437.5766,48089.0,60.3534,28.0,33.0,61.5,181.0,370058.073,184347.7834,415287.8255,504277.073,209850.2488,0,0.0
OAS30725,,,,,32.0,,16.0,,34.0,48.0,,,194190.9295,1291123.724,854552.2558,201725.1407,47238.0,60.3534,30.0,33.0,61.5,181.0,387876.2656,193685.3362,404730.9902,517501.2656,203005.8495,0,0.0
OAS30725,,,,,30.0,,21.0,,28.0,83.0,,,187294.0511,1285925.004,843098.3685,204430.065,48109.0,60.3534,30.0,33.0,62.0,184.0,372603.4031,185309.352,407751.9654,504646.4031,203321.9004,0,0.0
OAS30725,,,,,34.0,,23.0,,26.0,46.0,,,187294.0511,1285925.004,843098.3685,204430.065,48109.0,60.3534,29.0,33.0,61.5,180.0,372603.4031,185309.352,407751.9654,504646.4031,203321.9004,0,0.0
OAS30725,,,,,27.0,,12.0,,32.0,85.0,,,,,,,,60.3534,29.0,33.0,61.5,178.1999512,,,,,,0,0.0
OAS30725,,,,,24.0,,14.0,,42.0,92.0,,,,,,,,60.3534,27.0,33.0,61.0,172.5999756,,,,,,0,0.0
OAS30726,,,,,11.0,10.0,26.0,11.0,27.0,104.0,48.0,56.0,231897.1799,1540488.904,988833.4786,221027.2027,55939.0,65.2959,29.0,23.0,71.5,205.0,468711.0735,236813.8936,442227.4051,630225.0735,221200.2024,0,0.0
OAS30726,,,,,12.0,14.0,25.0,10.0,28.0,90.0,46.0,60.0,229251.8544,1518250.248,974982.3768,216381.1513,55502.0,65.2959,26.0,23.0,71.3,205.5,462089.2589,232837.4045,432834.1179,620432.2589,216452.9666,0,0.0
OAS30726,,,,,14.0,14.0,28.0,13.0,23.0,117.0,45.0,60.0,229251.8544,1518250.248,974982.3768,216381.1513,55502.0,65.2959,29.0,23.0,71.0,207.0,462089.2589,232837.4045,432834.1179,620432.2589,216452.9666,0,0.0
OAS30727,,,,,18.0,14.0,19.0,13.0,71.0,115.0,32.0,58.0,194630.8519,1627518.559,984358.1758,251902.2746,55744.0,66.8712,30.0,34.0,64.5,182.0,391145.2922,196514.4403,508440.8836,542436.2922,256538.609,0,0.0
OAS30727,,,,,19.0,17.0,19.0,17.0,61.0,100.0,42.0,58.0,189672.7727,1612215.582,967559.036,242858.5186,56066.0,66.8712,29.0,34.0,65.6,213.0,383132.8926,193460.1199,491038.1434,536788.8926,248179.6248,0,0.0
OAS30727,,,,,16.0,17.0,29.0,12.0,53.0,118.0,37.0,58.0,,,,,,66.8712,30.0,34.0,64.8,230.0,,,,,,0,0.0
OAS30727,8.0,7.0,4.0,3.0,,,19.0,10.0,48.0,103.0,35.0,,,,,,,66.8712,30.0,34.0,65.0,223.0,,,,,,0,0.0
OAS30727,9.0,7.0,5.0,4.0,,,22.0,13.0,68.0,108.0,36.0,,,,,,,66.8712,29.0,34.0,65.5,98.0,,,,,,0,0.0
OAS30728,5.0,5.0,2.0,2.0,,,17.0,17.0,48.0,144.0,41.0,,,,,,,77.1753,29.0,22.0,65.0,160.0,,,,,,0,0.0
OAS30729,,,,,,,21.0,,35.0,71.0,50.0,54.0,,,,,,63.1123,29.0,33.0,,209.0,,,,,,0,0.0
OAS30729,,,,,,,22.0,,34.0,71.0,49.0,52.0,,,,,,63.1123,29.0,33.0,,202.0,,,,,,0,0.0
OAS30729,,,,,,,25.0,,34.0,102.0,49.0,57.0,,,,,,63.1123,29.0,33.0,,210.0,,,,,,0,0.0
OAS30729,,,,,,,20.0,,34.0,63.0,41.0,55.0,,,,,,63.1123,30.0,33.0,,205.0,,,,,,0,0.0
OAS30729,,,,,10.0,8.0,29.0,14.0,20.0,78.0,43.0,56.0,208033.1958,1467268.72,907493.1488,204332.5587,53253.0,63.1123,28.0,33.0,71.0,196.0,421003.4007,212970.205,411429.7481,570953.4007,207097.1894,0,0.0
OAS30729,,,,,13.0,14.0,32.0,12.0,35.0,93.0,45.0,56.0,199361.3152,1451125.617,882780.2391,203387.8253,51544.0,63.1123,29.0,33.0,71.0,197.0,401104.081,201742.7659,406195.1581,551217.081,202807.3328,0,0.0
OAS30729,,,,,13.0,12.0,25.0,7.0,33.0,76.0,46.0,58.0,,,,,,63.1123,28.0,33.0,71.6,192.0,,,,,,0,0.0
OAS30729,,,,,13.0,12.0,27.0,8.0,27.0,99.0,53.0,58.0,193395.8634,1438055.649,869613.3038,199393.2384,48246.0,63.1123,27.0,33.0,71.3,188.0,388876.5278,195480.6644,402710.776,526805.5278,203317.5376,0,0.0
OAS30729,,,,,14.0,13.0,27.0,14.0,23.0,93.0,50.0,56.0,193395.8634,1438055.649,869613.3038,199393.2384,48246.0,63.1123,30.0,33.0,71.5,197.0,388876.5278,195480.6644,402710.776,526805.5278,203317.5376,0,0.0
OAS30729,6.0,6.0,3.0,3.0,,,22.0,10.0,30.0,144.0,44.0,,,,,,,63.1123,29.0,33.0,71.0,187.0,,,,,,0,0.0
OAS30729,6.0,6.0,2.0,2.0,,,17.0,11.0,37.0,107.0,41.0,,,,,,,63.1123,29.0,33.0,71.0,171.0,,,,,,0,0.0
OAS30729,6.0,6.0,5.0,4.0,,,25.0,8.0,,,,,,,,,,63.1123,,33.0,,,,,,,,0,0.0
OAS30730,,,,,32.0,,33.0,,16.0,31.0,,,227612.0562,1585684.463,1040030.827,236651.3438,178204.0,56.337,29.0,33.0,64.0,162.0,454435.9848,226823.9286,474572.125,632639.9848,237920.7813,0,0.0
OAS30731,,,,,14.0,12.0,28.0,7.0,22.0,88.0,67.0,56.0,191422.2033,1323793.426,824546.9006,189642.0295,48774.0,71.9836,27.0,23.0,65.0,146.0,384586.5476,193164.3443,376601.353,513470.5476,186959.3235,0,0.0
OAS30731,,,,,15.0,13.0,26.0,10.0,19.0,38.0,68.0,56.0,191422.2033,1323793.426,824546.9006,189642.0295,48774.0,71.9836,27.0,23.0,64.0,151.0,384586.5476,193164.3443,376601.353,513470.5476,186959.3235,0,0.0
OAS30731,,,,,9.0,12.0,32.0,12.0,17.0,96.0,72.0,54.0,,,,,,71.9836,27.0,23.0,64.0,150.0,,,,,,0,0.0
OAS30731,11.0,9.0,8.0,6.0,,,19.0,13.0,17.0,64.0,66.0,,189907.0258,1287046.638,793946.4129,174627.8375,45713.0,71.9836,30.0,23.0,64.5,130.0,378572.3849,188665.3592,349236.0279,499809.3849,174608.1904,0,0.0
OAS30731,13.0,9.0,7.0,5.0,,,25.0,11.0,17.0,63.0,68.0,,189907.0258,1287046.638,793946.4129,174627.8375,45713.0,71.9836,27.0,23.0,64.0,131.1999512,378572.3849,188665.3592,349236.0279,499809.3849,174608.1904,0,0.0
OAS30731,12.0,9.0,10.0,6.0,,,23.0,10.0,14.0,62.0,64.0,,,,,,,71.9836,29.0,23.0,63.75,127.5999756,,,,,,0,0.0
OAS30731,12.0,8.0,11.0,8.0,,,24.0,10.0,,,,,,,,,,71.9836,,23.0,,,,,,,,0,0.0
OAS30732,,,,,5.0,1.0,10.0,11.0,33.0,180.0,40.0,54.0,178430.6286,1451359.015,855833.1231,204175.6659,44815.0,69.4356,23.0,44.0,67.7,143.0,362938.7567,184508.1281,414716.3664,490654.7567,210540.7005,1,0.5
OAS30732,,,,,2.0,0.0,9.0,7.0,126.0,180.0,30.0,54.0,178430.6286,1451359.015,855833.1231,204175.6659,44815.0,69.4356,18.0,44.0,67.0,147.0,362938.7567,184508.1281,414716.3664,490654.7567,210540.7005,2,1.0
OAS30733,,,,,,,26.0,,34.0,75.0,47.0,57.0,,,,,,61.5205,29.0,23.0,,201.0,,,,,,1,0.5
OAS30733,,,,,,,24.0,,22.0,72.0,47.0,58.0,,,,,,61.5205,30.0,23.0,,178.0,,,,,,0,0.0
OAS30733,,,,,,,28.0,,35.0,68.0,47.0,59.0,,,,,,61.5205,30.0,23.0,,187.0,,,,,,0,0.0
OAS30733,,,,,22.0,20.0,28.0,14.0,20.0,45.0,55.0,58.0,,,,,,61.5205,29.0,23.0,66.0,191.0,,,,,,0,0.0
OAS30733,,,,,16.0,13.0,20.0,15.0,19.0,82.0,55.0,56.0,,,,,,61.5205,30.0,23.0,65.5,186.0,,,,,,0,0.0
OAS30733,,,,,12.0,10.0,22.0,19.0,28.0,69.0,52.0,56.0,,,,,,61.5205,27.0,23.0,66.0,181.0,,,,,,1,0.5
OAS30733,,,,,15.0,13.0,24.0,17.0,22.0,54.0,55.0,58.0,182932.9161,1319945.032,835641.7916,196486.257,49981.0,61.5205,28.0,23.0,65.0,198.0,364061.8114,181128.8953,392543.9803,500954.8114,196057.7233,0,0.0
OAS30733,,,,,14.0,13.0,24.0,19.0,24.0,70.0,49.0,56.0,182932.9161,1319945.032,835641.7916,196486.257,49981.0,61.5205,28.0,23.0,64.5,194.0,364061.8114,181128.8953,392543.9803,500954.8114,196057.7233,0,0.0
OAS30733,,,,,18.0,16.0,23.0,18.0,22.0,48.0,55.0,56.0,,,,,,61.5205,28.0,23.0,64.75,171.0,,,,,,0,0.0
OAS30733,,,,,13.0,10.0,22.0,14.0,23.0,79.0,57.0,56.0,,,,,,61.5205,29.0,23.0,99.9,178.0,,,,,,0,0.0
OAS30733,,,,,15.0,14.0,28.0,14.0,21.0,51.0,57.0,56.0,177976.788,1331381.105,813699.5205,189244.3689,48009.0,61.5205,30.0,23.0,64.5,155.0,355223.6792,177246.8912,375571.8413,492251.6792,186327.4724,0,0.0
OAS30733,7.0,6.0,6.0,4.0,,,20.0,14.0,27.0,64.0,51.0,,177976.788,1331381.105,813699.5205,189244.3689,48009.0,61.5205,29.0,23.0,64.0,171.0,355223.6792,177246.8912,375571.8413,492251.6792,186327.4724,0,0.0
OAS30733,7.0,6.0,6.0,4.0,,,14.0,12.0,38.0,65.0,54.0,,,,,,,61.5205,29.0,23.0,63.5,168.0,,,,,,0,0.0
OAS30733,10.0,7.0,5.0,4.0,,,27.0,11.0,24.0,63.0,61.0,,,,,,,61.5205,29.0,23.0,63.0,177.0,,,,,,1,0.5
OAS30734,,,,,5.0,5.0,18.0,11.0,31.0,82.0,37.0,50.0,191781.1371,1585180.418,977611.7481,248487.9972,49290.0,66.3123,24.0,44.0,65.3,180.0,386267.0288,194485.8917,490886.7193,520966.0288,242398.7221,1,0.5
OAS30734,,,,,10.0,5.0,22.0,13.0,30.0,100.0,38.0,48.0,191781.1371,1585180.418,977611.7481,248487.9972,49290.0,66.3123,26.0,44.0,65.0,187.0,386267.0288,194485.8917,490886.7193,520966.0288,242398.7221,1,0.5
OAS30734,,,,,6.0,4.0,18.0,10.0,30.0,112.0,38.0,44.0,183319.3296,1620988.749,959973.7569,235683.5209,48185.0,66.3123,22.0,44.0,65.0,196.0,370301.2687,186981.9391,475613.4883,504142.2687,239929.9673,1,0.5
OAS30734,,,,,3.0,3.0,17.0,9.0,39.0,100.0,38.0,42.0,183319.3296,1620988.749,959973.7569,235683.5209,48185.0,66.3123,26.0,44.0,65.5,190.0,370301.2687,186981.9391,475613.4883,504142.2687,239929.9673,1,0.5
OAS30734,,,,,0.0,0.0,4.0,0.0,59.0,180.0,8.0,20.0,,,,,,66.3123,12.0,44.0,66.0,182.0,,,,,,2,2.0
OAS30735,,,,,34.0,,21.0,,26.0,54.0,,,203620.0423,1286865.727,888728.4325,206380.1698,54299.0,57.3014,30.0,33.0,62.0,204.0,408579.1931,204959.1508,413431.2394,552716.1931,207051.0696,0,0.0
OAS30735,,,,,31.0,,26.0,,24.0,46.0,,,201311.2095,1286175.189,885995.3357,204834.9448,53630.0,57.3014,30.0,33.0,61.0,195.0,403486.6641,202175.4546,413108.6716,546477.6641,208273.7268,0,0.0
OAS30735,,,,,33.0,,25.0,,22.0,71.0,,,195885.4219,1300100.883,869021.2622,206210.279,52361.0,57.3014,30.0,33.0,61.0,188.0,389273.8324,193388.4105,412702.4298,528139.8324,206492.1508,0,0.0
OAS30735,,,,,29.0,,25.0,,29.0,72.0,,,195885.4219,1300100.883,869021.2622,206210.279,52361.0,57.3014,30.0,33.0,60.25,210.0,389273.8324,193388.4105,412702.4298,528139.8324,206492.1508,0,0.0
OAS30735,,,,,25.0,,25.0,,25.0,58.0,,,,,,,,57.3014,30.0,33.0,60.25,197.0,,,,,,0,0.0
OAS30735,,,,,31.0,,25.0,,24.0,53.0,,,,,,,,57.3014,30.0,33.0,59.75,188.0,,,,,,0,0.0
OAS30736,,,,,,,13.0,,45.0,97.0,52.0,52.0,,,,,,75.6822,27.0,33.0,,176.0,,,,,,0,0.0
OAS30736,,,,,,,11.0,,45.0,136.0,42.0,55.0,,,,,,75.6822,29.0,33.0,,175.0,,,,,,0,0.0
OAS30736,,,,,,,17.0,,56.0,97.0,46.0,57.0,,,,,,75.6822,27.0,33.0,,172.0,,,,,,0,0.0
OAS30736,,,,,,,15.0,,55.0,109.0,42.0,56.0,,,,,,75.6822,29.0,33.0,,165.0,,,,,,0,0.0
OAS30736,,,,,,,9.0,,55.0,110.0,34.0,53.0,,,,,,75.6822,30.0,33.0,,157.0,,,,,,1,0.5
OAS30736,,,,,,,9.0,,56.0,95.0,37.0,50.0,,,,,,75.6822,28.0,33.0,,152.0,,,,,,1,0.5
OAS30736,,,,,,,8.0,,67.0,180.0,34.0,49.0,183077.5473,1560686.123,912441.8514,225696.875,158805.505,75.6822,26.0,33.0,,133.0,373187.5751,190110.0278,458219.0625,531993.0801,232522.1875,1,0.5
OAS30736,,,,,1.0,0.0,10.0,6.0,58.0,180.0,24.0,42.0,183077.5473,1560686.123,912441.8514,225696.875,158805.505,75.6822,21.0,33.0,65.0,138.0,373187.5751,190110.0278,458219.0625,531993.0801,232522.1875,1,0.5
OAS30737,,,,,14.0,12.0,15.0,14.0,42.0,103.0,38.0,48.0,217527.2039,1567061.092,990167.859,216407.3199,58038.0,75.1808,29.0,33.0,61.0,156.0,438905.1512,221377.9472,431664.7079,587041.1512,215257.388,0,0.0
OAS30737,,,,,13.0,11.0,17.0,15.0,51.0,84.0,40.0,54.0,217527.2039,1567061.092,990167.859,216407.3199,58038.0,75.1808,28.0,33.0,61.0,156.0,438905.1512,221377.9472,431664.7079,587041.1512,215257.388,0,0.0
OAS30737,,,,,11.0,9.0,20.0,17.0,30.0,89.0,34.0,56.0,,,,,,75.1808,30.0,33.0,61.0,162.0,,,,,,0,0.0
OAS30737,,,,,11.0,11.0,17.0,13.0,32.0,120.0,39.0,52.0,217327.6505,1587861.979,989086.3998,210713.7972,62359.0,75.1808,26.0,33.0,61.0,160.0,435699.2729,218371.6224,424016.1269,586270.2729,213302.3297,0,0.0
OAS30739,,,,,18.0,17.0,37.0,16.0,14.0,55.0,65.0,58.0,177256.5111,1343949.265,825684.3174,197470.4876,45894.0,72.8411,29.0,33.0,64.0,112.0,354622.1938,177365.6826,396427.1236,484965.1938,198956.636,0,0.0
OAS30739,,,,,16.0,18.0,39.0,20.0,16.0,50.0,70.0,54.0,,,,,,72.8411,30.0,33.0,64.0,109.0,,,,,,0,0.0
OAS30739,9.0,7.0,8.0,6.0,,,34.0,13.0,22.0,55.0,68.0,,181178.5075,1355547.821,830908.2846,194025.3001,44854.0,72.8411,30.0,33.0,64.3,105.0,363420.6684,182242.1608,390280.6162,490695.6684,196255.3161,0,0.0
OAS30739,8.0,6.0,8.0,6.0,,,37.0,18.0,22.0,84.0,64.0,,181178.5075,1355547.821,830908.2846,194025.3001,44854.0,72.8411,30.0,33.0,63.5,107.0,363420.6684,182242.1608,390280.6162,490695.6684,196255.3161,0,0.0
OAS30741,,,,,,,19.0,,46.0,86.0,40.0,58.0,,,,,,74.3452,29.0,33.0,,166.0,,,,,,1,0.5
OAS30741,,,,,9.0,7.0,20.0,12.0,35.0,85.0,42.0,58.0,,,,,,74.3452,29.0,33.0,67.0,169.0,,,,,,0,0.0
OAS30741,,,,,7.0,5.0,14.0,10.0,36.0,97.0,40.0,58.0,,,,,,74.3452,26.0,33.0,67.0,167.0,,,,,,0,0.0
OAS30741,,,,,11.0,5.0,13.0,12.0,45.0,128.0,36.0,60.0,,,,,,74.3452,26.0,33.0,67.0,171.0,,,,,,0,0.0
OAS30741,,,,,6.0,5.0,15.0,9.0,43.0,132.0,36.0,60.0,,,,,,74.3452,28.0,33.0,67.0,169.0,,,,,,1,0.5
OAS30741,,,,,5.0,1.0,12.0,5.0,48.0,180.0,36.0,56.0,228164.8141,1904568.379,1039103.425,215213.2695,53139.0,74.3452,26.0,33.0,66.5,166.0,452491.0147,224326.2006,424217.4104,603695.0147,209004.1409,1,0.5
OAS30741,,,,,0.0,0.0,12.0,6.0,58.0,180.0,12.0,54.0,228164.8141,1904568.379,1039103.425,215213.2695,53139.0,74.3452,26.0,33.0,66.0,159.0,452491.0147,224326.2006,424217.4104,603695.0147,209004.1409,1,0.5
OAS30742,,,,,,,25.0,,48.0,77.0,51.0,60.0,242070.645,1612881.496,1034945.374,251118.7813,183683.6056,58.2575,27.0,33.0,,183.0,485657.8599,243587.215,502522.3281,669341.4655,251403.5469,0,0.0
OAS30742,,,,,31.0,,20.0,,34.0,53.0,,,,,,,,58.2575,30.0,33.0,70.0,187.0,,,,,,0,0.0
OAS30742,,,,,27.0,,28.0,,26.0,55.0,,,246996.8132,1658668.722,1051783.885,233555.7364,58424.0,58.2575,27.0,33.0,70.0,183.0,493455.3222,246458.509,469375.5632,661912.3222,235819.8268,0,0.0
OAS30742,,,,,31.0,,25.0,,31.0,46.0,,,241255.4182,1652108.026,1028639.616,228863.0616,56374.0,58.2575,30.0,33.0,70.0,187.0,481718.3516,240462.9334,457342.2643,643274.3516,228479.2028,0,0.0
OAS30742,,,,,33.0,,18.0,,38.0,50.0,,,245686.9991,1588475.035,1036958.057,226829.4762,57514.0,58.2575,30.0,33.0,69.7,187.0,490630.9833,244943.9842,453487.0737,650661.9833,226657.5975,0,0.0
OAS30742,,,,,33.0,,27.0,,37.0,52.0,,,236877.5697,1614663.311,1034155.671,233176.2308,55575.0,58.2575,30.0,33.0,70.0,186.0,477310.8687,240433.299,465739.802,632210.8687,232563.5711,0,0.0
OAS30742,,,,,30.0,,23.0,,42.0,78.0,,,232091.2396,1603366.165,1013697.679,226443.6202,54846.0,58.2575,30.0,33.0,70.5,186.0,464483.3859,232392.1463,455862.2929,614568.3859,229418.6727,0,0.0
OAS30742,,,,,30.0,,19.0,,44.0,50.0,,,232091.2396,1603366.165,1013697.679,226443.6202,54846.0,58.2575,30.0,33.0,69.5,180.0,464483.3859,232392.1463,455862.2929,614568.3859,229418.6727,0,0.0
OAS30742,,,,,30.0,,17.0,,39.0,58.0,,,,,,,,58.2575,28.0,33.0,70.0,185.0,,,,,,0,0.0
OAS30742,,,,,34.0,,18.0,,37.0,64.0,,,,,,,,58.2575,30.0,33.0,70.0,174.0,,,,,,0,0.0
OAS30742,10.0,7.0,10.0,6.0,,,20.0,12.0,,,,,,,,,,58.2575,,33.0,,,,,,,,0,0.0
OAS30742,10.0,9.0,9.0,6.0,,,18.0,12.0,,,,,,,,,,58.2575,30.0,33.0,69.5,180.3999023,,,,,,0,0.0
OAS30743,,,,,17.0,20.0,25.0,12.0,34.0,49.0,46.0,60.0,193433.5184,1674105.454,972310.8977,244623.5673,52031.0,72.5041,30.0,33.0,66.0,153.0,389336.4346,195902.9162,492088.463,528274.4346,247464.8957,0,0.0
OAS30743,,,,,17.0,18.0,19.0,13.0,50.0,75.0,38.0,56.0,201255.3789,1689341.172,979881.4435,236540.7103,51970.0,72.5041,30.0,33.0,66.7,158.0,404248.3171,202992.9382,479514.1264,542653.3171,242973.4161,0,0.0
OAS30743,,,,,22.0,23.0,22.0,12.0,35.0,61.0,41.0,56.0,201255.3789,1689341.172,979881.4435,236540.7103,51970.0,72.5041,30.0,33.0,67.5,162.0,404248.3171,202992.9382,479514.1264,542653.3171,242973.4161,0,0.0
OAS30743,,,,,20.0,20.0,19.0,11.0,36.0,82.0,47.0,58.0,,,,,,72.5041,30.0,33.0,67.0,167.0,,,,,,0,0.0
OAS30743,,,,,21.0,18.0,21.0,15.0,36.0,66.0,44.0,58.0,,,,,,72.5041,30.0,33.0,66.0,173.0,,,,,,0,0.0
OAS30743,,,,,21.0,18.0,17.0,14.0,35.0,67.0,40.0,58.0,185798.6665,1701466.775,950058.3066,234506.14,50479.0,72.5041,30.0,33.0,66.0,161.0,373744.2444,187945.5779,472642.0622,509152.2444,238135.9223,0,0.0
OAS30743,,,,,24.0,24.0,18.0,15.0,34.0,67.0,39.0,58.0,,,,,,72.5041,30.0,33.0,65.5,161.0,,,,,,0,0.0
OAS30744,,,,,10.0,5.0,17.0,6.0,34.0,89.0,43.0,56.0,205839.3124,1700602.715,987218.3301,227731.7874,56634.0,72.6192,26.0,34.0,72.0,205.0,411265.0215,205425.7091,456785.3085,555128.0215,229053.5211,1,0.5
OAS30744,,,,,8.0,6.0,15.0,8.0,29.0,92.0,42.0,46.0,,,,,,72.6192,27.0,34.0,72.0,196.0,,,,,,1,0.5
OAS30745,,,,,,,19.0,,45.0,77.0,56.0,58.0,,,,,,69.7014,27.0,33.0,,189.0,,,,,,1,0.5
OAS30745,,,,,,,21.0,,33.0,87.0,47.0,59.0,,,,,,69.7014,29.0,33.0,,189.0,,,,,,0,0.0
OAS30745,,,,,,,19.0,,63.0,86.0,52.0,60.0,,,,,,69.7014,29.0,33.0,,195.0,,,,,,0,0.0
OAS30745,,,,,10.0,11.0,17.0,19.0,37.0,94.0,48.0,54.0,167617.327,1268210.075,730518.4877,173165.1094,127523.9308,69.7014,29.0,33.0,61.0,192.0,334658.1724,167040.8454,348324.2344,462182.1032,175159.125,1,0.5
OAS30745,,,,,19.0,19.0,24.0,16.0,29.0,82.0,45.0,56.0,174316.9594,1307312.378,727820.1786,152882.4619,47415.0,69.7014,30.0,33.0,60.0,189.0,348386.4833,174069.524,306117.6952,462293.4833,153235.2333,0,0.0
OAS30745,,,,,15.0,15.0,20.0,15.0,39.0,110.0,51.0,58.0,,,,,,69.7014,29.0,33.0,60.0,186.0,,,,,,1,0.5
OAS30745,,,,,16.0,14.0,14.0,15.0,46.0,98.0,32.0,58.0,,,,,,69.7014,27.0,33.0,60.0,184.0,,,,,,0,0.0
OAS30745,,,,,13.0,11.0,20.0,14.0,36.0,128.0,48.0,60.0,,,,,,69.7014,29.0,33.0,60.0,183.0,,,,,,0,0.0
OAS30745,,,,,7.0,7.0,14.0,16.0,31.0,124.0,49.0,58.0,,,,,,69.7014,28.0,33.0,60.0,181.0,,,,,,1,0.5
OAS30745,,,,,9.0,5.0,19.0,14.0,39.0,89.0,33.0,50.0,,,,,,69.7014,28.0,33.0,60.0,184.0,,,,,,1,0.5
OAS30746,4.0,4.0,8.0,6.0,15.0,14.0,29.0,14.0,37.0,83.0,41.0,,177412.9318,1241997.689,797822.0867,183468.3832,48026.0,75.0986,28.0,33.0,58.0,156.0,354018.155,176605.2232,371818.9317,487805.155,188350.5485,0,0.0
OAS30746,8.0,6.0,9.0,6.0,12.0,0.0,27.0,17.0,42.0,62.0,56.0,,177412.9318,1241997.689,797822.0867,183468.3832,48026.0,75.0986,29.0,33.0,58.0,152.5,354018.155,176605.2232,371818.9317,487805.155,188350.5485,0,0.0
OAS30746,6.0,5.0,8.0,5.0,,,25.0,18.0,33.0,56.0,61.0,,,,,,,75.0986,30.0,33.0,57.5,158.0,,,,,,0,0.0
OAS30746,7.0,6.0,6.0,4.0,,,27.0,20.0,31.0,53.0,64.0,,180722.0127,1229620.417,806927.4515,186606.7779,47637.0,75.0986,29.0,33.0,57.5,154.0,361129.4965,180407.4839,372946.955,492597.4965,186340.1771,0,0.0
OAS30746,7.0,6.0,9.0,6.0,,,25.0,23.0,27.0,75.0,61.0,,179690.5681,1255659.325,796049.7644,176842.2094,49642.0,75.0986,28.0,33.0,57.0,150.7999268,361649.601,181959.0329,358755.1634,497643.601,181912.954,0,0.0
OAS30746,6.0,5.0,8.0,5.0,,,24.0,14.0,,,,,,,,,,75.0986,,33.0,,,,,,,,0,0.0
OAS30746,7.0,7.0,10.0,7.0,,,26.0,17.0,,,,,,,,,,75.0986,,33.0,,,,,,,,0,0.0
OAS30747,,,,,24.0,,15.0,,26.0,42.0,,,259399.6186,1803793.219,1177958.061,282793.1785,67233.0,53.9315,29.0,34.0,72.0,185.0,521049.1979,261649.5793,568008.8631,691178.1979,285215.6846,0,0.0
OAS30747,,,,,25.0,,20.0,,26.0,66.0,,,255231.6239,1789851.927,1150584.329,271899.9504,66051.0,53.9315,30.0,34.0,71.5,191.0,511784.805,256553.1811,546855.5238,679380.805,274955.5733,0,0.0
OAS30747,,,,,26.0,,16.0,,41.0,88.0,,,,,,,,53.9315,30.0,34.0,71.75,201.5,,,,,,0,0.0
OAS30748,,,,,11.0,,18.0,,35.0,65.0,,,,,,,,54.6795,29.0,33.0,61.5,205.0,,,,,,1,0.5
OAS30748,,,,,22.0,,15.0,,39.0,79.0,,,,,,,,54.6795,28.0,33.0,61.0,208.0,,,,,,0,0.0
OAS30748,,,,,19.0,,12.0,,36.0,75.0,,,186169.7576,1237339.008,806139.4498,184332.7624,50640.0,54.6795,30.0,33.0,60.5,186.0,369319.3075,183149.5499,368867.1424,512171.3075,184534.3799,0,0.0
OAS30748,,,,,18.0,,16.0,,36.0,63.0,,,,,,,,54.6795,29.0,33.0,51.0,191.0,,,,,,0,0.0
OAS30748,,,,,16.0,,16.0,,45.0,83.0,,,,,,,,54.6795,26.0,33.0,61.0,199.0,,,,,,0,0.0
OAS30749,,,,,18.0,17.0,15.0,10.0,16.0,90.0,42.0,54.0,177718.4131,1457654.92,884442.0389,222625.4995,49196.0,73.2932,27.0,33.0,71.0,255.0,361170.8343,183452.4211,440912.2046,495847.8343,218286.7052,0,0.0
OAS30749,,,,,13.0,16.0,25.0,13.0,29.0,82.0,44.0,52.0,,,,,,73.2932,28.0,33.0,70.0,247.0,,,,,,0,0.0
OAS30749,,,,,15.0,14.0,16.0,15.0,24.0,108.0,47.0,52.0,,,,,,73.2932,27.0,33.0,70.0,238.0,,,,,,0,0.0
OAS30749,,,,,13.0,10.0,16.0,7.0,35.0,76.0,45.0,46.0,188650.9988,1504576.094,887392.5432,210357.1866,48135.0,73.2932,29.0,33.0,70.0,221.0,380835.2137,192184.2149,416428.3295,516546.2137,206071.1429,0,0.0
OAS30749,,,,,17.0,15.0,14.0,12.0,26.0,81.0,42.0,42.0,188650.9988,1504576.094,887392.5432,210357.1866,48135.0,73.2932,30.0,33.0,70.0,212.0,380835.2137,192184.2149,416428.3295,516546.2137,206071.1429,0,0.0
OAS30749,,,,,14.0,13.0,17.0,8.0,21.0,106.0,48.0,50.0,,,,,,73.2932,30.0,33.0,69.0,206.0,,,,,,0,0.0
OAS30749,,,,,13.0,13.0,7.0,6.0,21.0,106.0,52.0,46.0,,,,,,73.2932,25.0,33.0,69.5,208.5,,,,,,0,0.0
OAS30749,,,,,11.0,11.0,10.0,7.0,25.0,87.0,43.0,36.0,,,,,,73.2932,27.0,33.0,71.0,215.0,,,,,,0,0.0
OAS30749,8.0,7.0,2.0,2.0,,,10.0,6.0,31.0,180.0,39.0,,,,,,,73.2932,26.0,33.0,69.75,205.0,,,,,,0,0.0
OAS30749,6.0,5.0,5.0,4.0,,,12.0,3.0,21.0,72.0,41.0,,,,,,,73.2932,27.0,33.0,69.5,209.0,,,,,,0,0.0
OAS30749,9.0,7.0,5.0,4.0,,,4.0,3.0,26.0,118.0,40.0,,,,,,,73.2932,24.0,33.0,69.0,209.0,,,,,,1,0.5
OAS30750,,,,,14.0,15.0,19.0,15.0,27.0,86.0,55.0,60.0,,,,,,66.074,29.0,33.0,65.3,186.0,,,,,,0,0.0
OAS30750,,,,,17.0,16.0,23.0,17.0,19.0,82.0,57.0,58.0,188410.9423,1409753.479,833575.5114,188320.1624,48926.0,66.074,30.0,33.0,65.0,188.0,381595.3679,193184.4256,379743.1435,523921.3679,191422.9811,0,0.0
OAS30750,,,,,17.0,17.0,21.0,11.0,29.0,61.0,51.0,56.0,188410.9423,1409753.479,833575.5114,188320.1624,48926.0,66.074,30.0,33.0,65.0,188.0,381595.3679,193184.4256,379743.1435,523921.3679,191422.9811,0,0.0
OAS30750,,,,,18.0,17.0,24.0,10.0,30.0,66.0,61.0,58.0,188559.595,1403375.23,822150.97,186355.1496,48622.0,66.074,30.0,33.0,65.0,191.0,376646.3599,188086.765,372802.61,519155.3599,186447.4604,0,0.0
OAS30750,,,,,16.0,17.0,16.0,15.0,29.0,83.0,56.0,58.0,,,,,,66.074,30.0,33.0,65.0,190.0,,,,,,0,0.0
OAS30750,,,,,21.0,18.0,17.0,14.0,22.0,76.0,61.0,60.0,187978.6784,1371793.507,815778.4593,179115.6146,47475.0,66.074,30.0,33.0,64.0,184.0,379814.6719,191835.9935,363375.7874,516099.6719,184260.1729,0,0.0
OAS30750,,,,,18.0,19.0,18.0,13.0,21.0,66.0,57.0,60.0,,,,,,66.074,29.0,33.0,65.5,189.0,,,,,,0,0.0
OAS30750,,,,,15.0,16.0,21.0,13.0,21.0,54.0,56.0,60.0,179061.0764,1356403.93,785842.9458,172733.7672,45357.0,66.074,30.0,33.0,65.0,186.0,363328.0661,184266.9897,349079.8797,496580.0661,176346.1125,0,0.0
OAS30750,3.0,4.0,7.0,5.0,,,16.0,14.0,22.0,100.0,49.0,,,,,,,66.074,26.0,33.0,64.25,164.0,,,,,,0,0.0
OAS30750,6.0,7.0,7.0,5.0,,,14.0,14.0,,,,,,,,,,66.074,,33.0,,,,,,,,0,0.0
OAS30751,10.0,8.0,10.0,7.0,14.0,12.0,25.0,15.0,23.0,68.0,53.0,,235941.914,1787504.364,1094549.644,240669.0642,54858.0,70.5233,30.0,34.0,71.7,216.0,469870.2512,233928.3372,487048.3932,631707.2512,246379.329,1,0.5
OAS30751,11.0,8.0,9.0,6.0,18.0,16.0,30.0,16.0,25.0,54.0,58.0,,235941.914,1787504.364,1094549.644,240669.0642,54858.0,70.5233,30.0,34.0,71.5,202.0,469870.2512,233928.3372,487048.3932,631707.2512,246379.329,0,0.0
OAS30751,8.0,6.0,10.0,7.0,,,26.0,16.0,26.0,91.0,58.0,,,,,,,70.5233,30.0,34.0,71.0,204.0,,,,,,0,0.0
OAS30751,11.0,8.0,11.0,7.0,,,29.0,15.0,28.0,78.0,55.0,,,,,,,70.5233,30.0,34.0,71.5,201.0,,,,,,0,0.0
OAS30751,8.0,6.0,8.0,5.0,,,25.0,10.0,29.0,56.0,52.0,,,,,,,70.5233,29.0,34.0,71.5,219.3999023,,,,,,0,0.0
OAS30752,,,,,2.0,0.0,7.0,8.0,51.0,180.0,16.0,34.0,,,,,,83.8493,19.0,23.0,65.0,169.0,,,,,,2,1.0
OAS30752,,,,,2.0,0.0,8.0,11.0,66.0,180.0,22.0,28.0,,,,,,83.8493,16.0,23.0,64.0,177.0,,,,,,2,1.0
OAS30752,,,,,3.0,2.0,13.0,12.0,42.0,180.0,22.0,30.0,,,,,,83.8493,16.0,23.0,64.7,184.0,,,,,,2,1.0
OAS30752,,,,,0.0,0.0,7.0,12.0,55.0,180.0,30.0,40.0,,,,,,83.8493,18.0,23.0,66.0,194.0,,,,,,2,1.0
OAS30752,,,,,1.0,0.0,9.0,8.0,48.0,180.0,22.0,34.0,,,,,,83.8493,24.0,23.0,64.0,192.0,,,,,,2,1.0
OAS30754,,,,,,,30.0,,23.0,30.0,,,244925.9957,1638342.957,1021989.749,220967.372,53633.0,61.4959,29.0,33.0,72.3,228.0,488171.2175,243245.2219,438786.5318,644035.2175,217819.1598,0,0.0
OAS30754,,,,,28.0,,27.0,,21.0,53.0,,,,,,,,61.4959,29.0,33.0,72.0,247.5,,,,,,0,0.0
OAS30755,,,,,16.0,19.0,25.0,13.0,19.0,88.0,65.0,58.0,200623.851,1331957.863,858571.1285,185370.6359,56250.0,67.0877,28.0,33.0,61.0,174.0,405661.9103,205038.0593,372090.2182,534688.9103,186719.5823,0,0.0
OAS30755,,,,,13.0,12.0,16.0,12.0,21.0,39.0,67.0,58.0,200623.851,1331957.863,858571.1285,185370.6359,56250.0,67.0877,29.0,33.0,61.0,176.0,405661.9103,205038.0593,372090.2182,534688.9103,186719.5823,0,0.0
OAS30755,,,,,13.0,12.0,15.0,12.0,29.0,50.0,65.0,56.0,,,,,,67.0877,30.0,33.0,61.2,170.0,,,,,,0,0.0
OAS30755,,,,,18.0,18.0,15.0,13.0,20.0,48.0,58.0,58.0,,,,,,67.0877,29.0,33.0,60.0,172.0,,,,,,0,0.0
OAS30755,,,,,17.0,17.0,20.0,12.0,23.0,66.0,66.0,56.0,184434.9138,1328885.384,791537.8314,172650.5938,54447.0,67.0877,29.0,33.0,60.0,180.0,369593.8012,185158.8873,338456.0302,498177.8012,165805.4364,0,0.0
OAS30755,5.0,5.0,7.0,5.0,,,23.0,12.0,20.0,48.0,57.0,,178173.1349,1283638.888,794597.0554,172266.6146,54727.0,67.0877,30.0,33.0,60.5,184.0,362149.7491,183976.6143,346238.3063,489844.7491,173971.6917,0,0.0
OAS30755,5.0,5.0,7.0,5.0,,,20.0,12.0,21.0,45.0,61.0,,,,,,,67.0877,28.0,33.0,60.0,183.0,,,,,,0,0.0
OAS30755,7.0,6.0,8.0,5.0,,,22.0,14.0,25.0,66.0,48.0,,,,,,,67.0877,30.0,33.0,60.75,191.0,,,,,,0,0.0
OAS30755,7.0,6.0,4.0,3.0,,,24.0,16.0,25.0,62.0,56.0,,,,,,,67.0877,29.0,33.0,60.2,182.7999268,,,,,,0,0.0
OAS30755,5.0,5.0,8.0,5.0,,,25.0,14.0,,,,,,,,,,67.0877,,33.0,,,,,,,,0,0.0
OAS30756,,,,,30.0,,24.0,,26.0,69.0,,,201461.4595,1405023.051,886501.454,195482.5055,53241.0,52.9452,30.0,33.0,64.5,206.0,409242.1138,207780.6543,393954.3402,541605.1138,198471.8347,0,0.0
OAS30756,,,,,31.0,,24.0,,27.0,67.0,,,193434.5722,1379587.912,883080.0448,200034.6989,54017.0,52.9452,30.0,33.0,64.0,183.0,395884.1738,202449.6015,401033.871,528998.1738,200999.1721,0,0.0
OAS30756,,,,,24.0,,23.0,,31.0,49.0,,,193975.2816,1400433.105,892497.9333,203021.3966,52641.0,52.9452,30.0,33.0,55.0,197.1999512,395113.7398,201138.4582,407795.1935,529992.7398,204773.7969,0,0.0
OAS30757,,,,,18.0,,16.0,,27.0,81.0,,,,,,,,63.2164,30.0,33.0,65.0,169.0,,,,,,0,0.0
OAS30757,,,,,15.0,,15.0,,27.0,81.0,,,,,,,,63.2164,28.0,33.0,64.0,154.0,,,,,,0,0.0
OAS30757,,,,,16.0,,16.0,,27.0,98.0,,,225670.2257,1928065.956,1122152.972,256706.251,60093.0,63.2164,30.0,33.0,65.4,169.0,454364.474,228694.2483,514318.4976,618830.474,257612.2466,0,0.0
OAS30757,,,,,28.0,,15.0,,37.0,72.0,,,225670.2257,1928065.956,1122152.972,256706.251,60093.0,63.2164,30.0,33.0,65.0,169.0,454364.474,228694.2483,514318.4976,618830.474,257612.2466,0,0.0
OAS30757,,,,,20.0,,22.0,,28.0,63.0,,,226780.8636,1773859.942,1115352.12,244521.3346,58616.0,63.2164,28.0,33.0,65.0,170.0,456661.6285,229880.7649,494912.4913,618330.6285,250391.1566,0,0.0
OAS30757,,,,,19.0,,17.0,,36.0,69.0,,,226780.8636,1773859.942,1115352.12,244521.3346,58616.0,63.2164,30.0,33.0,64.7,163.0,456661.6285,229880.7649,494912.4913,618330.6285,250391.1566,0,0.0
OAS30757,,,,,12.0,,18.0,,34.0,98.0,,,,,,,,63.2164,30.0,33.0,65.0,172.0,,,,,,0,0.0
OAS30757,,,,,18.0,,18.0,,30.0,80.0,,,223678.0665,1866130.566,1135748.657,248126.0576,59973.0,63.2164,29.0,33.0,64.5,178.0,453745.9873,230067.9208,501330.6695,617190.9873,253204.6119,0,0.0
OAS30757,,,,,24.0,,16.0,,44.0,107.0,,,,,,,,63.2164,28.0,33.0,65.0,167.0,,,,,,0,0.0
OAS30759,,,,,16.0,15.0,22.0,26.0,25.0,46.0,57.0,56.0,223584.2063,1473630.893,998124.0645,235574.4756,54973.0,69.5507,30.0,23.0,67.0,138.0,449010.1113,225425.9051,475948.9532,593636.1113,240374.4776,0,0.0
OAS30759,,,,,13.0,15.0,30.0,23.0,27.0,56.0,55.0,60.0,223584.2063,1473630.893,998124.0645,235574.4756,54973.0,69.5507,30.0,23.0,66.5,138.0,449010.1113,225425.9051,475948.9532,593636.1113,240374.4776,0,0.0
OAS30759,,,,,18.0,19.0,28.0,21.0,20.0,59.0,50.0,60.0,,,,,,69.5507,30.0,23.0,66.75,133.0,,,,,,0,0.0
OAS30759,13.0,9.0,8.0,6.0,,,26.0,25.0,25.0,92.0,59.0,,219163.3622,1511597.255,985614.4264,232315.6923,53944.0,69.5507,30.0,23.0,66.75,133.0,439202.299,220038.9368,471395.1274,584650.299,239079.4351,0,0.0
OAS30759,14.0,9.0,8.0,6.0,,,25.0,15.0,23.0,60.0,55.0,,222021.4905,1517237.594,983001.5866,227244.401,54507.0,69.5507,30.0,23.0,66.5,137.5999756,446805.6792,224784.1887,461334.9074,589879.6792,234090.5065,0,0.0
OAS30759,12.0,8.0,6.0,4.0,,,24.0,16.0,27.0,76.0,55.0,,,,,,,69.5507,30.0,23.0,66.25,140.1999512,,,,,,0,0.0
OAS30760,,,,,,,23.0,,33.0,48.0,67.0,60.0,,,,,,74.4137,30.0,33.0,,240.0,,,,,,0,0.0
OAS30760,,,,,,,32.0,,17.0,50.0,71.0,59.0,,,,,,74.4137,30.0,33.0,,222.0,,,,,,0,0.0
OAS30760,,,,,,,32.0,,22.0,42.0,74.0,59.0,,,,,,74.4137,30.0,33.0,,215.0,,,,,,0,0.0
OAS30760,,,,,,,29.0,,25.0,65.0,69.0,59.0,,,,,,74.4137,30.0,33.0,,215.0,,,,,,0,0.0
OAS30760,,,,,,,26.0,,22.0,62.0,63.0,60.0,,,,,,74.4137,30.0,33.0,,,,,,,,1,0.5
OAS30760,,,,,,,28.0,,25.0,84.0,72.0,60.0,,,,,,74.4137,30.0,33.0,,221.0,,,,,,0,0.0
OAS30760,,,,,16.0,17.0,29.0,18.0,25.0,51.0,63.0,60.0,,,,,,74.4137,29.0,33.0,69.0,218.0,,,,,,0,0.0
OAS30760,,,,,20.0,20.0,32.0,16.0,19.0,44.0,64.0,60.0,,,,,,74.4137,30.0,33.0,68.0,216.0,,,,,,0,0.0
OAS30760,,,,,12.0,14.0,19.0,14.0,23.0,57.0,68.0,60.0,196073.8913,1776047.657,952242.8426,211092.3667,48695.0,74.4137,30.0,33.0,68.0,206.0,394657.4716,198583.5803,424773.371,538674.4716,213681.0043,0,0.0
OAS30760,,,,,17.0,18.0,25.0,16.0,30.0,73.0,62.0,60.0,196073.8913,1776047.657,952242.8426,211092.3667,48695.0,74.4137,28.0,33.0,67.5,204.0,394657.4716,198583.5803,424773.371,538674.4716,213681.0043,1,0.5
OAS30760,,,,,20.0,19.0,22.0,12.0,23.0,83.0,58.0,60.0,,,,,,74.4137,30.0,33.0,67.5,208.0,,,,,,0,0.0
OAS30760,,,,,17.0,15.0,27.0,15.0,31.0,68.0,55.0,60.0,,,,,,74.4137,30.0,33.0,67.5,206.0,,,,,,0,0.0
OAS30760,,,,,18.0,15.0,16.0,14.0,38.0,66.0,48.0,60.0,,,,,,74.4137,30.0,33.0,65.75,211.0,,,,,,0,0.0
OAS30760,,,,,20.0,19.0,25.0,13.0,32.0,126.0,52.0,60.0,,,,,,74.4137,30.0,33.0,67.0,209.0,,,,,,1,0.5
OAS30761,,,,,9.0,3.0,23.0,11.0,39.0,180.0,14.0,40.0,,,,,,76.663,20.0,34.0,64.0,135.0,,,,,,1,0.5
OAS30761,,,,,1.0,0.0,10.0,5.0,120.0,180.0,5.0,38.0,,,,,,76.663,18.0,34.0,62.5,151.0,,,,,,2,1.0
OAS30762,,,,,13.0,10.0,31.0,16.0,27.0,102.0,41.0,60.0,244641.7417,1889004.137,1102493.511,224220.0472,52136.0,68.1671,28.0,33.0,70.0,211.0,491532.6653,246890.9235,449843.846,634400.6653,225623.7988,0,0.0
OAS30762,,,,,13.0,10.0,29.0,18.0,31.0,89.0,43.0,58.0,236677.1973,1814996.032,1085045.297,217278.5154,50240.0,68.1671,30.0,33.0,69.75,215.0,476014.9051,239337.7078,442260.3916,613358.9051,224981.8761,0,0.0
OAS30762,,,,,14.0,13.0,27.0,12.0,27.0,79.0,49.0,58.0,236677.1973,1814996.032,1085045.297,217278.5154,50240.0,68.1671,29.0,33.0,70.3,216.0,476014.9051,239337.7078,442260.3916,613358.9051,224981.8761,0,0.0
OAS30762,,,,,17.0,15.0,24.0,16.0,26.0,76.0,43.0,58.0,,,,,,68.1671,30.0,33.0,70.0,217.0,,,,,,0,0.0
OAS30762,11.0,8.0,6.0,5.0,,,25.0,15.0,29.0,82.0,42.0,,,,,,,68.1671,29.0,33.0,70.0,214.0,,,,,,0,0.0
OAS30762,8.0,7.0,6.0,5.0,,,23.0,18.0,29.0,82.0,45.0,,,,,,,68.1671,29.0,33.0,70.0,209.3999023,,,,,,0,0.0
OAS30763,9.0,7.0,4.0,3.0,8.0,2.0,12.0,8.0,45.0,168.0,29.0,,159912.2487,1415639.508,792482.5225,189002.9696,46753.0,81.8575,27.0,33.0,62.5,143.0,321104.8523,161192.6037,381463.6702,449013.8523,192460.7006,2,1.0
OAS30763,5.0,5.0,3.0,3.0,,,10.0,13.0,49.0,138.0,25.0,,,,,,,81.8575,23.0,33.0,63.5,142.0,,,,,,2,1.0
OAS30764,4.0,4.0,5.0,4.0,10.0,8.0,24.0,17.0,32.0,97.0,47.0,,212724.9976,1410117.808,924847.1018,210657.2192,52707.0,67.9836,29.0,33.0,62.0,209.0,425790.0327,213065.0351,423826.0691,565612.0327,213168.8499,0,0.0
OAS30764,4.0,4.0,6.0,4.0,12.0,12.0,33.0,22.0,43.0,128.0,52.0,,212724.9976,1410117.808,924847.1018,210657.2192,52707.0,67.9836,30.0,33.0,62.0,208.0,425790.0327,213065.0351,423826.0691,565612.0327,213168.8499,0,0.0
OAS30764,5.0,5.0,4.0,4.0,,,24.0,20.0,43.0,93.0,49.0,,,,,,,67.9836,25.0,33.0,61.75,217.0,,,,,,0,0.0
OAS30764,3.0,4.0,6.0,4.0,,,22.0,22.0,53.0,125.0,43.0,,,,,,,67.9836,30.0,33.0,61.5,220.0,,,,,,0,0.0
OAS30764,3.0,4.0,4.0,3.0,,,21.0,18.0,,,,,,,,,,67.9836,,33.0,,,,,,,,0,0.0
OAS30764,7.0,6.0,5.0,4.0,,,23.0,14.0,,,,,,,,,,67.9836,,33.0,,,,,,,,0,0.0
OAS30765,,,,,9.0,9.0,16.0,11.0,49.0,100.0,36.0,52.0,190421.458,1361686.587,869754.5772,209715.0754,45413.0,67.1096,27.0,34.0,60.5,142.0,381932.6354,191511.1773,418040.9419,505015.6354,208325.8665,0,0.0
OAS30765,,,,,11.0,13.0,10.0,11.0,45.0,160.0,35.0,42.0,190421.458,1361686.587,869754.5772,209715.0754,45413.0,67.1096,30.0,34.0,60.5,135.0,381932.6354,191511.1773,418040.9419,505015.6354,208325.8665,0,0.0
OAS30765,,,,,10.0,8.0,12.0,10.0,33.0,114.0,40.0,50.0,,,,,,67.1096,27.0,34.0,60.0,141.0,,,,,,0,0.0
OAS30765,,,,,6.0,3.0,10.0,12.0,52.0,180.0,37.0,52.0,185488.4625,1343406.14,841644.4787,191647.178,41922.0,67.1096,24.0,34.0,60.0,139.0,373982.1718,188493.7094,388391.3068,491979.1718,196744.1288,0,0.0
OAS30766,13.0,9.0,10.0,6.0,21.0,19.0,18.0,14.0,18.0,53.0,60.0,,237187.277,1855162.842,1136528.66,267205.3492,62101.0,68.7342,30.0,33.0,67.0,184.0,475278.4686,238091.1915,536296.1911,658328.4686,269090.8419,0,0.0
OAS30766,13.0,9.0,11.0,7.0,,,17.0,12.0,26.0,33.0,56.0,,237187.277,1855162.842,1136528.66,267205.3492,62101.0,68.7342,30.0,33.0,67.0,182.0,475278.4686,238091.1915,536296.1911,658328.4686,269090.8419,0,0.0
OAS30766,12.0,8.0,13.0,8.0,,,17.0,10.0,28.0,43.0,61.0,,236441.4458,1887528.773,1144027.733,270974.3506,63319.0,68.7342,30.0,33.0,67.0,185.0,470720.0345,234278.5887,543696.6989,661791.0345,272722.3483,0,0.0
OAS30766,14.0,9.0,12.0,7.0,,,16.0,14.0,24.0,43.0,61.0,,236441.4458,1887528.773,1144027.733,270974.3506,63319.0,68.7342,30.0,33.0,67.75,185.1999512,470720.0345,234278.5887,543696.6989,661791.0345,272722.3483,0,0.0
OAS30766,12.0,8.0,12.0,8.0,,,16.0,15.0,,,,,,,,,,68.7342,,33.0,,,,,,,,0,0.0
OAS30767,,,,,7.0,7.0,20.0,12.0,39.0,78.0,54.0,56.0,200937.5841,1384244.718,880577.2613,204001.4465,51227.0,65.7671,29.0,34.0,64.0,176.0,401338.622,200401.0379,406518.6392,542188.622,202517.1927,0,0.0
OAS30767,,,,,12.0,10.0,25.0,15.0,39.0,134.0,45.0,54.0,200937.5841,1384244.718,880577.2613,204001.4465,51227.0,65.7671,30.0,34.0,64.0,174.0,401338.622,200401.0379,406518.6392,542188.622,202517.1927,0,0.0
OAS30768,,,,,15.0,13.0,19.0,16.0,25.0,46.0,63.0,60.0,201559.6315,1426957.562,913650.5863,214045.5803,49334.0,67.9562,30.0,33.0,64.0,149.0,406029.8622,204470.2307,430054.7242,538726.8622,216009.1439,0,0.0
OAS30768,,,,,16.0,13.0,15.0,23.0,23.0,43.0,68.0,58.0,,,,,,67.9562,30.0,33.0,64.0,149.0,,,,,,0,0.0
OAS30768,,,,,18.0,18.0,18.0,14.0,20.0,25.0,76.0,58.0,,,,,,67.9562,30.0,33.0,64.0,144.0,,,,,,0,0.0
OAS30768,,,,,21.0,17.0,19.0,14.0,22.0,41.0,70.0,60.0,193202.7239,1367550.733,874991.8109,202168.3631,49013.0,67.9562,30.0,33.0,64.0,145.0,387309.0868,194106.3629,404494.7242,517075.0868,202326.3611,0,0.0
OAS30768,8.0,7.0,11.0,7.0,,,23.0,14.0,17.0,43.0,73.0,,193202.7239,1367550.733,874991.8109,202168.3631,49013.0,67.9562,30.0,33.0,64.0,142.0,387309.0868,194106.3629,404494.7242,517075.0868,202326.3611,0,0.0
OAS30768,10.0,7.0,10.0,6.0,,,19.0,14.0,21.0,43.0,68.0,,,,,,,67.9562,30.0,33.0,63.7,148.0,,,,,,0,0.0
OAS30768,11.0,8.0,12.0,8.0,,,19.0,17.0,21.0,38.0,63.0,,,,,,,67.9562,30.0,33.0,64.0,149.3999023,,,,,,0,0.0
OAS30768,7.0,6.0,10.0,6.0,,,19.0,20.0,20.0,43.0,64.0,,,,,,,67.9562,30.0,33.0,63.75,137.7999268,,,,,,0,0.0
OAS30769,,,,,16.0,13.0,21.0,12.0,29.0,60.0,35.0,58.0,199593.557,1507929.049,902673.7175,200036.3947,49399.0,68.7479,28.0,34.0,67.3,190.0,397177.7722,197584.2151,407324.9453,541864.7722,207288.5506,0,0.0
OAS30769,,,,,11.0,10.0,21.0,15.0,40.0,64.0,34.0,58.0,,,,,,68.7479,30.0,34.0,67.0,180.0,,,,,,0,0.0
OAS30769,,,,,16.0,14.0,26.0,16.0,26.0,63.0,40.0,58.0,,,,,,68.7479,29.0,34.0,67.5,201.0,,,,,,0,0.0
OAS30769,,,,,11.0,11.0,25.0,14.0,33.0,54.0,34.0,58.0,,,,,,68.7479,30.0,34.0,67.0,205.0,,,,,,0,0.0
OAS30769,,,,,13.0,13.0,21.0,18.0,32.0,64.0,39.0,58.0,200314.3668,1517980.601,899981.2969,195769.0521,48358.0,68.7479,30.0,34.0,66.0,204.0,400991.0744,200676.7076,391137.2224,540233.0744,195368.1703,0,0.0
OAS30769,,,,,14.0,13.0,26.0,20.0,31.0,56.0,40.0,54.0,200314.3668,1517980.601,899981.2969,195769.0521,48358.0,68.7479,30.0,34.0,67.0,197.0,400991.0744,200676.7076,391137.2224,540233.0744,195368.1703,0,0.0
OAS30769,,,,,16.0,12.0,19.0,16.0,29.0,71.0,46.0,58.0,198536.1493,1515524.493,894173.7021,193801.8557,47376.0,68.7479,30.0,34.0,67.0,202.0,397137.9306,198601.7813,390082.7715,538233.9306,196280.9158,0,0.0
OAS30769,9.0,7.0,4.0,3.0,,,26.0,19.0,25.0,74.0,43.0,,193876.3241,1476599.659,883101.8416,189839.4492,47880.0,68.7479,29.0,34.0,67.0,188.0,387931.0148,194054.6907,383387.8268,522913.0148,193548.3776,0,0.0
OAS30769,9.0,7.0,4.0,3.0,,,22.0,12.0,23.0,60.0,40.0,,193876.3241,1476599.659,883101.8416,189839.4492,47880.0,68.7479,29.0,34.0,67.0,189.0,387931.0148,194054.6907,383387.8268,522913.0148,193548.3776,0,0.0
OAS30769,5.0,5.0,4.0,4.0,,,23.0,14.0,31.0,71.0,41.0,,,,,,,68.7479,30.0,34.0,66.5,198.5999756,,,,,,0,0.0
OAS30769,8.0,7.0,6.0,5.0,,,23.0,14.0,,,,,,,,,,68.7479,,34.0,,,,,,,,0,0.0
OAS30770,,,,,18.0,16.0,31.0,20.0,36.0,98.0,41.0,56.0,239991.9986,1671026.877,1027839.288,234299.2372,53312.0,67.3123,29.0,33.0,68.0,216.0,479769.8101,239777.8115,469488.4778,630750.8101,235189.2406,0,0.0
OAS30770,,,,,18.0,18.0,31.0,16.0,36.0,86.0,43.0,58.0,239991.9986,1671026.877,1027839.288,234299.2372,53312.0,67.3123,30.0,33.0,68.0,213.0,479769.8101,239777.8115,469488.4778,630750.8101,235189.2406,0,0.0
OAS30770,,,,,16.0,15.0,30.0,21.0,32.0,88.0,42.0,56.0,239247.0157,1663037.809,1016473.697,228382.5525,55543.0,67.3123,30.0,33.0,68.0,215.0,480264.2002,241017.1845,456217.4966,632620.2002,227834.9442,0,0.0
OAS30770,,,,,17.0,16.0,28.0,18.0,40.0,91.0,40.0,58.0,,,,,,67.3123,30.0,33.0,68.1,212.0,,,,,,0,0.0
OAS30770,,,,,14.0,14.0,29.0,14.0,32.0,86.0,43.0,56.0,235676.846,1660512.028,996318.4596,223410.6504,52993.0,67.3123,30.0,33.0,68.5,214.5,470236.4474,234559.6014,444106.0122,614921.4474,220695.3617,0,0.0
OAS30770,,,,,21.0,20.0,25.0,17.0,41.0,82.0,38.0,60.0,235676.846,1660512.028,996318.4596,223410.6504,52993.0,67.3123,29.0,33.0,68.0,204.0,470236.4474,234559.6014,444106.0122,614921.4474,220695.3617,0,0.0
OAS30770,,,,,18.0,18.0,29.0,16.0,34.0,74.0,43.0,60.0,,,,,,67.3123,30.0,33.0,68.0,197.0,,,,,,0,0.0
OAS30770,4.0,4.0,5.0,4.0,,,25.0,13.0,31.0,82.0,42.0,,,,,,,67.3123,29.0,33.0,68.0,205.0,,,,,,0,0.0
OAS30770,5.0,5.0,3.0,3.0,,,22.0,14.0,28.0,74.0,47.0,,228303.1869,1671763.649,992877.3533,227136.3453,52575.0,67.3123,27.0,33.0,68.3,194.0,457274.794,228971.6071,450855.5593,601777.794,223719.214,0,0.0
OAS30770,6.0,5.0,6.0,4.0,,,29.0,17.0,45.0,84.0,44.0,,228303.1869,1671763.649,992877.3533,227136.3453,52575.0,67.3123,29.0,33.0,68.25,189.0,457274.794,228971.6071,450855.5593,601777.794,223719.214,0,0.0
OAS30772,,,,,10.0,8.0,12.0,17.0,45.0,87.0,52.0,58.0,,,,,,70.6164,28.0,33.0,67.0,212.0,,,,,,0,0.0
OAS30772,,,,,12.0,12.0,10.0,14.0,29.0,98.0,44.0,56.0,,,,,,70.6164,27.0,33.0,66.0,202.0,,,,,,0,0.0
OAS30772,,,,,13.0,11.0,17.0,14.0,32.0,116.0,49.0,54.0,,,,,,70.6164,26.0,33.0,66.5,224.0,,,,,,0,0.0
OAS30772,2.0,3.0,4.0,3.0,,,22.0,14.0,47.0,170.0,41.0,,,,,,,70.6164,27.0,33.0,65.5,225.0,,,,,,0,0.0
OAS30772,2.0,3.0,4.0,3.0,,,14.0,11.0,40.0,106.0,42.0,,,,,,,70.6164,28.0,33.0,65.0,214.0,,,,,,0,0.0
OAS30774,,,,,9.0,9.0,19.0,18.0,58.0,116.0,27.0,44.0,,,,,,75.8986,29.0,33.0,60.0,125.0,,,,,,0,0.0
OAS30774,,,,,13.0,7.0,19.0,16.0,67.0,107.0,25.0,48.0,179999.0787,1474473.997,856388.8224,186782.9015,41272.0,75.8986,28.0,33.0,60.0,121.0,373695.9664,193696.8877,380534.856,494539.9664,193751.9545,1,0.5
OAS30775,,,,,16.0,14.0,29.0,17.0,48.0,63.0,59.0,60.0,202777.4183,1592896.776,952415.3822,239497.5781,184918.9738,70.0411,30.0,33.0,68.0,145.0,404807.6788,202030.2606,480661.5781,589726.6527,241164.0,0,0.0
OAS30775,,,,,16.0,13.0,27.0,15.0,26.0,66.0,55.0,58.0,207778.2392,1611022.926,947501.2487,215910.782,51191.0,70.0411,28.0,33.0,68.0,140.0,417173.3645,209395.1253,434974.8842,565508.3645,219064.1022,0,0.0
OAS30775,,,,,18.0,17.0,21.0,18.0,28.0,62.0,55.0,56.0,205756.825,1615263.872,944977.3511,213877.8603,50788.0,70.0411,29.0,33.0,67.5,142.0,413756.0977,207999.2727,433452.2534,561785.0977,219574.3931,0,0.0
OAS30775,,,,,16.0,13.0,25.0,20.0,27.0,101.0,57.0,56.0,,,,,,70.0411,29.0,33.0,67.5,145.0,,,,,,0,0.0
OAS30775,,,,,19.0,14.0,22.0,21.0,22.0,55.0,52.0,60.0,,,,,,70.0411,29.0,33.0,67.0,141.0,,,,,,0,0.0
OAS30775,,,,,12.0,11.0,23.0,15.0,29.0,69.0,54.0,60.0,203875.7279,1652068.776,943979.3135,208090.2924,50498.0,70.0411,30.0,33.0,67.0,141.0,405065.2512,201189.5233,420586.0623,550359.2512,212495.7698,0,0.0
OAS30775,,,,,14.0,11.0,12.0,15.0,26.0,71.0,50.0,58.0,193008.5358,1551512.894,927431.3141,206974.591,50239.0,70.0411,29.0,33.0,67.0,134.0,384685.8366,191677.3008,419426.4774,529110.8366,212451.8865,0,0.0
OAS30775,,,,,13.0,6.0,19.0,12.0,33.0,72.0,48.0,56.0,193008.5358,1551512.894,927431.3141,206974.591,50239.0,70.0411,29.0,33.0,67.0,135.0,384685.8366,191677.3008,419426.4774,529110.8366,212451.8865,0,0.0
OAS30775,,,,,14.0,13.0,20.0,16.0,33.0,78.0,54.0,60.0,180878.2555,1593730.518,913474.992,208778.1885,49096.0,70.0411,28.0,33.0,65.5,135.0,364188.4513,183310.1959,425808.5407,504209.4513,217030.3521,1,0.5
OAS30775,,,,,9.0,4.0,17.0,11.0,28.0,71.0,45.0,60.0,,,,,,70.0411,27.0,33.0,67.0,138.0,,,,,,1,0.5
OAS30775,9.0,7.0,7.0,5.0,,,14.0,10.0,34.0,131.0,42.0,,,,,,,70.0411,24.0,33.0,66.8,142.0,,,,,,1,0.5
OAS30775,8.0,7.0,6.0,4.0,,,8.0,5.0,53.0,180.0,28.0,,,,,,,70.0411,24.0,33.0,67.0,139.0,,,,,,2,1.0
OAS30776,,,,,,,33.0,,32.0,63.0,67.0,60.0,217652.7091,1599591.396,1005532.726,258312.8594,160928.2751,68.737,30.0,34.0,,223.0,438039.8187,220387.1096,511491.6875,598968.0937,253178.8281,0,0.0
OAS30776,,,,,20.0,13.0,31.0,18.0,29.0,46.0,63.0,60.0,217652.7091,1599591.396,1005532.726,258312.8594,160928.2751,68.737,30.0,34.0,72.0,231.0,438039.8187,220387.1096,511491.6875,598968.0937,253178.8281,0,0.0
OAS30776,,,,,19.0,18.0,30.0,16.0,48.0,56.0,57.0,58.0,,,,,,68.737,30.0,34.0,72.5,231.0,,,,,,0,0.0
OAS30776,,,,,20.0,18.0,23.0,12.0,33.0,65.0,57.0,60.0,220621.6374,1698187.658,997174.7491,226116.1176,51760.0,68.737,30.0,34.0,72.0,222.0,443272.5267,222650.8893,452600.2224,588814.5267,226484.1048,0,0.0
OAS30776,,,,,14.0,15.0,26.0,15.0,34.0,61.0,57.0,60.0,220621.6374,1698187.658,997174.7491,226116.1176,51760.0,68.737,29.0,34.0,72.0,212.0,443272.5267,222650.8893,452600.2224,588814.5267,226484.1048,0,0.0
OAS30776,,,,,20.0,17.0,22.0,17.0,36.0,91.0,52.0,60.0,,,,,,68.737,30.0,34.0,72.0,218.0,,,,,,0,0.0
OAS30776,,,,,20.0,17.0,28.0,14.0,38.0,81.0,53.0,60.0,209651.8224,1632952.306,982493.9187,221046.0217,50141.0,68.737,27.0,34.0,72.0,225.0,423391.0106,213739.1882,443943.9081,558114.0106,222897.8864,0,0.0
OAS30776,,,,,18.0,12.0,23.0,18.0,33.0,67.0,53.0,60.0,209651.8224,1632952.306,982493.9187,221046.0217,50141.0,68.737,29.0,34.0,72.0,229.0,423391.0106,213739.1882,443943.9081,558114.0106,222897.8864,0,0.0
OAS30776,11.0,8.0,8.0,5.0,,,20.0,16.0,42.0,77.0,53.0,,196400.67,1680535.74,964767.2789,218246.9295,49659.0,68.737,30.0,34.0,71.5,216.1999512,395515.1192,199114.4492,438906.1597,535416.1192,220659.2301,0,0.0
OAS30776,11.0,8.0,8.0,6.0,,,20.0,11.0,34.0,81.0,52.0,,196400.67,1680535.74,964767.2789,218246.9295,49659.0,68.737,28.0,34.0,70.0,221.5999756,395515.1192,199114.4492,438906.1597,535416.1192,220659.2301,0,0.0
OAS30777,,,,,,,22.0,,35.0,64.0,47.0,60.0,,,,,,61.9425,29.0,34.0,,139.0,,,,,,0,0.0
OAS30777,,,,,,,17.0,,31.0,54.0,49.0,59.0,,,,,,61.9425,30.0,34.0,,134.0,,,,,,0,0.0
OAS30777,,,,,17.0,14.0,19.0,17.0,22.0,47.0,14.0,56.0,,,,,,61.9425,30.0,34.0,63.0,141.0,,,,,,0,0.0
OAS30777,,,,,17.0,16.0,21.0,20.0,24.0,51.0,47.0,60.0,202818.8231,1512199.001,922156.124,209290.8312,54157.0,61.9425,29.0,34.0,52.3,150.0,409559.2223,206740.3992,421990.9017,563630.2223,212700.0705,0,0.0
OAS30777,,,,,16.0,16.0,19.0,17.0,37.0,71.0,47.0,56.0,202472.1559,1524661.719,918562.3233,207910.0423,53571.0,61.9425,30.0,34.0,62.0,153.0,405867.0544,203394.8985,417515.2689,559425.0544,209605.2266,0,0.0
OAS30777,,,,,9.0,13.0,22.0,16.0,31.0,109.0,49.0,60.0,202472.1559,1524661.719,918562.3233,207910.0423,53571.0,61.9425,30.0,34.0,62.0,148.0,405867.0544,203394.8985,417515.2689,559425.0544,209605.2266,0,0.0
OAS30777,,,,,19.0,17.0,22.0,12.0,32.0,95.0,54.0,58.0,,,,,,61.9425,30.0,34.0,62.5,142.0,,,,,,0,0.0
OAS30777,,,,,17.0,15.0,20.0,18.0,27.0,60.0,50.0,60.0,,,,,,61.9425,29.0,34.0,62.0,144.0,,,,,,0,0.0
OAS30777,,,,,16.0,14.0,21.0,16.0,28.0,60.0,51.0,60.0,,,,,,61.9425,29.0,34.0,61.5,147.0,,,,,,0,0.0
OAS30777,,,,,16.0,17.0,18.0,19.0,32.0,85.0,34.0,60.0,193247.9956,1473077.769,897362.4124,201697.5699,49727.0,61.9425,29.0,34.0,62.0,146.0,385008.7708,191760.7752,409104.6416,528612.7708,207407.0718,0,0.0
OAS30777,,,,,16.0,15.0,20.0,17.0,36.0,98.0,42.0,58.0,,,,,,61.9425,30.0,34.0,62.0,148.0,,,,,,0,0.0
OAS30777,12.0,8.0,10.0,6.0,,,20.0,12.0,43.0,82.0,29.0,,189180.948,1489818.725,900998.2512,203004.3161,51516.0,61.9425,30.0,34.0,61.75,145.0,379675.9527,190495.0047,410971.2985,527332.9527,207966.9823,0,0.0
OAS30777,14.0,9.0,8.0,6.0,,,22.0,14.0,45.0,148.0,26.0,,189180.948,1489818.725,900998.2512,203004.3161,51516.0,61.9425,29.0,34.0,61.75,153.0,379675.9527,190495.0047,410971.2985,527332.9527,207966.9823,0,0.0
OAS30777,10.0,8.0,9.0,6.0,,,19.0,10.0,44.0,178.0,23.0,,,,,,,61.9425,28.0,34.0,61.25,133.0,,,,,,1,0.5
OAS30778,,,,,13.0,11.0,24.0,17.0,33.0,77.0,56.0,60.0,221815.6735,1665093.391,985845.0859,229035.6846,51213.0,74.389,30.0,33.0,60.5,192.0,446728.0558,224912.3823,458859.0301,599921.0558,229823.3455,0,0.0
OAS30778,,,,,16.0,15.0,19.0,28.0,38.0,80.0,59.0,58.0,221815.6735,1665093.391,985845.0859,229035.6846,51213.0,74.389,29.0,33.0,61.0,190.0,446728.0558,224912.3823,458859.0301,599921.0558,229823.3455,0,0.0
OAS30778,,,,,18.0,18.0,26.0,22.0,48.0,65.0,51.0,58.0,220321.938,1698173.717,986263.6944,226708.8226,51367.0,74.389,28.0,33.0,60.5,193.0,445713.2302,225391.2922,459252.4642,604063.2302,232543.6416,0,0.0
OAS30778,,,,,18.0,19.0,25.0,25.0,46.0,88.0,58.0,58.0,220321.938,1698173.717,986263.6944,226708.8226,51367.0,74.389,29.0,33.0,61.0,179.0,445713.2302,225391.2922,459252.4642,604063.2302,232543.6416,0,0.0
OAS30778,,,,,20.0,20.0,22.0,21.0,30.0,81.0,51.0,60.0,222765.9716,1679595.264,965022.4873,217027.3465,48573.0,74.389,29.0,33.0,60.0,191.0,445182.5111,222416.5396,436857.9762,600188.5111,219830.6297,0,0.0
OAS30778,,,,,22.0,18.0,20.0,14.0,62.0,71.0,49.0,60.0,,,,,,74.389,30.0,33.0,61.5,200.0,,,,,,0,0.0
OAS30778,,,,,16.0,14.0,20.0,20.0,43.0,129.0,43.0,54.0,,,,,,74.389,29.0,33.0,61.0,175.0,,,,,,0,0.0
OAS30779,7.0,6.0,6.0,4.0,10.0,3.0,16.0,12.0,25.0,92.0,50.0,,191834.4457,1609827.276,956681.0685,216471.5686,49253.0,79.1068,25.0,33.0,66.5,122.0,390987.3983,199152.9526,427382.6702,520040.3983,210911.1016,1,0.5
OAS30779,7.0,6.0,4.0,3.0,5.0,1.0,15.0,11.0,23.0,99.0,49.0,,191834.4457,1609827.276,956681.0685,216471.5686,49253.0,79.1068,26.0,33.0,66.0,119.0,390987.3983,199152.9526,427382.6702,520040.3983,210911.1016,1,0.5
OAS30780,,,,,6.0,5.0,13.0,6.0,29.0,54.0,48.0,50.0,186624.3035,1025917.71,870815.1621,212490.7317,52199.0,75.1534,26.0,34.0,64.0,186.0,374807.465,188183.1615,425630.697,500437.465,213139.9654,0,0.0
OAS30780,,,,,12.0,9.0,14.0,5.0,33.0,62.0,51.0,46.0,,,,,,75.1534,28.0,34.0,64.0,184.0,,,,,,0,0.0
OAS30781,,,,,15.0,11.0,21.0,12.0,27.0,53.0,53.0,50.0,196649.8258,1644417.21,936195.9488,214332.2488,56135.0,73.3479,28.0,23.0,72.0,202.0,394672.8232,198022.9974,437099.1256,541313.8232,222766.8768,0,0.0
OAS30781,,,,,13.0,12.0,15.0,8.0,36.0,88.0,45.0,52.0,191949.51,1622006.22,935560.6231,214025.3487,53184.0,73.3479,28.0,23.0,72.3,207.0,385791.3035,193841.7935,435409.3197,520887.3035,221383.9709,1,0.5
OAS30781,,,,,13.0,8.0,18.0,13.0,29.0,70.0,47.0,54.0,191949.51,1622006.22,935560.6231,214025.3487,53184.0,73.3479,27.0,23.0,72.0,206.0,385791.3035,193841.7935,435409.3197,520887.3035,221383.9709,0,0.0
OAS30781,10.0,8.0,8.0,6.0,,,15.0,9.0,35.0,90.0,53.0,,,,,,,73.3479,26.0,23.0,72.0,203.0,,,,,,0,0.0
OAS30781,10.0,8.0,7.0,5.0,,,17.0,8.0,41.0,87.0,47.0,,,,,,,73.3479,28.0,23.0,72.0,205.0,,,,,,0,0.0
OAS30781,11.0,8.0,9.0,6.0,,,23.0,12.0,32.0,114.0,47.0,,,,,,,73.3479,30.0,23.0,72.0,195.0,,,,,,0,0.0
OAS30782,,,,,9.0,8.0,12.0,9.0,25.0,90.0,45.0,44.0,245554.4309,1933061.795,1122875.292,268002.6198,53860.0,86.3589,22.0,34.0,69.0,182.0,492152.3948,246597.9639,540195.8974,643371.3948,272193.2776,1,0.5
OAS30782,,,,,10.0,11.0,18.0,4.0,29.0,68.0,45.0,40.0,,,,,,86.3589,26.0,34.0,69.0,182.0,,,,,,0,0.0
OAS30782,,,,,4.0,0.0,10.0,5.0,49.0,,39.0,24.0,,,,,,86.3589,16.0,34.0,67.5,162.0,,,,,,2,1.0
OAS30783,,,,,9.0,7.0,9.0,11.0,53.0,120.0,43.0,46.0,175425.9982,865980.0594,742488.3461,159893.5,49695.0,69.1205,28.0,34.0,67.0,232.0,353913.3765,178487.3783,324542.9697,487626.3765,164649.4696,0,0.0
OAS30783,,,,,12.0,12.0,11.0,14.0,55.0,112.0,43.0,44.0,175425.9982,865980.0594,742488.3461,159893.5,49695.0,69.1205,26.0,34.0,67.3,224.0,353913.3765,178487.3783,324542.9697,487626.3765,164649.4696,0,0.0
OAS30783,,,,,16.0,14.0,12.0,11.0,46.0,110.0,44.0,54.0,,,,,,69.1205,30.0,34.0,67.0,222.0,,,,,,0,0.0
OAS30784,,,,,,,17.0,,26.0,180.0,40.0,56.0,193207.2441,1558006.511,964680.8533,231960.1719,156968.7307,79.5973,25.0,34.0,,198.0,386374.0023,193166.7582,470863.2656,543342.733,238903.0938,1,0.5
OAS30784,,,,,5.0,5.0,13.0,7.0,36.0,91.0,46.0,54.0,,,,,,79.5973,27.0,34.0,65.0,199.0,,,,,,0,0.0
OAS30784,,,,,7.0,9.0,14.0,11.0,37.0,180.0,49.0,60.0,,,,,,79.5973,28.0,34.0,65.0,199.0,,,,,,0,0.0
OAS30784,,,,,3.0,1.0,15.0,10.0,28.0,105.0,45.0,56.0,,,,,,79.5973,27.0,34.0,65.0,190.0,,,,,,0,0.0
OAS30784,,,,,4.0,3.0,12.0,9.0,26.0,100.0,43.0,56.0,195079.1888,1634856.452,966375.86,215378.4471,52318.0,79.5973,26.0,34.0,65.0,190.0,393061.8881,197982.6993,437724.972,526683.8881,222346.5248,0,0.0
OAS30784,,,,,3.0,2.0,12.0,9.0,31.0,139.0,40.0,54.0,195079.1888,1634856.452,966375.86,215378.4471,52318.0,79.5973,21.0,34.0,64.0,197.0,393061.8881,197982.6993,437724.972,526683.8881,222346.5248,0,0.0
OAS30784,4.0,4.0,3.0,3.0,,,11.0,5.0,39.0,180.0,28.0,,,,,,,79.5973,20.0,34.0,63.25,196.5,,,,,,2,1.0
OAS30785,,,,,2.0,0.0,15.0,7.0,27.0,150.0,35.0,56.0,210900.4535,1766984.281,1079576.498,254548.4003,62786.0,79.2192,29.0,33.0,66.0,146.0,431582.9578,220682.5043,514029.5405,581583.9578,259481.1402,0,0.0
OAS30785,,,,,0.0,0.0,15.0,7.0,38.0,103.0,32.0,54.0,210900.4535,1766984.281,1079576.498,254548.4003,62786.0,79.2192,25.0,33.0,66.0,132.0,431582.9578,220682.5043,514029.5405,581583.9578,259481.1402,1,0.5
OAS30785,,,,,0.0,0.0,9.0,2.0,102.0,180.0,13.0,34.0,,,,,,79.2192,17.0,33.0,66.0,148.0,,,,,,2,1.0
OAS30786,,,,,34.0,,41.0,,19.0,51.0,,,256499.2797,1796723.326,1227152.377,307779.2615,65942.0,48.1397,28.0,33.0,71.0,224.0,515200.6153,258701.3355,610617.7614,683609.6153,302838.4999,0,0.0
OAS30786,,,,,34.0,,28.0,,20.0,46.0,,,249169.4852,1771301.61,1211061.859,301802.2234,62062.0,48.1397,30.0,33.0,71.0,223.0,499365.0821,250195.5969,603820.777,660746.0821,302018.5536,0,0.0
OAS30787,,,,,,,15.0,,36.0,119.0,43.0,53.0,,,,,,80.4274,28.0,23.0,,171.0,,,,,,0,0.0
OAS30787,,,,,,,17.0,,34.0,120.0,44.0,50.0,,,,,,80.4274,27.0,23.0,,171.0,,,,,,0,0.0
OAS30787,,,,,,,14.0,,33.0,126.0,44.0,49.0,,,,,,80.4274,30.0,23.0,,182.0,,,,,,1,0.5
OAS30787,,,,,,,20.0,,50.0,162.0,44.0,47.0,,,,,,80.4274,29.0,23.0,,180.0,,,,,,1,0.5
OAS30787,,,,,,,9.0,,58.0,163.0,40.0,42.0,,,,,,80.4274,30.0,23.0,,183.0,,,,,,1,0.5
OAS30787,,,,,,,4.0,,60.0,180.0,42.0,48.0,,,,,,80.4274,23.0,23.0,,185.0,,,,,,0,0.0
OAS30787,,,,,,,15.0,,49.0,179.0,35.0,52.0,,,,,,80.4274,26.0,23.0,,120.0,,,,,,1,0.5
OAS30787,,,,,10.0,7.0,17.0,7.0,68.0,180.0,36.0,40.0,,,,,,80.4274,24.0,23.0,65.5,184.0,,,,,,1,0.5
OAS30787,,,,,1.0,1.0,13.0,5.0,83.0,180.0,31.0,40.0,,,,,,80.4274,26.0,23.0,65.0,175.0,,,,,,1,0.5
OAS30787,,,,,6.0,6.0,14.0,10.0,61.0,180.0,39.0,46.0,172813.4298,1551217.315,845507.4232,193322.8569,43798.0,80.4274,27.0,23.0,64.3,183.0,345316.0568,172502.627,387238.3665,481188.0568,193915.5096,1,0.5
OAS30788,,,,,11.0,11.0,15.0,17.0,28.0,72.0,50.0,56.0,185407.6692,1396698.975,783492.1932,159054.5994,44732.0,75.0301,29.0,23.0,60.5,113.0,371960.8078,186553.1386,320919.3854,499076.8078,161864.786,0,0.0
OAS30788,,,,,13.0,12.0,20.0,17.0,30.0,73.0,48.0,58.0,185407.6692,1396698.975,783492.1932,159054.5994,44732.0,75.0301,29.0,23.0,61.0,113.0,371960.8078,186553.1386,320919.3854,499076.8078,161864.786,0,0.0
OAS30788,,,,,10.0,12.0,16.0,16.0,25.0,74.0,56.0,58.0,,,,,,75.0301,30.0,23.0,60.0,113.0,,,,,,0,0.0
OAS30788,,,,,15.0,17.0,21.0,17.0,23.0,107.0,55.0,58.0,186452.3544,1405685.585,766721.9726,149580.8595,44005.0,75.0301,28.0,23.0,60.0,114.0,374578.8852,188126.5308,301292.0874,497712.8852,151711.2278,0,0.0
OAS30788,,,,,13.0,13.0,19.0,20.0,26.0,91.0,57.0,60.0,186452.3544,1405685.585,766721.9726,149580.8595,44005.0,75.0301,30.0,23.0,59.8,110.0,374578.8852,188126.5308,301292.0874,497712.8852,151711.2278,0,0.0
OAS30788,,,,,13.0,12.0,17.0,19.0,28.0,77.0,53.0,58.0,,,,,,75.0301,29.0,23.0,59.0,110.0,,,,,,0,0.0
OAS30788,,,,,15.0,18.0,18.0,19.0,29.0,81.0,54.0,58.0,,,,,,75.0301,29.0,23.0,60.0,109.0,,,,,,0,0.0
OAS30788,,,,,15.0,15.0,18.0,18.0,30.0,77.0,54.0,60.0,179713.5978,1338559.189,747922.1685,143988.3285,43289.0,75.0301,29.0,23.0,59.0,110.0,358119.6042,178406.0064,295887.5643,473096.6042,151899.2358,0,0.0
OAS30788,,,,,18.0,15.0,18.0,18.0,27.0,73.0,52.0,58.0,179713.5978,1338559.189,747922.1685,143988.3285,43289.0,75.0301,30.0,23.0,59.5,111.0,358119.6042,178406.0064,295887.5643,473096.6042,151899.2358,0,0.0
OAS30788,,,,,15.0,13.0,18.0,18.0,29.0,74.0,52.0,56.0,,,,,,75.0301,30.0,23.0,59.5,106.0,,,,,,0,0.0
OAS30788,4.0,4.0,4.0,3.0,,,17.0,15.0,24.0,85.0,54.0,,,,,,,75.0301,30.0,23.0,59.5,107.0,,,,,,0,0.0
OAS30788,5.0,5.0,6.0,4.0,,,15.0,15.0,24.0,120.0,51.0,,,,,,,75.0301,30.0,23.0,59.3,108.0,,,,,,0,0.0
OAS30788,7.0,6.0,4.0,3.0,,,18.0,15.0,50.0,153.0,51.0,,,,,,,75.0301,28.0,23.0,59.5,105.0,,,,,,0,0.0
OAS30789,,,,,11.0,12.0,13.0,12.0,26.0,71.0,42.0,48.0,239008.9772,1440489.447,950031.0554,202699.4001,53391.0,70.1123,27.0,33.0,71.5,245.0,474534.9592,235525.9819,395165.0962,609564.9592,192465.6961,1,0.5
OAS30789,,,,,7.0,7.0,18.0,13.0,26.0,79.0,42.0,46.0,,,,,,70.1123,26.0,33.0,70.0,248.0,,,,,,0,0.0
OAS30789,,,,,9.0,11.0,11.0,14.0,31.0,80.0,46.0,48.0,,,,,,70.1123,28.0,33.0,70.0,243.5,,,,,,0,0.0
OAS30789,,,,,11.0,9.0,14.0,10.0,44.0,69.0,41.0,44.0,,,,,,70.1123,28.0,33.0,70.0,242.0,,,,,,0,0.0
OAS30789,2.0,3.0,2.0,2.0,,,16.0,10.0,33.0,86.0,41.0,,,,,,,70.1123,28.0,33.0,70.3,241.0,,,,,,0,0.0
OAS30789,5.0,5.0,3.0,3.0,,,13.0,11.0,32.0,151.0,38.0,,,,,,,70.1123,27.0,33.0,69.5,236.0,,,,,,0,0.0
OAS30790,,,,,,,21.0,,42.0,72.0,48.0,56.0,,,,,,60.3425,29.0,34.0,,189.0,,,,,,0,0.0
OAS30790,,,,,10.0,9.0,26.0,21.0,34.0,63.0,43.0,58.0,,,,,,60.3425,29.0,34.0,69.0,193.0,,,,,,0,0.0
OAS30790,,,,,14.0,14.0,20.0,14.0,39.0,94.0,43.0,58.0,,,,,,60.3425,29.0,34.0,69.2,198.0,,,,,,1,0.5
OAS30790,,,,,16.0,15.0,20.0,12.0,50.0,76.0,38.0,60.0,,,,,,60.3425,30.0,34.0,69.0,195.0,,,,,,0,0.0
OAS30790,,,,,13.0,13.0,13.0,12.0,48.0,133.0,28.0,56.0,,,,,,60.3425,27.0,34.0,68.7,199.0,,,,,,1,0.5
OAS30791,,,,,,,17.0,,32.0,79.0,32.0,59.0,,,,,,74.7397,29.0,33.0,,137.0,,,,,,1,0.5
OAS30791,,,,,,,17.0,,73.0,124.0,34.0,57.0,,,,,,74.7397,29.0,33.0,,135.0,,,,,,1,0.5
OAS30791,,,,,,,18.0,,38.0,137.0,30.0,60.0,,,,,,74.7397,30.0,33.0,,134.0,,,,,,1,0.5
OAS30791,,,,,18.0,15.0,21.0,12.0,29.0,80.0,32.0,58.0,189461.0573,1396460.271,883939.9727,228548.125,154621.9602,74.7397,28.0,33.0,61.0,133.0,381191.0007,191729.9435,459393.5156,535812.9609,230845.3906,1,0.5
OAS30791,,,,,15.0,13.0,22.0,11.0,34.0,88.0,30.0,58.0,189461.0573,1396460.271,883939.9727,228548.125,154621.9602,74.7397,30.0,33.0,60.0,131.0,381191.0007,191729.9435,459393.5156,535812.9609,230845.3906,1,0.5
OAS30791,,,,,12.0,12.0,23.0,14.0,37.0,92.0,32.0,58.0,,,,,,74.7397,30.0,33.0,59.0,134.0,,,,,,1,0.5
OAS30791,,,,,13.0,15.0,25.0,13.0,30.0,91.0,33.0,56.0,,,,,,74.7397,30.0,33.0,60.0,132.0,,,,,,1,0.5
OAS30791,,,,,15.0,15.0,21.0,12.0,32.0,90.0,30.0,58.0,191730.6843,1469954.134,857396.6469,196403.8589,46919.0,74.7397,30.0,33.0,59.0,137.0,386027.5343,194296.85,394877.1126,513803.5343,198473.2537,1,0.5
OAS30791,,,,,11.0,13.0,20.0,10.0,42.0,71.0,29.0,56.0,191730.6843,1469954.134,857396.6469,196403.8589,46919.0,74.7397,30.0,33.0,59.5,137.0,386027.5343,194296.85,394877.1126,513803.5343,198473.2537,1,0.5
OAS30791,,,,,15.0,14.0,13.0,9.0,37.0,116.0,28.0,56.0,,,,,,74.7397,29.0,33.0,57.0,124.0,,,,,,1,0.5
OAS30792,,,,,6.0,6.0,19.0,8.0,81.0,159.0,39.0,40.0,,,,,,58.9945,29.0,23.0,61.0,139.0,,,,,,0,0.0
OAS30792,,,,,8.0,7.0,14.0,12.0,32.0,148.0,49.0,46.0,,,,,,58.9945,30.0,23.0,61.0,141.0,,,,,,0,0.0
OAS30792,,,,,7.0,9.0,17.0,11.0,31.0,180.0,51.0,46.0,173745.5338,1291792.425,784845.6303,181557.1456,49566.0,58.9945,30.0,23.0,61.0,137.0,351602.8359,177857.3021,366670.7944,482192.8359,185113.6489,0,0.0
OAS30792,,,,,6.0,6.0,17.0,9.0,28.0,154.0,51.0,50.0,,,,,,58.9945,30.0,23.0,61.0,137.0,,,,,,0,0.0
OAS30792,,,,,5.0,5.0,21.0,11.0,36.0,180.0,46.0,48.0,,,,,,58.9945,28.0,23.0,60.5,138.5,,,,,,0,0.0
OAS30792,5.0,5.0,3.0,3.0,,,17.0,11.0,33.0,125.0,48.0,,171784.5684,1252311.705,774718.5495,179017.9507,48750.0,58.9945,29.0,23.0,61.0,145.0,345909.9258,174125.3574,360707.6237,469673.9258,181689.6731,0,0.0
OAS30792,4.0,4.0,4.0,3.0,,,19.0,11.0,27.0,106.0,46.0,,,,,,,58.9945,30.0,23.0,60.5,139.7999268,,,,,,0,0.0
OAS30792,4.0,5.0,6.0,4.0,,,14.0,11.0,36.0,150.0,41.0,,,,,,,58.9945,30.0,23.0,60.0,141.3999023,,,,,,0,0.0
OAS30793,,,,,13.0,12.0,25.0,16.0,29.0,75.0,52.0,56.0,,,,,,70.0329,29.0,44.0,64.0,140.0,,,,,,0,0.0
OAS30793,,,,,15.0,14.0,18.0,20.0,24.0,75.0,56.0,58.0,,,,,,70.0329,29.0,44.0,64.0,150.0,,,,,,0,0.0
OAS30793,,,,,13.0,13.0,20.0,16.0,44.0,103.0,58.0,58.0,,,,,,70.0329,29.0,44.0,63.0,152.0,,,,,,0,0.0
OAS30793,,,,,15.0,15.0,17.0,15.0,30.0,73.0,60.0,58.0,179812.1243,1165476.738,753205.6932,168000.7755,45908.0,70.0329,29.0,44.0,63.0,153.0,357776.0786,177963.9543,334331.6146,487426.0786,166330.8391,0,0.0
OAS30793,,,,,15.0,13.0,17.0,14.0,29.0,67.0,58.0,56.0,179812.1243,1165476.738,753205.6932,168000.7755,45908.0,70.0329,30.0,44.0,63.5,149.0,357776.0786,177963.9543,334331.6146,487426.0786,166330.8391,0,0.0
OAS30793,,,,,16.0,15.0,19.0,14.0,36.0,89.0,52.0,56.0,,,,,,70.0329,30.0,44.0,65.0,142.0,,,,,,0,0.0
OAS30793,,,,,11.0,11.0,13.0,15.0,34.0,82.0,53.0,56.0,,,,,,70.0329,30.0,44.0,64.0,152.0,,,,,,0,0.0
OAS30793,11.0,8.0,10.0,6.0,,,20.0,17.0,43.0,66.0,55.0,,,,,,,70.0329,30.0,44.0,64.0,153.0,,,,,,0,0.0
OAS30793,9.0,7.0,8.0,5.0,,,17.0,17.0,32.0,102.0,54.0,,,,,,,70.0329,30.0,44.0,64.0,147.5999756,,,,,,0,0.0
OAS30793,7.0,6.0,9.0,6.0,,,18.0,16.0,20.0,75.0,55.0,,,,,,,70.0329,30.0,44.0,64.0,141.0,,,,,,0,0.0
OAS30794,,,,,,,25.0,,18.0,54.0,50.0,54.0,,,,,,59.874,30.0,23.0,,213.0,,,,,,0,0.0
OAS30794,,,,,,,27.0,,22.0,52.0,52.0,54.0,,,,,,59.874,30.0,23.0,,207.0,,,,,,0,0.0
OAS30794,,,,,,,16.0,,23.0,49.0,52.0,55.0,,,,,,59.874,30.0,23.0,,210.0,,,,,,0,0.0
OAS30794,,,,,,,19.0,,19.0,33.0,53.0,54.0,207691.5432,1358904.625,889316.6636,218042.5469,166181.567,59.874,30.0,23.0,,203.0,413509.2581,205817.715,434960.2813,579690.8251,216917.7344,0,0.0
OAS30794,,,,,12.0,11.0,19.0,10.0,22.0,48.0,51.0,54.0,207691.5432,1358904.625,889316.6636,218042.5469,166181.567,59.874,29.0,23.0,71.0,211.0,413509.2581,205817.715,434960.2813,579690.8251,216917.7344,0,0.0
OAS30794,,,,,11.0,14.0,19.0,11.0,21.0,40.0,51.0,56.0,,,,,,59.874,30.0,23.0,70.0,204.0,,,,,,0,0.0
OAS30794,,,,,15.0,10.0,20.0,10.0,19.0,36.0,54.0,52.0,210600.0594,1358649.408,891074.5998,196918.5684,53868.0,59.874,30.0,23.0,70.0,212.0,422060.473,211460.4136,394488.1268,568102.473,197569.5584,0,0.0
OAS30794,,,,,16.0,14.0,20.0,13.0,17.0,38.0,48.0,56.0,208657.8288,1368123.639,878639.2812,191901.2901,52549.0,59.874,30.0,23.0,70.5,209.0,417487.4117,208829.583,383323.8695,559537.4117,191422.5794,0,0.0
OAS30794,,,,,14.0,15.0,16.0,11.0,18.0,42.0,45.0,56.0,203004.7286,1343677.648,871185.3798,194354.6734,52033.0,59.874,28.0,23.0,69.0,213.0,406246.5663,203241.8377,388200.8134,541791.5663,193846.14,0,0.0
OAS30794,11.0,9.0,11.0,8.0,,,11.0,22.0,19.0,68.0,48.0,,203004.7286,1343677.648,871185.3798,194354.6734,52033.0,59.874,30.0,23.0,70.0,213.0,406246.5663,203241.8377,388200.8134,541791.5663,193846.14,0,0.0
OAS30794,10.0,8.0,13.0,8.0,,,19.0,11.0,18.0,60.0,42.0,,,,,,,59.874,30.0,23.0,70.0,214.0,,,,,,0,0.0
OAS30794,13.0,9.0,8.0,5.0,,,25.0,10.0,21.0,49.0,48.0,,199305.3536,1335060.288,855075.1125,194735.1143,51391.0,59.874,29.0,23.0,70.0,206.0,394503.7181,195198.3645,385592.3945,536277.7181,190857.2802,0,0.0
OAS30794,12.0,8.0,13.0,8.0,,,16.0,12.0,,,,,199305.3536,1335060.288,855075.1125,194735.1143,51391.0,59.874,,23.0,,,394503.7181,195198.3645,385592.3945,536277.7181,190857.2802,0,0.0
OAS30795,,,,,5.0,0.0,17.0,12.0,39.0,180.0,34.0,52.0,,,,,,80.6795,25.0,34.0,63.0,107.0,,,,,,1,0.5
OAS30796,,,,,5.0,1.0,10.0,5.0,131.0,180.0,8.0,26.0,207139.0004,1816090.872,1085360.817,271985.5017,54875.0,77.5945,22.0,34.0,72.0,224.0,403876.8565,196737.856,552152.9608,573371.8565,280167.4591,1,0.5
OAS30796,,,,,1.0,0.0,5.0,3.0,180.0,,1.0,28.0,207139.0004,1816090.872,1085360.817,271985.5017,54875.0,77.5945,14.0,34.0,72.0,255.0,403876.8565,196737.856,552152.9608,573371.8565,280167.4591,2,1.0
OAS30797,,,,,25.0,,33.0,,30.0,115.0,,,,,,,,56.3288,30.0,34.0,79.0,268.0,,,,,,0,0.0
OAS30797,,,,,33.0,,27.0,,33.0,66.0,,,252660.3731,1977827.375,1224905.537,317714.4632,60583.0,56.3288,28.0,34.0,79.0,253.0,504807.4961,252147.123,624408.0413,674631.4961,306693.5781,0,0.0
OAS30797,,,,,24.0,,33.0,,29.0,71.0,,,,,,,,56.3288,29.0,34.0,79.0,263.0,,,,,,0,0.0
OAS30797,,,,,21.0,,30.0,,39.0,86.0,,,,,,,,56.3288,29.0,34.0,79.0,244.0,,,,,,0,0.0
OAS30797,,,,,20.0,,24.0,,64.0,86.0,,,253256.6522,1979265.852,1211687.402,297882.9726,57640.0,56.3288,30.0,34.0,79.0,252.0,508740.2403,255483.5881,596382.162,672717.2403,298499.1893,0,0.0
OAS30797,,,,,17.0,,18.0,,36.0,141.0,,,253256.6522,1979265.852,1211687.402,297882.9726,57640.0,56.3288,27.0,34.0,79.0,252.0,508740.2403,255483.5881,596382.162,672717.2403,298499.1893,0,0.0
OAS30798,3.0,4.0,8.0,5.0,19.0,19.0,29.0,11.0,23.0,59.0,47.0,,229430.6233,1642893.148,1026706.531,231871.8095,59771.0,68.4411,30.0,33.0,70.5,207.0,456709.7875,227279.1642,461662.7439,629146.7875,229790.9344,0,0.0
OAS30798,8.0,6.0,8.0,6.0,,,21.0,17.0,34.0,59.0,57.0,,229430.6233,1642893.148,1026706.531,231871.8095,59771.0,68.4411,29.0,33.0,70.5,203.0,456709.7875,227279.1642,461662.7439,629146.7875,229790.9344,0,0.0
OAS30798,6.0,5.0,9.0,7.0,,,27.0,12.0,28.0,65.0,50.0,,233979.2477,1673517.417,1047764.55,237056.0121,62259.0,68.4411,30.0,33.0,70.5,179.5999756,465067.3611,231088.1134,471374.1885,644076.3611,234318.1764,0,0.0
OAS30798,5.0,5.0,7.0,5.0,,,22.0,16.0,,,,,,,,,,68.4411,,33.0,,,,,,,,0,0.0
OAS30799,,,,,13.0,9.0,17.0,15.0,24.0,46.0,51.0,54.0,,,,,,72.337,30.0,34.0,65.0,128.0,,,,,,0,0.0
OAS30799,,,,,12.0,10.0,20.0,14.0,18.0,47.0,56.0,54.0,219196.1091,1511518.68,971050.6905,228596.1501,54257.0,72.337,29.0,34.0,64.5,130.0,436268.7532,217072.6441,457384.9373,581827.7532,228788.7872,0,0.0
OAS30799,,,,,8.0,8.0,17.0,17.0,29.0,56.0,52.0,54.0,219196.1091,1511518.68,971050.6905,228596.1501,54257.0,72.337,30.0,34.0,65.0,135.0,436268.7532,217072.6441,457384.9373,581827.7532,228788.7872,1,0.5
OAS30799,,,,,16.0,14.0,17.0,24.0,18.0,69.0,59.0,54.0,,,,,,72.337,30.0,34.0,65.5,128.0,,,,,,0,0.0
OAS30799,,,,,13.0,10.0,19.0,9.0,24.0,66.0,51.0,54.0,,,,,,72.337,30.0,34.0,64.5,127.0,,,,,,0,0.0
OAS30800,,,,,24.0,,21.0,,30.0,66.0,,,209834.5108,1318519.349,917220.0995,206658.6019,52067.0,62.9151,30.0,34.0,69.7,237.0,423063.5361,213229.0253,416675.5634,570944.5361,210016.9615,0,0.0
OAS30800,,,,,29.0,,22.0,,32.0,56.0,,,,,,,,62.9151,30.0,34.0,59.5,250.0,,,,,,0,0.0
OAS30800,,,,,38.0,,21.0,,30.0,60.0,,,,,,,,62.9151,29.0,34.0,69.25,264.0,,,,,,0,0.0
OAS30800,,,,,36.0,,19.0,,32.0,62.0,,,,,,,,62.9151,30.0,34.0,69.0,265.0,,,,,,0,0.0
OAS30800,,,,,35.0,,26.0,,26.0,72.0,,,,,,,,62.9151,29.0,34.0,68.5,256.0,,,,,,0,0.0
OAS30800,,,,,32.0,,24.0,,27.0,72.0,,,,,,,,62.9151,30.0,34.0,68.75,277.0,,,,,,0,0.0
OAS30800,,,,,39.0,,24.0,,32.0,65.0,,,,,,,,62.9151,29.0,34.0,58.3,273.0,,,,,,0,0.0
OAS30800,,,,,37.0,,21.0,,35.0,75.0,,,,,,,,62.9151,30.0,34.0,68.0,287.0,,,,,,0,0.0
OAS30800,8.0,7.0,8.0,6.0,,,23.0,10.0,,,,,,,,,,62.9151,,34.0,,,,,,,,0,0.0
OAS30800,6.0,5.0,7.0,5.0,,,22.0,13.0,,,,,,,,,,62.9151,30.0,34.0,68.0,288.0,,,,,,0,0.0
OAS30801,,,,,17.0,15.0,16.0,13.0,30.0,72.0,68.0,58.0,194858.6082,1412577.532,863306.7186,196803.178,49356.0,71.074,30.0,33.0,66.5,153.0,393533.9644,198675.3563,397897.7542,529911.9644,201094.5762,0,0.0
OAS30801,,,,,12.0,11.0,18.0,18.0,29.0,50.0,58.0,52.0,,,,,,71.074,27.0,33.0,66.0,159.0,,,,,,0,0.0
OAS30801,,,,,15.0,13.0,22.0,12.0,18.0,48.0,64.0,52.0,,,,,,71.074,30.0,33.0,67.0,145.0,,,,,,0,0.0
OAS30801,,,,,15.0,12.0,16.0,12.0,26.0,48.0,69.0,54.0,,,,,,71.074,30.0,33.0,66.0,154.0,,,,,,0,0.0
OAS30801,,,,,19.0,16.0,17.0,16.0,34.0,55.0,65.0,54.0,,,,,,71.074,29.0,33.0,66.3,156.0,,,,,,0,0.0
OAS30802,,,,,0.0,0.0,10.0,7.0,33.0,180.0,30.0,46.0,204044.5977,1564756.504,967085.5708,227521.2882,48968.0,63.2466,25.0,33.0,67.0,131.0,419532.6929,215488.0952,463582.8778,570325.6929,236061.5896,2,1.0
OAS30802,,,,,0.0,0.0,9.0,4.0,40.0,180.0,26.0,34.0,204044.5977,1564756.504,967085.5708,227521.2882,48968.0,63.2466,21.0,33.0,67.0,136.0,419532.6929,215488.0952,463582.8778,570325.6929,236061.5896,2,1.0
OAS30803,,,,,,,27.0,,21.0,75.0,65.0,60.0,202741.6123,1384641.38,872457.7388,211975.4375,159729.7974,52.3534,30.0,33.0,,154.0,404605.803,201864.1907,426387.2969,564335.6004,214411.8594,0,0.0
OAS30803,,,,,42.0,,28.0,,30.0,58.0,,,,,,,,52.3534,29.0,33.0,64.0,163.0,,,,,,0,0.0
OAS30803,,,,,37.0,,25.0,,25.0,56.0,,,209411.9844,1413617.138,879886.5505,191800.533,50085.0,52.3534,30.0,33.0,65.0,159.0,419205.6731,209793.6888,386704.8774,555997.6731,194904.3444,0,0.0
OAS30803,,,,,31.0,,27.0,,21.0,51.0,,,206679.3923,1408022.97,869009.7894,188483.5134,48983.0,52.3534,30.0,33.0,64.8,159.0,414404.2622,207724.87,378462.5272,550405.2622,189979.0138,0,0.0
OAS30803,,,,,33.0,,27.0,,23.0,47.0,,,202606.1555,1379114.411,859547.7793,187048.9887,48061.0,52.3534,28.0,33.0,64.5,155.0,406032.0763,203425.9208,375571.7031,537658.0763,188522.7144,0,0.0
OAS30803,,,,,41.0,,23.0,,32.0,64.0,,,197836.362,1470034.926,857171.2031,186546.2098,47535.0,52.3534,30.0,33.0,68.75,158.3999023,397648.3048,199811.9428,378117.8984,536622.3048,191571.6886,0,0.0
OAS30803,6.0,5.0,5.0,4.0,,,24.0,19.0,,,,,197836.362,1470034.926,857171.2031,186546.2098,47535.0,52.3534,,33.0,,,397648.3048,199811.9428,378117.8984,536622.3048,191571.6886,0,0.0
OAS30804,,,,,0.0,0.0,12.0,4.0,34.0,109.0,33.0,46.0,,,,,,75.8521,17.0,34.0,68.7,150.0,,,,,,2,1.0
OAS30805,,,,,,,,,27.0,51.0,50.0,60.0,,,,,,66.6384,,33.0,,230.0,,,,,,1,0.5
OAS30805,,,,,,,,,31.0,57.0,49.0,58.0,,,,,,66.6384,,33.0,,228.0,,,,,,1,0.5
OAS30805,,,,,,,,,35.0,57.0,49.0,60.0,,,,,,66.6384,,33.0,,228.0,,,,,,0,0.0
OAS30805,,,,,,,18.0,,25.0,45.0,42.0,59.0,,,,,,66.6384,30.0,33.0,,211.0,,,,,,0,0.0
OAS30805,,,,,,,23.0,,27.0,55.0,37.0,59.0,,,,,,66.6384,30.0,33.0,,224.0,,,,,,0,0.0
OAS30805,,,,,,,20.0,,25.0,63.0,46.0,60.0,,,,,,66.6384,28.0,33.0,,104.0,,,,,,1,0.5
OAS30805,,,,,,,20.0,,27.0,60.0,42.0,59.0,,,,,,66.6384,29.0,33.0,,232.0,,,,,,1,0.5
OAS30805,,,,,,,17.0,,27.0,50.0,39.0,60.0,,,,,,66.6384,30.0,33.0,,231.0,,,,,,1,0.5
OAS30805,,,,,,,15.0,,53.0,73.0,38.0,60.0,,,,,,66.6384,29.0,33.0,,249.0,,,,,,1,0.5
OAS30805,,,,,,,20.0,,50.0,77.0,23.0,59.0,,,,,,66.6384,30.0,33.0,,215.0,,,,,,1,0.5
OAS30805,,,,,14.0,15.0,18.0,10.0,44.0,138.0,27.0,60.0,,,,,,66.6384,29.0,33.0,72.0,217.0,,,,,,1,0.5
OAS30805,,,,,13.0,12.0,18.0,5.0,32.0,82.0,33.0,58.0,,,,,,66.6384,29.0,33.0,72.0,216.0,,,,,,1,0.5
OAS30805,,,,,16.0,11.0,17.0,6.0,42.0,62.0,26.0,60.0,,,,,,66.6384,28.0,33.0,72.0,217.0,,,,,,1,0.5
OAS30805,,,,,12.0,10.0,17.0,5.0,108.0,143.0,31.0,60.0,,,,,,66.6384,30.0,33.0,71.5,218.0,,,,,,1,0.5
OAS30805,,,,,15.0,13.0,12.0,2.0,109.0,180.0,18.0,56.0,,,,,,66.6384,24.0,33.0,72.2,200.0,,,,,,2,1.0
OAS30805,,,,,13.0,11.0,17.0,3.0,90.0,180.0,19.0,56.0,,,,,,66.6384,26.0,33.0,99.0,999.0,,,,,,2,1.0
OAS30805,,,,,10.0,9.0,12.0,4.0,180.0,,,58.0,,,,,,66.6384,23.0,33.0,99.0,999.0,,,,,,2,1.0
OAS30806,,,,,16.0,13.0,21.0,9.0,57.0,66.0,46.0,48.0,177067.0332,1667075.999,922554.7611,229055.043,49642.0,79.989,28.0,34.0,68.2,152.0,361221.8366,184154.8034,466079.9245,507461.8366,237024.8815,0,0.0
OAS30806,,,,,13.0,14.0,14.0,9.0,33.0,125.0,43.0,50.0,,,,,,79.989,27.0,34.0,67.5,139.0,,,,,,0,0.0
OAS30806,,,,,14.0,15.0,10.0,9.0,38.0,95.0,40.0,54.0,,,,,,79.989,27.0,34.0,68.0,150.0,,,,,,0,0.0
OAS30806,,,,,10.0,6.0,11.0,9.0,46.0,109.0,42.0,40.0,,,,,,79.989,29.0,34.0,67.5,149.0,,,,,,0,0.0
OAS30806,6.0,6.0,6.0,5.0,,,10.0,7.0,41.0,180.0,38.0,,,,,,,79.989,25.0,34.0,67.0,149.0,,,,,,1,0.5
OAS30806,5.0,5.0,4.0,3.0,,,13.0,9.0,56.0,106.0,46.0,,,,,,,79.989,28.0,34.0,67.75,146.0,,,,,,0,0.0
OAS30807,,,,,13.0,12.0,20.0,12.0,28.0,96.0,51.0,58.0,,,,,,66.6438,28.0,33.0,68.0,175.0,,,,,,0,0.0
OAS30807,13.0,9.0,10.0,6.0,,,21.0,8.0,37.0,65.0,45.0,,215702.4984,1558133.967,977805.2606,229181.6122,57904.0,66.6438,30.0,33.0,68.3,187.0,433117.6181,217415.1197,460960.6425,585902.6181,231779.0303,0,0.0
OAS30807,12.0,8.0,7.0,6.0,,,26.0,9.0,35.0,92.0,47.0,,,,,,,66.6438,29.0,33.0,68.5,170.0,,,,,,0,0.0
OAS30807,12.0,8.0,9.0,6.0,,,17.0,9.0,31.0,48.0,49.0,,218700.1982,1579828.186,993889.1635,232411.4783,59352.0,66.6438,30.0,33.0,68.25,169.1999512,438372.1304,219671.9322,468650.0331,601305.1304,236238.5548,0,0.0
OAS30807,13.0,9.0,8.0,6.0,,,14.0,10.0,33.0,89.0,48.0,,218700.1982,1579828.186,993889.1635,232411.4783,59352.0,66.6438,30.0,33.0,68.0,172.3999023,438372.1304,219671.9322,468650.0331,601305.1304,236238.5548,0,0.0
OAS30807,12.0,9.0,9.0,7.0,,,22.0,8.0,,,,,,,,,,66.6438,,33.0,,,,,,,,0,0.0
OAS30808,,,,,13.0,12.0,19.0,16.0,38.0,73.0,44.0,42.0,,,,,,81.0767,29.0,33.0,,121.0,,,,,,0,0.0
OAS30808,,,,,17.0,17.0,22.0,12.0,34.0,77.0,46.0,50.0,180322.6177,1374557.323,769066.8378,154031.0574,46034.0,81.0767,30.0,33.0,60.0,119.0,365128.8966,184806.2788,306318.9412,493483.8966,152287.8838,0,0.0
OAS30808,,,,,18.0,16.0,20.0,18.0,54.0,96.0,49.0,50.0,180322.6177,1374557.323,769066.8378,154031.0574,46034.0,81.0767,28.0,33.0,60.0,118.0,365128.8966,184806.2788,306318.9412,493483.8966,152287.8838,0,0.0
OAS30808,,,,,15.0,14.0,15.0,18.0,57.0,114.0,52.0,44.0,,,,,,81.0767,29.0,33.0,60.2,118.0,,,,,,0,0.0
OAS30808,,,,,14.0,14.0,23.0,14.0,39.0,127.0,49.0,44.0,171949.1829,1393233.031,743735.0919,144188.6637,46890.0,81.0767,29.0,33.0,60.0,114.0,343743.6471,171794.4641,293512.4448,469832.6471,149323.7811,0,0.0
OAS30808,,,,,15.0,14.0,23.0,12.0,49.0,134.0,44.0,44.0,171949.1829,1393233.031,743735.0919,144188.6637,46890.0,81.0767,29.0,33.0,60.0,112.0,343743.6471,171794.4641,293512.4448,469832.6471,149323.7811,0,0.0
OAS30808,,,,,13.0,11.0,22.0,17.0,85.0,129.0,37.0,52.0,,,,,,81.0767,30.0,33.0,60.0,112.0,,,,,,0,0.0
OAS30808,,,,,14.0,14.0,24.0,11.0,45.0,121.0,43.0,44.0,,,,,,81.0767,30.0,33.0,59.0,101.0,,,,,,0,0.0
OAS30808,,,,,14.0,13.0,19.0,12.0,30.0,95.0,38.0,48.0,162888.9334,1334294.195,736479.1737,148211.1421,45736.0,81.0767,30.0,33.0,59.0,105.0,326823.0625,163934.1292,298285.1112,448253.0625,150073.9691,0,0.0
OAS30808,,,,,9.0,9.0,20.0,15.0,43.0,106.0,35.0,48.0,162888.9334,1334294.195,736479.1737,148211.1421,45736.0,81.0767,28.0,33.0,59.0,107.0,326823.0625,163934.1292,298285.1112,448253.0625,150073.9691,0,0.0
OAS30809,8.0,6.0,2.0,2.0,10.0,11.0,10.0,7.0,42.0,180.0,16.0,,185865.3478,1548973.742,928932.8498,225108.5696,49752.0,68.4384,21.0,44.0,70.5,184.0,377732.1066,191866.7588,457087.7432,521863.1066,231979.1736,1,0.5
OAS30810,,,,,14.0,10.0,19.0,12.0,28.0,94.0,45.0,60.0,214226.1452,1555565.563,921015.744,200381.157,53519.0,71.0247,29.0,23.0,66.0,225.0,431493.2165,217267.0713,404883.5274,564752.2165,204502.3705,1,0.5
OAS30810,,,,,12.0,10.0,21.0,10.0,35.0,131.0,43.0,56.0,,,,,,71.0247,30.0,23.0,66.0,231.0,,,,,,0,0.0
OAS30810,,,,,12.0,9.0,16.0,11.0,35.0,88.0,40.0,56.0,219134.3489,1476673.044,909873.6423,190246.3198,51893.0,71.0247,30.0,23.0,65.5,232.0,439512.722,220378.3731,385207.9202,560534.722,194961.6004,0,0.0
OAS30810,,,,,6.0,7.0,17.0,11.0,26.0,77.0,38.0,58.0,219134.3489,1476673.044,909873.6423,190246.3198,51893.0,71.0247,30.0,23.0,66.0,229.0,439512.722,220378.3731,385207.9202,560534.722,194961.6004,0,0.0
OAS30810,11.0,8.0,6.0,5.0,,,17.0,13.0,24.0,85.0,37.0,,,,,,,71.0247,30.0,23.0,65.5,220.0,,,,,,0,0.0
OAS30810,9.0,7.0,6.0,5.0,,,23.0,12.0,33.0,84.0,44.0,,,,,,,71.0247,29.0,23.0,65.7,206.0,,,,,,0,0.0
OAS30810,6.0,5.0,9.0,6.0,,,22.0,11.0,28.0,93.0,40.0,,,,,,,71.0247,29.0,23.0,65.5,191.7999268,,,,,,0,0.0
OAS30811,,,,,,,17.0,,26.0,75.0,64.0,51.0,,,,,,65.463,24.0,33.0,,110.0,,,,,,0,0.0
OAS30811,,,,,,,19.0,,26.0,65.0,57.0,51.0,,,,,,65.463,28.0,33.0,,111.0,,,,,,0,0.0
OAS30811,,,,,,,18.0,,24.0,58.0,68.0,49.0,,,,,,65.463,30.0,33.0,,110.0,,,,,,0,0.0
OAS30811,,,,,,,13.0,,29.0,80.0,53.0,51.0,,,,,,65.463,28.0,33.0,,,,,,,,0,0.0
OAS30811,,,,,,,20.0,,22.0,71.0,57.0,55.0,,,,,,65.463,28.0,33.0,,117.0,,,,,,0,0.0
OAS30811,,,,,,,14.0,,36.0,140.0,52.0,49.0,,,,,,65.463,27.0,33.0,,110.0,,,,,,0,0.0
OAS30811,,,,,14.0,8.0,14.0,7.0,38.0,88.0,50.0,48.0,181918.3513,1547807.84,867336.3026,197118.9563,48089.0,65.463,28.0,33.0,62.0,114.0,364221.1146,182302.7633,389591.188,499849.1146,192472.2317,1,0.5
OAS30812,,,,,7.0,0.0,14.0,14.0,27.0,113.0,42.0,42.0,,,,,,62.8521,25.0,44.0,64.0,150.0,,,,,,1,0.5
OAS30812,6.0,5.0,4.0,3.0,,,17.0,15.0,45.0,108.0,40.0,,,,,,,62.8521,25.0,44.0,63.5,138.0,,,,,,2,1.0
OAS30812,4.0,5.0,3.0,3.0,,,10.0,6.0,89.0,180.0,27.0,,,,,,,62.8521,17.0,44.0,63.25,172.0,,,,,,2,1.0
OAS30813,,,,,17.0,18.0,26.0,19.0,44.0,66.0,48.0,56.0,193831.4399,1364872.9,821670.2799,179406.616,44695.0,70.6027,30.0,33.0,65.3,156.0,390615.1793,196783.7395,360995.1006,520169.1793,181588.4845,0,0.0
OAS30813,,,,,15.0,17.0,18.0,11.0,32.0,72.0,49.0,56.0,193831.4399,1364872.9,821670.2799,179406.616,44695.0,70.6027,29.0,33.0,65.0,150.0,390615.1793,196783.7395,360995.1006,520169.1793,181588.4845,0,0.0
OAS30813,,,,,18.0,17.0,22.0,15.0,30.0,80.0,45.0,54.0,,,,,,70.6027,30.0,33.0,65.0,149.0,,,,,,0,0.0
OAS30813,6.0,6.0,6.0,5.0,,,25.0,15.0,33.0,83.0,49.0,,188298.7325,1361858.391,801428.4388,175615.2644,42906.0,70.6027,30.0,33.0,65.0,155.0,379448.8774,191150.1448,351405.5615,508112.8774,175790.297,0,0.0
OAS30813,8.0,7.0,6.0,5.0,,,22.0,14.0,35.0,69.0,42.0,,188298.7325,1361858.391,801428.4388,175615.2644,42906.0,70.6027,29.0,33.0,65.0,161.0,379448.8774,191150.1448,351405.5615,508112.8774,175790.297,0,0.0
OAS30814,,,,,11.0,11.0,18.0,18.0,38.0,55.0,67.0,54.0,219099.0211,1668307.309,961507.7175,207149.0738,53511.0,82.0055,30.0,33.0,68.0,162.0,436917.0241,217818.003,415496.6934,594471.0241,208347.6196,0,0.0
OAS30814,,,,,11.0,6.0,18.0,16.0,27.0,68.0,65.0,50.0,219099.0211,1668307.309,961507.7175,207149.0738,53511.0,82.0055,28.0,33.0,67.5,160.0,436917.0241,217818.003,415496.6934,594471.0241,208347.6196,0,0.0
OAS30814,,,,,10.0,5.0,26.0,18.0,44.0,106.0,60.0,48.0,,,,,,82.0055,30.0,33.0,67.0,162.0,,,,,,0,0.0
OAS30814,,,,,12.0,7.0,19.0,17.0,28.0,94.0,57.0,44.0,209607.5964,1672679.45,941960.491,203894.5308,51466.0,82.0055,29.0,33.0,67.0,159.0,416887.253,207279.6565,407154.238,564681.253,203259.7072,0,0.0
OAS30815,,,,,6.0,8.0,16.0,7.0,44.0,180.0,41.0,52.0,172869.0538,1402229.095,775286.2181,164517.5812,43134.0,67.8055,25.0,34.0,72.0,167.0,350669.9185,177800.8647,339651.2996,483938.9185,175133.7184,1,0.5
OAS30815,,,,,3.0,1.0,17.0,7.0,60.0,180.0,32.0,52.0,172869.0538,1402229.095,775286.2181,164517.5812,43134.0,67.8055,24.0,34.0,70.5,160.0,350669.9185,177800.8647,339651.2996,483938.9185,175133.7184,1,0.5
OAS30815,,,,,8.0,6.0,13.0,4.0,65.0,180.0,29.0,58.0,,,,,,67.8055,25.0,34.0,71.0,150.0,,,,,,1,0.5
OAS30815,,,,,0.0,0.0,10.0,5.0,95.0,180.0,12.0,52.0,,,,,,67.8055,15.0,34.0,70.5,149.0,,,,,,1,0.5
OAS30815,,,,,1.0,0.0,7.0,2.0,119.0,180.0,6.0,40.0,,,,,,67.8055,11.0,34.0,71.0,149.0,,,,,,2,1.0
OAS30816,,,,,32.0,,30.0,,21.0,66.0,,,,,,,,59.0603,30.0,33.0,65.5,140.0,,,,,,0,0.0
OAS30816,,,,,40.0,,28.0,,24.0,42.0,,,,,,,,59.0603,30.0,33.0,66.0,142.0,,,,,,0,0.0
OAS30816,,,,,33.0,,25.0,,23.0,52.0,,,,,,,,59.0603,30.0,33.0,65.5,151.0,,,,,,0,0.0
OAS30816,,,,,35.0,,28.0,,20.0,118.0,,,,,,,,59.0603,30.0,33.0,65.5,150.0,,,,,,0,0.0
OAS30816,,,,,36.0,,28.0,,25.0,47.0,,,187925.9014,1371281.728,831675.7181,189401.0145,50277.0,59.0603,28.0,33.0,65.0,138.0,375542.2731,187616.3717,381108.4449,512429.2731,191707.4305,0,0.0
OAS30816,,,,,26.0,,25.0,,28.0,58.0,,,175448.5324,1389562.551,805540.6564,185479.0046,49188.0,59.0603,30.0,33.0,65.0,144.0,352167.3705,176718.8381,370074.2858,482868.3705,184595.2813,0,0.0
OAS30816,,,,,30.0,,30.0,,22.0,65.0,,,179593.8994,1400836.099,828762.279,191502.4286,47975.0,59.0603,29.0,33.0,64.8,150.1999512,360788.8497,181194.9503,386385.4293,495151.8497,194883.0007,0,0.0
OAS30816,,,,,32.0,,23.0,,24.0,62.0,,,,,,,,59.0603,30.0,33.0,64.75,142.3999023,,,,,,0,0.0
OAS30817,,,,,17.0,17.0,16.0,15.0,36.0,69.0,56.0,58.0,216262.7112,1774238.184,1023248.791,228662.9772,57431.0,73.0603,30.0,33.0,71.0,175.0,434923.6377,218660.9266,457212.1536,601608.6377,228549.1764,0,0.0
OAS30817,,,,,15.0,15.0,26.0,17.0,26.0,73.0,64.0,58.0,216262.7112,1774238.184,1023248.791,228662.9772,57431.0,73.0603,30.0,33.0,71.0,181.0,434923.6377,218660.9266,457212.1536,601608.6377,228549.1764,0,0.0
OAS30817,,,,,18.0,19.0,33.0,17.0,27.0,73.0,62.0,58.0,,,,,,73.0603,30.0,33.0,70.5,184.0,,,,,,0,0.0
OAS30817,,,,,18.0,19.0,27.0,16.0,29.0,61.0,59.0,58.0,208746.1753,1743613.352,999751.1353,217977.8508,54182.0,73.0603,30.0,33.0,70.5,179.0,421854.31,213108.1347,436053.8253,581234.31,218075.9745,0,0.0
OAS30817,,,,,17.0,16.0,25.0,20.0,23.0,60.0,66.0,60.0,208746.1753,1743613.352,999751.1353,217977.8508,54182.0,73.0603,29.0,33.0,70.5,172.0,421854.31,213108.1347,436053.8253,581234.31,218075.9745,0,0.0
OAS30817,8.0,6.0,9.0,6.0,,,29.0,18.0,24.0,65.0,60.0,,,,,,,73.0603,30.0,33.0,70.5,180.0,,,,,,0,0.0
OAS30817,8.0,7.0,7.0,5.0,,,24.0,15.0,30.0,79.0,63.0,,,,,,,73.0603,29.0,33.0,70.5,187.0,,,,,,0,0.0
OAS30817,9.0,7.0,7.0,5.0,,,21.0,14.0,30.0,65.0,64.0,,,,,,,73.0603,30.0,33.0,70.25,178.0,,,,,,0,0.0
OAS30817,10.0,8.0,7.0,5.0,,,28.0,15.0,,,,,,,,,,73.0603,,33.0,,,,,,,,0,0.0
OAS30817,7.0,6.0,8.0,5.0,,,23.0,15.0,,,,,,,,,,73.0603,,33.0,,,,,,,,0,0.0
OAS30818,,,,,11.0,10.0,18.0,14.0,36.0,59.0,44.0,58.0,206423.1187,1484267.598,914246.8423,213744.2484,54469.0,70.0575,29.0,33.0,68.0,163.0,413888.2433,207465.1247,428221.599,569076.2433,214477.3506,0,0.0
OAS30818,,,,,8.0,6.0,20.0,11.0,32.0,66.0,45.0,58.0,206423.1187,1484267.598,914246.8423,213744.2484,54469.0,70.0575,29.0,33.0,68.0,171.0,413888.2433,207465.1247,428221.599,569076.2433,214477.3506,0,0.0
OAS30818,,,,,15.0,14.0,18.0,11.0,31.0,55.0,47.0,58.0,,,,,,70.0575,28.0,33.0,,162.0,,,,,,0,0.0
OAS30818,,,,,14.0,16.0,17.0,10.0,35.0,57.0,35.0,58.0,200085.9505,1486286.018,879500.8051,198415.1105,52348.0,70.0575,30.0,33.0,67.5,153.0,402293.9143,202207.9637,397496.8908,550970.9143,199081.7803,1,0.5
OAS30818,,,,,15.0,14.0,21.0,11.0,41.0,54.0,46.0,56.0,200111.9961,1487644.027,886002.1603,201674.3886,51652.0,70.0575,30.0,33.0,57.7,152.0,401060.2971,200948.301,404154.8631,547542.2971,202480.4746,0,0.0
OAS30818,11.0,8.0,5.0,4.0,,,19.0,8.0,25.0,55.0,42.0,,200111.9961,1487644.027,886002.1603,201674.3886,51652.0,70.0575,28.0,33.0,67.5,161.0,401060.2971,200948.301,404154.8631,547542.2971,202480.4746,1,0.5
OAS30818,12.0,9.0,5.0,4.0,,,20.0,11.0,36.0,56.0,41.0,,195030.0546,1472529.04,876653.9611,199762.6961,51229.0,70.0575,30.0,33.0,67.5,158.0,390369.0728,195339.0183,400101.8883,532253.0728,200339.1922,1,0.5
OAS30818,9.0,7.0,6.0,4.0,,,14.0,9.0,29.0,63.0,39.0,,195030.0546,1472529.04,876653.9611,199762.6961,51229.0,70.0575,30.0,33.0,68.0,154.1999512,390369.0728,195339.0183,400101.8883,532253.0728,200339.1922,1,0.5
OAS30818,8.0,7.0,4.0,3.0,,,10.0,14.0,,,,,,,,,,70.0575,,33.0,,,,,,,,0,0.0
OAS30818,6.0,6.0,6.0,4.0,,,15.0,13.0,,,,,,,,,,70.0575,29.0,33.0,67.3,151.5999756,,,,,,0,0.0
OAS30819,,,,,16.0,16.0,15.0,15.0,50.0,103.0,42.0,58.0,197600.0136,1394875.204,853825.6588,188454.4475,50187.0,72.1479,29.0,33.0,60.0,101.0,395987.5996,198387.5861,379175.0592,541263.5996,190720.6117,0,0.0
OAS30819,,,,,16.0,17.0,27.0,15.0,45.0,73.0,46.0,58.0,192244.0723,1370345.952,844454.3376,188967.0326,49857.0,72.1479,29.0,33.0,60.0,102.5,386611.3095,194367.2372,379008.0282,529449.3095,190040.9955,0,0.0
OAS30819,,,,,15.0,14.0,29.0,25.0,34.0,136.0,47.0,58.0,192244.0723,1370345.952,844454.3376,188967.0326,49857.0,72.1479,28.0,33.0,60.0,102.0,386611.3095,194367.2372,379008.0282,529449.3095,190040.9955,0,0.0
OAS30819,3.0,4.0,3.0,3.0,,,28.0,20.0,32.0,,36.0,,187701.3277,1362798.631,824717.5824,183648.0358,50371.0,72.1479,27.0,33.0,59.25,101.6999512,375342.8746,187641.5469,368505.7078,519318.8746,184857.672,0,0.0
OAS30819,6.0,6.0,6.0,4.0,,,23.0,21.0,31.0,91.0,50.0,,,,,,,72.1479,30.0,33.0,59.25,97.39996338,,,,,,0,0.0
OAS30820,,,,,14.0,13.0,30.0,18.0,25.0,48.0,51.0,60.0,198429.343,1494367.609,900741.3251,192559.2338,52047.0,65.8055,29.0,23.0,66.5,159.0,397645.7097,199216.3668,386452.6154,529193.7097,193893.3815,0,0.0
OAS30820,,,,,15.0,13.0,24.0,16.0,22.0,42.0,53.0,56.0,,,,,,65.8055,29.0,23.0,65.5,169.0,,,,,,0,0.0
OAS30820,10.0,7.0,9.0,6.0,,,31.0,18.0,27.0,52.0,57.0,,195303.6379,1442554.474,893485.462,186889.0805,48036.0,65.8055,30.0,23.0,66.0,163.0,393384.4556,198080.8178,374024.0064,517609.4556,187134.9258,0,0.0
OAS30820,12.0,9.0,8.0,5.0,,,27.0,14.0,25.0,50.0,57.0,,195303.6379,1442554.474,893485.462,186889.0805,48036.0,65.8055,30.0,23.0,66.0,163.3999023,393384.4556,198080.8178,374024.0064,517609.4556,187134.9258,0,0.0
OAS30821,,,,,36.0,,28.0,,18.0,34.0,,,225501.0347,1644496.309,1030927.301,247205.6246,56104.0,57.2438,29.0,23.0,63.8,113.0,451518.7329,226017.6982,493817.5681,611241.7329,246611.9435,0,0.0
OAS30822,,,,,13.0,11.0,24.0,18.0,44.0,63.0,46.0,60.0,221878.8281,1536316.56,983586.3236,218742.1485,54047.0,66.5397,30.0,,69.2,172.0,447610.4879,225731.6598,438361.8357,597979.4879,219619.6872,0,0.0
OAS30822,,,,,11.0,11.0,20.0,18.0,25.0,47.0,49.0,60.0,,,,,,66.5397,30.0,,69.0,161.0,,,,,,0,0.0
OAS30822,,,,,15.0,14.0,23.0,22.0,27.0,50.0,50.0,60.0,,,,,,66.5397,30.0,,69.0,159.0,,,,,,0,0.0
OAS30822,,,,,12.0,12.0,18.0,18.0,31.0,55.0,48.0,60.0,,,,,,66.5397,30.0,,69.0,159.0,,,,,,0,0.0
OAS30822,,,,,13.0,11.0,21.0,13.0,30.0,40.0,56.0,60.0,,,,,,66.5397,29.0,,69.0,157.0,,,,,,0,0.0
OAS30822,,,,,14.0,13.0,24.0,19.0,25.0,68.0,44.0,60.0,,,,,,66.5397,30.0,,69.0,151.0,,,,,,0,0.0
OAS30822,7.0,6.0,9.0,6.0,,,20.0,18.0,26.0,149.0,43.0,,203677.8307,1510411.114,931238.2899,206347.3852,50957.0,66.5397,30.0,,68.7,160.0,411609.9934,207932.1627,417046.2965,549896.9934,210698.9113,0,0.0
OAS30822,11.0,9.0,8.0,5.0,,,21.0,14.0,26.0,60.0,45.0,,203677.8307,1510411.114,931238.2899,206347.3852,50957.0,66.5397,30.0,,68.25,163.0,411609.9934,207932.1627,417046.2965,549896.9934,210698.9113,0,0.0
OAS30822,9.0,8.0,8.0,6.0,,,18.0,15.0,37.0,72.0,43.0,,,,,,,66.5397,30.0,,68.7,162.0,,,,,,0,0.0
OAS30823,,,,,10.0,11.0,30.0,9.0,30.0,71.0,51.0,58.0,236606.0083,1779480.613,1105817.332,259403.0682,53175.0,70.2603,28.0,33.0,68.0,217.0,469955.4679,233349.4596,515630.8643,619482.4679,256227.7962,0,0.0
OAS30823,,,,,13.0,10.0,31.0,12.0,30.0,54.0,55.0,60.0,236606.0083,1779480.613,1105817.332,259403.0682,53175.0,70.2603,29.0,33.0,67.5,229.0,469955.4679,233349.4596,515630.8643,619482.4679,256227.7962,0,0.0
OAS30823,,,,,15.0,12.0,27.0,12.0,40.0,45.0,58.0,60.0,230191.5011,1765394.018,1089493.579,256622.2195,52698.0,70.2603,28.0,33.0,67.8,227.0,456942.7594,226751.2583,508840.8199,602406.7594,252218.6004,0,0.0
OAS30823,,,,,14.0,14.0,28.0,20.0,26.0,53.0,59.0,60.0,230191.5011,1765394.018,1089493.579,256622.2195,52698.0,70.2603,28.0,33.0,67.5,223.0,456942.7594,226751.2583,508840.8199,602406.7594,252218.6004,0,0.0
OAS30823,,,,,13.0,16.0,26.0,16.0,30.0,55.0,65.0,58.0,,,,,,70.2603,30.0,33.0,67.5,220.0,,,,,,0,0.0
OAS30823,,,,,10.0,13.0,27.0,12.0,22.0,47.0,59.0,60.0,219810.783,1708604.614,1066482.674,248164.6961,51486.0,70.2603,29.0,33.0,67.5,221.0,435682.5721,215871.7891,496479.1016,580294.5721,248314.4055,0,0.0
OAS30823,,,,,18.0,19.0,18.0,8.0,33.0,63.0,54.0,60.0,219810.783,1708604.614,1066482.674,248164.6961,51486.0,70.2603,29.0,33.0,67.0,227.0,435682.5721,215871.7891,496479.1016,580294.5721,248314.4055,0,0.0
OAS30823,12.0,8.0,9.0,6.0,,,16.0,10.0,42.0,59.0,56.0,,,,,,,70.2603,29.0,33.0,67.0,226.0,,,,,,0,0.0
OAS30823,13.0,9.0,10.0,6.0,,,23.0,9.0,39.0,69.0,49.0,,,,,,,70.2603,29.0,33.0,67.3,207.0,,,,,,0,0.0
OAS30824,,,,,10.0,12.0,22.0,15.0,35.0,55.0,50.0,56.0,185082.7817,1070530.153,817139.3922,185181.4219,48875.0,73.7808,30.0,34.0,66.5,159.0,373158.5795,188075.7978,374728.8127,510567.5795,189547.3908,0,0.0
OAS30824,,,,,12.0,4.0,22.0,17.0,29.0,70.0,46.0,58.0,,,,,,73.7808,30.0,34.0,66.75,164.0,,,,,,0,0.0
OAS30824,10.0,7.0,11.0,7.0,,,21.0,11.0,34.0,80.0,48.0,,,,,,,73.7808,30.0,34.0,66.5,154.0,,,,,,0,0.0
OAS30824,10.0,8.0,10.0,7.0,,,18.0,14.0,31.0,64.0,49.0,,,,,,,73.7808,29.0,34.0,66.5,148.0,,,,,,0,0.0
OAS30824,12.0,9.0,10.0,7.0,,,24.0,16.0,48.0,49.0,45.0,,177868.5034,1247603.382,801023.8933,183096.0452,48134.0,73.7808,30.0,34.0,66.25,149.0,356883.8107,179015.3073,370254.0827,493842.8107,187158.0375,0,0.0
OAS30824,9.0,7.0,10.0,6.0,,,16.0,13.0,,,,,177868.5034,1247603.382,801023.8933,183096.0452,48134.0,73.7808,,34.0,,,356883.8107,179015.3073,370254.0827,493842.8107,187158.0375,0,0.0
OAS30824,8.0,7.0,8.0,5.0,,,18.0,11.0,,,,,,,,,,73.7808,30.0,34.0,66.8,155.1999512,,,,,,0,0.0
OAS30825,,,,,,,,,51.0,89.0,39.0,59.0,,,,,,64.0685,,33.0,,236.0,,,,,,0,0.0
OAS30825,,,,,,,17.0,,49.0,106.0,38.0,60.0,,,,,,64.0685,27.0,33.0,,231.0,,,,,,0,0.0
OAS30825,,,,,,,17.0,,50.0,130.0,40.0,60.0,,,,,,64.0685,26.0,33.0,,235.0,,,,,,0,0.0
OAS30825,,,,,,,14.0,,45.0,125.0,34.0,60.0,,,,,,64.0685,25.0,33.0,,236.0,,,,,,0,0.0
OAS30825,,,,,,,16.0,,42.0,123.0,39.0,60.0,,,,,,64.0685,28.0,33.0,,234.0,,,,,,0,0.0
OAS30825,,,,,,,17.0,,44.0,117.0,40.0,6.0,,,,,,64.0685,28.0,33.0,,228.0,,,,,,0,0.0
OAS30825,,,,,,,16.0,,43.0,123.0,33.0,60.0,,,,,,64.0685,26.0,33.0,,,,,,,,0,0.0
OAS30825,,,,,,,16.0,,43.0,126.0,35.0,60.0,,,,,,64.0685,28.0,33.0,,178.0,,,,,,0,0.0
OAS30825,,,,,,,15.0,,46.0,116.0,36.0,60.0,,,,,,64.0685,29.0,33.0,,178.0,,,,,,0,0.0
OAS30825,,,,,,,14.0,,41.0,125.0,38.0,60.0,,,,,,64.0685,30.0,33.0,,186.0,,,,,,0,0.0
OAS30825,,,,,12.0,10.0,15.0,8.0,30.0,136.0,35.0,58.0,,,,,,64.0685,26.0,33.0,70.5,205.0,,,,,,0,0.0
OAS30825,,,,,11.0,9.0,18.0,11.0,39.0,129.0,35.0,60.0,229080.2866,2003009.384,1162389.662,240547.9403,56115.0,64.0685,29.0,33.0,70.5,198.0,466033.8402,236953.5536,486717.8218,624219.8402,246169.8815,0,0.0
OAS30825,,,,,16.0,13.0,17.0,13.0,32.0,156.0,37.0,58.0,229080.2866,2003009.384,1162389.662,240547.9403,56115.0,64.0685,27.0,33.0,70.0,198.0,466033.8402,236953.5536,486717.8218,624219.8402,246169.8815,0,0.0
OAS30825,,,,,15.0,11.0,16.0,10.0,37.0,157.0,35.0,58.0,239811.5347,2008977.337,1180456.115,277042.719,48961.0,64.0685,29.0,33.0,70.0,193.0,489368.6745,249557.1399,559461.4406,640654.6745,282418.7217,0,0.0
OAS30825,,,,,15.0,14.0,9.0,7.0,43.0,164.0,35.0,60.0,,,,,,64.0685,23.0,33.0,70.0,196.0,,,,,,0,0.0
OAS30825,,,,,13.0,10.0,12.0,11.0,33.0,133.0,33.0,56.0,,,,,,64.0685,24.0,33.0,70.0,193.0,,,,,,1,0.5
OAS30825,,,,,14.0,12.0,8.0,12.0,50.0,167.0,32.0,58.0,,,,,,64.0685,25.0,33.0,70.0,192.0,,,,,,0,0.0
OAS30825,,,,,15.0,10.0,14.0,13.0,40.0,180.0,31.0,58.0,,,,,,64.0685,28.0,33.0,69.5,181.0,,,,,,0,0.0
OAS30825,,,,,11.0,12.0,8.0,6.0,39.0,162.0,30.0,58.0,,,,,,64.0685,28.0,33.0,69.8,182.0,,,,,,0,0.0
OAS30825,,,,,14.0,13.0,12.0,7.0,50.0,169.0,26.0,58.0,,,,,,64.0685,24.0,33.0,69.5,193.0,,,,,,1,0.5
OAS30825,12.0,9.0,2.0,2.0,,,10.0,7.0,54.0,180.0,25.0,,,,,,,64.0685,23.0,33.0,69.3,190.0,,,,,,1,0.5
OAS30826,,,,,,,8.0,,72.0,180.0,20.0,57.0,186326.9046,1550452.309,942165.6536,232583.7031,172086.6203,58.9151,23.0,34.0,,176.0,392891.3107,206564.4061,479605.2188,564977.931,247021.5156,1,0.5
OAS30826,,,,,,,,4.0,,,8.0,50.0,186326.9046,1550452.309,942165.6536,232583.7031,172086.6203,58.9151,22.0,34.0,,,392891.3107,206564.4061,479605.2188,564977.931,247021.5156,2,1.0
OAS30827,,,,,11.0,5.0,21.0,12.0,28.0,44.0,51.0,58.0,218222.493,1701302.217,1038184.632,238819.3394,54453.0,72.3315,26.0,34.0,67.0,192.0,438453.7391,220231.2461,478600.8926,595236.7391,239781.5532,1,0.5
OAS30827,,,,,11.0,8.0,24.0,8.0,28.0,61.0,49.0,58.0,218222.493,1701302.217,1038184.632,238819.3394,54453.0,72.3315,30.0,34.0,66.8,189.0,438453.7391,220231.2461,478600.8926,595236.7391,239781.5532,1,0.5
OAS30827,,,,,4.0,1.0,18.0,12.0,22.0,51.0,49.0,58.0,,,,,,72.3315,27.0,34.0,66.0,192.0,,,,,,1,0.5
OAS30827,,,,,2.0,0.0,17.0,8.0,22.0,60.0,49.0,52.0,201069.8012,1645468.788,987882.3685,215801.7259,51512.0,72.3315,22.0,34.0,67.0,192.0,406648.3137,205578.5126,440467.0548,556548.3137,224665.3289,2,1.0
OAS30827,,,,,1.0,0.0,14.0,7.0,36.0,138.0,28.0,46.0,,,,,,72.3315,22.0,34.0,67.0,222.0,,,,,,2,1.0
OAS30828,,,,,,,7.0,,53.0,136.0,41.0,45.0,,,,,,67.1836,30.0,34.0,,183.0,,,,,,0,0.0
OAS30828,,,,,,,13.0,,60.0,78.0,43.0,41.0,,,,,,67.1836,30.0,34.0,,176.0,,,,,,0,0.0
OAS30828,10.0,8.0,9.0,6.0,,,11.0,13.0,48.0,,43.0,,,,,,,67.1836,28.0,34.0,63.0,142.5999756,,,,,,0,0.0
OAS30829,,,,,,,,,59.0,,42.0,56.0,,,,,,64.6438,,34.0,,,,,,,,0,0.0
OAS30829,,,,,,,,,48.0,,46.0,59.0,,,,,,64.6438,,34.0,,,,,,,,0,0.0
OAS30829,,,,,,,,,59.0,,44.0,58.0,,,,,,64.6438,,34.0,,,,,,,,0,0.0
OAS30829,,,,,,,,,42.0,104.0,48.0,56.0,,,,,,64.6438,,34.0,,130.0,,,,,,0,0.0
OAS30829,,,,,,,,,39.0,96.0,47.0,57.0,,,,,,64.6438,,34.0,,124.0,,,,,,0,0.0
OAS30829,,,,,,,,,41.0,,49.0,58.0,,,,,,64.6438,,34.0,,138.0,,,,,,0,0.0
OAS30829,,,,,,,,,35.0,87.0,46.0,59.0,,,,,,64.6438,,34.0,,143.0,,,,,,0,0.0
OAS30829,,,,,,,,,33.0,63.0,48.0,57.0,,,,,,64.6438,30.0,34.0,,144.0,,,,,,0,0.0
OAS30829,,,,,,,15.0,,36.0,81.0,42.0,58.0,,,,,,64.6438,29.0,34.0,,154.0,,,,,,0,0.0
OAS30829,,,,,,,19.0,,36.0,61.0,43.0,60.0,,,,,,64.6438,30.0,34.0,,152.0,,,,,,0,0.0
OAS30829,,,,,,,13.0,,37.0,75.0,41.0,58.0,,,,,,64.6438,27.0,34.0,,157.0,,,,,,0,0.0
OAS30829,,,,,,,14.0,,36.0,65.0,43.0,59.0,,,,,,64.6438,30.0,34.0,,158.0,,,,,,0,0.0
OAS30829,,,,,,,14.0,,35.0,65.0,39.0,58.0,,,,,,64.6438,30.0,34.0,,148.0,,,,,,0,0.0
OAS30829,,,,,12.0,12.0,13.0,8.0,36.0,82.0,38.0,60.0,214831.3853,1584513.67,995265.0624,228358.6385,50275.0,64.6438,28.0,34.0,63.0,152.0,433329.7932,218498.4079,461308.2692,563732.7932,232949.6307,0,0.0
OAS30829,,,,,12.0,13.0,17.0,12.0,39.0,87.0,39.0,56.0,214831.3853,1584513.67,995265.0624,228358.6385,50275.0,64.6438,30.0,34.0,63.0,147.0,433329.7932,218498.4079,461308.2692,563732.7932,232949.6307,0,0.0
OAS30829,,,,,15.0,16.0,16.0,15.0,52.0,92.0,39.0,52.0,200806.6837,1629205.204,967210.2758,226602.5326,48879.0,64.6438,28.0,34.0,62.8,141.0,403016.3962,202209.7125,458702.8796,533869.3962,232100.347,0,0.0
OAS30829,,,,,15.0,11.0,14.0,6.0,43.0,120.0,33.0,60.0,202925.4535,1652996.059,966478.1234,221907.3618,47852.0,64.6438,28.0,34.0,62.0,137.0,409489.3118,206563.8582,446568.8116,538021.3118,224661.4498,0,0.0
OAS30829,,,,,11.0,14.0,8.0,7.0,60.0,120.0,27.0,56.0,,,,,,64.6438,28.0,34.0,62.0,125.0,,,,,,0,0.0
OAS30830,,,,,10.0,8.0,23.0,11.0,36.0,180.0,39.0,56.0,221215.155,1798160.607,1037781.459,223534.163,55828.0,71.2027,24.0,34.0,68.0,224.0,448104.2004,226889.0454,452932.2589,607396.2004,229398.0959,0,0.0
OAS30830,,,,,13.0,11.0,17.0,9.0,44.0,95.0,35.0,50.0,,,,,,71.2027,26.0,34.0,68.0,215.0,,,,,,0,0.0
OAS30830,,,,,10.0,7.0,15.0,5.0,47.0,180.0,34.0,54.0,,,,,,71.2027,26.0,34.0,67.0,213.0,,,,,,2,1.0
OAS30830,,,,,9.0,6.0,12.0,4.0,61.0,180.0,27.0,50.0,,,,,,71.2027,21.0,34.0,67.0,215.0,,,,,,2,1.0
OAS30830,,,,,5.0,29.0,8.0,6.0,75.0,180.0,30.0,50.0,,,,,,71.2027,21.0,34.0,67.5,200.0,,,,,,2,1.0
OAS30830,,,,,6.0,1.0,5.0,4.0,58.0,,23.0,42.0,,,,,,71.2027,19.0,34.0,67.0,188.0,,,,,,2,1.0
OAS30832,,,,,33.0,,18.0,,22.0,59.0,,,181770.693,1100431.656,818603.9856,195499.4595,47879.0,60.6027,30.0,33.0,63.0,139.0,363442.9514,181672.2585,391086.0342,493187.9514,195586.5747,0,0.0
OAS30832,,,,,33.0,,20.0,,19.0,46.0,,,181052.2393,1101810.027,800978.3706,188268.4182,45666.0,60.6027,29.0,33.0,63.25,133.0,362047.0811,180994.8418,376127.2895,482734.0811,187858.8713,0,0.0
OAS30832,,,,,33.0,,18.0,,17.0,48.0,,,169829.3299,1099354.247,798170.7639,197550.1693,47468.0,60.6027,30.0,33.0,63.5,134.7999268,341708.2066,171878.8767,391742.5573,471848.2066,194192.3879,0,0.0
OAS30832,,,,,40.0,,22.0,,16.0,70.0,,,169829.3299,1099354.247,798170.7639,197550.1693,47468.0,60.6027,30.0,33.0,63.0,128.0,341708.2066,171878.8767,391742.5573,471848.2066,194192.3879,0,0.0
OAS30832,6.0,6.0,6.0,5.0,,,19.0,15.0,,,,,,,,,,60.6027,,33.0,,,,,,,,0,0.0
OAS30834,,,,,6.0,1.0,19.0,13.0,23.0,108.0,61.0,58.0,,,,,,67.3753,26.0,44.0,65.0,140.0,,,,,,1,0.5
OAS30835,,,,,19.0,19.0,26.0,26.0,42.0,97.0,42.0,60.0,,,,,,72.6685,27.0,34.0,63.0,113.0,,,,,,0,0.0
OAS30835,,,,,17.0,16.0,22.0,22.0,44.0,107.0,31.0,58.0,174934.4129,1511406.565,861752.484,204637.4525,45903.0,72.6685,30.0,34.0,62.5,108.0,354885.7228,179951.3099,406127.7613,479795.7228,201490.3088,0,0.0
OAS30835,,,,,17.0,15.0,25.0,23.0,54.0,162.0,34.0,60.0,174934.4129,1511406.565,861752.484,204637.4525,45903.0,72.6685,29.0,34.0,62.0,99.0,354885.7228,179951.3099,406127.7613,479795.7228,201490.3088,0,0.0
OAS30835,,,,,18.0,15.0,23.0,21.0,43.0,100.0,42.0,60.0,,,,,,72.6685,27.0,34.0,62.0,102.0,,,,,,0,0.0
OAS30835,,,,,17.0,17.0,26.0,24.0,40.0,147.0,42.0,60.0,180531.1187,1519410.736,842250.889,188772.409,44907.0,72.6685,30.0,34.0,62.0,99.0,361161.2699,180630.1511,378821.6192,484215.2699,190049.2101,0,0.0
OAS30835,,,,,17.0,16.0,23.0,16.0,41.0,133.0,38.0,58.0,,,,,,72.6685,30.0,34.0,61.0,96.0,,,,,,0,0.0
OAS30835,,,,,14.0,13.0,24.0,16.0,31.0,,42.0,54.0,,,,,,72.6685,28.0,34.0,61.8,101.5,,,,,,0,0.0
OAS30835,,,,,15.0,12.0,24.0,16.0,47.0,122.0,41.0,58.0,,,,,,72.6685,29.0,34.0,61.5,90.0,,,,,,0,0.0
OAS30836,,,,,7.0,2.0,22.0,10.0,54.0,152.0,24.0,46.0,177975.0718,1435187.392,843424.2918,201243.409,46444.0,81.2658,29.0,34.0,68.0,143.0,361489.9657,183514.8939,402246.3261,482462.9657,201002.9172,1,0.5
OAS30836,,,,,5.0,1.0,16.0,12.0,39.0,114.0,27.0,50.0,,,,,,81.2658,28.0,34.0,68.0,165.0,,,,,,1,0.5
OAS30836,,,,,6.0,6.0,17.0,9.0,57.0,142.0,32.0,54.0,,,,,,81.2658,25.0,34.0,68.0,159.0,,,,,,1,0.5
OAS30836,,,,,7.0,4.0,14.0,6.0,64.0,132.0,22.0,52.0,,,,,,81.2658,25.0,34.0,68.8,171.0,,,,,,1,0.5
OAS30837,,,,,,,9.0,,47.0,105.0,37.0,51.0,,,,,,76.5753,26.0,44.0,,170.0,,,,,,1,0.5
OAS30837,,,,,,,13.0,,39.0,113.0,33.0,55.0,,,,,,76.5753,25.0,44.0,,165.0,,,,,,1,0.5
OAS30837,,,,,,,11.0,,49.0,144.0,30.0,54.0,,,,,,76.5753,27.0,44.0,,166.0,,,,,,1,0.5
OAS30837,,,,,,,5.0,,37.0,150.0,31.0,52.0,,,,,,76.5753,27.0,44.0,,164.0,,,,,,1,0.5
OAS30837,,,,,,,9.0,,53.0,159.0,19.0,53.0,,,,,,76.5753,25.0,44.0,,152.0,,,,,,1,0.5
OAS30837,,,,,1.0,0.0,8.0,4.0,38.0,126.0,27.0,42.0,,,,,,76.5753,22.0,44.0,62.3,152.0,,,,,,2,1.0
OAS30838,5.0,5.0,6.0,5.0,7.0,5.0,26.0,13.0,24.0,59.0,43.0,,194496.0806,1379265.495,856993.3989,191488.7627,46485.0,68.4849,29.0,44.0,65.0,183.0,390170.4502,195674.3696,382999.9487,528969.4502,191511.1861,1,0.5
OAS30838,7.0,7.0,6.0,4.0,,,14.0,9.0,24.0,69.0,43.0,,,,,,,68.4849,29.0,44.0,65.0,172.0,,,,,,1,0.5
OAS30838,5.0,5.0,4.0,4.0,,,22.0,11.0,26.0,57.0,46.0,,,,,,,68.4849,28.0,44.0,65.0,173.0,,,,,,1,0.5
OAS30839,,,,,13.0,13.0,30.0,23.0,34.0,101.0,42.0,56.0,,,,,,71.0301,29.0,33.0,61.5,138.0,,,,,,0,0.0
OAS30839,,,,,13.0,14.0,27.0,22.0,23.0,86.0,40.0,60.0,202144.052,1445687.312,886441.1231,194285.1075,50989.0,71.0301,28.0,33.0,62.0,138.0,404902.1636,202758.1116,393692.9594,557079.1636,199407.852,0,0.0
OAS30839,,,,,15.0,12.0,28.0,22.0,35.0,81.0,43.0,56.0,202144.052,1445687.312,886441.1231,194285.1075,50989.0,71.0301,29.0,33.0,61.0,129.0,404902.1636,202758.1116,393692.9594,557079.1636,199407.852,0,0.0
OAS30839,,,,,12.0,13.0,22.0,16.0,29.0,102.0,39.0,54.0,,,,,,71.0301,26.0,33.0,61.0,134.0,,,,,,0,0.0
OAS30840,,,,,13.0,9.0,27.0,18.0,27.0,64.0,49.0,58.0,210715.8766,1428763.062,1019666.704,256187.7533,50611.0,67.5589,29.0,34.0,68.0,174.0,424331.9759,213616.0993,514622.7276,562854.9759,258434.9743,0,0.0
OAS30840,,,,,13.0,11.0,18.0,20.0,26.0,73.0,57.0,56.0,,,,,,67.5589,29.0,34.0,67.0,184.0,,,,,,0,0.0
OAS30840,,,,,17.0,13.0,20.0,17.0,39.0,82.0,47.0,52.0,,,,,,67.5589,30.0,34.0,68.0,188.0,,,,,,0,0.0
OAS30840,9.0,7.0,9.0,6.0,,,25.0,12.0,30.0,77.0,51.0,,,,,,,67.5589,29.0,34.0,67.3,183.0,,,,,,0,0.0
OAS30840,8.0,6.0,7.0,5.0,,,18.0,12.0,34.0,73.0,50.0,,,,,,,67.5589,30.0,34.0,67.5,187.0,,,,,,0,0.0
OAS30841,,,,,17.0,10.0,23.0,12.0,27.0,125.0,43.0,58.0,209944.5188,1659146.136,1024161.329,265426.3438,174750.8936,78.3644,29.0,33.0,64.2,184.0,423083.493,213138.9742,530513.875,597834.3866,265087.5313,0,0.0
OAS30841,,,,,15.0,14.0,28.0,17.0,33.0,170.0,48.0,58.0,215281.8706,1740490.938,1024994.312,240158.3209,57621.0,78.3644,30.0,33.0,64.0,185.0,436495.851,221213.9804,483278.4612,580945.851,243120.1403,0,0.0
OAS30841,,,,,14.0,13.0,24.0,13.0,33.0,180.0,51.0,56.0,,,,,,78.3644,29.0,33.0,64.0,183.0,,,,,,0,0.0
OAS30841,,,,,16.0,19.0,23.0,19.0,34.0,79.0,55.0,56.0,,,,,,78.3644,30.0,33.0,64.0,176.0,,,,,,0,0.0
OAS30841,,,,,14.0,15.0,24.0,16.0,35.0,148.0,47.0,54.0,,,,,,78.3644,29.0,33.0,63.7,177.0,,,,,,0,0.0
OAS30841,,,,,18.0,17.0,29.0,12.0,36.0,121.0,48.0,58.0,,,,,,78.3644,30.0,33.0,63.0,172.0,,,,,,0,0.0
OAS30841,,,,,18.0,18.0,19.0,15.0,25.0,,55.0,60.0,,,,,,78.3644,29.0,33.0,64.0,156.0,,,,,,0,0.0
OAS30841,,,,,16.0,15.0,27.0,15.0,52.0,101.0,56.0,58.0,,,,,,78.3644,29.0,33.0,63.2,173.0,,,,,,0,0.0
OAS30841,,,,,15.0,12.0,19.0,12.0,46.0,,52.0,54.0,193662.809,1705128.029,981762.3598,234465.9947,52717.0,78.3644,29.0,33.0,63.3,163.0,393507.5771,199844.7681,469082.7828,526051.5771,234616.788,0,0.0
OAS30841,,,,,20.0,19.0,15.0,15.0,49.0,78.0,47.0,54.0,193662.809,1705128.029,981762.3598,234465.9947,52717.0,78.3644,29.0,33.0,62.8,169.0,393507.5771,199844.7681,469082.7828,526051.5771,234616.788,0,0.0
OAS30841,4.0,4.0,3.0,3.0,,,22.0,12.0,37.0,82.0,39.0,,,,,,,78.3644,30.0,33.0,62.5,165.5,,,,,,0,0.0
OAS30841,5.0,5.0,4.0,3.0,,,23.0,17.0,52.0,178.0,32.0,,,,,,,78.3644,29.0,33.0,62.8,164.0,,,,,,0,0.0
OAS30842,,,,,16.0,11.0,23.0,12.0,22.0,45.0,69.0,50.0,,,,,,74.5397,30.0,34.0,64.0,162.5,,,,,,0,0.0
OAS30842,,,,,15.0,12.0,24.0,14.0,22.0,58.0,71.0,50.0,192710.9335,1538850.288,916772.4224,217371.2884,51613.0,74.5397,29.0,34.0,64.0,164.0,386208.9499,193498.0163,437742.4726,518546.9499,220371.1842,0,0.0
OAS30842,10.0,7.0,9.0,6.0,,,22.0,13.0,20.0,57.0,62.0,,192710.9335,1538850.288,916772.4224,217371.2884,51613.0,74.5397,29.0,34.0,64.0,168.0,386208.9499,193498.0163,437742.4726,518546.9499,220371.1842,0,0.0
OAS30842,10.0,7.0,7.0,5.0,,,18.0,16.0,20.0,42.0,72.0,,198831.3624,1565515.448,927854.3053,217081.9277,51141.0,74.5397,29.0,34.0,64.25,165.0,400924.4044,202093.0419,431401.9009,536951.4044,214319.9732,0,0.0
OAS30842,10.0,7.0,5.0,4.0,,,19.0,13.0,26.0,54.0,56.0,,199109.8882,1575616.68,947154.2342,225269.4829,51331.0,74.5397,30.0,34.0,63.75,164.0,399294.8854,200184.9972,451462.3488,536775.8854,226192.8659,0,0.0
OAS30842,8.0,7.0,8.0,5.0,,,16.0,13.0,29.0,68.0,54.0,,,,,,,74.5397,29.0,34.0,63.8,164.0,,,,,,0,0.0
OAS30842,6.0,5.0,4.0,3.0,,,22.0,10.0,,,,,,,,,,74.5397,,34.0,,,,,,,,0,0.0
OAS30843,9.0,7.0,6.0,5.0,11.0,10.0,20.0,14.0,25.0,63.0,52.0,,214104.5564,1766877.677,1040213.554,240949.3952,55649.0,78.9918,29.0,23.0,69.0,196.0,431439.638,217335.0816,483610.9158,590663.638,242661.5206,1,0.5
OAS30843,9.0,7.0,7.0,6.0,,,20.0,13.0,23.0,47.0,48.0,,214104.5564,1766877.677,1040213.554,240949.3952,55649.0,78.9918,30.0,23.0,68.5,194.0,431439.638,217335.0816,483610.9158,590663.638,242661.5206,0,0.0
OAS30843,9.0,7.0,7.0,5.0,,,21.0,13.0,20.0,51.0,45.0,,,,,,,78.9918,29.0,23.0,68.2,188.0,,,,,,0,0.0
OAS30844,,,,,16.0,15.0,20.0,15.0,31.0,68.0,53.0,58.0,162789.9793,1417645.167,821876.7901,196691.6209,47306.0,69.4247,28.0,33.0,68.0,130.0,324398.2202,161608.2409,398747.5699,457162.2202,202055.949,0,0.0
OAS30844,,,,,16.0,16.0,23.0,18.0,22.0,50.0,61.0,58.0,,,,,,69.4247,28.0,33.0,68.0,132.0,,,,,,0,0.0
OAS30845,,,,,20.0,17.0,18.0,15.0,36.0,81.0,40.0,60.0,200627.8339,1283564.784,910367.2245,220340.1733,57103.0,66.2521,30.0,33.0,64.0,161.0,401989.626,201361.7921,442944.5986,547411.626,222604.4253,0,0.0
OAS30845,,,,,14.0,16.0,20.0,12.0,35.0,66.0,47.0,56.0,,,,,,66.2521,28.0,33.0,65.0,178.0,,,,,,0,0.0
OAS30845,,,,,17.0,16.0,21.0,11.0,39.0,66.0,43.0,60.0,192700.216,1259143.532,884811.0355,218948.6369,56258.0,66.2521,28.0,33.0,65.5,170.0,384166.3289,191466.1129,436173.7067,524410.3289,217225.0698,0,0.0
OAS30845,,,,,19.0,17.0,23.0,18.0,28.0,70.0,49.0,60.0,192700.216,1259143.532,884811.0355,218948.6369,56258.0,66.2521,30.0,33.0,64.75,167.5,384166.3289,191466.1129,436173.7067,524410.3289,217225.0698,0,0.0
OAS30845,11.0,8.0,9.0,6.0,,,19.0,12.0,26.0,59.0,46.0,,,,,,,66.2521,28.0,33.0,64.7,171.0,,,,,,0,0.0
OAS30845,10.0,8.0,6.0,4.0,,,23.0,14.0,24.0,69.0,49.0,,,,,,,66.2521,29.0,33.0,64.5,150.0,,,,,,0,0.0
OAS30846,,,,,28.0,,27.0,,15.0,40.0,,,198235.7676,1303019.111,921340.191,228098.4706,51269.0,58.5836,30.0,33.0,64.5,237.0,394599.4493,196363.6817,455557.7417,545164.4493,227459.2711,0,0.0
OAS30848,,,,,23.0,22.0,31.0,20.0,35.0,94.0,61.0,54.0,212655.1187,1777512.743,993391.5726,214138.9331,48088.0,76.9342,29.0,33.0,69.0,177.0,428552.6034,215897.4847,427019.9692,565463.6034,212881.0361,0,0.0
OAS30848,,,,,20.0,21.0,25.0,13.0,41.0,61.0,58.0,58.0,212655.1187,1777512.743,993391.5726,214138.9331,48088.0,76.9342,28.0,33.0,69.0,174.0,428552.6034,215897.4847,427019.9692,565463.6034,212881.0361,1,0.5
OAS30848,,,,,19.0,20.0,26.0,16.0,31.0,66.0,56.0,56.0,,,,,,76.9342,28.0,33.0,69.0,179.0,,,,,,1,0.5
OAS30848,,,,,23.0,22.0,26.0,15.0,36.0,102.0,43.0,54.0,,,,,,76.9342,29.0,33.0,69.0,174.0,,,,,,1,0.5
OAS30850,,,,,6.0,0.0,9.0,7.0,71.0,180.0,20.0,28.0,165758.7631,1390063.947,755623.9473,168987.4985,40045.0,90.1781,19.0,33.0,65.0,161.0,336472.4016,170713.6385,338668.5458,459485.4016,169681.0472,2,1.0
OAS30852,,,,,,,17.0,,35.0,100.0,43.0,58.0,,,,,,62.8493,29.0,33.0,,138.0,,,,,,0,0.0
OAS30852,,,,,,,24.0,,29.0,131.0,44.0,60.0,,,,,,62.8493,30.0,33.0,,142.0,,,,,,0,0.0
OAS30852,,,,,,,24.0,,23.0,68.0,49.0,60.0,,,,,,62.8493,30.0,33.0,,145.0,,,,,,0,0.0
OAS30852,,,,,,,22.0,,25.0,98.0,49.0,59.0,,,,,,62.8493,29.0,33.0,,140.0,,,,,,0,0.0
OAS30852,,,,,,,22.0,,25.0,68.0,47.0,60.0,199150.9564,1519745.053,923274.6806,221085.9219,166315.9271,62.8493,30.0,33.0,,140.0,398923.3273,199772.3709,446031.2656,565239.2544,224945.3438,0,0.0
OAS30852,,,,,16.0,15.0,27.0,23.0,24.0,77.0,45.0,60.0,199150.9564,1519745.053,923274.6806,221085.9219,166315.9271,62.8493,29.0,33.0,63.5,141.0,398923.3273,199772.3709,446031.2656,565239.2544,224945.3438,0,0.0
OAS30852,,,,,19.0,16.0,25.0,22.0,29.0,80.0,42.0,60.0,196425.6972,1546420.936,914170.6713,203304.5929,56619.0,62.8493,30.0,33.0,64.0,145.0,399867.7514,203442.0542,407259.9199,542047.7514,203955.327,0,0.0
OAS30852,,,,,19.0,17.0,23.0,22.0,37.0,101.0,39.0,60.0,,,,,,62.8493,30.0,33.0,63.0,147.0,,,,,,0,0.0
OAS30852,,,,,16.0,16.0,26.0,19.0,24.0,78.0,39.0,60.0,,,,,,62.8493,30.0,33.0,63.0,145.0,,,,,,0,0.0
OAS30852,,,,,14.0,13.0,24.0,20.0,24.0,73.0,44.0,60.0,,,,,,62.8493,29.0,33.0,63.5,149.3999023,,,,,,0,0.0
OAS30852,,,,,17.0,17.0,18.0,15.0,24.0,80.0,44.0,58.0,,,,,,62.8493,30.0,33.0,63.3,148.0,,,,,,0,0.0
OAS30852,,,,,18.0,20.0,26.0,24.0,25.0,91.0,41.0,60.0,194334.8545,1536550.862,907601.3175,191776.9433,56298.0,62.8493,30.0,33.0,63.0,151.0,393852.8991,199518.0446,391032.4184,531313.8991,199255.4751,0,0.0
OAS30852,5.0,5.0,6.0,5.0,,,25.0,20.0,34.0,77.0,37.0,,,,,,,62.8493,30.0,33.0,63.0,150.0,,,,,,0,0.0
OAS30852,6.0,6.0,8.0,6.0,,,23.0,19.0,26.0,87.0,38.0,,184997.4464,1567396.413,906443.0126,198761.4749,55865.0,62.8493,30.0,33.0,63.0,155.0,374140.4467,189143.0003,403453.5659,516598.4467,204692.091,0,0.0
OAS30852,5.0,5.0,7.0,5.0,,,19.0,24.0,35.0,179.0,41.0,,184997.4464,1567396.413,906443.0126,198761.4749,55865.0,62.8493,29.0,33.0,63.0,153.0,374140.4467,189143.0003,403453.5659,516598.4467,204692.091,0,0.0
OAS30852,5.0,5.0,6.0,5.0,,,24.0,20.0,,,,,,,,,,62.8493,,33.0,,,,,,,,0,0.0
OAS30853,,,,,10.0,4.0,13.0,6.0,130.0,180.0,21.0,54.0,200266.3691,2224499.827,1075140.823,210518.9113,47797.0,79.3096,22.0,44.0,76.0,194.0,390442.7772,190176.4081,427465.0462,532185.7772,216946.1349,2,1.0
OAS30854,,,,,9.0,7.0,13.0,13.0,40.0,79.0,48.0,58.0,191569.3003,1238117.56,824524.7831,177633.5664,52240.0,65.2548,29.0,22.0,72.0,248.0,385232.5366,193663.2363,356005.2465,515519.5366,178371.68,0,0.0
OAS30854,,,,,16.0,17.0,18.0,14.0,33.0,96.0,45.0,56.0,187143.605,1230417.26,777141.9368,154979.2641,51009.0,65.2548,29.0,22.0,72.0,242.0,375160.5314,188016.9263,309702.4054,502381.5314,154723.1413,0,0.0
OAS30854,,,,,16.0,12.0,22.0,15.0,36.0,94.0,42.0,58.0,,,,,,65.2548,28.0,22.0,72.0,235.0,,,,,,0,0.0
OAS30854,8.0,7.0,6.0,5.0,,,17.0,12.0,27.0,73.0,45.0,,,,,,,65.2548,30.0,22.0,72.0,239.0,,,,,,0,0.0
OAS30854,6.0,5.0,7.0,5.0,,,18.0,13.0,47.0,95.0,44.0,,,,,,,65.2548,30.0,22.0,71.5,230.5,,,,,,0,0.0
OAS30854,6.0,5.0,8.0,6.0,,,19.0,15.0,33.0,93.0,40.0,,,,,,,65.2548,30.0,22.0,72.1,239.3999023,,,,,,0,0.0
OAS30854,5.0,5.0,5.0,4.0,,,16.0,13.0,,,,,,,,,,65.2548,,22.0,,,,,,,,0,0.0
OAS30855,,,,,,,19.0,,20.0,91.0,43.0,57.0,,,,,,72.8849,30.0,33.0,,132.0,,,,,,0,0.0
OAS30855,,,,,16.0,14.0,20.0,16.0,32.0,88.0,42.0,60.0,,,,,,72.8849,30.0,33.0,62.0,134.0,,,,,,0,0.0
OAS30855,,,,,14.0,12.0,22.0,14.0,46.0,82.0,41.0,56.0,,,,,,72.8849,27.0,33.0,62.0,134.0,,,,,,0,0.0
OAS30855,,,,,14.0,13.0,25.0,14.0,36.0,84.0,45.0,56.0,,,,,,72.8849,30.0,33.0,62.0,135.0,,,,,,0,0.0
OAS30855,,,,,17.0,18.0,19.0,13.0,28.0,81.0,43.0,56.0,204601.0281,1563783.532,875416.6639,172972.3997,52590.0,72.8849,30.0,33.0,62.0,134.0,411870.6218,207269.5937,354106.0421,556830.6218,181133.6424,0,0.0
OAS30855,,,,,16.0,15.0,19.0,14.0,28.0,97.0,45.0,58.0,,,,,,72.8849,30.0,33.0,61.0,131.0,,,,,,1,0.5
OAS30855,,,,,12.0,13.0,19.0,16.0,30.0,80.0,46.0,56.0,,,,,,72.8849,30.0,33.0,61.0,130.0,,,,,,0,0.0
OAS30855,9.0,7.0,10.0,6.0,,,19.0,11.0,37.0,68.0,43.0,,,,,,,72.8849,30.0,33.0,61.0,127.0,,,,,,0,0.0
OAS30855,11.0,8.0,9.0,6.0,,,17.0,14.0,31.0,75.0,36.0,,194224.4576,1556638.198,867203.9329,177463.2462,46410.0,72.8849,30.0,33.0,61.0,120.0,390191.9681,195967.5105,362539.9648,533288.9681,185076.7186,0,0.0
OAS30855,11.0,8.0,7.0,5.0,,,12.0,12.0,31.0,90.0,40.0,,194224.4576,1556638.198,867203.9329,177463.2462,46410.0,72.8849,30.0,33.0,61.0,120.5999756,390191.9681,195967.5105,362539.9648,533288.9681,185076.7186,0,0.0
OAS30857,,,,,29.0,,13.0,,38.0,61.0,,,246635.2815,1720773.578,1117069.169,272371.9499,70110.0,49.9562,30.0,44.0,72.7,183.0,491105.4254,244470.1438,542484.7441,668507.4254,270112.7942,0,0.0
OAS30857,,,,,21.0,,17.0,,28.0,61.0,,,249151.9895,1676200.883,1122519.046,266884.2618,70091.0,49.9562,29.0,44.0,,,501388.5916,252236.6021,535917.4548,677939.5916,269033.1931,0,0.0
OAS30857,,,,,24.0,,18.0,,27.0,65.0,,,241131.7139,1725957.539,1117446.604,273315.1539,68309.0,49.9562,29.0,44.0,72.3,175.0,484181.646,243049.9322,549370.9578,660321.646,276055.8039,0,0.0
OAS30857,,,,,20.0,,21.0,,27.0,52.0,,,241004.4995,1685642.303,1102902.541,272870.4506,65073.0,49.9562,30.0,44.0,72.5,183.0,477844.3138,236839.8143,543440.2276,653276.3138,270569.777,0,0.0
OAS30858,,,,,17.0,15.0,22.0,11.0,28.0,51.0,52.0,52.0,197529.521,1335986.922,894852.391,210409.6671,54683.0,69.2959,29.0,34.0,67.0,292.0,395564.1473,198034.6263,425544.2437,540834.1473,215134.5766,0,0.0
OAS30858,,,,,15.0,11.0,16.0,10.0,27.0,63.0,61.0,56.0,196147.0949,1323253.502,879024.0052,201114.6821,52638.0,69.2959,30.0,34.0,67.0,270.0,395046.2581,198899.1631,410655.7472,534155.2581,209541.0651,0,0.0
OAS30859,,,,,8.0,3.0,19.0,9.0,34.0,97.0,37.0,54.0,199563.7389,1521861.892,833178.5105,171400.3104,46545.0,70.1041,25.0,24.0,74.7,212.0,404525.8355,204962.0966,344971.675,542600.8355,173571.3647,1,0.5
OAS30859,,,,,2.0,2.0,21.0,8.0,55.0,141.0,40.0,56.0,199563.7389,1521861.892,833178.5105,171400.3104,46545.0,70.1041,26.0,24.0,75.0,206.0,404525.8355,204962.0966,344971.675,542600.8355,173571.3647,1,0.5
OAS30859,,,,,7.0,2.0,17.0,7.0,43.0,97.0,39.0,56.0,,,,,,70.1041,27.0,24.0,74.0,213.0,,,,,,1,0.5
OAS30859,,,,,2.0,0.0,16.0,5.0,48.0,103.0,27.0,52.0,,,,,,70.1041,29.0,24.0,74.75,166.0,,,,,,1,0.5
OAS30859,,,,,4.0,0.0,13.0,7.0,39.0,90.0,34.0,54.0,,,,,,70.1041,27.0,24.0,74.5,147.0,,,,,,2,1.0
OAS30859,,,,,4.0,1.0,12.0,7.0,38.0,93.0,38.0,54.0,,,,,,70.1041,27.0,24.0,72.0,140.0,,,,,,2,1.0
OAS30859,3.0,4.0,3.0,3.0,,,14.0,6.0,53.0,101.0,36.0,,,,,,,70.1041,26.0,24.0,72.5,142.0,,,,,,2,1.0
OAS30860,,,,,,,13.0,,38.0,84.0,52.0,55.0,195041.4409,1544088.051,920250.1963,235490.1719,163587.8469,73.4685,23.0,34.0,,190.0,382768.9944,187727.5535,480307.8125,546356.8413,244817.6406,1,0.5
OAS30860,,,,,3.0,0.0,20.0,8.0,22.0,56.0,49.0,48.0,196080.7592,1535510.051,902765.7545,227009.8281,157590.4159,73.4685,28.0,34.0,66.0,192.0,389044.7133,192963.9541,453618.4688,546635.1293,226608.6406,1,0.5
OAS30860,,,,,0.0,0.0,8.0,3.0,160.0,180.0,1.0,30.0,,,,,,73.4685,19.0,34.0,66.3,200.0,,,,,,2,2.0
OAS30861,,,,,13.0,14.0,17.0,10.0,75.0,149.0,32.0,42.0,177845.2908,1281794.666,742273.609,157409.762,47215.0,75.0575,29.0,33.0,57.3,124.0,357991.2013,180145.9105,314802.4077,485885.2013,157392.6457,0,0.0
OAS30861,,,,,15.0,14.0,16.0,18.0,67.0,180.0,29.0,44.0,177845.2908,1281794.666,742273.609,157409.762,47215.0,75.0575,30.0,33.0,56.0,124.0,357991.2013,180145.9105,314802.4077,485885.2013,157392.6457,0,0.0
OAS30861,,,,,19.0,16.0,18.0,18.0,69.0,180.0,21.0,36.0,,,,,,75.0575,28.0,33.0,56.5,116.0,,,,,,0,0.0
OAS30861,,,,,12.0,7.0,18.0,16.0,75.0,180.0,27.0,40.0,176600.9454,1289724.268,738719.7047,153760.8285,48633.0,75.0575,29.0,33.0,56.3,113.5,355373.2885,178772.3431,310182.4162,482562.2885,156421.5877,0,0.0
OAS30861,,,,,15.0,12.0,15.0,11.0,102.0,180.0,21.0,42.0,,,,,,75.0575,25.0,33.0,56.5,122.0,,,,,,0,0.0
OAS30861,8.0,6.0,3.0,3.0,,,18.0,14.0,99.0,180.0,26.0,,,,,,,75.0575,29.0,33.0,55.7,117.0,,,,,,0,0.0
OAS30861,8.0,6.0,3.0,3.0,,,13.0,20.0,97.0,180.0,22.0,,,,,,,75.0575,30.0,33.0,55.5,118.0,,,,,,0,0.0
OAS30861,6.0,5.0,6.0,4.0,,,23.0,16.0,98.0,180.0,23.0,,,,,,,75.0575,29.0,33.0,55.6,109.0,,,,,,0,0.0
OAS30862,,,,,10.0,12.0,14.0,15.0,57.0,180.0,41.0,50.0,,,,,,71.5781,27.0,34.0,64.4,187.0,,,,,,1,0.5
OAS30862,,,,,13.0,13.0,17.0,14.0,35.0,126.0,40.0,52.0,,,,,,71.5781,25.0,34.0,66.0,180.0,,,,,,1,0.5
OAS30862,,,,,12.0,8.0,20.0,14.0,57.0,146.0,45.0,50.0,,,,,,71.5781,25.0,34.0,65.0,178.0,,,,,,0,0.0
OAS30862,,,,,12.0,12.0,18.0,11.0,44.0,131.0,43.0,50.0,,,,,,71.5781,26.0,34.0,64.7,170.0,,,,,,0,0.0
OAS30862,,,,,11.0,,18.0,15.0,33.0,180.0,45.0,46.0,,,,,,71.5781,27.0,34.0,64.0,162.0,,,,,,1,0.5
OAS30862,,,,,12.0,10.0,18.0,13.0,48.0,164.0,35.0,46.0,,,,,,71.5781,28.0,34.0,63.0,154.0,,,,,,0,0.0
OAS30862,,,,,13.0,16.0,15.0,11.0,27.0,180.0,33.0,34.0,179161.9849,1319164.875,824831.8793,182779.4141,45849.0,71.5781,28.0,34.0,64.5,157.0,365672.2305,186510.2456,367685.6488,509272.2305,184906.2347,1,0.5
OAS30862,5.0,5.0,4.0,3.0,,,13.0,10.0,43.0,180.0,29.0,,,,,,,71.5781,26.0,34.0,64.0,150.0,,,,,,1,0.5
OAS30862,4.0,5.0,6.0,4.0,,,7.0,9.0,46.0,180.0,28.0,,,,,,,71.5781,26.0,34.0,63.75,137.0,,,,,,1,0.5
OAS30862,4.0,4.0,,,,,8.0,9.0,,,,,,,,,,71.5781,,34.0,,,,,,,,2,1.0
OAS30863,,,,,16.0,13.0,25.0,19.0,17.0,52.0,76.0,58.0,190664.4148,1326654.846,852616.1925,196604.5579,48233.0,66.5726,30.0,44.0,62.2,166.0,382906.376,192241.9612,396201.8165,508738.376,199597.2586,0,0.0
OAS30863,,,,,16.0,16.0,30.0,17.0,17.0,46.0,71.0,58.0,188087.514,1328504.467,842990.1438,194241.0312,47210.0,66.5726,30.0,44.0,62.0,173.0,377438.1654,189350.6514,390325.9784,501190.1654,196084.9472,0,0.0
OAS30863,,,,,16.0,17.0,23.0,18.0,17.0,49.0,82.0,60.0,188087.514,1328504.467,842990.1438,194241.0312,47210.0,66.5726,29.0,44.0,62.0,166.0,377438.1654,189350.6514,390325.9784,501190.1654,196084.9472,0,0.0
OAS30863,,,,,18.0,16.0,25.0,20.0,15.0,180.0,76.0,58.0,,,,,,66.5726,30.0,44.0,62.0,159.0,,,,,,0,0.0
OAS30863,,,,,12.0,5.0,27.0,20.0,19.0,75.0,64.0,58.0,,,,,,66.5726,30.0,44.0,61.5,131.0,,,,,,1,0.5
OAS30863,,,,,10.0,10.0,24.0,11.0,14.0,59.0,61.0,56.0,173497.6812,1289334.542,796615.6848,183845.2807,45816.0,66.5726,27.0,44.0,61.5,139.0,347883.6504,174385.9692,365545.0343,465804.6504,181699.7537,1,0.5
OAS30863,7.0,6.0,7.0,5.0,,,24.0,13.0,21.0,152.0,53.0,,173497.6812,1289334.542,796615.6848,183845.2807,45816.0,66.5726,30.0,44.0,61.5,151.0,347883.6504,174385.9692,365545.0343,465804.6504,181699.7537,1,0.5
OAS30863,7.0,6.0,5.0,4.0,,,15.0,10.0,26.0,180.0,28.0,,,,,,,66.5726,28.0,44.0,61.0,154.3999023,,,,,,2,1.0
OAS30864,,,,,11.0,7.0,13.0,10.0,115.0,180.0,33.0,58.0,,,,,,74.1096,26.0,34.0,69.0,156.0,,,,,,0,0.0
OAS30864,,,,,4.0,6.0,14.0,15.0,40.0,155.0,25.0,56.0,,,,,,74.1096,25.0,34.0,69.0,154.0,,,,,,1,0.5
OAS30864,,,,,12.0,10.0,12.0,10.0,69.0,180.0,31.0,54.0,,,,,,74.1096,24.0,34.0,69.0,151.0,,,,,,1,0.5
OAS30864,,,,,5.0,0.0,14.0,9.0,53.0,148.0,24.0,56.0,,,,,,74.1096,25.0,34.0,68.8,148.0,,,,,,1,0.5
OAS30865,,,,,4.0,2.0,12.0,13.0,52.0,,20.0,48.0,152016.6551,1281696.95,734433.0021,182239.738,44598.0,73.7479,28.0,34.0,60.0,111.0,300967.1415,148950.4864,363853.8606,426495.1415,181614.1226,1,0.5
OAS30866,,,,,7.0,4.0,15.0,12.0,21.0,80.0,45.0,54.0,227371.5382,1684778.431,1042544.964,245126.1779,52762.0,78.1068,26.0,34.0,64.0,160.0,457201.3084,229829.7701,494620.6555,595720.3084,249494.4775,2,1.0
OAS30866,,,,,11.0,3.0,15.0,11.0,22.0,71.0,42.0,58.0,216968.7293,1639016.826,1025918.019,243094.626,52521.0,78.1068,27.0,34.0,65.0,166.0,438677.1744,221708.4451,492256.8444,573494.1744,249162.2184,2,1.0
OAS30866,,,,,5.0,0.0,15.0,12.0,23.0,58.0,45.0,54.0,213137.7379,1643190.167,1016216.343,240592.952,51266.0,78.1068,26.0,34.0,65.5,165.0,429973.3493,216835.6115,485783.9938,560978.3493,245191.0418,2,1.0
OAS30866,8.0,7.0,8.0,5.0,,,14.0,9.0,34.0,64.0,42.0,,,,,,,78.1068,24.0,34.0,65.0,171.0,,,,,,2,1.0
OAS30866,9.0,7.0,7.0,5.0,,,12.0,8.0,41.0,120.0,41.0,,,,,,,78.1068,25.0,34.0,64.5,164.0,,,,,,2,1.0
OAS30867,,,,,,,16.0,,51.0,106.0,34.0,57.0,173281.4527,1384591.286,839963.966,199350.8906,159400.1759,76.6521,29.0,33.0,,135.0,345551.2969,172269.8442,399937.7969,504951.4728,200586.9063,0,0.0
OAS30867,,,,,17.0,16.0,12.0,12.0,32.0,80.0,33.0,52.0,170711.3523,1373443.789,842692.5522,196622.9375,154640.1262,76.6521,27.0,33.0,60.0,128.0,345004.2756,174292.9234,398856.7969,499644.4018,202233.8594,0,0.0
OAS30867,,,,,18.0,16.0,15.0,16.0,31.0,83.0,35.0,52.0,178140.5838,1417541.995,837726.2562,179216.2082,48164.0,76.6521,29.0,33.0,60.0,123.0,360420.222,182279.6382,360565.0342,494154.222,181348.826,0,0.0
OAS30867,,,,,15.0,16.0,17.0,17.0,43.0,85.0,35.0,54.0,181393.1416,1426002.143,824212.5015,163712.4071,48302.0,76.6521,29.0,33.0,59.3,120.0,367161.6949,185768.5533,338083.8066,496271.6949,174371.3995,1,0.5
OAS30867,,,,,17.0,17.0,13.0,11.0,46.0,88.0,32.0,52.0,181393.1416,1426002.143,824212.5015,163712.4071,48302.0,76.6521,28.0,33.0,59.0,125.0,367161.6949,185768.5533,338083.8066,496271.6949,174371.3995,0,0.0
OAS30867,,,,,14.0,13.0,14.0,14.0,52.0,123.0,32.0,54.0,173433.9838,1420197.643,825338.7232,173990.5352,48576.0,76.6521,28.0,33.0,59.0,130.0,349242.2917,175808.3078,356427.4316,481575.2917,182436.8964,1,0.5
OAS30867,,,,,16.0,15.0,16.0,21.0,48.0,121.0,34.0,54.0,173433.9838,1420197.643,825338.7232,173990.5352,48576.0,76.6521,28.0,33.0,59.0,129.0,349242.2917,175808.3078,356427.4316,481575.2917,182436.8964,1,0.5
OAS30867,,,,,15.0,16.0,15.0,15.0,45.0,144.0,28.0,50.0,,,,,,76.6521,30.0,33.0,58.2,128.0,,,,,,0,0.0
OAS30867,,,,,17.0,12.0,13.0,10.0,69.0,117.0,26.0,52.0,,,,,,76.6521,29.0,33.0,57.5,121.0,,,,,,0,0.0
OAS30867,,,,,15.0,15.0,15.0,13.0,36.0,114.0,29.0,52.0,,,,,,76.6521,30.0,33.0,58.0,109.0,,,,,,0,0.0
OAS30867,,,,,19.0,18.0,15.0,10.0,47.0,107.0,28.0,48.0,162119.9825,1385841.783,806457.7671,169926.3814,45688.0,76.6521,27.0,33.0,57.0,108.0,329302.6532,167182.6706,349827.1139,455001.6532,179900.7325,0,0.0
OAS30867,,,,,21.0,16.0,19.0,16.0,47.0,116.0,25.0,54.0,162119.9825,1385841.783,806457.7671,169926.3814,45688.0,76.6521,28.0,33.0,58.0,96.0,329302.6532,167182.6706,349827.1139,455001.6532,179900.7325,0,0.0
OAS30867,8.0,6.0,4.0,3.0,,,16.0,10.0,56.0,134.0,17.0,,,,,,,76.6521,26.0,33.0,57.0,94.0,,,,,,0,0.0
OAS30867,7.0,6.0,6.0,5.0,,,17.0,11.0,57.0,171.0,23.0,,,,,,,76.6521,28.0,33.0,56.25,101.1999512,,,,,,1,0.5
OAS30867,7.0,6.0,6.0,4.0,,,13.0,9.0,,,,,,,,,,76.6521,,33.0,,,,,,,,0,0.0
OAS30868,,,,,3.0,0.0,11.0,10.0,80.0,180.0,23.0,34.0,182326.883,1535562.281,909588.087,223908.9013,47619.0,85.0877,24.0,34.0,64.0,165.0,367148.7936,184821.9106,447954.2934,489304.7936,224045.3921,2,1.0
OAS30869,,,,,15.0,14.0,22.0,10.0,37.0,117.0,57.0,56.0,228000.3757,1502419.458,951284.5894,209887.0545,52750.0,67.6575,28.0,23.0,63.0,134.0,459824.3705,231823.9948,422493.2188,608270.3705,212606.1643,0,0.0
OAS30869,,,,,16.0,14.0,13.0,6.0,26.0,75.0,53.0,46.0,,,,,,67.6575,26.0,23.0,63.0,126.0,,,,,,0,0.0
OAS30869,,,,,12.0,11.0,11.0,1.0,29.0,90.0,57.0,14.0,198121.0169,1504320.145,887650.2967,190401.7102,48842.0,67.6575,26.0,23.0,63.0,122.0,415621.895,217500.878,391720.4017,558300.895,201318.6915,0,0.0
OAS30869,,,,,9.0,7.0,9.0,1.0,36.0,162.0,47.0,4.0,198121.0169,1504320.145,887650.2967,190401.7102,48842.0,67.6575,19.0,23.0,62.0,114.0,415621.895,217500.878,391720.4017,558300.895,201318.6915,1,0.5
OAS30870,,,,,,,26.0,,28.0,84.0,53.0,59.0,,,,,,72.1644,30.0,34.0,,150.0,,,,,,1,0.5
OAS30870,,,,,,,30.0,,21.0,65.0,52.0,60.0,,,,,,72.1644,30.0,34.0,,152.0,,,,,,0,0.0
OAS30870,,,,,,,27.0,,26.0,82.0,45.0,60.0,,,,,,72.1644,30.0,34.0,,149.0,,,,,,0,0.0
OAS30870,,,,,,,23.0,,22.0,59.0,53.0,59.0,,,,,,72.1644,30.0,34.0,,149.0,,,,,,0,0.0
OAS30870,,,,,,,24.0,,36.0,62.0,51.0,60.0,,,,,,72.1644,29.0,34.0,,141.0,,,,,,0,0.0
OAS30870,,,,,,,29.0,,22.0,65.0,45.0,60.0,166761.9151,1307228.613,805875.5572,209265.4844,155128.9397,72.1644,29.0,34.0,,142.0,331519.0184,164757.1033,417716.1094,486647.9581,208450.625,0,0.0
OAS30870,,,,,13.0,14.0,24.0,16.0,36.0,122.0,41.0,54.0,167651.0541,1362781.812,796781.3374,184864.2498,42463.0,72.1644,29.0,34.0,65.0,134.0,338787.1545,171136.1004,370646.1829,469023.1545,185781.9331,0,0.0
OAS30870,,,,,6.0,11.0,30.0,10.0,37.0,110.0,40.0,58.0,159405.6488,1355628.896,787080.856,184145.1579,42963.0,72.1644,28.0,34.0,64.5,137.0,322025.2976,162619.6488,371878.5584,451680.2976,187733.4005,1,0.5
OAS30870,,,,,11.0,4.0,28.0,13.0,24.0,98.0,34.0,56.0,,,,,,72.1644,25.0,34.0,64.0,132.0,,,,,,1,0.5
OAS30871,,,,,14.0,15.0,33.0,19.0,32.0,99.0,64.0,50.0,200197.6848,1508025.063,886359.3518,193581.5172,48861.0,68.5397,30.0,33.0,63.8,103.0,406598.8662,206401.1814,392741.4856,544383.8662,199159.9684,0,0.0
OAS30871,,,,,15.0,15.0,26.0,25.0,24.0,74.0,68.0,56.0,,,,,,68.5397,30.0,33.0,63.0,111.0,,,,,,0,0.0
OAS30871,,,,,17.0,17.0,28.0,13.0,28.0,110.0,68.0,52.0,,,,,,68.5397,30.0,33.0,63.0,100.0,,,,,,0,0.0
OAS30871,,,,,13.0,10.0,24.0,19.0,26.0,69.0,71.0,54.0,,,,,,68.5397,30.0,33.0,63.0,104.0,,,,,,0,0.0
OAS30871,9.0,7.0,6.0,5.0,,,31.0,19.0,32.0,71.0,70.0,,,,,,,68.5397,30.0,33.0,62.7,101.0,,,,,,0,0.0
OAS30871,6.0,5.0,4.0,3.0,,,25.0,18.0,28.0,81.0,69.0,,191511.0746,1471059.021,860926.357,186827.8099,48291.0,68.5397,30.0,33.0,63.0,104.3999634,390010.3764,198499.3018,376161.9807,526220.3764,189334.1708,0,0.0
OAS30871,6.0,5.0,7.0,5.0,,,22.0,11.0,36.0,68.0,71.0,,191511.0746,1471059.021,860926.357,186827.8099,48291.0,68.5397,30.0,33.0,63.0,102.3999634,390010.3764,198499.3018,376161.9807,526220.3764,189334.1708,0,0.0
OAS30872,,,,,15.0,14.0,17.0,10.0,38.0,132.0,57.0,58.0,,,,,,70.6877,29.0,23.0,62.5,209.0,,,,,,0,0.0
OAS30872,,,,,12.0,14.0,22.0,14.0,54.0,134.0,60.0,60.0,203431.362,1512129.458,948204.0852,222376.1201,48768.0,70.6877,26.0,23.0,62.0,210.0,406244.3747,202813.0128,441154.7104,535017.3747,218778.5903,0,0.0
OAS30872,,,,,14.0,15.0,18.0,15.0,46.0,148.0,51.0,56.0,,,,,,70.6877,29.0,23.0,62.0,206.0,,,,,,0,0.0
OAS30872,,,,,16.0,16.0,21.0,13.0,40.0,127.0,49.0,56.0,,,,,,70.6877,28.0,23.0,61.5,203.0,,,,,,0,0.0
OAS30872,,,,,16.0,17.0,31.0,19.0,45.0,161.0,39.0,56.0,,,,,,70.6877,30.0,23.0,60.5,170.0,,,,,,0,0.0
OAS30872,5.0,5.0,2.0,2.0,,,21.0,15.0,42.0,128.0,35.0,,,,,,,70.6877,29.0,23.0,61.3,167.1999512,,,,,,0,0.0
OAS30873,,,,,9.0,7.0,11.0,8.0,56.0,100.0,28.0,58.0,213922.0116,1611273.421,915173.1676,195238.9301,47999.0,82.2904,27.0,34.0,70.0,199.0,432277.6047,218355.5931,395971.5629,584459.6047,200732.6328,1,0.5
OAS30873,,,,,8.0,1.0,18.0,12.0,37.0,131.0,26.0,56.0,213922.0116,1611273.421,915173.1676,195238.9301,47999.0,82.2904,26.0,34.0,69.0,194.0,432277.6047,218355.5931,395971.5629,584459.6047,200732.6328,1,0.5
OAS30873,,,,,9.0,5.0,13.0,11.0,42.0,180.0,29.0,58.0,,,,,,82.2904,25.0,34.0,69.5,181.0,,,,,,1,0.5
OAS30875,,,,,9.0,8.0,13.0,12.0,48.0,63.0,42.0,60.0,,,,,,66.1945,30.0,33.0,65.8,150.5,,,,,,0,0.0
OAS30875,,,,,11.0,10.0,18.0,10.0,49.0,103.0,43.0,60.0,220393.3665,1561509.755,1018614.934,252053.8886,55600.0,66.1945,27.0,33.0,65.5,142.0,440481.4819,220088.1153,505196.4518,593812.4819,253142.5633,0,0.0
OAS30875,9.0,7.0,7.0,5.0,,,14.0,8.0,29.0,58.0,35.0,,,,,,,66.1945,30.0,33.0,66.0,150.0,,,,,,0,0.0
OAS30875,7.0,6.0,4.0,4.0,,,15.0,9.0,41.0,53.0,36.0,,,,,,,66.1945,28.0,33.0,65.25,151.25,,,,,,0,0.0
OAS30875,6.0,5.0,5.0,4.0,,,14.0,15.0,34.0,84.0,38.0,,,,,,,66.1945,27.0,33.0,64.8,148.7999268,,,,,,0,0.0
OAS30875,7.0,6.0,8.0,5.0,,,14.0,13.0,,,,,,,,,,66.1945,,33.0,,,,,,,,0,0.0
OAS30875,6.0,5.0,7.0,5.0,,,11.0,7.0,,,,,,,,,,66.1945,27.0,33.0,64.75,149.3999023,,,,,,0,0.0
OAS30876,,,,,,,21.0,,29.0,80.0,47.0,59.0,187697.5424,1262221.432,842743.9889,220799.8594,145421.7993,63.0822,29.0,33.0,,295.0,373213.8881,185516.3457,436617.2188,518635.6873,215817.3594,0,0.0
OAS30876,,,,,14.0,14.0,26.0,17.0,38.0,90.0,49.0,56.0,,,,,,63.0822,27.0,33.0,65.0,271.0,,,,,,0,0.0
OAS30876,,,,,14.0,14.0,21.0,18.0,31.0,59.0,57.0,60.0,190449.2035,1086877.851,846427.5684,202726.0094,48104.0,63.0822,29.0,33.0,65.0,267.0,381845.3412,191396.1378,404126.2271,504717.3412,201400.2178,0,0.0
OAS30876,,,,,26.0,,15.0,,28.0,65.0,,,185755.6655,1200731.198,836323.3572,201590.7656,47449.0,63.0822,30.0,33.0,54.5,260.0,374484.864,188729.1985,400489.4932,498825.864,198898.7276,0,0.0
OAS30876,,,,,15.0,14.0,22.0,13.0,26.0,68.0,50.0,60.0,,,,,,63.0822,29.0,33.0,65.0,258.0,,,,,,0,0.0
OAS30876,,,,,13.0,13.0,21.0,14.0,31.0,83.0,50.0,56.0,183250.1682,1222667.69,818526.8804,194531.4331,46806.0,63.0822,29.0,33.0,64.0,261.0,369794.1465,186543.9783,386182.734,491956.1465,191651.3008,0,0.0
OAS30876,,,,,15.0,15.0,11.0,11.0,26.0,62.0,45.0,58.0,183991.5483,1233178.581,799181.0217,185586.0514,44847.0,63.0822,30.0,33.0,65.0,252.0,366050.2911,182058.7428,371291.7306,480621.2911,185705.6792,0,0.0
OAS30876,,,,,16.0,13.0,16.0,10.0,24.0,78.0,45.0,58.0,,,,,,63.0822,30.0,33.0,64.0,257.0,,,,,,0,0.0
OAS30876,,,,,28.0,,21.0,,40.0,92.0,,,173911.6084,1198685.06,781422.0975,184652.2235,45355.0,63.0822,30.0,33.0,63.9,244.0,348806.1972,174894.5888,368902.9003,463967.1972,184250.6768,0,0.0
OAS30876,8.0,6.0,5.0,4.0,,,18.0,14.0,33.0,111.0,40.0,,,,,,,63.0822,29.0,33.0,64.75,248.0,,,,,,0,0.0
OAS30876,9.0,7.0,4.0,3.0,,,22.0,12.0,,,,,,,,,,63.0822,,33.0,,,,,,,,0,0.0
OAS30877,,,,,12.0,12.0,25.0,9.0,30.0,69.0,51.0,58.0,,,,,,65.4137,29.0,33.0,71.0,215.5,,,,,,0,0.0
OAS30877,,,,,13.0,11.0,22.0,11.0,39.0,59.0,50.0,58.0,,,,,,65.4137,30.0,33.0,71.5,244.0,,,,,,0,0.0
OAS30877,10.0,8.0,10.0,7.0,,,20.0,10.0,26.0,74.0,48.0,,,,,,,65.4137,30.0,33.0,70.5,250.0,,,,,,1,0.5
OAS30877,10.0,8.0,10.0,7.0,,,13.0,11.0,34.0,62.0,52.0,,,,,,,65.4137,30.0,33.0,70.5,277.1999512,,,,,,0,0.0
OAS30878,,,,,,,16.0,,44.0,119.0,28.0,54.0,229532.395,1645098.405,1020251.148,248735.4375,184805.7249,75.0219,22.0,34.0,,165.0,459102.6965,229570.3015,497512.0,643908.4215,248776.5625,2,1.0
OAS30878,,,,,2.0,0.0,16.0,10.0,43.0,89.0,28.0,54.0,229532.395,1645098.405,1020251.148,248735.4375,184805.7249,75.0219,25.0,34.0,69.0,160.0,459102.6965,229570.3015,497512.0,643908.4215,248776.5625,2,1.0
OAS30878,,,,,5.0,3.0,18.0,8.0,23.0,107.0,25.0,58.0,,,,,,75.0219,28.0,34.0,67.7,160.0,,,,,,1,0.5
OAS30878,,,,,7.0,6.0,14.0,8.0,35.0,78.0,27.0,56.0,,,,,,75.0219,26.0,34.0,69.0,160.0,,,,,,2,1.0
OAS30878,,,,,3.0,2.0,22.0,9.0,40.0,80.0,29.0,54.0,,,,,,75.0219,27.0,34.0,68.0,152.0,,,,,,1,0.5
OAS30879,,,,,,,18.0,,43.0,62.0,55.0,54.0,,,,,,64.6301,30.0,34.0,,183.0,,,,,,0,0.0
OAS30879,,,,,,,20.0,,35.0,69.0,49.0,56.0,,,,,,64.6301,29.0,34.0,,170.0,,,,,,0,0.0
OAS30879,,,,,13.0,15.0,15.0,11.0,44.0,113.0,55.0,60.0,,,,,,64.6301,28.0,34.0,60.0,186.0,,,,,,0,0.0
OAS30879,,,,,15.0,16.0,19.0,15.0,29.0,109.0,56.0,54.0,,,,,,64.6301,30.0,34.0,60.0,189.0,,,,,,0,0.0
OAS30879,,,,,16.0,15.0,18.0,12.0,36.0,162.0,53.0,60.0,,,,,,64.6301,29.0,34.0,59.0,149.0,,,,,,0,0.0
OAS30879,,,,,14.0,17.0,21.0,13.0,35.0,72.0,57.0,56.0,,,,,,64.6301,27.0,34.0,59.0,188.0,,,,,,0,0.0
OAS30879,,,,,14.0,15.0,24.0,20.0,20.0,106.0,52.0,60.0,171033.1786,1090799.122,735133.0558,159663.1143,47735.0,64.6301,30.0,34.0,59.0,179.0,342069.8599,171036.6813,321198.1959,477762.8599,161535.0816,0,0.0
OAS30879,,,,,10.0,10.0,22.0,18.0,30.0,95.0,52.0,58.0,171033.1786,1090799.122,735133.0558,159663.1143,47735.0,64.6301,27.0,34.0,59.0,182.0,342069.8599,171036.6813,321198.1959,477762.8599,161535.0816,0,0.0
OAS30879,,,,,18.0,15.0,25.0,14.0,37.0,103.0,51.0,60.0,,,,,,64.6301,29.0,34.0,58.5,186.0,,,,,,0,0.0
OAS30879,9.0,7.0,5.0,4.0,,,19.0,9.0,28.0,124.0,58.0,,,,,,,64.6301,29.0,34.0,59.0,162.0,,,,,,0,0.0
OAS30879,6.0,6.0,7.0,6.0,,,17.0,16.0,33.0,95.0,48.0,,,,,,,64.6301,28.0,34.0,57.6,154.3999023,,,,,,0,0.0
OAS30880,,,,,,,19.0,,26.0,58.0,60.0,58.0,,,,,,66.8822,29.0,33.0,,132.0,,,,,,0,0.0
OAS30880,,,,,15.0,16.0,17.0,15.0,29.0,76.0,65.0,56.0,196847.3849,1384469.059,826890.2435,182743.7108,46047.0,66.8822,30.0,33.0,65.5,137.0,391586.9607,194739.5758,361218.2828,525641.9607,178474.572,0,0.0
OAS30881,,,,,18.0,14.0,26.0,21.0,17.0,28.0,68.0,60.0,232657.9983,1473491.377,975416.174,219820.7754,54250.0,65.2384,29.0,33.0,62.5,144.0,461989.653,229331.6547,439102.521,608653.653,219281.7456,0,0.0
OAS30881,,,,,21.0,20.0,33.0,23.0,18.0,36.0,65.0,60.0,223806.137,1490488.076,962713.1587,221872.0625,52878.0,65.2384,30.0,33.0,62.0,138.0,447792.1488,223986.0118,441006.0099,593854.1488,219133.9474,0,0.0
OAS30881,,,,,19.0,20.0,25.0,19.0,17.0,34.0,70.0,60.0,226270.5351,1494603.505,954638.2599,210722.2628,53103.0,65.2384,30.0,33.0,62.0,139.0,451352.0877,225081.5526,421146.1721,596709.0877,210423.9094,0,0.0
OAS30881,,,,,19.0,18.0,25.0,20.0,17.0,35.0,70.0,60.0,223185.545,1467716.508,949068.1708,213987.3382,53893.0,65.2384,30.0,33.0,62.0,146.5,442669.4497,219483.9047,425028.721,587129.4497,211041.3828,0,0.0
OAS30881,,,,,20.0,19.0,27.0,19.0,17.0,32.0,69.0,60.0,223185.545,1467716.508,949068.1708,213987.3382,53893.0,65.2384,30.0,33.0,61.8,144.0,442669.4497,219483.9047,425028.721,587129.4497,211041.3828,0,0.0
OAS30881,8.0,7.0,7.0,5.0,,,23.0,17.0,16.0,38.0,69.0,,,,,,,65.2384,29.0,33.0,62.0,148.0,,,,,,0,0.0
OAS30881,9.0,7.0,8.0,6.0,,,29.0,25.0,17.0,35.0,70.0,,215865.0302,1470912.975,945664.4875,214921.8137,54106.0,65.2384,30.0,33.0,62.0,147.0,429928.6823,214063.652,431067.8052,572596.6823,216145.9915,0,0.0
OAS30881,8.0,6.0,8.0,5.0,,,26.0,19.0,16.0,41.0,74.0,,215865.0302,1470912.975,945664.4875,214921.8137,54106.0,65.2384,30.0,33.0,62.0,144.1999512,429928.6823,214063.652,431067.8052,572596.6823,216145.9915,0,0.0
OAS30882,,,,,3.0,4.0,14.0,11.0,46.0,180.0,10.0,40.0,170597.6393,1512076.011,806686.12,196334.7044,42703.0,81.7726,21.0,34.0,67.7,152.0,331172.6382,160574.9989,390118.4818,463737.6382,193783.7774,1,0.5
OAS30883,,,,,7.0,6.0,18.0,9.0,29.0,95.0,41.0,52.0,168058.6846,1287845.48,773889.1799,183778.2079,44251.0,78.3342,30.0,34.0,59.0,96.0,337303.9554,169245.2708,368925.2245,462109.9554,185147.0166,0,0.0
OAS30883,,,,,11.0,8.0,5.0,3.0,48.0,80.0,39.0,52.0,178027.5668,1290572.097,778869.3446,174458.4826,44225.0,78.3342,28.0,34.0,57.5,121.0,357483.0371,179455.4703,352040.3075,480932.0371,177581.8249,0,0.0
OAS30883,,,,,9.0,8.0,16.0,7.0,40.0,107.0,45.0,58.0,178027.5668,1290572.097,778869.3446,174458.4826,44225.0,78.3342,30.0,34.0,57.0,123.0,357483.0371,179455.4703,352040.3075,480932.0371,177581.8249,0,0.0
OAS30883,,,,,6.0,2.0,,,45.0,,29.0,50.0,,,,,,78.3342,27.0,34.0,57.3,119.0,,,,,,0,0.0
OAS30883,,,,,7.0,1.0,9.0,6.0,50.0,153.0,27.0,50.0,,,,,,78.3342,25.0,34.0,57.0,121.0,,,,,,1,0.5
OAS30883,,,,,0.0,,,,,,20.0,,,,,,,78.3342,29.0,34.0,57.0,119.0,,,,,,1,0.5
OAS30884,,,,,,,33.0,,36.0,58.0,49.0,57.0,,,,,,73.6521,30.0,33.0,,,,,,,,1,0.5
OAS30884,,,,,,,33.0,,50.0,65.0,45.0,57.0,,,,,,73.6521,29.0,33.0,,180.0,,,,,,1,0.5
OAS30884,,,,,,,35.0,,31.0,97.0,46.0,59.0,,,,,,73.6521,29.0,33.0,,167.0,,,,,,1,0.5
OAS30884,,,,,14.0,12.0,26.0,17.0,71.0,160.0,32.0,58.0,,,,,,73.6521,30.0,33.0,68.0,139.0,,,,,,1,0.5
OAS30884,,,,,13.0,12.0,29.0,10.0,143.0,125.0,39.0,54.0,,,,,,73.6521,29.0,33.0,68.0,138.0,,,,,,1,0.5
OAS30885,,,,,12.0,2.0,16.0,11.0,36.0,70.0,59.0,50.0,192972.6244,1433981.303,883242.9474,201780.1503,54123.0,64.9205,30.0,34.0,66.0,128.0,395907.2814,202934.6569,408016.6661,540925.2814,206236.5158,1,0.5
OAS30886,,,,,8.0,2.0,13.0,8.0,43.0,180.0,34.0,58.0,189220.4263,1262852.325,814563.9157,183269.7926,51142.0,67.8192,28.0,33.0,67.3,152.0,381680.335,192459.9087,368231.5806,521277.335,184961.788,1,0.5
OAS30887,,,,,28.0,,33.0,,31.0,43.0,,,213252.0779,1606130.655,1028420.935,261324.2877,58012.0,60.8685,29.0,23.0,68.5,196.0,428996.0113,215743.9334,524843.9233,578775.0113,263519.6356,0,0.0
OAS30887,,,,,34.0,,29.0,,28.0,38.0,,,223279.8827,1564990.42,1044087.875,257775.1999,56455.0,60.8685,30.0,23.0,68.5,231.0,448806.8545,225526.9718,519874.0205,593603.8545,262098.8206,0,0.0
OAS30887,,,,,35.0,,29.0,,27.0,62.0,,,215785.8267,1591337.428,1033838.033,258194.2029,56573.0,60.8685,28.0,23.0,68.0,228.3999023,435808.4825,220022.6558,520107.5501,585618.4825,261913.3471,0,0.0
OAS30888,,,,,14.0,11.0,18.0,14.0,37.0,114.0,53.0,42.0,189867.4685,1574399.269,938534.6415,236173.7663,51520.0,65.7041,28.0,33.0,58.9,128.0,386313.158,196445.6894,470188.4836,534321.158,234014.7172,0,0.0
OAS30888,,,,,11.0,9.0,22.0,10.0,25.0,,65.0,46.0,,,,,,65.7041,29.0,33.0,58.0,160.0,,,,,,0,0.0
OAS30888,,,,,12.0,12.0,23.0,20.0,26.0,64.0,62.0,48.0,,,,,,65.7041,30.0,33.0,58.5,130.0,,,,,,0,0.0
OAS30890,,,,,12.0,10.0,15.0,15.0,45.0,180.0,50.0,60.0,,,,,,70.0904,29.0,34.0,63.5,204.0,,,,,,0,0.0
OAS30890,,,,,14.0,14.0,18.0,11.0,49.0,121.0,57.0,58.0,,,,,,70.0904,29.0,34.0,63.0,194.0,,,,,,0,0.0
OAS30890,,,,,15.0,15.0,16.0,15.0,35.0,115.0,54.0,56.0,,,,,,70.0904,28.0,34.0,63.0,196.0,,,,,,0,0.0
OAS30891,,,,,12.0,11.0,17.0,9.0,75.0,155.0,24.0,42.0,189539.2252,1586450.911,959630.7738,220595.085,55216.0,71.6822,29.0,44.0,65.0,122.0,380967.8887,191428.6635,446895.8852,531717.8887,226300.8002,1,0.5
OAS30891,,,,,17.0,9.0,14.0,10.0,78.0,180.0,22.0,44.0,189539.2252,1586450.911,959630.7738,220595.085,55216.0,71.6822,29.0,44.0,65.0,123.0,380967.8887,191428.6635,446895.8852,531717.8887,226300.8002,0,0.0
OAS30892,,,,,1.0,0.0,12.0,9.0,28.0,180.0,39.0,46.0,186394.8565,1627921.608,953773.9247,220692.996,51483.0,73.2137,25.0,33.0,63.0,155.0,381776.8206,195381.9641,447706.1041,528456.8206,227013.1081,2,1.0
OAS30893,,,,,14.0,15.0,16.0,14.0,27.0,65.0,51.0,58.0,242464.7127,1938026.819,1123102.018,239425.2045,53566.0,77.8658,28.0,34.0,68.0,164.0,485359.4823,242894.7696,480623.5354,645659.4823,241198.3309,1,0.5
OAS30893,,,,,12.0,13.0,19.0,9.0,37.0,44.0,40.0,58.0,,,,,,77.8658,29.0,34.0,68.0,170.0,,,,,,2,1.0
OAS30895,9.0,7.0,11.0,8.0,16.0,17.0,20.0,17.0,21.0,58.0,49.0,,208971.141,1525392.51,938551.8062,184460.6688,46586.0,76.5863,28.0,33.0,65.3,209.0,415307.2202,206336.0792,371672.586,549994.2202,187211.9173,0,0.0
OAS30895,8.0,7.0,9.0,6.0,,,22.0,10.0,21.0,50.0,42.0,,208971.141,1525392.51,938551.8062,184460.6688,46586.0,76.5863,30.0,33.0,65.0,209.0,415307.2202,206336.0792,371672.586,549994.2202,187211.9173,0,0.0
OAS30895,10.0,7.0,10.0,6.0,,,23.0,15.0,32.0,50.0,43.0,,,,,,,76.5863,29.0,33.0,65.4,210.7999268,,,,,,0,0.0
OAS30895,8.0,6.0,8.0,6.0,,,16.0,13.0,25.0,48.0,45.0,,207258.8454,1760665.016,956066.5393,184743.5743,47426.0,76.5863,28.0,33.0,64.4,209.0,416653.4951,209394.6497,371598.0442,559090.4951,186854.4699,0,0.0
OAS30896,,,,,10.0,2.0,15.0,7.0,44.0,115.0,42.0,56.0,,,,,,81.7589,25.0,33.0,66.7,143.0,,,,,,1,0.5
OAS30896,,,,,6.0,3.0,12.0,7.0,38.0,170.0,43.0,52.0,209918.4027,1684462.195,972532.7424,212625.5266,55598.0,81.7589,27.0,33.0,67.5,144.0,421086.3676,211167.9649,432670.3748,567114.3676,220044.8482,0,0.0
OAS30896,,,,,8.0,4.0,12.0,6.0,39.0,110.0,38.0,50.0,,,,,,81.7589,27.0,33.0,67.0,148.0,,,,,,1,0.5
OAS30896,,,,,3.0,0.0,15.0,9.0,37.0,162.0,46.0,54.0,209278.97,1662027.387,949584.8948,203590.9409,52339.0,81.7589,28.0,33.0,67.0,140.0,418990.6171,209711.6472,413875.2777,559824.6171,210284.3368,1,0.5
OAS30896,,,,,10.0,2.0,17.0,8.0,42.0,124.0,41.0,52.0,,,,,,81.7589,27.0,33.0,66.0,147.0,,,,,,1,0.5
OAS30896,,,,,1.0,0.0,20.0,5.0,51.0,120.0,38.0,52.0,188819.2442,1582652.882,924640.4062,210117.1299,51142.0,81.7589,25.0,33.0,66.5,147.0,382162.0149,193342.7708,419952.3913,511758.0149,209835.2613,0,0.0
OAS30896,5.0,5.0,5.0,4.0,,,12.0,6.0,52.0,180.0,39.0,,188819.2442,1582652.882,924640.4062,210117.1299,51142.0,81.7589,27.0,33.0,66.0,145.0,382162.0149,193342.7708,419952.3913,511758.0149,209835.2613,1,0.5
OAS30897,,,,,19.0,17.0,22.0,11.0,45.0,76.0,37.0,54.0,,,,,,66.1589,29.0,33.0,62.0,114.0,,,,,,1,0.5
OAS30897,,,,,17.0,14.0,19.0,7.0,26.0,174.0,33.0,52.0,219861.2639,1482674.777,935272.2795,205834.8507,56035.0,66.1589,29.0,33.0,62.0,116.0,438302.5867,218441.3228,412471.6928,583592.5867,206636.8421,0,0.0
OAS30897,,,,,17.0,14.0,14.0,16.0,25.0,56.0,36.0,56.0,219861.2639,1482674.777,935272.2795,205834.8507,56035.0,66.1589,29.0,33.0,62.0,117.0,438302.5867,218441.3228,412471.6928,583592.5867,206636.8421,0,0.0
OAS30897,,,,,17.0,14.0,19.0,17.0,30.0,51.0,39.0,52.0,,,,,,66.1589,28.0,33.0,62.0,102.0,,,,,,0,0.0
OAS30897,,,,,15.0,17.0,18.0,9.0,24.0,61.0,34.0,54.0,,,,,,66.1589,29.0,33.0,62.0,112.0,,,,,,0,0.0
OAS30897,10.0,8.0,10.0,6.0,,,18.0,13.0,,,,,,,,,,66.1589,,33.0,,,,,,,,0,0.0
OAS30898,,,,,16.0,16.0,18.0,20.0,40.0,76.0,37.0,52.0,161369.8297,1185351.452,732072.2761,172825.658,42519.0,75.6959,29.0,33.0,62.0,132.0,325635.8509,164266.0213,343559.4251,430744.8509,170733.7671,0,0.0
OAS30898,,,,,14.0,11.0,16.0,18.0,39.0,71.0,40.0,56.0,160858.5947,1184812.523,727424.1125,166323.559,42572.0,75.6959,27.0,33.0,61.5,145.0,324810.2545,163951.6598,339354.8581,430129.2545,173031.299,0,0.0
OAS30899,,,,,15.0,7.0,24.0,12.0,51.0,117.0,60.0,60.0,243969.5294,1852688.209,1127056.867,266482.8173,56011.0,74.7123,29.0,33.0,70.0,173.0,491865.8067,247896.2773,536783.0608,641097.8067,270300.2435,0,0.0
OAS30899,,,,,4.0,0.0,16.0,10.0,33.0,97.0,50.0,52.0,244764.4896,1831902.199,1084723.816,241580.565,54411.0,74.7123,24.0,33.0,68.7,160.0,490366.2084,245601.7188,489502.6074,631920.2084,247922.0424,2,1.0
OAS30899,,,,,3.0,1.0,11.0,10.0,38.0,138.0,48.0,58.0,233589.1568,1751593.087,1072463.657,248009.2005,53235.0,74.7123,25.0,33.0,69.0,156.0,469542.7883,235953.6316,496704.8688,603681.7883,248695.6683,2,1.0
OAS30900,,,,,14.0,,16.0,,35.0,86.0,,,186150.8205,1393011.065,857026.08,203456.2784,54221.0,57.9562,29.0,34.0,70.5,156.0,376149.5433,189998.7228,405351.5366,527356.5433,201895.2583,0,0.0
OAS30901,,,,,1.0,1.0,8.0,6.0,53.0,180.0,25.0,10.0,163254.4724,1238835.107,734496.5555,177813.3241,43617.0,65.3781,17.0,34.0,59.0,142.5,308881.0038,145626.5314,353114.5517,438178.0038,175301.2276,2,1.0
OAS30902,,,,,4.0,3.0,20.0,13.0,74.0,156.0,33.0,54.0,181314.8517,1502525.686,826388.3611,185595.622,46826.0,71.9781,23.0,33.0,67.0,187.0,346503.2794,165188.4277,375451.0816,495461.2794,189855.4597,1,0.5
OAS30902,,,,,10.0,11.0,20.0,9.0,104.0,180.0,31.0,52.0,181314.8517,1502525.686,826388.3611,185595.622,46826.0,71.9781,22.0,33.0,67.0,188.0,346503.2794,165188.4277,375451.0816,495461.2794,189855.4597,1,0.5
OAS30902,,,,,9.0,9.0,15.0,6.0,94.0,180.0,25.0,46.0,,,,,,71.9781,24.0,33.0,67.5,186.0,,,,,,1,0.5
OAS30902,,,,,3.0,2.0,11.0,7.0,78.0,180.0,19.0,38.0,,,,,,71.9781,26.0,33.0,66.1,191.0,,,,,,2,1.0
OAS30903,,,,,10.0,11.0,21.0,12.0,27.0,72.0,43.0,58.0,173822.434,1515312.577,865389.1223,213132.9982,50681.0,79.1918,30.0,33.0,70.0,159.0,344784.1296,170961.6956,431124.9927,485967.1296,217991.9945,0,0.0
OAS30903,,,,,12.0,10.0,18.0,10.0,33.0,125.0,49.0,52.0,173822.434,1515312.577,865389.1223,213132.9982,50681.0,79.1918,30.0,33.0,69.0,157.0,344784.1296,170961.6956,431124.9927,485967.1296,217991.9945,0,0.0
OAS30903,,,,,9.0,8.0,16.0,12.0,31.0,180.0,41.0,52.0,,,,,,79.1918,29.0,33.0,70.0,157.0,,,,,,1,0.5
OAS30903,,,,,9.0,9.0,13.0,7.0,28.0,62.0,46.0,56.0,,,,,,79.1918,29.0,33.0,69.5,156.0,,,,,,0,0.0
OAS30904,,,,,31.0,,24.0,,26.0,47.0,,,,,,,,56.4219,30.0,33.0,69.5,183.0,,,,,,0,0.0
OAS30904,,,,,29.0,,21.0,,40.0,56.0,,,205381.1221,1300253.359,902284.2047,209401.2259,51481.0,56.4219,29.0,33.0,69.0,180.0,408871.5988,203490.4767,418807.6059,559245.5988,209406.38,0,0.0
OAS30904,,,,,30.0,,16.0,,47.0,53.0,,,197123.533,1401735.358,883178.739,208072.3025,50731.0,56.4219,30.0,33.0,69.75,176.0,392085.9414,194962.4084,414131.7976,539058.9414,206059.4951,0,0.0
OAS30904,,,,,37.0,,21.0,,20.0,49.0,,,,,,,,56.4219,30.0,33.0,69.0,174.0,,,,,,0,0.0
OAS30904,,,,,32.0,,23.0,,26.0,59.0,,,,,,,,56.4219,30.0,33.0,69.0,174.0,,,,,,0,0.0
OAS30904,,,,,31.0,,25.0,,31.0,55.0,,,196690.6784,1440464.814,880686.3273,203872.1482,48426.0,56.4219,30.0,33.0,68.75,183.5999756,392849.5029,196158.8245,410519.8244,538564.5029,206647.6762,0,0.0
OAS30905,,,,,11.0,9.0,14.0,14.0,35.0,92.0,40.0,60.0,236952.6897,1766136.013,1093490.632,263170.6047,53055.0,67.6877,29.0,34.0,,,475343.6699,238390.9802,526349.9618,621057.6699,263179.3571,0,0.0
OAS30905,,,,,6.0,8.0,16.0,10.0,32.0,103.0,40.0,60.0,,,,,,67.6877,28.0,34.0,67.0,152.0,,,,,,0,0.0
OAS30905,,,,,11.0,10.0,22.0,8.0,33.0,105.0,42.0,58.0,,,,,,67.6877,29.0,34.0,67.0,146.0,,,,,,0,0.0
OAS30905,,,,,4.0,3.0,16.0,10.0,36.0,86.0,37.0,60.0,221129.7346,1720459.806,1047427.465,245151.0476,51775.0,67.6877,28.0,34.0,67.3,143.0,442860.0396,221730.3049,493639.4253,582291.0396,248488.3777,0,0.0
OAS30905,,,,,3.0,3.0,11.0,9.0,38.0,106.0,39.0,58.0,221129.7346,1720459.806,1047427.465,245151.0476,51775.0,67.6877,28.0,34.0,67.2,146.0,442860.0396,221730.3049,493639.4253,582291.0396,248488.3777,0,0.0
OAS30905,9.0,7.0,6.0,4.0,,,16.0,7.0,37.0,75.0,37.0,,221584.8714,1749543.269,1069235.253,252270.9755,52385.0,67.6877,28.0,34.0,67.0,147.0,443661.1983,222076.3269,508771.0547,589416.1983,256500.0793,0,0.0
OAS30905,10.0,8.0,6.0,4.0,,,17.0,6.0,28.0,71.0,38.0,,221584.8714,1749543.269,1069235.253,252270.9755,52385.0,67.6877,26.0,34.0,67.0,146.1999512,443661.1983,222076.3269,508771.0547,589416.1983,256500.0793,1,0.5
OAS30905,9.0,7.0,7.0,5.0,,,12.0,7.0,58.0,151.0,34.0,,,,,,,67.6877,28.0,34.0,67.0,150.3999023,,,,,,0,0.0
OAS30906,,,,,10.0,13.0,28.0,16.0,30.0,87.0,58.0,56.0,167388.5718,1240150.435,793368.8632,197231.6697,50587.0,69.4,28.0,33.0,62.7,176.0,337340.3794,169951.8075,394452.4838,465481.3794,197220.8141,0,0.0
OAS30906,,,,,12.0,12.0,23.0,22.0,43.0,157.0,61.0,58.0,167388.5718,1240150.435,793368.8632,197231.6697,50587.0,69.4,29.0,33.0,62.5,174.0,337340.3794,169951.8075,394452.4838,465481.3794,197220.8141,0,0.0
OAS30906,,,,,12.0,14.0,22.0,22.0,30.0,84.0,56.0,56.0,,,,,,69.4,28.0,33.0,62.3,170.0,,,,,,0,0.0
OAS30906,6.0,6.0,3.0,3.0,,,22.0,15.0,31.0,76.0,52.0,,,,,,,69.4,26.0,33.0,62.0,174.5999756,,,,,,0,0.0
OAS30907,,,,,11.0,9.0,14.0,12.0,21.0,76.0,46.0,58.0,228605.8062,1595662.954,1002912.156,226789.902,54164.0,82.9644,29.0,33.0,65.2,124.0,457128.8541,228523.0479,455704.3015,607991.8541,228914.3995,0,0.0
OAS30907,,,,,10.0,9.0,16.0,15.0,39.0,73.0,49.0,58.0,228605.8062,1595662.954,1002912.156,226789.902,54164.0,82.9644,30.0,33.0,65.0,123.0,457128.8541,228523.0479,455704.3015,607991.8541,228914.3995,0,0.0
OAS30907,,,,,15.0,15.0,20.0,9.0,28.0,82.0,48.0,56.0,224126.2543,1603790.549,980687.033,221961.1043,53221.0,82.9644,30.0,33.0,64.5,126.0,443015.1247,218888.8704,446801.9083,592752.1247,224840.8039,0,0.0
OAS30907,,,,,7.0,8.0,21.0,10.0,47.0,98.0,48.0,60.0,224126.2543,1603790.549,980687.033,221961.1043,53221.0,82.9644,30.0,33.0,64.5,124.0,443015.1247,218888.8704,446801.9083,592752.1247,224840.8039,0,0.0
OAS30907,,,,,14.0,9.0,20.0,10.0,25.0,69.0,47.0,58.0,211590.7973,1591285.518,955145.0977,215460.4234,51727.0,82.9644,29.0,33.0,65.0,123.0,422394.5638,210803.7665,438718.5339,565635.5638,223258.1105,0,0.0
OAS30907,,,,,11.0,11.0,16.0,7.0,23.0,92.0,48.0,56.0,,,,,,82.9644,30.0,33.0,64.0,122.0,,,,,,0,0.0
OAS30907,,,,,13.0,12.0,16.0,9.0,28.0,67.0,45.0,56.0,212270.7764,1550091.849,950221.9566,212158.7429,50679.0,82.9644,30.0,33.0,65.0,114.0,425561.2831,213290.5068,426908.6735,563677.2831,214749.9306,0,0.0
OAS30907,,,,,13.0,10.0,13.0,8.0,35.0,93.0,45.0,52.0,212270.7764,1550091.849,950221.9566,212158.7429,50679.0,82.9644,28.0,33.0,64.0,126.0,425561.2831,213290.5068,426908.6735,563677.2831,214749.9306,0,0.0
OAS30907,8.0,6.0,8.0,5.0,,,19.0,9.0,29.0,95.0,48.0,,,,,,,82.9644,30.0,33.0,64.25,131.0,,,,,,0,0.0
OAS30907,8.0,7.0,8.0,6.0,,,15.0,5.0,43.0,93.0,44.0,,,,,,,82.9644,30.0,33.0,63.0,127.5999756,,,,,,0,0.0
OAS30908,,,,,16.0,17.0,20.0,18.0,17.0,37.0,60.0,58.0,202366.8003,1503929.187,954883.549,235876.5048,54633.0,66.1233,30.0,34.0,61.0,113.0,405709.0378,203342.2375,472750.5112,553921.0378,236874.0064,0,0.0
OAS30908,,,,,17.0,16.0,31.0,21.0,19.0,49.0,68.0,60.0,200490.631,1505256.694,944656.5801,232123.1687,54624.0,66.1233,30.0,34.0,61.2,114.0,401206.3266,200715.6955,466060.2535,548637.3266,233937.0848,0,0.0
OAS30908,,,,,17.0,17.0,31.0,17.0,19.0,37.0,66.0,60.0,,,,,,66.1233,30.0,34.0,61.0,114.0,,,,,,0,0.0
OAS30908,,,,,17.0,16.0,29.0,16.0,19.0,34.0,64.0,60.0,,,,,,66.1233,29.0,34.0,61.0,115.0,,,,,,0,0.0
OAS30908,,,,,17.0,16.0,30.0,17.0,15.0,54.0,68.0,58.0,,,,,,66.1233,30.0,34.0,62.0,113.0,,,,,,0,0.0
OAS30908,,,,,19.0,16.0,29.0,17.0,17.0,,60.0,58.0,,,,,,66.1233,30.0,34.0,60.5,112.0,,,,,,0,0.0
OAS30908,8.0,6.0,7.0,5.0,,,28.0,19.0,20.0,32.0,57.0,,181859.664,1490517.304,889866.9532,219900.9138,50744.0,66.1233,28.0,34.0,60.25,103.0,363929.1254,182069.4615,444864.8277,501681.1254,224963.914,1,0.5
OAS30908,8.0,7.0,7.0,5.0,,,26.0,16.0,19.0,51.0,55.0,,181859.664,1490517.304,889866.9532,219900.9138,50744.0,66.1233,29.0,34.0,60.0,94.79998779,363929.1254,182069.4615,444864.8277,501681.1254,224963.914,0,0.0
OAS30908,9.0,7.0,6.0,5.0,,,28.0,13.0,21.0,40.0,59.0,,,,,,,66.1233,28.0,34.0,60.0,89.0,,,,,,1,0.5
OAS30909,,,,,6.0,5.0,18.0,13.0,36.0,170.0,30.0,50.0,202210.3882,1711809.536,950270.6061,207153.2375,52440.0,81.6822,30.0,34.0,68.0,180.0,405930.8951,203720.5069,418394.711,553007.8951,211241.4734,0,0.0
OAS30909,,,,,5.0,3.0,19.0,9.0,41.0,164.0,38.0,46.0,,,,,,81.6822,30.0,34.0,68.0,171.0,,,,,,0,0.0
OAS30910,,,,,18.0,15.0,24.0,18.0,32.0,125.0,38.0,58.0,247846.87,1886487.458,1123649.809,257683.8225,58468.0,73.1014,28.0,23.0,71.0,179.0,498254.057,250407.187,518231.7525,660776.057,260547.9299,0,0.0
OAS30910,,,,,16.0,15.0,19.0,16.0,36.0,89.0,41.0,58.0,239256.8197,1870064.981,1105290.024,256025.9692,55629.0,73.1014,27.0,23.0,72.0,192.0,477097.6593,237840.8396,513922.3644,631824.6593,257896.3952,0,0.0
OAS30910,8.0,6.0,7.0,5.0,,,21.0,13.0,37.0,111.0,45.0,,,,,,,73.1014,29.0,23.0,71.0,186.0,,,,,,0,0.0
OAS30910,8.0,6.0,4.0,3.0,,,25.0,17.0,44.0,83.0,38.0,,,,,,,73.1014,30.0,23.0,70.7,196.0,,,,,,0,0.0
OAS30910,11.0,8.0,8.0,5.0,,,17.0,17.0,38.0,85.0,39.0,,,,,,,73.1014,30.0,23.0,70.75,184.1999512,,,,,,0,0.0
OAS30910,8.0,7.0,5.0,4.0,,,19.0,16.0,44.0,88.0,,,,,,,,73.1014,26.0,23.0,70.5,186.3999023,,,,,,0,0.0
OAS30913,,,,,14.0,13.0,22.0,10.0,30.0,74.0,47.0,58.0,,,,,,67.0493,30.0,34.0,69.9,177.0,,,,,,1,0.5
OAS30913,,,,,14.0,13.0,21.0,16.0,30.0,64.0,49.0,58.0,183253.463,1463204.114,880674.0142,220676.26,47389.0,67.0493,30.0,34.0,70.0,178.0,369320.0329,186066.5699,439727.9813,496743.0329,219051.7212,0,0.0
OAS30913,,,,,10.0,12.0,21.0,14.0,23.0,71.0,45.0,58.0,183253.463,1463204.114,880674.0142,220676.26,47389.0,67.0493,30.0,34.0,70.0,182.0,369320.0329,186066.5699,439727.9813,496743.0329,219051.7212,0,0.0
OAS30913,,,,,16.0,16.0,21.0,10.0,19.0,55.0,47.0,60.0,178780.1205,1402095.312,869355.8479,217005.1262,43727.0,67.0493,29.0,34.0,69.5,180.0,361918.0528,183137.9323,435956.7951,474878.0528,218951.6689,0,0.0
OAS30913,,,,,15.0,14.0,21.0,13.0,19.0,54.0,50.0,60.0,178780.1205,1402095.312,869355.8479,217005.1262,43727.0,67.0493,30.0,34.0,69.5,183.0,361918.0528,183137.9323,435956.7951,474878.0528,218951.6689,0,0.0
OAS30913,9.0,7.0,7.0,5.0,,,19.0,13.0,23.0,82.0,43.0,,,,,,,67.0493,30.0,34.0,70.0,189.0,,,,,,0,0.0
OAS30913,9.0,8.0,8.0,5.0,,,18.0,14.0,,,,,,,,,,67.0493,,34.0,,,,,,,,0,0.0
OAS30914,,,,,8.0,6.0,8.0,12.0,55.0,180.0,35.0,50.0,,,,,,68.3562,21.0,33.0,63.0,168.0,,,,,,2,1.0
OAS30914,,,,,10.0,13.0,9.0,10.0,48.0,180.0,31.0,46.0,,,,,,68.3562,25.0,33.0,62.0,157.5,,,,,,2,1.0
OAS30914,,,,,10.0,13.0,11.0,14.0,68.0,180.0,29.0,50.0,,,,,,68.3562,25.0,33.0,62.5,156.0,,,,,,2,1.0
OAS30916,,,,,19.0,19.0,22.0,17.0,26.0,82.0,53.0,56.0,221032.1707,1466424.754,932841.609,204835.4219,48157.0,68.7863,30.0,34.0,64.7,140.0,440148.3572,219116.1865,409886.2518,561654.3572,205050.8299,0,0.0
OAS30916,,,,,17.0,19.0,31.0,12.0,30.0,85.0,58.0,56.0,221032.1707,1466424.754,932841.609,204835.4219,48157.0,68.7863,29.0,34.0,65.0,141.0,440148.3572,219116.1865,409886.2518,561654.3572,205050.8299,0,0.0
OAS30916,,,,,21.0,18.0,26.0,18.0,27.0,71.0,61.0,58.0,,,,,,68.7863,30.0,34.0,63.0,140.0,,,,,,0,0.0
OAS30916,,,,,21.0,22.0,22.0,26.0,27.0,67.0,66.0,60.0,,,,,,68.7863,29.0,34.0,64.0,140.0,,,,,,0,0.0
OAS30917,,,,,18.0,17.0,30.0,11.0,30.0,75.0,51.0,60.0,262666.0553,2029471.808,1226794.696,297778.1741,60699.0,70.1315,29.0,34.0,72.0,181.0,522716.1923,260050.137,597536.5033,677352.1923,299758.3293,0,0.0
OAS30917,10.0,7.0,7.0,5.0,,,36.0,13.0,28.0,66.0,50.0,,,,,,,70.1315,30.0,34.0,72.5,180.0,,,,,,0,0.0
OAS30917,8.0,7.0,7.0,5.0,,,28.0,15.0,25.0,86.0,49.0,,270863.6034,2043846.75,1257466.737,297163.1119,59028.0,70.1315,28.0,34.0,72.5,181.0,546538.2236,275674.6202,601550.5135,700657.2236,304387.4016,0,0.0
OAS30918,,,,,3.0,2.0,18.0,11.0,31.0,87.0,46.0,48.0,204214.0516,1469956.118,873266.2115,182575.1078,43893.0,78.7452,25.0,34.0,60.0,171.0,405961.3111,201747.2595,365466.9004,538630.3111,182891.7926,1,0.5
OAS30919,,,,,,,16.0,,69.0,180.0,26.0,53.0,171763.5074,1205156.377,776901.7147,193123.8125,116089.0366,58.2329,30.0,33.0,,197.0,343992.5998,172229.0923,385660.8125,460081.6364,192537.0,0,0.0
OAS30919,,,,,14.0,13.0,14.0,9.0,58.0,180.0,28.0,50.0,,,,,,58.2329,29.0,33.0,66.0,196.0,,,,,,0,0.0
OAS30919,,,,,14.0,12.0,16.0,12.0,46.0,180.0,20.0,50.0,164629.0618,1206484.134,721572.8714,154307.7896,45532.0,58.2329,28.0,33.0,66.0,192.0,332297.7277,167668.6659,318307.1438,430466.7277,163999.3541,0,0.0
OAS30919,,,,,10.0,10.0,14.0,6.0,59.0,180.0,26.0,50.0,,,,,,58.2329,29.0,33.0,66.0,188.0,,,,,,0,0.0
OAS30919,7.0,6.0,5.0,4.0,,,14.0,8.0,69.0,180.0,23.0,,160009.1514,1197245.364,714172.1188,155733.9784,44306.0,58.2329,26.0,33.0,66.0,189.0,325069.2997,165060.1483,317932.8192,420811.2997,162198.8408,0,0.0
OAS30919,,,,,22.0,,12.0,,85.0,212.0,,,160009.1514,1197245.364,714172.1188,155733.9784,44306.0,58.2329,28.0,33.0,67.0,181.0,325069.2997,165060.1483,317932.8192,420811.2997,162198.8408,0,0.0
OAS30919,7.0,6.0,5.0,4.0,,,12.0,10.0,74.0,180.0,26.0,,164642.3635,1132632.073,726322.7437,159637.3115,44856.0,58.2329,25.0,33.0,67.0,183.5999756,333688.5548,169046.1914,319757.1889,433053.5548,160119.8774,0,0.0
OAS30920,,,,,,,21.0,,35.0,96.0,34.0,53.0,188336.8647,1346909.57,831033.0867,203917.3125,157103.3176,62.5342,26.0,34.0,,,379370.974,191034.1093,407086.7344,536474.2916,203169.4219,0,0.0
OAS30920,,,,,7.0,8.0,23.0,12.0,26.0,60.0,40.0,48.0,190971.8137,1390677.651,824423.2561,184581.7408,46895.0,62.5342,24.0,34.0,63.5,156.0,383685.1966,192713.383,367985.0595,519116.1966,183403.3186,0,0.0
OAS30920,,,,,7.0,4.0,21.0,12.0,31.0,77.0,39.0,46.0,190971.8137,1390677.651,824423.2561,184581.7408,46895.0,62.5342,29.0,34.0,62.0,156.0,383685.1966,192713.383,367985.0595,519116.1966,183403.3186,0,0.0
OAS30921,,,,,9.0,9.0,9.0,8.0,51.0,136.0,28.0,52.0,,,,,,64.1836,27.0,33.0,70.5,178.0,,,,,,0,0.0
OAS30921,,,,,8.0,8.0,12.0,10.0,108.0,118.0,27.0,52.0,250348.3062,1608472.534,1078917.239,243963.1114,59773.0,64.1836,28.0,33.0,70.5,180.0,502754.4101,252406.1039,488390.8292,669930.4101,244427.7178,0,0.0
OAS30921,,,,,18.0,,10.0,,48.0,108.0,,,,,,,,64.1836,27.0,33.0,70.5,161.0,,,,,,0,0.0
OAS30921,,,,,13.0,11.0,12.0,10.0,56.0,139.0,28.0,50.0,243299.2157,1744642.741,1063712.12,244110.2171,58433.0,64.1836,28.0,33.0,70.0,156.0,488249.0507,244949.8351,484714.0693,655701.0507,240603.8521,0,0.0
OAS30921,,,,,14.0,14.0,11.0,11.0,51.0,151.0,28.0,56.0,238109.1635,1754898.522,1035078.388,232844.6615,55945.0,64.1836,30.0,33.0,70.0,145.0,476894.9284,238785.7649,466031.4593,633296.9284,233186.7978,0,0.0
OAS30921,,,,,12.0,14.0,11.0,7.0,49.0,120.0,26.0,52.0,238109.1635,1754898.522,1035078.388,232844.6615,55945.0,64.1836,29.0,33.0,70.0,154.0,476894.9284,238785.7649,466031.4593,633296.9284,233186.7978,0,0.0
OAS30922,,,,,30.0,,22.0,,19.0,64.0,,,216011.3304,1308754.791,890128.9729,194688.8002,59309.0,45.9973,30.0,34.0,67.3,117.0,431291.2582,215279.9278,390138.7148,600822.2582,195449.9145,0,0.0
OAS30922,,,,,28.0,,21.0,,25.0,66.0,,,210121.3705,1135022.754,884072.4948,196700.5317,59766.0,45.9973,30.0,34.0,67.0,121.7999878,420260.2803,210138.9098,394199.2145,590029.2803,197498.6829,0,0.0
OAS30923,,,,,,,,,34.0,57.0,40.0,58.0,,,,,,73.3945,,34.0,,189.0,,,,,,1,0.5
OAS30923,,,,,,,,,35.0,69.0,45.0,59.0,,,,,,73.3945,,34.0,,178.0,,,,,,1,0.5
OAS30923,,,,,,,,,70.0,28.0,36.0,58.0,,,,,,73.3945,,34.0,,184.0,,,,,,1,0.5
OAS30923,,,,,,,,,25.0,82.0,40.0,59.0,,,,,,73.3945,,34.0,,183.0,,,,,,1,0.5
OAS30923,,,,,,,,,30.0,75.0,40.0,58.0,,,,,,73.3945,29.0,34.0,,185.0,,,,,,1,0.5
OAS30923,,,,,,,21.0,,37.0,101.0,55.0,57.0,,,,,,73.3945,29.0,34.0,,180.0,,,,,,1,0.5
OAS30923,,,,,,,19.0,,22.0,72.0,40.0,59.0,,,,,,73.3945,26.0,34.0,,189.0,,,,,,1,0.5
OAS30923,,,,,,,21.0,,30.0,75.0,38.0,58.0,,,,,,73.3945,29.0,34.0,,187.0,,,,,,1,0.5
OAS30923,,,,,,,22.0,,31.0,72.0,37.0,58.0,,,,,,73.3945,30.0,34.0,,189.0,,,,,,1,0.5
OAS30923,,,,,,,18.0,,29.0,78.0,38.0,58.0,,,,,,73.3945,29.0,34.0,,187.0,,,,,,1,0.5
OAS30923,,,,,,,21.0,,31.0,83.0,35.0,60.0,,,,,,73.3945,30.0,34.0,,184.0,,,,,,1,0.5
OAS30923,,,,,,,20.0,,37.0,65.0,34.0,60.0,187551.5617,1469074.588,860563.1373,199749.5938,157189.0247,73.3945,30.0,34.0,,185.0,376507.4832,188955.9215,399391.9844,533696.5079,199642.3906,1,0.5
OAS30923,,,,,10.0,11.0,13.0,9.0,37.0,77.0,33.0,58.0,177232.5537,1473475.169,836262.1109,196965.6406,149773.2075,73.3945,30.0,34.0,72.0,167.0,354883.0664,177650.5126,388446.0469,504656.2739,191480.4063,1,0.5
OAS30923,,,,,8.0,10.0,15.0,10.0,22.0,92.0,33.0,58.0,177232.5537,1473475.169,836262.1109,196965.6406,149773.2075,73.3945,30.0,34.0,71.0,172.0,354883.0664,177650.5126,388446.0469,504656.2739,191480.4063,0,0.0
OAS30923,,,,,12.0,10.0,20.0,10.0,22.0,81.0,34.0,58.0,,,,,,73.3945,25.0,34.0,72.0,173.0,,,,,,1,0.5
OAS30923,,,,,14.0,13.0,14.0,9.0,31.0,92.0,32.0,60.0,183598.3942,1547793.767,824496.2586,181053.8503,47823.0,73.3945,30.0,34.0,71.2,168.0,365756.2047,182157.8105,354718.0539,495335.2047,173664.2036,1,0.5
OAS30923,,,,,8.0,9.0,12.0,9.0,67.0,110.0,28.0,60.0,183598.3942,1547793.767,824496.2586,181053.8503,47823.0,73.3945,30.0,34.0,71.0,151.0,365756.2047,182157.8105,354718.0539,495335.2047,173664.2036,1,0.5
OAS30923,,,,,9.0,10.0,12.0,9.0,59.0,149.0,25.0,56.0,,,,,,73.3945,29.0,34.0,70.7,153.0,,,,,,1,0.5
OAS30923,,,,,8.0,6.0,12.0,8.0,47.0,180.0,23.0,52.0,,,,,,73.3945,28.0,34.0,70.0,138.0,,,,,,2,1.0
OAS30924,,,,,16.0,13.0,22.0,12.0,21.0,55.0,53.0,54.0,218903.7596,1520820.215,949669.0524,219086.4975,55680.0,68.463,30.0,33.0,68.0,178.0,439634.4252,220730.6656,441773.6272,592344.4252,222687.1298,0,0.0
OAS30924,,,,,15.0,15.0,25.0,22.0,23.0,52.0,58.0,52.0,218903.7596,1520820.215,949669.0524,219086.4975,55680.0,68.463,30.0,33.0,68.0,171.0,439634.4252,220730.6656,441773.6272,592344.4252,222687.1298,0,0.0
OAS30924,,,,,16.0,13.0,30.0,14.0,21.0,57.0,51.0,50.0,,,,,,68.463,30.0,33.0,68.0,181.0,,,,,,0,0.0
OAS30924,10.0,7.0,10.0,6.0,,,29.0,14.0,19.0,41.0,55.0,,,,,,,68.463,30.0,33.0,68.0,179.0,,,,,,0,0.0
OAS30924,9.0,7.0,8.0,5.0,,,32.0,12.0,35.0,61.0,53.0,,,,,,,68.463,29.0,33.0,67.8,175.5999756,,,,,,1,0.5
OAS30925,,,,,0.0,0.0,10.0,11.0,86.0,180.0,18.0,36.0,162362.5984,1367363.303,786075.216,173457.9217,41935.0,87.1589,22.0,34.0,62.0,146.0,327794.3909,165431.7926,352925.8251,437722.3909,179467.9034,1,0.5
OAS30926,,,,,14.0,9.0,20.0,13.0,63.0,138.0,30.0,58.0,212255.3434,1620975.886,964690.3874,224143.2391,55348.0,78.2575,24.0,34.0,68.3,182.0,427104.6276,214849.2842,450973.7598,590090.6276,226830.5208,1,0.5
OAS30926,,,,,6.0,5.0,24.0,14.0,67.0,180.0,28.0,52.0,212255.3434,1620975.886,964690.3874,224143.2391,55348.0,78.2575,27.0,34.0,68.0,172.0,427104.6276,214849.2842,450973.7598,590090.6276,226830.5208,1,0.5
OAS30926,,,,,17.0,14.0,23.0,18.0,63.0,95.0,30.0,56.0,,,,,,78.2575,28.0,34.0,68.0,176.0,,,,,,2,1.0
OAS30926,,,,,12.0,9.0,25.0,13.0,51.0,180.0,30.0,56.0,209175.2684,1582898.006,958023.5478,222667.8765,53327.0,78.2575,23.0,34.0,68.0,169.0,421540.4115,212365.1431,448124.1363,572037.4115,225456.2598,2,1.0
OAS30926,,,,,10.0,6.0,23.0,12.0,50.0,180.0,20.0,58.0,209175.2684,1582898.006,958023.5478,222667.8765,53327.0,78.2575,26.0,34.0,68.0,164.0,421540.4115,212365.1431,448124.1363,572037.4115,225456.2598,2,1.0
OAS30926,,,,,7.0,2.0,19.0,9.0,59.0,180.0,19.0,60.0,209175.2684,1582898.006,958023.5478,222667.8765,53327.0,78.2575,27.0,34.0,67.8,160.0,421540.4115,212365.1431,448124.1363,572037.4115,225456.2598,2,1.0
OAS30927,,,,,15.0,10.0,19.0,11.0,49.0,109.0,47.0,40.0,182846.5668,1180604.812,749955.0767,159291.3337,44897.0,67.1397,28.0,33.0,61.8,191.0,363501.524,180654.9572,319235.5527,478471.524,159944.219,0,0.0
OAS30927,,,,,10.0,11.0,15.0,12.0,44.0,93.0,47.0,44.0,,,,,,67.1397,28.0,33.0,62.3,184.5,,,,,,0,0.0
OAS30927,3.0,4.0,4.0,3.0,,,14.0,11.0,43.0,156.0,43.0,,177755.9362,1198146.767,736851.4345,153658.4327,45670.0,67.1397,29.0,33.0,62.0,183.0,355760.1408,178004.2046,310654.2937,476120.1408,156995.8611,0,0.0
OAS30927,4.0,5.0,5.0,4.0,,,11.0,12.0,39.0,89.0,45.0,,177755.9362,1198146.767,736851.4345,153658.4327,45670.0,67.1397,29.0,33.0,62.0,191.1999512,355760.1408,178004.2046,310654.2937,476120.1408,156995.8611,0,0.0
OAS30927,8.0,7.0,7.0,5.0,,,14.0,10.0,,,,,,,,,,67.1397,,33.0,,,,,,,,0,0.0
OAS30928,,,,,8.0,8.0,19.0,12.0,30.0,180.0,41.0,52.0,202465.1433,1719142.563,1010664.85,223273.932,48432.0,72.1123,28.0,34.0,71.0,190.0,408969.6398,206504.4965,450121.2103,540953.6398,226847.2783,1,0.5
OAS30929,,,,,10.0,8.0,19.0,8.0,25.0,66.0,39.0,60.0,205226.5181,1758828.052,1012004.217,222402.0636,52461.0,84.6411,30.0,34.0,68.0,178.0,404567.6353,199341.1172,451500.5821,562065.6353,229098.5185,0,0.0
OAS30929,,,,,5.0,3.0,12.0,13.0,29.0,103.0,35.0,60.0,205226.5181,1758828.052,1012004.217,222402.0636,52461.0,84.6411,30.0,34.0,68.0,155.0,404567.6353,199341.1172,451500.5821,562065.6353,229098.5185,0,0.0
OAS30929,,,,,10.0,10.0,19.0,13.0,33.0,96.0,37.0,60.0,198665.0241,1769101.433,1000723.04,215275.8071,51992.0,84.6411,24.0,34.0,68.0,149.0,394127.7797,195462.7555,443744.2604,550673.7797,228468.4533,1,0.5
OAS30929,,,,,10.0,6.0,9.0,7.0,36.0,180.0,26.0,56.0,,,,,,84.6411,27.0,34.0,68.0,156.0,,,,,,1,0.5
OAS30930,,,,,17.0,15.0,15.0,9.0,33.0,155.0,39.0,54.0,,,,,,75.337,28.0,34.0,66.0,149.0,,,,,,1,0.5
OAS30930,,,,,12.0,11.0,14.0,8.0,54.0,180.0,33.0,54.0,198093.2955,1560587.31,876883.245,173329.6935,45416.0,75.337,28.0,34.0,66.0,150.0,397766.1167,199672.8212,346726.1283,537120.1167,173396.4348,1,0.5
OAS30930,,,,,9.0,8.0,10.0,8.0,120.0,180.0,19.0,48.0,188933.8158,1547610.836,854180.4051,166195.6748,43017.0,75.337,24.0,34.0,65.5,147.0,381128.1722,192194.3564,333534.2329,519869.1722,167338.5581,2,1.0
OAS30931,,,,,14.0,14.0,12.0,11.0,37.0,180.0,26.0,32.0,,,,,,77.0466,26.0,33.0,72.2,205.0,,,,,,0,0.0
OAS30931,,,,,12.0,12.0,10.0,8.0,26.0,96.0,23.0,30.0,184139.9993,1636454.119,915765.8472,194132.6405,47932.0,77.0466,29.0,33.0,71.0,201.0,387355.9118,203215.9125,391883.9354,519597.9118,197751.2949,1,0.5
OAS30931,,,,,13.0,13.0,10.0,8.0,48.0,109.0,27.0,30.0,184139.9993,1636454.119,915765.8472,194132.6405,47932.0,77.0466,27.0,33.0,71.7,200.0,387355.9118,203215.9125,391883.9354,519597.9118,197751.2949,1,0.5
OAS30931,,,,,15.0,10.0,11.0,12.0,38.0,180.0,21.0,30.0,,,,,,77.0466,27.0,33.0,71.0,187.0,,,,,,0,0.0
OAS30931,,,,,11.0,11.0,10.0,7.0,44.0,,21.0,26.0,,,,,,77.0466,27.0,33.0,71.5,181.0,,,,,,1,0.5
OAS30931,,,,,12.0,6.0,6.0,4.0,58.0,,6.0,,,,,,,77.0466,24.0,33.0,71.5,182.0,,,,,,1,0.5
OAS30932,,,,,,,,,37.0,67.0,53.0,55.0,,,,,,62.1425,,34.0,,154.0,,,,,,0,0.0
OAS30932,,,,,,,9.0,,23.0,66.0,57.0,52.0,,,,,,62.1425,29.0,34.0,,147.0,,,,,,0,0.0
OAS30932,,,,,,,17.0,,26.0,56.0,58.0,54.0,,,,,,62.1425,30.0,34.0,,130.0,,,,,,1,0.5
OAS30932,,,,,,,14.0,,25.0,75.0,43.0,54.0,,,,,,62.1425,29.0,34.0,,141.0,,,,,,0,0.0
OAS30932,,,,,,,16.0,,34.0,88.0,50.0,55.0,,,,,,62.1425,30.0,34.0,,156.0,,,,,,0,0.0
OAS30932,,,,,,,11.0,,40.0,116.0,44.0,53.0,,,,,,62.1425,27.0,34.0,,129.0,,,,,,1,0.5
OAS30932,,,,,,,8.0,,40.0,180.0,42.0,53.0,171865.2571,1289951.088,808916.9617,212372.875,153143.0463,62.1425,29.0,34.0,,119.0,346001.1705,174135.9134,424577.6563,499144.2168,212204.7813,1,0.5
OAS30932,,,,,15.0,11.0,7.0,8.0,35.0,180.0,43.0,50.0,171865.2571,1289951.088,808916.9617,212372.875,153143.0463,62.1425,29.0,34.0,68.0,125.0,346001.1705,174135.9134,424577.6563,499144.2168,212204.7813,1,0.5
OAS30933,,,,,27.0,,26.0,,31.0,49.0,,,212908.1855,1552561.508,931197.1125,202377.4736,52125.0,61.4986,29.0,33.0,66.0,191.0,427760.9959,214852.8104,406606.1166,563100.9959,204228.643,0,0.0
OAS30933,,,,,28.0,,23.0,,27.0,50.0,,,,,,,,61.4986,30.0,33.0,66.0,170.0,,,,,,0,0.0
OAS30933,,,,,25.0,,32.0,,21.0,49.0,,,,,,,,61.4986,30.0,33.0,66.0,184.0,,,,,,0,0.0
OAS30933,,,,,32.0,,24.0,,28.0,45.0,,,209140.6121,1535435.318,908423.9774,188681.5658,51800.0,61.4986,29.0,33.0,66.0,189.0,420931.1759,211790.5638,380939.8015,552938.1759,192258.2357,0,0.0
OAS30933,,,,,32.0,,23.0,,26.0,57.0,,,207793.0803,1570983.136,921566.9509,193530.8694,53185.0,61.4986,30.0,33.0,66.0,188.0,420202.5671,212409.4868,390292.3837,563305.5671,196761.5143,0,0.0
OAS30934,,,,,9.0,7.0,14.0,15.0,36.0,126.0,36.0,56.0,210595.2431,1678080.455,954518.8478,227225.0649,53816.0,69.5918,28.0,34.0,72.0,202.0,421917.3647,211322.1216,455078.4831,569680.3647,227853.4182,0,0.0
OAS30934,,,,,9.0,8.0,14.0,7.0,34.0,103.0,34.0,56.0,197123.2418,1630567.615,907274.1365,215864.7003,52466.0,69.5918,30.0,34.0,71.0,245.0,395116.8438,197993.602,432535.2927,539166.8438,216670.5923,1,0.5
OAS30934,9.0,7.0,6.0,4.0,,,12.0,12.0,33.0,83.0,38.0,,197123.2418,1630567.615,907274.1365,215864.7003,52466.0,69.5918,29.0,34.0,71.0,249.0,395116.8438,197993.602,432535.2927,539166.8438,216670.5923,0,0.0
OAS30934,8.0,6.0,7.0,5.0,,,18.0,14.0,36.0,146.0,34.0,,,,,,,69.5918,29.0,34.0,71.3,246.0,,,,,,0,0.0
OAS30934,7.0,6.0,6.0,4.0,,,16.0,9.0,,,,,,,,,,69.5918,,34.0,,,,,,,,0,0.0
OAS30935,,,,,11.0,12.0,33.0,23.0,27.0,58.0,46.0,60.0,236890.0636,1666424.745,1002529.631,242590.125,195961.7161,68.4603,29.0,23.0,71.0,203.0,476333.0962,239443.0326,485078.375,672294.8123,242488.25,0,0.0
OAS30935,,,,,10.0,8.0,27.0,15.0,34.0,80.0,40.0,58.0,,,,,,68.4603,29.0,23.0,70.5,189.0,,,,,,1,0.5
OAS30935,,,,,11.0,9.0,23.0,13.0,41.0,89.0,33.0,60.0,,,,,,68.4603,28.0,23.0,70.0,176.0,,,,,,1,0.5
OAS30936,,,,,,,,,18.0,,40.0,58.0,,,,,,57.5781,,33.0,,,,,,,,0,0.0
OAS30936,,,,,,,,,18.0,,49.0,57.0,,,,,,57.5781,,33.0,,,,,,,,0,0.0
OAS30936,,,,,,,,,24.0,41.0,40.0,58.0,,,,,,57.5781,,33.0,,145.0,,,,,,0,0.0
OAS30936,,,,,,,,,17.0,42.0,55.0,59.0,,,,,,57.5781,,33.0,,162.0,,,,,,0,0.0
OAS30936,,,,,,,,,16.0,34.0,53.0,57.0,,,,,,57.5781,,33.0,,166.0,,,,,,0,0.0
OAS30936,,,,,,,17.0,,14.0,36.0,59.0,60.0,,,,,,57.5781,28.0,33.0,,174.0,,,,,,0,0.0
OAS30936,,,,,,,28.0,,16.0,35.0,58.0,60.0,,,,,,57.5781,30.0,33.0,,149.0,,,,,,0,0.0
OAS30936,,,,,,,26.0,,20.0,48.0,51.0,56.0,,,,,,57.5781,27.0,33.0,,172.0,,,,,,0,0.0
OAS30936,,,,,,,24.0,,19.0,37.0,57.0,59.0,,,,,,57.5781,29.0,33.0,,169.0,,,,,,0,0.0
OAS30936,,,,,,,21.0,,24.0,36.0,55.0,59.0,,,,,,57.5781,30.0,33.0,,164.0,,,,,,0,0.0
OAS30936,,,,,,,21.0,,17.0,33.0,56.0,56.0,,,,,,57.5781,30.0,33.0,,176.0,,,,,,0,0.0
OAS30936,,,,,16.0,16.0,22.0,21.0,16.0,33.0,64.0,60.0,179920.5327,1323016.748,834376.6524,209304.6719,149596.5782,57.5781,30.0,33.0,62.5,175.0,361927.7663,182007.2336,421719.2344,511524.3444,212414.5625,0,0.0
OAS30936,,,,,19.0,19.0,14.0,30.0,14.0,40.0,45.0,60.0,179920.5327,1323016.748,834376.6524,209304.6719,149596.5782,57.5781,28.0,33.0,62.0,179.0,361927.7663,182007.2336,421719.2344,511524.3444,212414.5625,0,0.0
OAS30936,,,,,21.0,19.0,29.0,20.0,13.0,34.0,53.0,56.0,175402.2739,1398542.721,815300.1842,188530.225,49132.0,57.5781,30.0,33.0,62.0,178.0,356841.1925,181438.9186,376514.9917,486069.1925,187984.7667,0,0.0
OAS30936,,,,,20.0,18.0,19.0,22.0,16.0,42.0,55.0,58.0,184157.7069,1403071.836,831259.1283,188586.6499,45686.0,57.5781,27.0,33.0,61.5,178.0,368638.3435,184480.6366,381750.7848,491391.3435,193164.1349,0,0.0
OAS30936,,,,,17.0,18.0,24.0,19.0,17.0,36.0,54.0,52.0,,,,,,57.5781,30.0,33.0,61.0,166.0,,,,,,0,0.0
OAS30936,,,,,16.0,15.0,23.0,14.0,17.0,53.0,50.0,58.0,,,,,,57.5781,30.0,33.0,61.0,152.0,,,,,,0,0.0
OAS30936,9.0,7.0,9.0,6.0,,,20.0,13.0,17.0,56.0,49.0,,,,,,,57.5781,29.0,33.0,60.75,148.1999512,,,,,,0,0.0
OAS30936,9.0,7.0,9.0,6.0,,,20.0,17.0,17.0,47.0,49.0,,,,,,,57.5781,30.0,33.0,60.5,152.7999268,,,,,,0,0.0
OAS30937,,,,,,,31.0,,33.0,50.0,43.0,60.0,,,,,,73.2384,23.0,33.0,,116.0,,,,,,0,0.0
OAS30937,,,,,17.0,16.0,30.0,20.0,20.0,42.0,46.0,58.0,,,,,,73.2384,28.0,33.0,61.0,115.0,,,,,,0,0.0
OAS30937,,,,,18.0,17.0,31.0,22.0,25.0,44.0,44.0,60.0,,,,,,73.2384,30.0,33.0,61.5,119.0,,,,,,0,0.0
OAS30937,,,,,18.0,18.0,35.0,21.0,29.0,55.0,42.0,60.0,,,,,,73.2384,30.0,33.0,61.0,120.0,,,,,,0,0.0
OAS30937,,,,,19.0,20.0,27.0,23.0,25.0,62.0,54.0,60.0,,,,,,73.2384,29.0,33.0,62.0,118.0,,,,,,0,0.0
OAS30937,,,,,17.0,17.0,34.0,18.0,25.0,62.0,45.0,60.0,,,,,,73.2384,30.0,33.0,61.0,121.0,,,,,,0,0.0
OAS30937,,,,,16.0,17.0,34.0,28.0,27.0,52.0,43.0,58.0,,,,,,73.2384,30.0,33.0,61.0,120.0,,,,,,0,0.0
OAS30937,,,,,17.0,15.0,29.0,18.0,28.0,48.0,48.0,56.0,,,,,,73.2384,29.0,33.0,60.0,119.0,,,,,,0,0.0
OAS30937,,,,,15.0,14.0,32.0,22.0,28.0,65.0,44.0,60.0,,,,,,73.2384,30.0,33.0,61.5,119.0,,,,,,0,0.0
OAS30937,10.0,8.0,9.0,6.0,,,26.0,16.0,24.0,53.0,39.0,,,,,,,73.2384,30.0,33.0,61.0,121.0,,,,,,0,0.0
OAS30938,,,,,15.0,11.0,27.0,17.0,42.0,71.0,32.0,52.0,170864.054,1263893.486,796037.5955,186962.8267,46257.0,69.2603,29.0,23.0,71.0,236.0,344848.0162,173983.9623,377052.5793,473033.0162,190089.7526,0,0.0
OAS30938,,,,,16.0,11.0,19.0,17.0,53.0,65.0,35.0,54.0,165503.9901,1347347.215,767913.2664,177735.1693,44707.0,69.2603,30.0,23.0,70.0,238.0,332813.5231,167309.533,359347.7433,454357.5231,181612.574,0,0.0
OAS30938,10.0,7.0,11.0,8.0,,,28.0,19.0,46.0,50.0,38.0,,,,,,,69.2603,29.0,23.0,71.0,239.0,,,,,,0,0.0
OAS30938,13.0,9.0,12.0,8.0,,,20.0,12.0,36.0,64.0,35.0,,160401.051,1362481.741,787759.5171,189043.0231,43873.0,69.2603,30.0,23.0,70.0,241.0,323891.5288,163490.4778,385175.9883,449954.5288,196132.9652,0,0.0
OAS30938,11.0,9.0,8.0,6.0,,,28.0,13.0,,,,,,,,,,69.2603,,23.0,,,,,,,,0,0.0
OAS30939,,,,,17.0,14.0,14.0,7.0,31.0,110.0,43.0,60.0,,,,,,83.3863,26.0,33.0,64.2,125.0,,,,,,0,0.0
OAS30939,,,,,13.0,15.0,14.0,15.0,42.0,95.0,43.0,56.0,187677.5442,1461567.133,860104.1476,200016.8607,46803.0,83.3863,30.0,33.0,64.0,123.0,376150.8912,188473.347,398597.2564,502560.8912,198580.3957,0,0.0
OAS30939,,,,,17.0,17.0,13.0,8.0,29.0,80.0,44.0,56.0,,,,,,83.3863,30.0,33.0,64.0,131.0,,,,,,0,0.0
OAS30939,,,,,17.0,17.0,14.0,8.0,28.0,77.0,43.0,60.0,,,,,,83.3863,30.0,33.0,64.0,137.0,,,,,,0,0.0
OAS30939,,,,,17.0,20.0,17.0,7.0,25.0,104.0,40.0,56.0,182519.6839,1385316.299,837982.694,190860.5325,45538.0,83.3863,30.0,33.0,63.0,120.0,366169.6582,183649.9742,379840.0358,486052.6582,188979.5033,0,0.0
OAS30941,,,,,,,6.0,,70.0,180.0,24.0,19.0,,,,,,83.6137,26.0,23.0,,159.0,,,,,,1,0.5
OAS30941,,,,,1.0,0.0,4.0,0.0,73.0,180.0,14.0,16.0,173505.2126,1543103.739,837709.0991,195910.2188,138335.7972,83.6137,14.0,23.0,67.0,143.0,366979.2228,193474.0102,404959.4688,505315.02,209049.25,2,1.0
OAS30942,,,,,9.0,8.0,16.0,17.0,19.0,49.0,50.0,54.0,235968.1689,1861196.975,1076285.6,244903.4842,56014.0,74.4055,29.0,33.0,73.0,157.0,476508.9078,240540.7389,486035.6923,641568.9078,241132.208,0,0.0
OAS30942,,,,,13.0,12.0,21.0,18.0,29.0,45.0,54.0,48.0,235968.1689,1861196.975,1076285.6,244903.4842,56014.0,74.4055,29.0,33.0,73.0,153.0,476508.9078,240540.7389,486035.6923,641568.9078,241132.208,0,0.0
OAS30942,,,,,15.0,13.0,19.0,19.0,22.0,45.0,57.0,52.0,230898.0386,1876590.231,1073711.203,247944.4037,54447.0,74.4055,30.0,33.0,73.0,145.0,463517.3491,232619.3106,492573.8541,626048.3491,244629.4504,0,0.0
OAS30942,,,,,10.0,10.0,11.0,15.0,35.0,62.0,48.0,52.0,,,,,,74.4055,30.0,33.0,73.0,148.0,,,,,,0,0.0
OAS30942,,,,,13.0,10.0,18.0,23.0,26.0,55.0,49.0,50.0,,,,,,74.4055,30.0,33.0,72.0,151.0,,,,,,0,0.0
OAS30942,,,,,9.0,9.0,19.0,14.0,25.0,43.0,50.0,54.0,,,,,,74.4055,29.0,33.0,73.0,153.0,,,,,,0,0.0
OAS30942,,,,,10.0,10.0,17.0,13.0,24.0,47.0,49.0,50.0,,,,,,74.4055,30.0,33.0,73.0,152.0,,,,,,0,0.0
OAS30942,,,,,11.0,10.0,12.0,15.0,30.0,66.0,40.0,48.0,,,,,,74.4055,29.0,33.0,72.75,145.0,,,,,,0,0.0
OAS30942,7.0,6.0,4.0,3.0,,,12.0,11.0,22.0,55.0,37.0,,,,,,,74.4055,30.0,33.0,73.0,151.0,,,,,,0,0.0
OAS30942,7.0,6.0,2.0,3.0,,,11.0,10.0,24.0,51.0,47.0,,,,,,,74.4055,30.0,33.0,72.0,144.0,,,,,,0,0.0
OAS30943,6.0,5.0,7.0,5.0,22.0,18.0,24.0,10.0,21.0,93.0,57.0,,210616.3289,1462998.718,906719.3687,204508.9098,49453.0,69.3863,30.0,34.0,70.0,178.0,419712.7786,209096.4497,409078.5901,553889.7786,204569.6803,0,0.0
OAS30943,5.0,5.0,7.0,5.0,19.0,19.0,22.0,14.0,23.0,63.0,54.0,,210616.3289,1462998.718,906719.3687,204508.9098,49453.0,69.3863,30.0,34.0,69.5,184.0,419712.7786,209096.4497,409078.5901,553889.7786,204569.6803,0,0.0
OAS30943,6.0,6.0,5.0,4.0,,,25.0,9.0,21.0,81.0,54.0,,,,,,,69.3863,30.0,34.0,69.5,186.0,,,,,,0,0.0
OAS30943,6.0,5.0,5.0,4.0,,,26.0,11.0,19.0,60.0,53.0,,,,,,,69.3863,30.0,34.0,69.5,186.5999756,,,,,,0,0.0
OAS30943,9.0,7.0,7.0,5.0,,,23.0,10.0,19.0,52.0,54.0,,,,,,,69.3863,30.0,34.0,69.4,182.0,,,,,,0,0.0
OAS30944,,,,,11.0,8.0,22.0,8.0,30.0,74.0,50.0,60.0,221610.9191,1515438.483,984187.8151,233629.5644,56620.0,68.6466,30.0,33.0,64.3,134.0,443784.6588,222173.7397,465500.1563,559774.6588,231870.5919,0,0.0
OAS30944,,,,,8.0,10.0,32.0,13.0,23.0,53.0,54.0,60.0,221610.9191,1515438.483,984187.8151,233629.5644,56620.0,68.6466,30.0,33.0,64.0,137.0,443784.6588,222173.7397,465500.1563,559774.6588,231870.5919,0,0.0
OAS30944,,,,,13.0,14.0,26.0,9.0,26.0,98.0,57.0,58.0,,,,,,68.6466,27.0,33.0,64.0,134.0,,,,,,0,0.0
OAS30944,,,,,13.0,13.0,27.0,9.0,25.0,60.0,57.0,58.0,,,,,,68.6466,29.0,33.0,64.0,135.0,,,,,,0,0.0
OAS30944,,,,,11.0,8.0,25.0,10.0,42.0,91.0,51.0,58.0,,,,,,68.6466,29.0,33.0,63.0,136.0,,,,,,0,0.0
OAS30944,,,,,13.0,12.0,22.0,12.0,21.0,84.0,53.0,60.0,,,,,,68.6466,29.0,33.0,64.0,138.0,,,,,,0,0.0
OAS30944,,,,,10.0,10.0,21.0,11.0,30.0,64.0,48.0,60.0,,,,,,68.6466,28.0,33.0,64.0,141.0,,,,,,0,0.0
OAS30944,,,,,16.0,14.0,19.0,8.0,45.0,83.0,61.0,60.0,,,,,,68.6466,30.0,33.0,64.0,139.0,,,,,,0,0.0
OAS30944,7.0,6.0,6.0,5.0,,,20.0,12.0,40.0,132.0,59.0,,,,,,,68.6466,28.0,33.0,65.0,146.0,,,,,,0,0.0
OAS30944,8.0,7.0,6.0,5.0,,,23.0,7.0,34.0,80.0,43.0,,,,,,,68.6466,29.0,33.0,64.0,145.1999512,,,,,,0,0.0
OAS30944,7.0,6.0,7.0,5.0,,,17.0,7.0,51.0,79.0,45.0,,,,,,,68.6466,28.0,33.0,63.5,141.5999756,,,,,,1,0.5
OAS30944,10.0,8.0,6.0,4.0,,,15.0,3.0,,,,,,,,,,68.6466,,33.0,,,,,,,,2,1.0
OAS30945,10.0,7.0,9.0,6.0,15.0,16.0,26.0,19.0,30.0,60.0,54.0,,202990.8099,1444262.839,917766.5108,205806.3756,49441.0,73.8192,30.0,33.0,63.5,148.0,408136.6081,205145.7982,414221.9027,539961.6081,208415.5271,0,0.0
OAS30945,9.0,7.0,8.0,6.0,,,31.0,21.0,35.0,91.0,53.0,,202990.8099,1444262.839,917766.5108,205806.3756,49441.0,73.8192,30.0,33.0,63.5,148.0,408136.6081,205145.7982,414221.9027,539961.6081,208415.5271,0,0.0
OAS30945,9.0,7.0,9.0,7.0,,,29.0,20.0,34.0,85.0,52.0,,,,,,,73.8192,29.0,33.0,63.75,141.0,,,,,,0,0.0
OAS30945,8.0,7.0,8.0,6.0,,,26.0,20.0,32.0,97.0,53.0,,,,,,,73.8192,28.0,33.0,63.25,143.0,,,,,,0,0.0
OAS30946,,,,,,,26.0,,31.0,56.0,53.0,60.0,234320.7607,1521206.411,1014975.946,250348.8594,175149.9598,53.3534,29.0,33.0,,156.0,471795.8732,237475.1125,502585.5,646945.833,252236.6406,0,0.0
OAS30947,,,,,,,20.0,,24.0,43.0,59.0,59.0,,,,,,57.6055,30.0,44.0,,151.0,,,,,,1,0.5
OAS30947,,,,,11.0,3.0,28.0,16.0,12.0,35.0,73.0,60.0,,,,,,57.6055,30.0,44.0,67.0,155.0,,,,,,1,0.5
OAS30947,,,,,7.0,1.0,32.0,16.0,13.0,25.0,71.0,60.0,,,,,,57.6055,30.0,44.0,67.0,152.0,,,,,,1,0.5
OAS30947,,,,,5.0,0.0,31.0,20.0,20.0,46.0,74.0,60.0,211643.0174,1449913.829,871797.5162,187830.6382,50928.0,57.6055,26.0,44.0,67.0,147.0,427550.1439,215907.1266,374762.3722,572934.1439,186931.7341,1,0.5
OAS30947,,,,,9.0,1.0,22.0,17.0,17.0,40.0,75.0,60.0,,,,,,57.6055,25.0,44.0,67.0,148.0,,,,,,1,0.5
OAS30948,,,,,0.0,0.0,2.0,2.0,180.0,,,14.0,,,,,,77.9863,9.0,34.0,61.5,88.0,,,,,,2,3.0
OAS30949,,,,,11.0,11.0,21.0,18.0,27.0,136.0,58.0,58.0,179707.2601,1398510.646,879193.9269,224413.032,53094.0,67.5288,30.0,33.0,65.0,207.0,359244.133,179536.8729,442348.7939,489527.133,217935.7619,0,0.0
OAS30949,,,,,13.0,11.0,20.0,16.0,38.0,119.0,53.0,60.0,179589.1695,1406966.619,870066.8997,216124.2207,52369.0,67.5288,27.0,33.0,65.0,198.0,364285.0753,184695.9058,429128.8244,493625.0753,213004.6037,0,0.0
OAS30949,,,,,12.0,12.0,19.0,17.0,30.0,128.0,49.0,54.0,179589.1695,1406966.619,870066.8997,216124.2207,52369.0,67.5288,29.0,33.0,64.0,199.0,364285.0753,184695.9058,429128.8244,493625.0753,213004.6037,0,0.0
OAS30949,,,,,10.0,12.0,15.0,17.0,34.0,123.0,50.0,58.0,,,,,,67.5288,29.0,33.0,64.5,203.0,,,,,,0,0.0
OAS30949,,,,,17.0,16.0,13.0,11.0,37.0,180.0,49.0,60.0,,,,,,67.5288,28.0,33.0,64.0,207.0,,,,,,0,0.0
OAS30949,,,,,14.0,15.0,22.0,11.0,34.0,180.0,44.0,60.0,,,,,,67.5288,28.0,33.0,64.0,210.0,,,,,,0,0.0
OAS30949,6.0,6.0,4.0,3.0,,,14.0,11.0,34.0,134.0,46.0,,,,,,,67.5288,30.0,33.0,64.0,201.0,,,,,,0,0.0
OAS30949,3.0,4.0,4.0,3.0,,,14.0,15.0,44.0,180.0,37.0,,,,,,,67.5288,30.0,33.0,63.3,179.0,,,,,,0,0.0
OAS30949,5.0,5.0,3.0,3.0,,,13.0,19.0,,,,,,,,,,67.5288,,33.0,,,,,,,,1,0.5
OAS30950,,,,,12.0,14.0,11.0,9.0,33.0,81.0,48.0,58.0,244215.2465,1602255.209,1041599.554,236402.3726,57985.0,65.2877,29.0,34.0,70.0,157.0,488813.5904,244598.3438,472406.9637,647367.5904,236004.5911,0,0.0
OAS30951,,,,,,,27.0,,28.0,53.0,71.0,53.0,,,,,,56.8712,30.0,24.0,,151.0,,,,,,1,0.5
OAS30951,,,,,,,22.0,,37.0,63.0,61.0,55.0,,,,,,56.8712,30.0,24.0,,155.0,,,,,,1,0.5
OAS30951,7.0,6.0,7.0,5.0,,,21.0,14.0,26.0,67.0,58.0,,,,,,,56.8712,29.0,24.0,65.0,106.0,,,,,,1,0.5
OAS30952,,,,,3.0,0.0,12.0,6.0,180.0,180.0,3.0,26.0,,,,,,93.6329,19.0,24.0,59.0,101.0,,,,,,1,0.5
OAS30952,,,,,4.0,0.0,7.0,7.0,179.0,180.0,,16.0,,,,,,93.6329,21.0,24.0,58.0,96.0,,,,,,2,1.0
OAS30953,,,,,13.0,8.0,14.0,8.0,37.0,63.0,28.0,46.0,176575.418,1459050.058,793755.6533,165828.177,38260.0,81.1452,29.0,34.0,68.0,185.0,346421.043,169845.6251,326084.6102,461744.043,160256.4332,1,0.5
OAS30953,,,,,10.0,7.0,15.0,8.0,46.0,92.0,38.0,46.0,176575.418,1459050.058,793755.6533,165828.177,38260.0,81.1452,25.0,34.0,69.0,184.0,346421.043,169845.6251,326084.6102,461744.043,160256.4332,1,0.5
OAS30953,,,,,3.0,2.0,11.0,4.0,57.0,173.0,23.0,44.0,,,,,,81.1452,26.0,34.0,88.8,888.0,,,,,,2,1.0
OAS30954,,,,,1.0,0.0,4.0,6.0,93.0,180.0,,32.0,169478.9467,1411793.097,768468.8353,168771.6634,38920.0,80.1233,17.0,33.0,65.0,152.0,342395.4586,172916.5119,337434.3768,468085.4586,168662.7134,2,1.0
OAS30955,,,,,0.0,0.0,12.0,9.0,145.0,180.0,19.0,26.0,131635.8029,1305433.028,772519.0716,197184.0107,40639.0,80.7041,20.0,34.0,58.0,153.0,275960.4014,144324.5985,367349.6702,374296.4014,170165.6596,2,1.0
OAS30957,,,,,2.0,0.0,2.0,0.0,52.0,91.0,30.0,18.0,202778.2645,1750878.078,978046.211,221240.388,50452.0,73.2219,22.0,34.0,72.0,234.0,421394.8598,218616.5953,448060.3513,585093.8598,226819.9633,1,0.5
OAS30958,,,,,32.0,,19.0,,20.0,37.0,,,,,,,,52.2082,30.0,33.0,,118.0,,,,,,0,0.0
OAS30959,,,,,11.0,10.0,19.0,18.0,25.0,53.0,67.0,58.0,214833.4248,1376128.275,950578.5044,218795.6563,173628.0,69.526,28.0,34.0,55.0,159.0,426981.0194,212147.5946,441614.5781,600609.0194,222818.9219,0,0.0
OAS30959,,,,,16.0,15.0,22.0,20.0,34.0,68.0,57.0,56.0,198881.9746,1257392.968,870388.0929,200039.4226,47336.0,69.526,30.0,34.0,65.0,160.0,401638.2009,202756.2263,402257.8919,537308.2009,202218.4693,0,0.0
OAS30959,,,,,16.0,15.0,19.0,14.0,24.0,56.0,62.0,58.0,198881.9746,1257392.968,870388.0929,200039.4226,47336.0,69.526,29.0,34.0,64.5,167.0,401638.2009,202756.2263,402257.8919,537308.2009,202218.4693,0,0.0
OAS30959,,,,,15.0,17.0,17.0,14.0,29.0,67.0,64.0,58.0,192555.0436,1304493.4,861441.1383,203271.7033,47353.0,69.526,30.0,34.0,64.0,163.0,388610.5122,196055.4686,405212.6261,523078.5122,201940.9228,0,0.0
OAS30959,,,,,19.0,18.0,16.0,13.0,28.0,62.0,63.0,56.0,,,,,,69.526,29.0,34.0,64.5,159.0,,,,,,0,0.0
OAS30959,,,,,18.0,19.0,12.0,12.0,27.0,55.0,54.0,58.0,202248.2374,1333663.167,864711.1008,194953.453,46963.0,69.526,30.0,34.0,64.0,138.0,406034.2395,203786.0021,391482.8613,540493.2395,196529.4084,0,0.0
OAS30959,,,,,20.0,19.0,17.0,17.0,24.0,51.0,60.0,58.0,199912.8237,1300987.479,865466.5288,196550.6353,46330.0,69.526,29.0,34.0,65.0,145.0,402391.3073,202478.4835,396300.2216,534629.3073,199749.5863,0,0.0
OAS30959,,,,,17.0,16.0,15.0,15.0,24.0,57.0,63.0,58.0,196470.7068,1322074.32,850699.5878,192297.2354,47316.0,69.526,28.0,34.0,63.8,151.0,397173.3082,200702.6015,386409.2796,530846.3082,194112.0442,1,0.5
OAS30959,,,,,17.0,16.0,17.0,16.0,29.0,56.0,60.0,56.0,196470.7068,1322074.32,850699.5878,192297.2354,47316.0,69.526,29.0,34.0,64.5,150.0,397173.3082,200702.6015,386409.2796,530846.3082,194112.0442,0,0.0
OAS30959,,,,,20.0,16.0,16.0,12.0,22.0,51.0,58.0,56.0,187904.7909,1293660.326,837129.6332,192687.5405,44539.0,69.526,29.0,34.0,63.75,149.0,380474.1401,192569.3492,388428.4931,506234.1401,195740.9525,0,0.0
OAS30959,8.0,6.0,8.0,6.0,,,16.0,15.0,27.0,47.0,59.0,,186669.4071,1337391.765,838563.8572,191391.8883,46013.0,69.526,29.0,34.0,64.0,147.0,376632.5262,189963.1191,386860.331,508051.5262,195468.4427,0,0.0
OAS30959,8.0,7.0,7.0,5.0,,,16.0,12.0,36.0,65.0,49.0,,187713.931,1340564.891,849679.252,196062.7429,45233.0,69.526,29.0,34.0,64.0,144.0,378712.6158,190998.6848,396501.6362,514306.6158,200438.8933,1,0.5
OAS30959,9.0,7.0,7.0,5.0,,,12.0,14.0,31.0,62.0,51.0,,,,,,,69.526,30.0,34.0,63.7,150.0,,,,,,1,0.5
OAS30959,8.0,6.0,7.0,5.0,,,12.0,15.0,,,,,,,,,,69.526,,34.0,,,,,,,,1,0.5
OAS30960,,,,,,,22.0,,22.0,54.0,79.0,56.0,190669.0191,1306232.73,890908.9185,233900.9219,157501.1491,52.1041,30.0,33.0,,138.0,379369.3951,188700.3761,468266.9063,536870.5443,234365.9844,0,0.0
OAS30960,,,,,17.0,,20.0,,17.0,51.0,,,187799.36,1318223.565,867975.3215,208650.6344,49802.0,52.1041,29.0,33.0,65.0,150.0,378309.4041,190510.0441,415821.9174,510613.4041,207171.283,0,0.0
OAS30960,,,,,20.0,,17.0,,25.0,47.0,,,193365.8612,1381895.681,886501.7444,208697.1699,50885.0,52.1041,30.0,33.0,65.0,158.3999023,389608.9738,196243.1126,418725.7706,528288.9738,210028.6007,0,0.0
OAS30961,3.0,4.0,6.0,5.0,17.0,16.0,20.0,17.0,35.0,123.0,39.0,,200496.0554,1460643.411,912706.7824,209000.2443,53311.0,73.5178,28.0,33.0,64.5,164.0,403497.0828,203001.0274,415309.6997,549128.0828,206309.4553,0,0.0
OAS30961,5.0,5.0,4.0,4.0,,,20.0,10.0,50.0,144.0,41.0,,200496.0554,1460643.411,912706.7824,209000.2443,53311.0,73.5178,28.0,33.0,64.5,163.0,403497.0828,203001.0274,415309.6997,549128.0828,206309.4553,0,0.0
OAS30961,5.0,5.0,2.0,2.0,,,20.0,11.0,41.0,107.0,36.0,,,,,,,73.5178,29.0,33.0,64.5,160.7999268,,,,,,0,0.0
OAS30961,5.0,5.0,4.0,3.0,,,21.0,17.0,43.0,116.0,34.0,,,,,,,73.5178,29.0,33.0,64.3,160.5,,,,,,1,0.5
OAS30962,,,,,13.0,12.0,27.0,16.0,32.0,112.0,43.0,50.0,215150.3849,1566178.458,932360.9614,199178.5355,50697.0,67.0384,28.0,33.0,64.0,276.0,429673.8347,214523.4498,397050.1267,569287.8347,197871.5912,0,0.0
OAS30962,,,,,16.0,12.0,29.0,23.0,35.0,60.0,41.0,54.0,,,,,,67.0384,29.0,33.0,64.0,269.0,,,,,,0,0.0
OAS30962,,,,,17.0,16.0,25.0,18.0,37.0,91.0,43.0,48.0,,,,,,67.0384,25.0,33.0,64.0,256.0,,,,,,0,0.0
OAS30962,13.0,9.0,7.0,6.0,,,25.0,14.0,34.0,76.0,44.0,,,,,,,67.0384,30.0,33.0,63.5,240.0,,,,,,0,0.0
OAS30962,10.0,7.0,6.0,4.0,,,16.0,16.0,46.0,81.0,41.0,,,,,,,67.0384,30.0,33.0,63.4,220.3999023,,,,,,0,0.0
OAS30962,9.0,8.0,6.0,4.0,,,21.0,21.0,,,,,,,,,,67.0384,,33.0,,,,,,,,0,0.0
OAS30963,,,,,,,27.0,,20.0,47.0,62.0,56.0,223221.0649,1458036.365,934394.2515,223772.9688,187116.2641,48.811,30.0,23.0,,220.0,440396.7481,217175.6831,445775.0313,627513.0122,222002.0625,0,0.0
OAS30963,,,,,26.0,,36.0,,21.0,38.0,,,219904.1835,1516435.93,938638.8639,207687.3348,55801.0,48.811,29.0,23.0,69.0,213.0,439802.556,219898.3724,416041.3079,602960.556,208353.9731,0,0.0
OAS30963,,,,,32.0,,30.0,,20.0,45.0,,,211245.0684,1511063.89,913252.515,200101.9485,54207.0,48.811,30.0,23.0,68.5,199.0,422139.963,210894.8947,404664.552,576595.963,204562.6035,0,0.0
OAS30964,,,,,,,19.0,,28.0,59.0,57.0,59.0,,,,,,66.1123,30.0,34.0,,146.0,,,,,,0,0.0
OAS30964,,,,,12.0,12.0,20.0,15.0,19.0,52.0,64.0,58.0,194290.9213,1299957.337,860950.58,213562.4531,163859.78,66.1123,30.0,34.0,65.0,149.0,392816.4175,198525.4962,426931.1875,556676.1975,213368.7344,0,0.0
OAS30964,,,,,12.0,12.0,21.0,15.0,26.0,96.0,57.0,60.0,202555.0702,1407290.605,874137.0222,193811.8711,50179.0,66.1123,30.0,34.0,64.0,147.0,410388.0985,207833.0284,388808.9236,550490.0985,194997.0525,0,0.0
OAS30964,,,,,16.0,16.0,19.0,17.0,28.0,59.0,57.0,58.0,202555.0702,1407290.605,874137.0222,193811.8711,50179.0,66.1123,29.0,34.0,64.2,140.0,410388.0985,207833.0284,388808.9236,550490.0985,194997.0525,0,0.0
OAS30964,,,,,14.0,14.0,19.0,11.0,25.0,55.0,56.0,60.0,189391.5723,1401253.983,852030.0167,193557.02,47824.0,66.1123,30.0,34.0,65.0,145.0,382579.9364,193188.3641,395651.0802,519503.9364,202094.0602,0,0.0
OAS30964,,,,,13.0,12.0,13.0,13.0,26.0,56.0,50.0,60.0,189391.5723,1401253.983,852030.0167,193557.02,47824.0,66.1123,29.0,34.0,64.0,144.0,382579.9364,193188.3641,395651.0802,519503.9364,202094.0602,0,0.0
OAS30964,,,,,12.0,12.0,17.0,9.0,27.0,59.0,59.0,56.0,,,,,,66.1123,28.0,34.0,64.0,141.0,,,,,,0,0.0
OAS30964,,,,,12.0,13.0,11.0,13.0,29.0,52.0,60.0,58.0,195171.3323,1380569.364,847688.054,186388.6776,47608.0,66.1123,30.0,34.0,64.0,132.0,395554.8483,200383.5159,376609.2058,532247.8483,190220.5282,0,0.0
OAS30964,,,,,10.0,8.0,10.0,9.0,28.0,65.0,56.0,56.0,,,,,,66.1123,29.0,34.0,64.0,140.0,,,,,,0,0.0
OAS30964,,,,,4.0,4.0,10.0,10.0,27.0,79.0,56.0,50.0,182604.9458,1339911.659,821810.1059,180574.143,44769.0,66.1123,29.0,34.0,64.0,139.0,373658.6187,191053.6729,367000.4872,502477.6187,186426.3442,1,0.5
OAS30964,,,,,3.0,2.0,16.0,11.0,25.0,89.0,56.0,52.0,182604.9458,1339911.659,821810.1059,180574.143,44769.0,66.1123,28.0,34.0,64.0,137.0,373658.6187,191053.6729,367000.4872,502477.6187,186426.3442,1,0.5
OAS30964,9.0,7.0,5.0,4.0,,,6.0,6.0,32.0,85.0,54.0,,,,,,,66.1123,24.0,34.0,63.75,141.0,,,,,,1,0.5
OAS30964,6.0,6.0,5.0,4.0,,,6.0,3.0,43.0,180.0,38.0,,,,,,,66.1123,25.0,34.0,63.5,149.0,,,,,,1,0.5
OAS30965,,,,,,,16.0,,37.0,82.0,46.0,52.0,,,,,,73.7863,25.0,33.0,,141.0,,,,,,1,0.5
OAS30965,,,,,,,14.0,,36.0,82.0,38.0,56.0,210086.4463,1644036.881,981501.2515,213662.7188,171456.2748,73.7863,25.0,33.0,,179.0,421217.9594,211131.5131,434107.7813,592674.2343,220445.0625,1,0.5
OAS30965,,,,,7.0,2.0,10.0,4.0,36.0,173.0,36.0,56.0,210086.4463,1644036.881,981501.2515,213662.7188,171456.2748,73.7863,25.0,33.0,71.0,178.0,421217.9594,211131.5131,434107.7813,592674.2343,220445.0625,1,0.5
OAS30965,,,,,4.0,0.0,9.0,4.0,68.0,180.0,15.0,46.0,,,,,,73.7863,22.0,33.0,70.0,197.0,,,,,,2,1.0
OAS30965,,,,,3.0,2.0,6.0,1.0,180.0,180.0,9.0,38.0,,,,,,73.7863,17.0,33.0,70.2,199.0,,,,,,2,2.0
OAS30966,,,,,23.0,,19.0,,36.0,84.0,,,226162.8537,1677219.323,1025650.158,240555.4929,54477.0,69.8493,26.0,33.0,70.0,165.0,458636.8467,232473.993,484103.3113,614482.8467,243547.8185,0,0.0
OAS30966,,,,,11.0,11.0,19.0,14.0,34.0,81.0,38.0,60.0,226162.8537,1677219.323,1025650.158,240555.4929,54477.0,69.8493,29.0,33.0,70.0,161.0,458636.8467,232473.993,484103.3113,614482.8467,243547.8185,0,0.0
OAS30966,,,,,10.0,9.0,21.0,12.0,34.0,100.0,38.0,56.0,218923.0571,1681735.446,1005650.082,233043.627,55113.0,69.8493,30.0,33.0,70.0,158.0,445448.3011,226525.2441,473566.7809,598781.3011,240523.1539,0,0.0
OAS30966,,,,,11.0,12.0,18.0,17.0,45.0,107.0,36.0,56.0,220086.1779,1691167.21,1016107.333,237703.2309,55104.0,69.8493,28.0,33.0,69.0,156.0,447739.8423,227653.6643,480472.4903,601070.8423,242769.2593,0,0.0
OAS30966,,,,,13.0,14.0,24.0,15.0,33.0,106.0,41.0,58.0,220086.1779,1691167.21,1016107.333,237703.2309,55104.0,69.8493,28.0,33.0,70.0,157.0,447739.8423,227653.6643,480472.4903,601070.8423,242769.2593,0,0.0
OAS30966,,,,,15.0,17.0,18.0,11.0,43.0,104.0,32.0,56.0,,,,,,69.8493,28.0,33.0,69.0,154.0,,,,,,0,0.0
OAS30966,,,,,17.0,15.0,22.0,15.0,43.0,100.0,38.0,56.0,,,,,,69.8493,29.0,33.0,69.3,154.0,,,,,,0,0.0
OAS30966,,,,,17.0,14.0,21.0,14.0,52.0,108.0,35.0,56.0,209027.0866,1649538.049,976866.8243,223779.5783,51567.0,69.8493,29.0,33.0,69.0,150.0,425205.6893,216178.6027,456024.135,564671.6893,232244.5567,0,0.0
OAS30966,10.0,7.0,5.0,4.0,,,22.0,14.0,48.0,124.0,32.0,,209027.0866,1649538.049,976866.8243,223779.5783,51567.0,69.8493,29.0,33.0,68.75,146.0,425205.6893,216178.6027,456024.135,564671.6893,232244.5567,0,0.0
OAS30966,11.0,8.0,5.0,4.0,,,16.0,11.0,61.0,134.0,28.0,,,,,,,69.8493,30.0,33.0,69.5,159.0,,,,,,0,0.0
OAS30966,9.0,7.0,6.0,4.0,,,15.0,11.0,71.0,167.0,25.0,,,,,,,69.8493,30.0,33.0,68.75,147.0,,,,,,0,0.0
OAS30966,8.0,6.0,5.0,4.0,,,14.0,8.0,59.0,180.0,26.0,,,,,,,69.8493,26.0,33.0,69.0,145.1999512,,,,,,0,0.0
OAS30967,,,,,12.0,11.0,24.0,24.0,39.0,102.0,43.0,50.0,196298.1984,1448180.27,880485.9616,195007.3323,51917.0,69.0712,29.0,33.0,64.0,153.0,394473.7575,198175.5592,394316.2041,523572.7575,199308.8718,0,0.0
OAS30967,,,,,12.0,15.0,26.0,21.0,54.0,123.0,42.0,56.0,198172.0492,1490273.182,881725.1425,213777.0313,155822.5022,69.0712,30.0,33.0,63.7,154.0,399379.0383,201206.9891,424330.375,555201.5406,210553.3438,0,0.0
OAS30967,,,,,15.0,10.0,28.0,21.0,67.0,93.0,45.0,54.0,189921.0645,1448028.723,862219.8279,193617.9015,50280.0,69.0712,29.0,33.0,64.0,144.0,384121.6052,194200.5406,388272.2227,513785.6052,194654.3213,0,0.0
OAS30967,,,,,12.0,15.0,33.0,34.0,46.0,81.0,52.0,54.0,196736.2006,1471901.703,874242.3323,192010.4156,50983.0,69.0712,29.0,33.0,63.0,152.0,395633.0058,198896.8052,386504.3265,523437.0058,194493.9109,0,0.0
OAS30967,,,,,18.0,16.0,25.0,32.0,46.0,93.0,50.0,56.0,,,,,,69.0712,30.0,33.0,63.3,143.0,,,,,,0,0.0
OAS30967,,,,,17.0,14.0,30.0,23.0,33.0,64.0,52.0,54.0,,,,,,69.0712,30.0,33.0,63.0,146.0,,,,,,0,0.0
OAS30967,,,,,17.0,17.0,35.0,26.0,35.0,72.0,52.0,54.0,,,,,,69.0712,30.0,33.0,63.0,143.0,,,,,,0,0.0
OAS30967,,,,,17.0,16.0,24.0,31.0,34.0,78.0,42.0,52.0,,,,,,69.0712,29.0,33.0,62.5,141.0,,,,,,0,0.0
OAS30967,,,,,18.0,15.0,28.0,30.0,40.0,85.0,38.0,54.0,,,,,,69.0712,29.0,33.0,62.7,138.0,,,,,,0,0.0
OAS30967,,,,,16.0,15.0,30.0,21.0,36.0,88.0,41.0,52.0,,,,,,69.0712,30.0,33.0,62.0,136.0,,,,,,0,0.0
OAS30967,7.0,6.0,8.0,5.0,,,28.0,29.0,44.0,69.0,42.0,,,,,,,69.0712,29.0,33.0,62.3,135.0,,,,,,0,0.0
OAS30967,7.0,6.0,8.0,6.0,,,24.0,22.0,47.0,101.0,37.0,,,,,,,69.0712,30.0,33.0,62.0,131.0,,,,,,0,0.0
OAS30967,9.0,7.0,6.0,4.0,,,22.0,23.0,56.0,133.0,38.0,,,,,,,69.0712,28.0,33.0,62.25,131.0,,,,,,0,0.0
OAS30967,9.0,7.0,10.0,6.0,,,24.0,27.0,56.0,103.0,41.0,,,,,,,69.0712,28.0,33.0,62.0,139.0,,,,,,0,0.0
OAS30968,,,,,29.0,,19.0,,22.0,50.0,,,185127.5414,1309376.836,854901.3306,206005.5224,47183.0,59.3973,30.0,33.0,63.8,160.0,375637.8746,190510.3333,413238.4559,503032.8746,207232.9336,0,0.0
OAS30968,,,,,32.0,,14.0,,28.0,69.0,,,185993.671,1285636.885,850732.9705,202081.613,46798.0,59.3973,30.0,33.0,63.3,155.0,375018.256,189024.585,408563.7144,503578.256,206482.1015,0,0.0
OAS30968,5.0,5.0,4.0,3.0,,,14.0,9.0,,,,,,,,,,59.3973,,33.0,,,,,,,,0,0.0
OAS30969,,,,,,,23.0,,33.0,97.0,54.0,55.0,192843.6186,1380073.86,868907.3604,216840.5313,163580.0499,65.9808,30.0,34.0,,158.0,382110.3979,189266.7792,433553.9688,545690.4478,216713.4375,0,0.0
OAS30969,,,,,6.0,4.0,29.0,11.0,23.0,109.0,56.0,54.0,192843.6186,1380073.86,868907.3604,216840.5313,163580.0499,65.9808,30.0,34.0,63.0,159.0,382110.3979,189266.7792,433553.9688,545690.4478,216713.4375,0,0.0
OAS30969,,,,,8.0,9.0,32.0,16.0,24.0,81.0,60.0,58.0,,,,,,65.9808,30.0,34.0,62.0,152.0,,,,,,0,0.0
OAS30969,,,,,13.0,14.0,28.0,24.0,35.0,128.0,60.0,58.0,,,,,,65.9808,30.0,34.0,62.5,160.0,,,,,,0,0.0
OAS30969,,,,,14.0,14.0,26.0,20.0,29.0,82.0,56.0,60.0,,,,,,65.9808,30.0,34.0,62.0,158.0,,,,,,0,0.0
OAS30970,13.0,9.0,4.0,3.0,11.0,10.0,20.0,13.0,27.0,67.0,44.0,,202209.0035,1483389.427,931272.7629,228079.0399,52846.0,68.3342,30.0,33.0,64.5,172.0,401311.0906,199102.0871,454364.6723,538219.0906,226285.6323,0,0.0
OAS30970,13.0,9.0,9.0,7.0,12.0,8.0,27.0,14.0,22.0,79.0,48.0,,202209.0035,1483389.427,931272.7629,228079.0399,52846.0,68.3342,28.0,33.0,65.0,183.0,401311.0906,199102.0871,454364.6723,538219.0906,226285.6323,0,0.0
OAS30970,12.0,9.0,7.0,5.0,,,21.0,13.0,24.0,69.0,47.0,,,,,,,68.3342,30.0,33.0,65.0,174.0,,,,,,0,0.0
OAS30970,13.0,9.0,10.0,8.0,,,18.0,15.0,31.0,82.0,42.0,,,,,,,68.3342,29.0,33.0,64.25,180.0,,,,,,0,0.0
OAS30972,,,,,,,19.0,,47.0,103.0,38.0,56.0,234433.5178,1402369.642,939018.0832,214316.25,169191.1294,65.5315,26.0,33.0,,180.0,469164.0299,234730.5121,431339.5469,638355.1593,217023.2969,1,0.5
OAS30972,,,,,8.0,8.0,14.0,9.0,18.0,65.0,35.0,58.0,234433.5178,1402369.642,939018.0832,214316.25,169191.1294,65.5315,28.0,33.0,69.0,185.0,469164.0299,234730.5121,431339.5469,638355.1593,217023.2969,1,0.5
OAS30972,,,,,12.0,8.0,14.0,7.0,24.0,68.0,35.0,56.0,,,,,,65.5315,27.0,33.0,68.5,187.0,,,,,,1,0.5
OAS30972,,,,,14.0,8.0,14.0,11.0,28.0,67.0,35.0,58.0,,,,,,65.5315,27.0,33.0,70.0,184.0,,,,,,0,0.0
OAS30972,,,,,9.0,11.0,11.0,10.0,32.0,86.0,38.0,54.0,228099.8362,1494992.501,924929.7691,193442.2747,54269.0,65.5315,29.0,33.0,69.0,185.0,458002.733,229902.8968,389663.0361,605892.733,196220.7614,1,0.5
OAS30972,,,,,14.0,13.0,13.0,5.0,25.0,74.0,33.0,56.0,,,,,,65.5315,26.0,33.0,69.0,191.0,,,,,,0,0.0
OAS30972,,,,,10.0,14.0,11.0,6.0,24.0,76.0,37.0,56.0,,,,,,65.5315,27.0,33.0,69.0,181.0,,,,,,0,0.0
OAS30972,7.0,7.0,6.0,4.0,,,7.0,4.0,26.0,95.0,30.0,,,,,,,65.5315,29.0,33.0,68.4,179.3999023,,,,,,1,0.5
OAS30972,10.0,8.0,6.0,5.0,,,8.0,6.0,30.0,79.0,28.0,,,,,,,65.5315,26.0,33.0,68.5,195.0,,,,,,1,0.5
OAS30973,,,,,14.0,14.0,19.0,17.0,53.0,87.0,36.0,58.0,201387.9941,1661148.031,915745.614,205535.6451,50850.0,81.1836,30.0,23.0,67.0,159.0,402927.8404,201539.8463,402827.7736,542794.8404,197292.1285,0,0.0
OAS30973,,,,,19.0,20.0,19.0,10.0,59.0,121.0,39.0,58.0,201387.9941,1661148.031,915745.614,205535.6451,50850.0,81.1836,30.0,23.0,66.5,160.0,402927.8404,201539.8463,402827.7736,542794.8404,197292.1285,0,0.0
OAS30973,10.0,8.0,8.0,6.0,,,18.0,11.0,61.0,179.0,27.0,,,,,,,81.1836,30.0,23.0,66.25,159.0,,,,,,0,0.0
OAS30973,5.0,5.0,5.0,4.0,,,18.0,11.0,64.0,153.0,30.0,,,,,,,81.1836,30.0,23.0,88.8,156.0,,,,,,0,0.0
OAS30974,,,,,13.0,13.0,18.0,16.0,28.0,127.0,,52.0,,,,,,81.9178,28.0,23.0,67.0,144.0,,,,,,0,0.0
OAS30974,,,,,14.0,13.0,23.0,13.0,52.0,180.0,31.0,52.0,,,,,,81.9178,28.0,23.0,67.0,137.0,,,,,,0,0.0
OAS30974,5.0,5.0,2.0,2.0,,,13.0,12.0,79.0,131.0,21.0,,,,,,,81.9178,27.0,23.0,67.0,136.5999756,,,,,,0,0.0
OAS30975,,,,,4.0,2.0,11.0,11.0,41.0,180.0,34.0,42.0,216546.7198,1851369.257,1036234.063,237018.4417,51927.0,82.0384,22.0,34.0,70.0,185.0,427574.393,211027.6732,471677.6702,574627.393,234659.2285,1,0.5
OAS30975,,,,,0.0,0.0,9.0,8.0,51.0,180.0,30.0,42.0,,,,,,82.0384,22.0,34.0,70.0,182.0,,,,,,1,0.5
OAS30975,,,,,0.0,0.0,9.0,9.0,48.0,180.0,23.0,40.0,,,,,,82.0384,23.0,34.0,70.3,184.0,,,,,,2,1.0
OAS30975,,,,,0.0,0.0,8.0,4.0,113.0,180.0,17.0,32.0,,,,,,82.0384,16.0,34.0,71.0,178.0,,,,,,2,1.0
OAS30975,,,,,0.0,,4.0,2.0,115.0,180.0,18.0,26.0,,,,,,82.0384,20.0,34.0,71.0,179.0,,,,,,2,1.0
OAS30976,,,,,8.0,8.0,5.0,1.0,134.0,180.0,11.0,26.0,159661.9063,1381169.574,746607.4785,159550.0676,46481.0,70.3616,16.0,44.0,65.5,159.0,316625.3683,156963.462,315875.1102,445847.3683,156325.0426,2,1.0
OAS30976,,,,,11.0,9.0,8.0,4.0,136.0,180.0,12.0,28.0,,,,,,70.3616,17.0,44.0,65.0,166.0,,,,,,2,1.0
OAS30977,,,,,18.0,16.0,18.0,16.0,42.0,118.0,40.0,60.0,,,,,,73.1945,29.0,33.0,61.5,146.0,,,,,,0,0.0
OAS30977,,,,,18.0,18.0,21.0,13.0,30.0,76.0,41.0,58.0,198379.2069,1405920.68,861882.4118,189800.6523,52515.0,73.1945,28.0,33.0,61.0,143.0,395396.6218,197017.4149,386076.7899,544676.6218,196276.1376,0,0.0
OAS30977,,,,,18.0,17.0,16.0,15.0,32.0,128.0,44.0,52.0,,,,,,73.1945,30.0,33.0,62.0,148.0,,,,,,0,0.0
OAS30977,,,,,17.0,15.0,19.0,12.0,47.0,180.0,42.0,58.0,,,,,,73.1945,30.0,33.0,61.4,139.5,,,,,,0,0.0
OAS30977,,,,,18.0,19.0,19.0,16.0,39.0,114.0,45.0,56.0,,,,,,73.1945,28.0,33.0,60.5,140.0,,,,,,0,0.0
OAS30977,,,,,17.0,18.0,18.0,11.0,47.0,147.0,36.0,56.0,,,,,,73.1945,30.0,33.0,61.3,139.0,,,,,,0,0.0
OAS30977,9.0,7.0,9.0,6.0,,,17.0,12.0,46.0,173.0,32.0,,,,,,,73.1945,30.0,33.0,61.0,140.0,,,,,,0,0.0
OAS30977,9.0,7.0,7.0,5.0,,,16.0,10.0,38.0,180.0,30.0,,,,,,,73.1945,28.0,33.0,61.5,142.3999023,,,,,,0,0.0
OAS30977,6.0,5.0,6.0,4.0,,,17.0,11.0,,,,,,,,,,73.1945,,33.0,,,,,,,,0,0.0
OAS30978,,,,,13.0,12.0,16.0,7.0,29.0,71.0,56.0,52.0,219705.2675,1521788.482,928286.248,195702.1095,55091.0,69.3233,29.0,33.0,68.0,178.0,444924.6746,225219.4071,393668.5734,602116.6746,197966.4639,0,0.0
OAS30978,,,,,12.0,10.0,21.0,11.0,25.0,78.0,61.0,52.0,219705.2675,1521788.482,928286.248,195702.1095,55091.0,69.3233,30.0,33.0,67.0,181.0,444924.6746,225219.4071,393668.5734,602116.6746,197966.4639,0,0.0
OAS30978,,,,,13.0,16.0,16.0,13.0,35.0,99.0,51.0,56.0,214237.972,1560392.552,927473.8279,199979.6744,54683.0,69.3233,29.0,33.0,67.0,184.0,432363.1076,218125.1357,402078.7203,593953.1076,202099.0458,1,0.5
OAS30978,5.0,5.0,3.0,3.0,,,16.0,6.0,30.0,95.0,49.0,,,,,,,69.3233,27.0,33.0,66.75,186.0,,,,,,0,0.0
OAS30978,7.0,6.0,5.0,4.0,,,18.0,10.0,26.0,76.0,54.0,,210252.8572,1522756.422,922233.8594,199449.5581,54275.0,69.3233,27.0,33.0,67.0,191.0,424381.5245,214128.6672,402527.335,579641.5245,203077.7769,0,0.0
OAS30978,5.0,5.0,4.0,4.0,,,25.0,11.0,35.0,83.0,53.0,,,,,,,69.3233,27.0,33.0,67.25,191.0,,,,,,0,0.0
OAS30978,5.0,5.0,5.0,4.0,,,18.0,11.0,,,,,,,,,,69.3233,,33.0,,,,,,,,0,0.0
OAS30979,,,,,10.0,10.0,24.0,16.0,22.0,48.0,50.0,60.0,209529.1259,1541695.286,950039.7965,229572.4411,53659.0,69.1507,29.0,33.0,70.0,260.0,421008.9274,211479.8014,457584.8691,562725.9274,228012.428,0,0.0
OAS30979,,,,,14.0,14.0,24.0,16.0,26.0,70.0,53.0,58.0,205043.1221,1501754.117,933459.6977,224314.014,52856.0,69.1507,30.0,33.0,70.2,257.0,410326.2016,205283.0796,450965.496,545787.2016,226651.482,0,0.0
OAS30979,11.0,8.0,8.0,6.0,,,25.0,17.0,23.0,52.0,46.0,,,,,,,69.1507,30.0,33.0,70.5,278.0,,,,,,0,0.0
OAS30979,8.0,6.0,9.0,6.0,,,22.0,14.0,21.0,62.0,45.0,,,,,,,69.1507,30.0,33.0,70.0,284.0,,,,,,0,0.0
OAS30979,11.0,8.0,11.0,7.0,,,19.0,13.0,23.0,54.0,45.0,,,,,,,69.1507,30.0,33.0,70.4,278.3999023,,,,,,0,0.0
OAS30982,,,,,21.0,19.0,19.0,13.0,22.0,40.0,66.0,46.0,176878.8584,1276275.219,814844.8341,192542.1522,45305.0,74.2082,30.0,33.0,65.5,133.0,359149.2603,182270.4019,380649.5738,482556.2603,188107.4217,0,0.0
OAS30982,,,,,17.0,17.0,18.0,12.0,22.0,56.0,67.0,48.0,176878.8584,1276275.219,814844.8341,192542.1522,45305.0,74.2082,30.0,33.0,66.0,133.0,359149.2603,182270.4019,380649.5738,482556.2603,188107.4217,0,0.0
OAS30982,,,,,21.0,19.0,17.0,18.0,24.0,44.0,67.0,50.0,,,,,,74.2082,29.0,33.0,65.5,133.0,,,,,,0,0.0
OAS30982,,,,,17.0,15.0,19.0,16.0,19.0,43.0,70.0,48.0,,,,,,74.2082,30.0,33.0,65.0,132.0,,,,,,0,0.0
OAS30982,,,,,17.0,16.0,17.0,13.0,20.0,40.0,62.0,52.0,178475.1649,1273951.648,795152.6352,177602.35,44435.0,74.2082,30.0,33.0,65.0,130.0,359444.4371,180969.2723,356039.198,479781.4371,178436.8481,0,0.0
OAS30982,,,,,17.0,17.0,22.0,20.0,23.0,48.0,66.0,50.0,182789.6881,1315372.209,788577.6437,170387.3217,44141.0,74.2082,29.0,33.0,65.3,134.0,368100.9524,185311.2642,340734.6913,486389.9524,170347.3696,0,0.0
OAS30982,,,,,18.0,15.0,16.0,17.0,23.0,44.0,72.0,42.0,,,,,,74.2082,29.0,33.0,65.0,135.0,,,,,,0,0.0
OAS30982,,,,,18.0,14.0,18.0,12.0,24.0,44.0,66.0,46.0,,,,,,74.2082,29.0,33.0,65.3,136.0,,,,,,0,0.0
OAS30982,4.0,4.0,7.0,5.0,,,20.0,15.0,19.0,54.0,68.0,,,,,,,74.2082,29.0,33.0,65.3,140.0,,,,,,1,0.5
OAS30982,7.0,6.0,5.0,4.0,,,15.0,13.0,25.0,54.0,63.0,,,,,,,74.2082,29.0,33.0,65.0,121.1999512,,,,,,0,0.0
OAS30984,,,,,,,,,60.0,,42.0,55.0,,,,,,72.7781,,33.0,,159.0,,,,,,0,0.0
OAS30984,,,,,,,16.0,,40.0,115.0,45.0,54.0,,,,,,72.7781,28.0,33.0,,163.0,,,,,,0,0.0
OAS30984,,,,,,,18.0,,40.0,108.0,44.0,57.0,199584.9413,1695124.043,946888.67,205780.6563,187688.6541,72.7781,27.0,33.0,,158.0,399927.2624,200342.3211,420468.7656,587615.9165,214688.1094,1,0.5
OAS30984,,,,,,,14.0,,42.0,99.0,39.0,58.0,199584.9413,1695124.043,946888.67,205780.6563,187688.6541,72.7781,29.0,33.0,,166.0,399927.2624,200342.3211,420468.7656,587615.9165,214688.1094,1,0.5
OAS30984,,,,,3.0,2.0,15.0,16.0,37.0,133.0,35.0,60.0,199304.7956,1692291.191,940244.0988,201098.5938,181616.0571,72.7781,30.0,33.0,66.0,163.0,401130.4357,201825.6401,404867.6406,582746.4928,203769.0469,0,0.0
OAS30985,,,,,12.0,6.0,20.0,12.0,25.0,86.0,50.0,58.0,197978.157,1574609.525,938541.4408,222680.3264,54789.0,74.9808,29.0,33.0,62.0,138.0,402639.62,204661.463,450606.8208,559310.62,227926.4944,0,0.0
OAS30985,,,,,15.0,11.0,19.0,14.0,31.0,103.0,48.0,58.0,197978.157,1574609.525,938541.4408,222680.3264,54789.0,74.9808,30.0,33.0,62.0,141.0,402639.62,204661.463,450606.8208,559310.62,227926.4944,0,0.0
OAS30985,,,,,17.0,12.0,11.0,12.0,27.0,104.0,48.0,58.0,,,,,,74.9808,30.0,33.0,62.0,141.0,,,,,,0,0.0
OAS30985,,,,,18.0,18.0,13.0,12.0,45.0,72.0,48.0,60.0,,,,,,74.9808,30.0,33.0,66.0,149.0,,,,,,0,0.0
OAS30985,,,,,18.0,17.0,15.0,13.0,37.0,100.0,48.0,58.0,,,,,,74.9808,30.0,33.0,62.8,144.0,,,,,,0,0.0
OAS30986,,,,,35.0,,19.0,,17.0,61.0,,,233036.4409,1365861.26,990657.5767,227627.3896,55519.0,51.4384,27.0,34.0,68.0,123.0,465999.4633,232963.0225,456390.1133,611943.4633,228762.7237,0,0.0
OAS30986,,,,,29.0,,19.0,,21.0,68.0,,,226489.6792,1448677.48,978595.7497,227758.0044,56432.0,51.4384,30.0,34.0,67.0,136.0,457004.0447,230514.3656,454987.705,599667.0447,227229.7006,0,0.0
OAS30986,4.0,4.0,7.0,5.0,,,19.0,14.0,,,,,,,,,,51.4384,,34.0,,,,,,,,0,0.0
OAS30987,,,,,5.0,3.0,9.0,10.0,42.0,180.0,35.0,42.0,,,,,,65.6329,30.0,44.0,69.0,211.0,,,,,,1,0.5
OAS30987,,,,,2.0,2.0,9.0,4.0,88.0,180.0,24.0,32.0,180804.7078,1399230.305,820981.1187,189315.9885,49896.0,65.6329,26.0,44.0,68.0,209.0,365130.491,184325.7831,378663.6277,506122.491,189347.6392,2,1.0
OAS30988,7.0,6.0,6.0,4.0,8.0,6.0,17.0,8.0,30.0,75.0,39.0,,,,,,,71.5233,26.0,34.0,72.5,179.0,,,,,,1,0.5
OAS30988,8.0,7.0,5.0,4.0,,,16.0,16.0,67.0,111.0,35.0,,,,,,,71.5233,27.0,34.0,71.0,169.0,,,,,,0,0.0
OAS30988,5.0,5.0,6.0,4.0,,,20.0,11.0,46.0,89.0,38.0,,,,,,,71.5233,27.0,34.0,71.5,176.0,,,,,,0,0.0
OAS30988,6.0,5.0,4.0,3.0,,,14.0,12.0,55.0,94.0,30.0,,,,,,,71.5233,26.0,34.0,72.5,181.1999512,,,,,,0,0.0
OAS30988,5.0,5.0,5.0,4.0,,,18.0,9.0,61.0,103.0,30.0,,,,,,,71.5233,23.0,34.0,71.25,173.7999268,,,,,,1,0.5
OAS30989,,,,,29.0,,24.0,,35.0,44.0,,,225981.0637,1250023.049,976736.2477,230615.4528,52729.0,51.2466,30.0,33.0,64.0,124.0,451015.7622,225034.6984,462679.4856,591644.7622,232064.0328,0,0.0
OAS30989,,,,,36.0,,17.0,,22.0,39.0,,,,,,,,51.2466,30.0,33.0,64.5,126.0,,,,,,0,0.0
OAS30990,,,,,9.0,3.0,32.0,12.0,52.0,180.0,35.0,56.0,212300.4445,1750991.764,1007814.935,197485.5992,56497.0,81.8959,25.0,34.0,66.0,220.0,425748.4658,213448.0213,400600.4694,563511.4658,203114.8703,1,0.5
OAS30990,,,,,9.0,2.0,15.0,13.0,59.0,180.0,34.0,54.0,212300.4445,1750991.764,1007814.935,197485.5992,56497.0,81.8959,28.0,34.0,67.0,225.0,425748.4658,213448.0213,400600.4694,563511.4658,203114.8703,1,0.5
OAS30990,,,,,3.0,0.0,20.0,11.0,82.0,,29.0,50.0,,,,,,81.8959,30.0,34.0,66.7,224.0,,,,,,1,0.5
OAS30990,,,,,6.0,2.0,12.0,8.0,63.0,180.0,29.0,54.0,,,,,,81.8959,25.0,34.0,66.5,224.0,,,,,,2,1.0
OAS30990,9.0,7.0,6.0,4.0,,,24.0,10.0,49.0,180.0,24.0,,,,,,,81.8959,22.0,34.0,88.8,888.0,,,,,,2,1.0
OAS30991,,,,,14.0,14.0,23.0,15.0,34.0,139.0,43.0,58.0,183865.3475,1510410.137,845565.005,195250.9129,47962.0,77.0986,29.0,34.0,69.7,201.0,368574.2439,184708.8964,392664.7611,493890.2439,197413.8482,0,0.0
OAS30991,,,,,16.0,17.0,18.0,11.0,51.0,75.0,37.0,60.0,183865.3475,1510410.137,845565.005,195250.9129,47962.0,77.0986,27.0,34.0,70.0,199.0,368574.2439,184708.8964,392664.7611,493890.2439,197413.8482,0,0.0
OAS30991,,,,,10.0,9.0,23.0,13.0,34.0,86.0,42.0,60.0,,,,,,77.0986,29.0,34.0,69.0,183.0,,,,,,1,0.5
OAS30991,,,,,13.0,11.0,27.0,11.0,30.0,153.0,43.0,58.0,,,,,,77.0986,29.0,34.0,69.0,185.0,,,,,,0,0.0
OAS30991,,,,,13.0,13.0,21.0,14.0,31.0,146.0,39.0,60.0,,,,,,77.0986,29.0,34.0,67.0,184.0,,,,,,0,0.0
OAS30991,,,,,12.0,9.0,25.0,15.0,29.0,117.0,43.0,60.0,,,,,,77.0986,29.0,34.0,69.0,187.0,,,,,,0,0.0
OAS30991,,,,,9.0,10.0,22.0,12.0,33.0,95.0,42.0,60.0,,,,,,77.0986,29.0,34.0,68.0,188.0,,,,,,0,0.0
OAS30991,,,,,13.0,13.0,16.0,13.0,32.0,79.0,46.0,58.0,,,,,,77.0986,29.0,34.0,68.5,169.5,,,,,,0,0.0
OAS30991,,,,,12.0,10.0,21.0,13.0,47.0,84.0,40.0,58.0,,,,,,77.0986,28.0,34.0,67.5,154.0,,,,,,0,0.0
OAS30991,4.0,5.0,6.0,4.0,,,23.0,5.0,34.0,121.0,38.0,,,,,,,77.0986,29.0,34.0,68.0,151.0,,,,,,0,0.0
OAS30991,6.0,5.0,3.0,3.0,,,21.0,10.0,53.0,98.0,38.0,,,,,,,77.0986,30.0,34.0,68.0,168.1999512,,,,,,0,0.0
OAS30991,5.0,6.0,4.0,3.0,,,23.0,10.0,49.0,87.0,34.0,,,,,,,77.0986,28.0,34.0,67.0,152.0,,,,,,1,0.5
OAS30992,,,,,16.0,14.0,19.0,12.0,20.0,52.0,60.0,56.0,,,,,,64.5014,30.0,34.0,62.0,180.5999756,,,,,,0,0.0
OAS30992,,,,,16.0,15.0,31.0,17.0,24.0,51.0,68.0,60.0,,,,,,64.5014,30.0,34.0,62.0,178.0,,,,,,0,0.0
OAS30992,,,,,13.0,12.0,24.0,16.0,20.0,56.0,65.0,56.0,,,,,,64.5014,30.0,34.0,62.3,182.0,,,,,,0,0.0
OAS30992,6.0,6.0,7.0,5.0,,,25.0,16.0,22.0,66.0,65.0,,,,,,,64.5014,29.0,34.0,62.5,188.0,,,,,,0,0.0
OAS30992,8.0,7.0,6.0,5.0,,,25.0,19.0,23.0,75.0,61.0,,,,,,,64.5014,30.0,34.0,61.5,187.1999512,,,,,,0,0.0
OAS30992,8.0,7.0,7.0,5.0,,,22.0,20.0,25.0,58.0,61.0,,,,,,,64.5014,30.0,34.0,61.5,191.0,,,,,,0,0.0
OAS30993,,,,,14.0,13.0,23.0,17.0,27.0,96.0,38.0,54.0,195813.0877,1632718.515,986602.5636,254948.0944,56959.0,70.0219,30.0,33.0,66.0,193.0,390570.3028,194757.2152,508563.2608,540127.3028,253615.1664,0,0.0
OAS30993,,,,,13.0,13.0,18.0,14.0,38.0,180.0,39.0,58.0,194658.9325,1581986.88,964366.3397,239000.6182,56689.0,70.0219,30.0,33.0,66.3,184.0,390439.3886,195780.4561,484941.9511,538587.3886,245941.3329,0,0.0
OAS30995,,,,,29.0,,20.0,,36.0,47.0,,,232205.3191,1454982.087,1021495.097,238847.8023,59149.0,58.5315,30.0,34.0,73.0,270.0,463105.7927,230900.4736,474865.3044,622591.7927,236017.5022,0,0.0
OAS30996,,,,,,,12.0,,53.0,92.0,60.0,48.0,,,,,,62.6493,30.0,33.0,,138.0,,,,,,0,0.0
OAS30996,,,,,16.0,10.0,12.0,11.0,56.0,129.0,46.0,38.0,175049.7333,1471790.748,866893.7688,217775.2742,47790.0,62.6493,30.0,33.0,63.0,131.0,347114.3144,172064.5811,440608.4544,479348.3144,222833.1802,0,0.0
OAS30996,,,,,8.0,5.0,18.0,8.0,50.0,59.0,54.0,36.0,175049.7333,1471790.748,866893.7688,217775.2742,47790.0,62.6493,30.0,33.0,63.5,134.0,347114.3144,172064.5811,440608.4544,479348.3144,222833.1802,0,0.0
OAS30996,,,,,15.0,10.0,14.0,17.0,48.0,67.0,57.0,46.0,,,,,,62.6493,26.0,33.0,63.3,126.0,,,,,,0,0.0
OAS30996,13.0,9.0,10.0,6.0,,,17.0,9.0,57.0,86.0,56.0,,182102.9561,1470502.533,866223.0548,210004.4738,45654.0,62.6493,30.0,33.0,63.0,118.0,361735.7341,179632.7781,422419.3206,487860.7341,212414.8469,0,0.0
OAS30996,13.0,9.0,11.0,7.0,,,15.0,9.0,60.0,87.0,54.0,,,,,,,62.6493,29.0,33.0,63.0,123.3999634,,,,,,0,0.0
OAS30997,,,,,27.0,,20.0,,27.0,55.0,,,211891.134,1410807.445,918137.3945,210167.8954,57617.0,59.2712,30.0,33.0,70.0,158.0,425312.7534,213421.6194,423552.6412,576469.7534,213384.7458,0,0.0
OAS30997,,,,,32.0,,20.0,,44.0,48.0,,,202253.2502,1358985.651,892763.6864,205858.034,55573.0,59.2712,29.0,33.0,70.0,175.0,407388.9296,205135.6794,416928.7568,551345.9296,211070.7228,0,0.0
OAS30997,,,,,17.0,,19.0,,35.0,61.0,,,,,,,,59.2712,30.0,33.0,70.0,183.1999512,,,,,,0,0.0
OAS30998,,,,,8.0,8.0,16.0,9.0,39.0,71.0,38.0,58.0,192272.7275,1438468.181,829625.3202,185347.9933,42716.0,80.9233,29.0,33.0,65.3,173.0,385814.4951,193541.7676,371845.8251,517247.4951,186497.8318,0,0.0
OAS30998,,,,,16.0,14.0,19.0,13.0,31.0,92.0,43.0,54.0,,,,,,80.9233,30.0,33.0,66.0,172.0,,,,,,0,0.0
OAS30999,,,,,3.0,0.0,7.0,7.0,180.0,180.0,7.0,14.0,154325.5245,1513114.427,854531.1329,197152.424,46956.0,76.1123,19.0,34.0,62.0,97.0,302173.4494,147847.9249,418296.6835,436045.4494,221144.2595,2,1.0
OAS31000,,,,,17.0,19.0,27.0,17.0,41.0,72.0,49.0,60.0,209851.0784,1628241.628,991779.7048,233945.4591,52674.0,77.9233,27.0,33.0,69.0,167.0,417854.4223,208003.344,469360.2825,564065.4223,235414.8233,0,0.0
OAS31000,,,,,13.0,12.0,37.0,22.0,45.0,98.0,51.0,60.0,209851.0784,1628241.628,991779.7048,233945.4591,52674.0,77.9233,29.0,33.0,88.8,172.0,417854.4223,208003.344,469360.2825,564065.4223,235414.8233,0,0.0
OAS31000,,,,,16.0,17.0,36.0,18.0,43.0,80.0,48.0,60.0,,,,,,77.9233,27.0,33.0,69.0,165.0,,,,,,1,0.5
OAS31000,5.0,5.0,6.0,4.0,,,27.0,17.0,52.0,91.0,49.0,,,,,,,77.9233,29.0,33.0,70.0,177.0,,,,,,0,0.0
OAS31001,,,,,12.0,12.0,28.0,12.0,26.0,58.0,43.0,56.0,239831.6414,1688646.409,1058574.355,262980.6406,174868.8149,63.0274,30.0,24.0,65.0,146.0,478946.381,239114.7395,525273.1094,653815.1959,262292.4688,0,0.0
OAS31001,,,,,18.0,17.0,26.0,14.0,37.0,94.0,48.0,54.0,237018.6529,1467546.611,1044315.689,238071.0833,54273.0,63.0274,30.0,24.0,65.0,169.0,473006.2704,235987.6175,476573.4185,617772.2704,238502.3352,0,0.0
OAS31001,,,,,35.0,,27.0,,36.0,73.0,,,,,,,,63.0274,30.0,24.0,65.5,168.0,,,,,,0,0.0
OAS31001,,,,,31.0,,21.0,,46.0,76.0,,,,,,,,63.0274,30.0,24.0,64.3,174.0,,,,,,0,0.0
OAS31001,,,,,33.0,,20.0,,36.0,112.0,,,,,,,,63.0274,30.0,24.0,65.5,174.0,,,,,,0,0.0
OAS31001,,,,,36.0,,21.0,,34.0,24.0,,,,,,,,63.0274,30.0,24.0,64.5,180.0,,,,,,0,0.0
OAS31001,,,,,34.0,,23.0,,33.0,70.0,,,,,,,,63.0274,30.0,24.0,65.0,176.0,,,,,,0,0.0
OAS31001,,,,,29.0,,22.0,,31.0,93.0,,,223617.6321,1644822.714,1008651.364,227653.9217,51316.0,63.0274,25.0,24.0,64.5,180.0,442731.3939,219113.7617,456487.9699,581220.3939,228834.0482,1,0.5
OAS31001,,,,,29.0,,17.0,,37.0,69.0,,,,,,,,63.0274,26.0,24.0,64.25,163.0,,,,,,0,0.0
OAS31001,,,,,31.0,,17.0,,36.0,82.0,,,216856.4321,1635414.683,997278.6752,223311.9404,50748.0,63.0274,27.0,24.0,64.0,157.0,431411.8301,214555.398,446995.8451,567925.8301,223683.9047,0,0.0
OAS31001,,,,,34.0,,16.0,,40.0,98.0,,,216856.4321,1635414.683,997278.6752,223311.9404,50748.0,63.0274,30.0,24.0,65.0,164.0,431411.8301,214555.398,446995.8451,567925.8301,223683.9047,0,0.0
OAS31001,7.0,6.0,9.0,6.0,,,18.0,7.0,,,,,,,,,,63.0274,,24.0,,,,,,,,0,0.0
OAS31001,8.0,6.0,4.0,3.0,,,19.0,8.0,,,,,,,,,,63.0274,,24.0,,,,,,,,0,0.0
OAS31002,,,,,,,,,24.0,58.0,55.0,55.0,,,,,,69.3671,,34.0,,244.0,,,,,,0,0.0
OAS31002,,,,,,,,,38.0,92.0,52.0,52.0,,,,,,69.3671,26.0,34.0,,245.0,,,,,,0,0.0
OAS31002,,,,,,,16.0,,34.0,59.0,51.0,55.0,,,,,,69.3671,30.0,34.0,,,,,,,,0,0.0
OAS31002,,,,,,,14.0,,33.0,56.0,51.0,54.0,,,,,,69.3671,29.0,34.0,,248.0,,,,,,0,0.0
OAS31002,,,,,,,15.0,,50.0,53.0,56.0,52.0,,,,,,69.3671,30.0,34.0,,233.0,,,,,,0,0.0
OAS31002,,,,,,,17.0,,36.0,55.0,52.0,50.0,,,,,,69.3671,30.0,34.0,,242.0,,,,,,0,0.0
OAS31002,,,,,,,16.0,,29.0,53.0,52.0,53.0,,,,,,69.3671,30.0,34.0,,234.0,,,,,,0,0.0
OAS31002,,,,,,,19.0,,38.0,87.0,53.0,51.0,,,,,,69.3671,30.0,34.0,,235.0,,,,,,0,0.0
OAS31002,,,,,,,16.0,,34.0,65.0,51.0,52.0,,,,,,69.3671,29.0,34.0,,237.0,,,,,,0,0.0
OAS31002,,,,,,,12.0,,30.0,51.0,52.0,53.0,211095.8211,1828717.374,1046028.14,255374.9844,172845.026,69.3671,29.0,34.0,,229.0,428339.6879,217243.8669,512595.4844,601184.7139,257220.5,0,0.0
OAS31002,,,,,12.0,12.0,10.0,8.0,34.0,59.0,43.0,48.0,,,,,,69.3671,30.0,34.0,68.0,233.0,,,,,,1,0.5
OAS31002,,,,,14.0,14.0,14.0,9.0,35.0,54.0,43.0,54.0,209337.8419,1943423.865,1034248.554,241192.4056,49481.0,69.3671,28.0,34.0,67.0,228.0,429719.7308,220381.8889,486235.8232,573280.7308,245043.4176,0,0.0
OAS31002,,,,,15.0,11.0,19.0,14.0,33.0,55.0,44.0,44.0,209337.8419,1943423.865,1034248.554,241192.4056,49481.0,69.3671,29.0,34.0,68.0,237.0,429719.7308,220381.8889,486235.8232,573280.7308,245043.4176,0,0.0
OAS31002,,,,,5.0,3.0,14.0,11.0,39.0,65.0,41.0,48.0,201904.3512,1914197.406,1021870.459,243730.9212,48574.0,69.3671,30.0,34.0,67.5,227.0,411655.8466,209751.4954,491626.612,555611.8466,247895.6908,0,0.0
OAS31002,,,,,6.0,6.0,17.0,9.0,34.0,109.0,46.0,44.0,,,,,,69.3671,29.0,34.0,67.3,220.0,,,,,,1,0.5
OAS31002,,,,,6.0,7.0,15.0,7.0,37.0,68.0,34.0,48.0,,,,,,69.3671,28.0,34.0,67.0,205.0,,,,,,1,0.5
OAS31002,,,,,3.0,3.0,19.0,7.0,43.0,89.0,36.0,44.0,,,,,,69.3671,29.0,34.0,67.0,193.0,,,,,,0,0.0
OAS31003,,,,,11.0,10.0,15.0,15.0,22.0,47.0,51.0,60.0,204029.4374,1369959.503,891009.7736,204786.2183,49303.0,63.9699,30.0,33.0,71.5,251.0,406195.7607,202166.3233,409272.0129,544022.7607,204485.7946,1,0.5
OAS31003,,,,,15.0,17.0,18.0,17.0,21.0,38.0,53.0,58.0,204029.4374,1369959.503,891009.7736,204786.2183,49303.0,63.9699,30.0,33.0,71.0,255.0,406195.7607,202166.3233,409272.0129,544022.7607,204485.7946,1,0.5
OAS31003,,,,,19.0,18.0,18.0,11.0,20.0,53.0,51.0,58.0,,,,,,63.9699,30.0,33.0,71.5,250.0,,,,,,2,1.0
OAS31003,,,,,21.0,20.0,27.0,14.0,20.0,36.0,52.0,58.0,,,,,,63.9699,30.0,33.0,71.3,237.5,,,,,,1,0.5
OAS31004,,,,,7.0,6.0,19.0,19.0,26.0,62.0,41.0,58.0,198649.2589,1659030.589,977801.7861,244062.1711,49543.0,73.8384,28.0,44.0,68.0,173.0,395266.0769,196616.818,479195.7092,535267.0769,235133.5381,1,0.5
OAS31004,,,,,1.0,1.0,14.0,12.0,41.0,118.0,43.0,58.0,,,,,,73.8384,19.0,44.0,68.5,167.0,,,,,,2,1.0
OAS31005,,,,,21.0,18.0,19.0,21.0,32.0,70.0,55.0,58.0,182037.3173,1395258.565,886118.1988,216803.3691,46974.0,63.5644,30.0,33.0,66.0,194.0,367169.6492,185132.332,442138.5496,490416.6492,225335.1805,0,0.0
OAS31005,,,,,20.0,20.0,16.0,13.0,35.0,84.0,51.0,58.0,,,,,,63.5644,30.0,33.0,66.0,209.0,,,,,,0,0.0
OAS31005,,,,,18.0,18.0,19.0,12.0,34.0,83.0,50.0,54.0,,,,,,63.5644,30.0,33.0,67.0,215.0,,,,,,0,0.0
OAS31005,,,,,22.0,20.0,5.0,18.0,36.0,100.0,50.0,58.0,195277.2481,1429025.933,888404.7926,202940.3403,47551.0,63.5644,30.0,33.0,66.0,215.0,395948.6131,200671.3651,412988.1795,513059.6131,210047.8392,0,0.0
OAS31005,,,,,17.0,19.0,19.0,13.0,42.0,90.0,45.0,56.0,195277.2481,1429025.933,888404.7926,202940.3403,47551.0,63.5644,30.0,33.0,66.5,218.0,395948.6131,200671.3651,412988.1795,513059.6131,210047.8392,0,0.0
OAS31006,,,,,15.0,12.0,15.0,12.0,40.0,88.0,39.0,56.0,213580.0996,1677444.337,1019354.147,246098.3226,57702.0,68.4932,29.0,33.0,69.0,145.0,435936.7127,222356.6131,493856.434,588249.7127,247758.1114,0,0.0
OAS31007,,,,,15.0,14.0,18.0,11.0,31.0,82.0,55.0,58.0,169888.3922,1369051.68,736992.9012,151307.9175,38406.0,82.6959,30.0,23.0,67.0,133.0,341242.8882,171354.496,305927.013,455213.8882,154619.0956,0,0.0
OAS31007,,,,,9.0,8.0,23.0,10.0,29.0,57.0,50.0,60.0,,,,,,82.6959,27.0,23.0,66.5,131.0,,,,,,0,0.0
OAS31007,,,,,13.0,13.0,21.0,11.0,34.0,55.0,48.0,54.0,,,,,,82.6959,25.0,23.0,67.0,134.0,,,,,,1,0.5
OAS31007,,,,,11.0,9.0,21.0,12.0,22.0,62.0,48.0,60.0,,,,,,82.6959,30.0,23.0,66.0,134.0,,,,,,1,0.5
OAS31008,,,,,5.0,0.0,6.0,6.0,116.0,180.0,19.0,34.0,154695.8754,1384485.831,763167.1376,165684.3777,41094.0,86.3918,18.0,34.0,61.0,97.0,311178.0372,156482.1619,335944.1004,433922.0372,170259.7227,2,1.0
OAS31009,,,,,31.0,,37.0,,29.0,52.0,,,,,,,,58.6301,30.0,33.0,66.0,167.0,,,,,,0,0.0
OAS31009,,,,,34.0,,33.0,,23.0,66.0,,,240998.7652,1717163.98,1077630.075,248699.5781,60299.0,58.6301,30.0,33.0,66.2,169.0,481671.0854,240672.3202,497712.9891,656846.0854,249013.411,0,0.0
OAS31009,,,,,23.0,,32.0,,37.0,81.0,,,242345.9104,1729810.756,1085945.632,250793.1632,59558.0,58.6301,29.0,33.0,66.2,176.0,484208.3687,241862.4582,503902.2635,660026.3687,253109.1004,0,0.0
OAS31009,,,,,12.0,12.0,37.0,12.0,25.0,103.0,45.0,58.0,236834.0714,1736209.239,1067846.439,242115.0665,58495.0,58.6301,30.0,33.0,65.5,166.0,476405.3248,239571.2534,490471.1142,647179.3248,248356.0477,0,0.0
OAS31009,,,,,31.0,,34.0,,24.0,66.0,,,236107.3071,1669311.231,1067704.761,247030.075,58661.0,58.6301,29.0,33.0,65.5,172.0,470109.5195,234002.2124,497233.2412,636022.5195,250203.1662,0,0.0
OAS31009,,,,,37.0,,29.0,,39.0,72.0,,,,,,,,58.6301,30.0,33.0,65.5,168.0,,,,,,0,0.0
OAS31009,,,,,27.0,,33.0,,30.0,63.0,,,,,,,,58.6301,30.0,33.0,65.5,150.0,,,,,,0,0.0
OAS31010,7.0,6.0,6.0,4.0,10.0,8.0,14.0,10.0,50.0,122.0,35.0,,187772.4875,1444561.198,878327.3741,205401.0265,48227.0,74.989,28.0,33.0,64.3,158.0,382354.6553,194582.1678,414298.7188,514015.6553,208897.6923,1,0.5
OAS31010,7.0,6.0,6.0,5.0,,,15.0,9.0,40.0,152.0,43.0,,187772.4875,1444561.198,878327.3741,205401.0265,48227.0,74.989,28.0,33.0,64.5,158.0,382354.6553,194582.1678,414298.7188,514015.6553,208897.6923,1,0.5
OAS31010,7.0,6.0,7.0,5.0,,,16.0,9.0,38.0,94.0,35.0,,,,,,,74.989,25.0,33.0,63.75,154.5999756,,,,,,1,0.5
OAS31010,7.0,6.0,6.0,4.0,,,9.0,14.0,51.0,180.0,36.0,,,,,,,74.989,26.0,33.0,63.2,154.0,,,,,,1,0.5
OAS31011,11.0,8.0,7.0,6.0,15.0,14.0,15.0,12.0,42.0,112.0,49.0,,204293.6739,1711476.977,1008401.309,238539.0382,56009.0,72.1699,29.0,,70.0,190.0,412153.3449,207859.671,477643.9646,562706.3449,239104.9263,0,0.0
OAS31011,11.0,8.0,6.0,4.0,,,22.0,6.0,39.0,,50.0,,204293.6739,1711476.977,1008401.309,238539.0382,56009.0,72.1699,30.0,,69.3,193.0,412153.3449,207859.671,477643.9646,562706.3449,239104.9263,0,0.0
OAS31011,8.0,7.0,8.0,5.0,,,21.0,16.0,,,,,,,,,,72.1699,,,,,,,,,,0,0.0
OAS31012,,,,,,,19.0,,37.0,68.0,57.0,60.0,179368.2805,1505186.264,901309.1281,212228.4844,167145.1011,68.2082,30.0,33.0,,181.0,357568.8333,178200.5528,431682.2344,524713.9344,219453.75,0,0.0
OAS31012,,,,,18.0,19.0,22.0,12.0,28.0,68.0,57.0,56.0,179368.2805,1505186.264,901309.1281,212228.4844,167145.1011,68.2082,28.0,33.0,65.0,194.0,357568.8333,178200.5528,431682.2344,524713.9344,219453.75,0,0.0
OAS31012,,,,,18.0,18.0,20.0,13.0,31.0,32.0,64.0,60.0,,,,,,68.2082,27.0,33.0,55.0,191.0,,,,,,0,0.0
OAS31012,,,,,19.0,13.0,21.0,14.0,37.0,77.0,55.0,60.0,184588.148,1595698.479,898594.8369,194803.8069,50493.0,68.2082,30.0,33.0,64.0,164.0,371365.3253,186777.1772,392826.5117,514119.3253,198022.7048,0,0.0
OAS31012,,,,,16.0,14.0,23.0,18.0,41.0,67.0,55.0,56.0,184588.148,1595698.479,898594.8369,194803.8069,50493.0,68.2082,30.0,33.0,64.0,172.0,371365.3253,186777.1772,392826.5117,514119.3253,198022.7048,0,0.0
OAS31012,,,,,18.0,17.0,19.0,13.0,36.0,59.0,56.0,56.0,,,,,,68.2082,29.0,33.0,64.0,180.0,,,,,,0,0.0
OAS31012,,,,,18.0,15.0,20.0,12.0,45.0,68.0,51.0,58.0,180240.7161,1548418.227,898213.504,194178.9018,49597.0,68.2082,27.0,33.0,64.0,189.0,361755.3881,181514.672,392437.1158,498847.3881,198258.214,0,0.0
OAS31012,,,,,16.0,15.0,18.0,15.0,41.0,67.0,58.0,56.0,180240.7161,1548418.227,898213.504,194178.9018,49597.0,68.2082,30.0,33.0,64.5,193.0,361755.3881,181514.672,392437.1158,498847.3881,198258.214,0,0.0
OAS31012,9.0,7.0,7.0,5.0,,,17.0,10.0,38.0,84.0,49.0,,178068.9761,1587402.189,905038.0528,196796.4892,51216.0,68.2082,27.0,33.0,64.0,193.0,355670.5933,177601.6172,393621.4595,494819.5933,196824.9703,0,0.0
OAS31012,8.0,7.0,8.0,5.0,,,20.0,11.0,48.0,79.0,45.0,,178068.9761,1587402.189,905038.0528,196796.4892,51216.0,68.2082,29.0,33.0,64.0,190.0,355670.5933,177601.6172,393621.4595,494819.5933,196824.9703,0,0.0
OAS31013,,,,,17.0,18.0,19.0,14.0,43.0,89.0,33.0,58.0,198621.8749,1390791.153,863630.0525,203118.821,47874.0,79.4521,29.0,44.0,65.0,147.0,396396.3868,197774.5119,401523.6657,529331.3868,198404.8447,0,0.0
OAS31013,,,,,16.0,16.0,15.0,18.0,46.0,97.0,34.0,56.0,188614.3861,1361183.34,849555.9607,206103.6424,46858.0,79.4521,30.0,44.0,65.5,153.0,377274.7504,188660.3643,405995.2102,506421.7504,199891.5678,0,0.0
OAS31013,,,,,19.0,17.0,15.0,10.0,32.0,105.0,34.0,58.0,188614.3861,1361183.34,849555.9607,206103.6424,46858.0,79.4521,30.0,44.0,65.5,144.0,377274.7504,188660.3643,405995.2102,506421.7504,199891.5678,0,0.0
OAS31013,,,,,19.0,16.0,19.0,17.0,40.0,77.0,28.0,58.0,,,,,,79.4521,27.0,44.0,65.0,144.0,,,,,,0,0.0
OAS31013,8.0,7.0,8.0,5.0,,,21.0,15.0,38.0,156.0,28.0,,187988.8814,1368692.211,846491.152,204680.2227,47046.0,79.4521,27.0,44.0,65.5,144.0,375296.9664,187308.085,404621.1856,502300.9664,199940.9629,0,0.0
OAS31014,,,,,,,19.0,,27.0,66.0,58.0,56.0,203176.7519,1374478.014,897449.7863,217210.5,169519.9901,65.4658,30.0,33.0,,158.0,407949.7104,204772.9584,436875.625,577469.7005,219665.125,0,0.0
OAS31014,,,,,19.0,15.0,25.0,16.0,22.0,53.0,68.0,56.0,203176.7519,1374478.014,897449.7863,217210.5,169519.9901,65.4658,30.0,33.0,63.0,157.0,407949.7104,204772.9584,436875.625,577469.7005,219665.125,0,0.0
OAS31014,,,,,15.0,18.0,22.0,19.0,27.0,63.0,67.0,60.0,203412.5528,1476461.582,895937.7649,201050.2006,51836.0,65.4658,29.0,33.0,62.5,125.0,405330.0846,201917.5318,405396.6803,549911.0846,204346.4796,0,0.0
OAS31014,,,,,16.0,16.0,22.0,15.0,32.0,55.0,69.0,58.0,203412.5528,1476461.582,895937.7649,201050.2006,51836.0,65.4658,30.0,33.0,62.0,129.0,405330.0846,201917.5318,405396.6803,549911.0846,204346.4796,0,0.0
OAS31014,,,,,20.0,21.0,20.0,18.0,24.0,59.0,67.0,54.0,196752.0192,1460140.303,864886.9413,191053.6307,50288.0,65.4658,30.0,33.0,62.0,132.0,393211.8536,196459.8344,384345.0876,531611.8536,193291.4569,0,0.0
OAS31014,,,,,21.0,17.0,25.0,19.0,21.0,89.0,69.0,56.0,,,,,,65.4658,30.0,33.0,62.0,142.0,,,,,,0,0.0
OAS31014,,,,,18.0,18.0,23.0,16.0,24.0,54.0,64.0,58.0,196084.646,1418994.551,859062.8914,187989.6693,50757.0,65.4658,30.0,33.0,61.0,141.0,389983.7654,193899.1194,377146.1259,528106.7654,189156.4566,0,0.0
OAS31015,,,,,6.0,4.0,12.0,8.0,102.0,180.0,37.0,50.0,,,,,,85.8,27.0,23.0,69.0,187.0,,,,,,0,0.0
OAS31015,,,,,9.0,5.0,12.0,12.0,76.0,180.0,29.0,44.0,,,,,,85.8,24.0,23.0,70.0,193.0,,,,,,0,0.0
OAS31015,7.0,6.0,6.0,4.0,,,16.0,6.0,75.0,180.0,31.0,,,,,,,85.8,26.0,23.0,70.0,184.0,,,,,,0,0.0
OAS31016,,,,,7.0,2.0,13.0,11.0,35.0,137.0,45.0,38.0,166339.2651,1134301.42,763119.017,179589.9959,43510.0,66.2027,29.0,44.0,59.5,125.0,331256.3573,164917.0922,358736.6596,446245.3573,179146.6637,1,0.5
OAS31016,,,,,5.0,0.0,13.0,9.0,35.0,98.0,47.0,40.0,166339.2651,1134301.42,763119.017,179589.9959,43510.0,66.2027,24.0,44.0,59.0,120.0,331256.3573,164917.0922,358736.6596,446245.3573,179146.6637,1,0.5
OAS31017,,,,,9.0,4.0,18.0,10.0,39.0,180.0,38.0,36.0,193909.4956,1233978.553,859303.0705,199483.6779,52856.0,64.7918,28.0,34.0,67.0,204.0,387367.9804,193458.4848,405221.0901,526659.9804,205737.4122,0,0.0
OAS31017,7.0,6.0,8.0,6.0,,,20.0,16.0,,,,,,,,,,64.7918,,34.0,,,,,,,,0,0.0
OAS31018,,,,,29.0,,20.0,,34.0,75.0,,,192390.7545,1401541.927,853294.9546,189091.8415,50694.0,61.5589,30.0,34.0,64.6,256.0,385751.6202,193360.8657,380972.3344,518462.6202,191880.493,0,0.0
OAS31018,,,,,31.0,,20.0,,35.0,88.0,,,204514.3632,1578416.871,885143.8498,186515.4652,48506.0,61.5589,29.0,34.0,65.5,265.5998535,413333.4026,208819.0395,376175.4472,554243.4026,189659.9819,0,0.0
OAS31018,11.0,8.0,13.0,8.0,,,16.0,10.0,,,,,205174.311,1578207.578,880906.6059,184338.3142,47732.0,61.5589,,34.0,,,415278.325,210104.014,371245.2809,551782.325,186906.9668,0,0.0
OAS31019,,,,,25.0,,12.0,,40.0,79.0,,,197784.8796,1399920.844,875268.7141,191009.6413,44943.0,67.7342,30.0,34.0,63.2,206.0,395948.2827,198163.4031,385022.4314,513828.2827,194012.7901,0,0.0
OAS31019,,,,,10.0,7.0,10.0,10.0,53.0,89.0,41.0,54.0,,,,,,67.7342,30.0,34.0,63.0,194.0,,,,,,0,0.0
OAS31019,,,,,9.0,7.0,11.0,10.0,36.0,63.0,51.0,56.0,,,,,,67.7342,29.0,34.0,63.5,204.0,,,,,,0,0.0
OAS31019,7.0,6.0,6.0,4.0,,,10.0,10.0,34.0,69.0,42.0,,172919.8149,1400579.894,841014.2401,195007.3751,42000.0,67.7342,29.0,34.0,63.0,196.0,341387.3232,168467.5083,398271.9168,451182.3232,203264.5417,0,0.0
OAS31019,8.0,6.0,7.0,5.0,,,8.0,12.0,40.0,74.0,43.0,,,,,,,67.7342,28.0,34.0,62.75,204.0,,,,,,0,0.0
OAS31019,7.0,6.0,12.0,8.0,,,11.0,7.0,,,,,,,,,,67.7342,,34.0,,,,,,,,0,0.0
OAS31020,,,,,27.0,,21.0,,28.0,92.0,,,229585.3822,1711527.346,1051147.792,245367.5347,59698.0,63.9315,27.0,23.0,71.3,196.0,459118.8144,229533.4322,494548.9778,619774.8144,249181.4431,0,0.0
OAS31020,,,,,19.0,,22.0,,31.0,85.0,,,221772.1341,1629066.994,1034668.376,243533.1614,56382.0,63.9315,29.0,23.0,71.5,185.5,445623.8342,223851.7001,486904.5413,595975.8342,243371.3799,0,0.0
OAS31020,,,,,24.0,,20.0,,45.0,126.0,,,221772.1341,1629066.994,1034668.376,243533.1614,56382.0,63.9315,29.0,23.0,71.5,200.0,445623.8342,223851.7001,486904.5413,595975.8342,243371.3799,0,0.0
OAS31020,,,,,26.0,,23.0,,45.0,85.0,,,,,,,,63.9315,30.0,23.0,71.0,198.0,,,,,,0,0.0
OAS31020,6.0,5.0,6.0,4.0,,,19.0,11.0,,,,,,,,,,63.9315,,23.0,,,,,,,,0,0.0
OAS31021,,,,,31.0,,24.0,,23.0,100.0,,,231578.2003,1643844.054,1037600.42,244624.204,59094.0,61.5534,30.0,34.0,64.5,154.0,466784.319,235206.1187,491805.1008,629295.319,247180.8968,0,0.0
OAS31021,,,,,28.0,,22.0,,27.0,78.0,,,225027.9437,1580915.131,1013257.767,237772.627,56407.0,61.5534,30.0,34.0,64.0,132.0,453214.0322,228186.0884,479893.7345,603075.0322,242121.1075,0,0.0
OAS31021,,,,,30.0,,24.0,,32.0,72.0,,,,,,,,61.5534,29.0,34.0,64.0,134.0,,,,,,0,0.0
OAS31021,,,,,23.0,,23.0,,45.0,72.0,,,224564.6455,1598180.201,1020248.345,242981.1468,55451.0,61.5534,30.0,34.0,64.0,133.0,448021.408,223456.7625,489179.9367,605978.408,246198.7899,0,0.0
OAS31021,4.0,4.0,5.0,4.0,,,20.0,16.0,,,,,,,,,,61.5534,,34.0,,,,,,,,0,0.0
OAS31021,8.0,7.0,7.0,5.0,,,22.0,11.0,,,,,,,,,,61.5534,,34.0,,,,,,,,0,0.0
OAS31022,8.0,7.0,5.0,4.0,,,18.0,9.0,40.0,62.0,43.0,,172313.6872,1562454.353,938385.4491,221061.1553,54724.0,79.0712,29.0,24.0,63.0,169.0,347624.3099,175310.6227,454266.1391,490090.3099,233204.9839,0,0.0
OAS31022,11.0,8.0,7.0,5.0,,,22.0,15.0,53.0,77.0,44.0,,172313.6872,1562454.353,938385.4491,221061.1553,54724.0,79.0712,30.0,24.0,63.0,175.0,347624.3099,175310.6227,454266.1391,490090.3099,233204.9839,0,0.0
OAS31022,9.0,7.0,2.0,2.0,,,14.0,10.0,42.0,66.0,39.0,,,,,,,79.0712,28.0,24.0,63.0,173.0,,,,,,0,0.0
OAS31023,,,,,27.0,,35.0,,16.0,36.0,,,229380.2259,1631167.205,1031271.351,248438.5978,59334.0,53.6575,29.0,33.0,67.8,155.0,454775.2282,225395.0023,495605.1229,605773.2282,247166.5252,0,0.0
OAS31023,,,,,25.0,,31.0,,22.0,50.0,,,226728.9461,1621268.089,1022425.522,246095.997,57671.0,53.6575,30.0,33.0,67.5,158.0,451929.8308,225200.8847,489803.6907,596913.8308,243707.6937,0,0.0
OAS31023,,,,,30.0,,37.0,,38.0,49.0,,,,,,,,53.6575,30.0,33.0,68.0,150.1999512,,,,,,0,0.0
OAS31024,,,,,12.0,12.0,27.0,14.0,17.0,65.0,64.0,52.0,198862.8945,1539635.216,877452.4632,199852.3273,45035.0,78.8877,29.0,34.0,68.5,179.0,398797.4232,199934.5287,401333.04,530720.4232,201480.7127,1,0.5
OAS31024,,,,,11.0,10.0,17.0,11.0,26.0,66.0,60.0,56.0,195917.1261,1541501.289,860535.2797,193567.9612,43234.0,78.8877,27.0,34.0,68.0,179.0,395230.6606,199313.5345,385630.6191,526504.6606,192062.658,1,0.5
OAS31024,,,,,11.0,8.0,23.0,8.0,22.0,79.0,61.0,46.0,195917.1261,1541501.289,860535.2797,193567.9612,43234.0,78.8877,26.0,34.0,68.0,180.0,395230.6606,199313.5345,385630.6191,526504.6606,192062.658,2,1.0
OAS31025,,,,,11.0,11.0,26.0,17.0,32.0,76.0,52.0,56.0,,,,,,65.9808,29.0,33.0,65.0,141.0,,,,,,0,0.0
OAS31025,,,,,13.0,15.0,27.0,19.0,23.0,79.0,53.0,56.0,196226.0804,1364963.76,871997.959,207713.4105,48822.0,65.9808,30.0,33.0,64.5,137.0,388605.0138,192378.9334,418605.9451,530656.0138,210892.5347,0,0.0
OAS31025,,,,,11.0,13.0,24.0,22.0,35.0,139.0,47.0,58.0,196226.0804,1364963.76,871997.959,207713.4105,48822.0,65.9808,30.0,33.0,64.5,139.0,388605.0138,192378.9334,418605.9451,530656.0138,210892.5347,0,0.0
OAS31025,,,,,17.0,16.0,29.0,29.0,32.0,84.0,59.0,56.0,189352.7803,1359218.723,857281.1204,204549.309,48831.0,65.9808,29.0,33.0,64.0,154.0,377385.9396,188033.1593,413253.1808,516981.9396,208703.8718,0,0.0
OAS31025,,,,,19.0,18.0,23.0,20.0,28.0,66.0,51.0,56.0,189352.7803,1359218.723,857281.1204,204549.309,48831.0,65.9808,29.0,33.0,64.5,161.0,377385.9396,188033.1593,413253.1808,516981.9396,208703.8718,0,0.0
OAS31025,,,,,18.0,17.0,29.0,19.0,28.0,76.0,54.0,58.0,,,,,,65.9808,30.0,33.0,64.0,999.0,,,,,,0,0.0
OAS31025,,,,,19.0,21.0,27.0,22.0,25.0,57.0,55.0,54.0,185762.1404,1357220.09,837955.452,198377.546,49920.0,65.9808,29.0,33.0,64.0,161.0,372584.2384,186822.098,395043.2136,509691.2384,196665.6676,0,0.0
OAS31025,,,,,19.0,18.0,28.0,22.0,30.0,83.0,58.0,58.0,185762.1404,1357220.09,837955.452,198377.546,49920.0,65.9808,29.0,33.0,64.0,163.0,372584.2384,186822.098,395043.2136,509691.2384,196665.6676,0,0.0
OAS31025,,,,,18.0,17.0,25.0,20.0,28.0,59.0,51.0,56.0,182949.8441,1353632.95,833487.9711,197258.5989,46331.0,65.9808,29.0,33.0,64.0,165.0,366364.6522,183414.808,397674.3189,499725.6522,200415.72,0,0.0
OAS31025,,,,,15.0,17.0,24.0,21.0,21.0,59.0,59.0,54.0,182949.8441,1353632.95,833487.9711,197258.5989,46331.0,65.9808,28.0,33.0,64.0,158.0,366364.6522,183414.808,397674.3189,499725.6522,200415.72,0,0.0
OAS31025,6.0,6.0,7.0,6.0,,,22.0,16.0,27.0,80.0,50.0,,,,,,,65.9808,30.0,33.0,63.5,161.0,,,,,,0,0.0
OAS31026,,,,,14.0,12.0,29.0,18.0,41.0,72.0,50.0,58.0,201692.1527,1561633.158,903037.7923,193389.5124,47535.0,79.0027,30.0,34.0,64.0,167.0,407802.5718,206110.4191,391933.2205,553675.5718,198543.7081,0,0.0
OAS31026,,,,,16.0,17.0,27.0,25.0,32.0,58.0,51.0,56.0,201692.1527,1561633.158,903037.7923,193389.5124,47535.0,79.0027,30.0,34.0,63.3,155.0,407802.5718,206110.4191,391933.2205,553675.5718,198543.7081,0,0.0
OAS31026,,,,,16.0,17.0,25.0,20.0,27.0,75.0,50.0,54.0,,,,,,79.0027,28.0,34.0,63.0,159.0,,,,,,1,0.5
OAS31026,,,,,11.0,10.0,15.0,14.0,38.0,108.0,32.0,50.0,,,,,,79.0027,29.0,34.0,63.0,137.0,,,,,,1,0.5
OAS31026,,,,,18.0,14.0,17.0,9.0,35.0,180.0,34.0,46.0,,,,,,79.0027,28.0,34.0,63.0,139.0,,,,,,1,0.5
OAS31028,,,,,29.0,,22.0,,34.0,92.0,,,193728.6371,1468259.148,868001.9594,193093.183,45321.0,66.7699,28.0,33.0,60.5,135.0,388105.3496,194376.7126,389044.6097,522201.3496,195951.4267,0,0.0
OAS31028,,,,,13.0,11.0,20.0,14.0,22.0,39.0,45.0,56.0,183778.2779,1413424.938,837549.447,186079.5939,43082.0,66.7699,30.0,33.0,60.0,135.0,370755.5196,186977.2417,373117.9274,493947.5196,187038.3335,0,0.0
OAS31028,,,,,18.0,17.0,15.0,14.0,22.0,64.0,54.0,56.0,183778.2779,1413424.938,837549.447,186079.5939,43082.0,66.7699,30.0,33.0,60.0,135.0,370755.5196,186977.2417,373117.9274,493947.5196,187038.3335,0,0.0
OAS31028,9.0,8.0,9.0,6.0,,,16.0,12.0,24.0,45.0,53.0,,183778.2779,1413424.938,837549.447,186079.5939,43082.0,66.7699,30.0,33.0,60.0,134.0,370755.5196,186977.2417,373117.9274,493947.5196,187038.3335,0,0.0
OAS31028,10.0,8.0,6.0,5.0,,,18.0,16.0,31.0,83.0,48.0,,,,,,,66.7699,29.0,33.0,59.75,138.0,,,,,,0,0.0
OAS31028,,,,,26.0,,17.0,,23.0,60.0,,,186980.3282,1487967.084,845353.827,184305.8316,43290.0,66.7699,30.0,33.0,59.5,134.0,375545.7696,188565.4414,368682.0574,503809.7696,184376.2258,0,0.0
OAS31029,,,,,15.0,12.0,15.0,19.0,48.0,140.0,39.0,54.0,,,,,,82.3671,25.0,33.0,60.0,177.0,,,,,,0,0.0
OAS31029,,,,,12.0,9.0,20.0,21.0,37.0,139.0,38.0,54.0,,,,,,82.3671,30.0,33.0,64.5,184.0,,,,,,1,0.5
OAS31029,,,,,16.0,15.0,20.0,17.0,33.0,107.0,40.0,54.0,,,,,,82.3671,29.0,33.0,59.0,999.0,,,,,,1,0.5
OAS31029,,,,,13.0,13.0,21.0,20.0,48.0,180.0,31.0,54.0,,,,,,82.3671,30.0,33.0,59.0,173.0,,,,,,1,0.5
OAS31029,,,,,17.0,16.0,19.0,15.0,63.0,180.0,26.0,48.0,158034.9052,1164623.805,716786.2048,158888.3599,41816.0,82.3671,27.0,33.0,58.0,169.0,323775.3081,165740.4029,320014.8967,430118.3081,161126.5368,1,0.5
OAS31029,,,,,12.0,9.0,14.0,13.0,52.0,180.0,30.0,48.0,158034.9052,1164623.805,716786.2048,158888.3599,41816.0,82.3671,28.0,33.0,58.0,159.0,323775.3081,165740.4029,320014.8967,430118.3081,161126.5368,1,0.5
OAS31030,,,,,6.0,2.0,18.0,5.0,47.0,180.0,24.0,52.0,200612.062,1780663.971,929500.3757,187494.244,43933.0,78.2466,26.0,34.0,65.0,145.0,412623.8599,212011.798,385601.5157,544035.8599,198107.2717,1,0.5
OAS31030,,,,,6.0,0.0,9.0,5.0,79.0,180.0,22.0,46.0,,,,,,78.2466,21.0,34.0,66.0,151.0,,,,,,2,1.0
OAS31031,,,,,,,29.0,,35.0,59.0,48.0,58.0,193286.7829,1396793.643,927208.7578,245796.7969,157043.6516,60.2329,29.0,33.0,,146.0,383777.697,190490.9141,488563.7031,540821.3486,242766.9063,0,0.0
OAS31031,,,,,32.0,,34.0,,26.0,56.0,,,192337.3956,1396047.149,918184.9105,226158.817,49773.0,60.2329,30.0,33.0,66.0,172.0,384736.4957,192399.1001,451087.4148,521708.4957,224928.5979,0,0.0
OAS31031,,,,,36.0,,33.0,,23.0,60.0,,,187971.5748,1356880.551,898103.3449,222171.1081,48024.0,60.2329,30.0,33.0,64.5,207.0,374731.9223,186760.3475,444464.4226,506373.9223,222293.3145,0,0.0
OAS31031,,,,,34.0,,30.0,,27.0,63.0,,,,,,,,60.2329,30.0,33.0,65.0,214.0,,,,,,0,0.0
OAS31031,,,,,35.0,,32.0,,24.0,45.0,,,,,,,,60.2329,30.0,33.0,66.0,189.0,,,,,,0,0.0
OAS31031,,,,,33.0,,30.0,,25.0,75.0,,,179932.3682,1360216.003,865609.4657,214132.2257,45805.0,60.2329,29.0,33.0,65.5,189.0,359709.127,179776.7587,430840.3387,487503.127,216708.113,0,0.0
OAS31031,,,,,40.0,,28.0,,21.0,66.0,,,179932.3682,1360216.003,865609.4657,214132.2257,45805.0,60.2329,29.0,33.0,65.5,196.0,359709.127,179776.7587,430840.3387,487503.127,216708.113,0,0.0
OAS31031,,,,,26.0,,30.0,,20.0,53.0,,,179043.5932,1365298.801,869865.6923,216916.0217,45958.0,60.2329,30.0,33.0,64.0,198.0,359046.1422,180002.549,434996.55,484997.1422,218080.5283,0,0.0
OAS31031,,,,,34.0,,31.0,,28.0,81.0,,,,,,,,60.2329,30.0,33.0,64.0,198.0,,,,,,0,0.0
OAS31031,,,,,27.0,,28.0,,31.0,46.0,,,177912.2698,1379371.903,864831.5496,215880.2939,46852.0,60.2329,30.0,33.0,64.0,204.0,356285.9269,178373.6571,430056.6226,484641.9269,214176.3288,0,0.0
OAS31031,,,,,26.0,,34.0,,31.0,52.0,,,175435.8293,1379553.206,862396.6655,215194.6618,45509.0,60.2329,30.0,33.0,64.0,201.0,351555.7135,176119.8843,433576.9519,479364.7135,218382.2901,0,0.0
OAS31032,,,,,10.0,10.0,22.0,15.0,28.0,58.0,44.0,50.0,182569.2947,1377702.01,863757.5527,213470.2992,47774.0,70.6384,27.0,44.0,64.0,154.0,365357.2295,182787.9348,424697.3231,497390.2295,211227.024,0,0.0
OAS31032,,,,,15.0,17.0,17.0,11.0,25.0,70.0,45.0,52.0,192955.0775,1365735.011,862895.1045,199241.2143,47174.0,70.6384,27.0,44.0,65.0,160.0,387383.4311,194428.3535,400313.6734,517703.4311,201072.4591,0,0.0
OAS31032,,,,,15.0,16.0,20.0,10.0,23.0,56.0,42.0,52.0,192955.0775,1365735.011,862895.1045,199241.2143,47174.0,70.6384,28.0,44.0,64.5,154.0,387383.4311,194428.3535,400313.6734,517703.4311,201072.4591,0,0.0
OAS31032,,,,,15.0,15.0,18.0,11.0,27.0,55.0,49.0,48.0,,,,,,70.6384,27.0,44.0,64.0,152.0,,,,,,0,0.0
OAS31033,,,,,6.0,0.0,6.0,3.0,122.0,,7.0,14.0,188062.6141,1801233.446,957127.8219,202574.4567,45945.0,87.8658,19.0,34.0,70.0,160.0,391564.1507,203501.5367,413039.6711,517512.1507,210465.2144,2,1.0
OAS31033,,,,,4.0,0.0,3.0,3.0,180.0,180.0,,10.0,188062.6141,1801233.446,957127.8219,202574.4567,45945.0,87.8658,19.0,34.0,70.0,162.0,391564.1507,203501.5367,413039.6711,517512.1507,210465.2144,2,2.0
OAS31034,,,,,15.0,13.0,21.0,10.0,38.0,50.0,54.0,56.0,214418.4887,1530021.03,910695.3597,198329.1457,55239.0,67.1507,30.0,34.0,71.0,180.0,433495.1937,219076.705,400387.166,599065.1937,202058.0203,0,0.0
OAS31034,,,,,12.0,11.0,22.0,15.0,28.0,81.0,54.0,56.0,,,,,,67.1507,29.0,34.0,71.0,173.0,,,,,,0,0.0
OAS31035,,,,,,,,,58.0,122.0,42.0,57.0,,,,,,68.537,,34.0,,155.0,,,,,,1,0.5
OAS31035,,,,,,,,,44.0,97.0,39.0,58.0,,,,,,68.537,,34.0,,165.0,,,,,,0,0.0
OAS31035,,,,,,,19.0,,46.0,124.0,37.0,58.0,,,,,,68.537,27.0,34.0,,162.0,,,,,,0,0.0
OAS31035,,,,,,,15.0,,53.0,139.0,40.0,58.0,,,,,,68.537,28.0,34.0,,171.0,,,,,,1,0.5
OAS31035,,,,,,,18.0,,59.0,115.0,39.0,58.0,,,,,,68.537,30.0,34.0,,169.0,,,,,,0,0.0
OAS31035,,,,,16.0,18.0,18.0,12.0,54.0,140.0,34.0,58.0,190539.7764,1486132.743,904949.9999,221745.9119,47410.0,68.537,24.0,34.0,63.0,165.0,375101.1373,184561.3609,435713.8627,505137.1373,213967.9508,0,0.0
OAS31035,,,,,15.0,18.0,17.0,14.0,55.0,159.0,33.0,58.0,190539.7764,1486132.743,904949.9999,221745.9119,47410.0,68.537,30.0,34.0,62.5,163.0,375101.1373,184561.3609,435713.8627,505137.1373,213967.9508,0,0.0
OAS31036,,,,,10.0,7.0,18.0,17.0,51.0,99.0,32.0,58.0,226349.734,1630031.222,985644.4337,210964.2034,55697.0,82.9068,24.0,34.0,65.0,166.0,456232.0492,229882.3152,423682.3845,606038.0492,212718.1811,0,0.0
OAS31036,,,,,11.0,12.0,25.0,16.0,77.0,180.0,41.0,54.0,226349.734,1630031.222,985644.4337,210964.2034,55697.0,82.9068,27.0,34.0,65.0,171.0,456232.0492,229882.3152,423682.3845,606038.0492,212718.1811,0,0.0
OAS31036,,,,,11.0,9.0,11.0,15.0,52.0,154.0,31.0,56.0,,,,,,82.9068,30.0,34.0,65.0,180.0,,,,,,0,0.0
OAS31037,,,,,,,24.0,,25.0,147.0,54.0,57.0,,,,,,64.7644,30.0,33.0,,165.0,,,,,,0,0.0
OAS31037,,,,,,,31.0,,23.0,90.0,50.0,54.0,,,,,,64.7644,30.0,33.0,,155.0,,,,,,0,0.0
OAS31037,,,,,,,23.0,,49.0,83.0,51.0,53.0,,,,,,64.7644,30.0,33.0,,185.0,,,,,,1,0.5
OAS31037,,,,,,,19.0,,38.0,115.0,52.0,53.0,,,,,,64.7644,29.0,33.0,,182.0,,,,,,0,0.0
OAS31037,,,,,15.0,15.0,24.0,13.0,26.0,97.0,51.0,56.0,199247.3833,1408851.923,862075.8642,194244.8185,49187.0,64.7644,29.0,33.0,63.0,163.0,400342.5598,201095.1765,386077.3044,543747.5598,191832.4859,0,0.0
OAS31037,,,,,15.0,14.0,25.0,13.0,40.0,103.0,51.0,56.0,199247.3833,1408851.923,862075.8642,194244.8185,49187.0,64.7644,29.0,33.0,63.0,187.0,400342.5598,201095.1765,386077.3044,543747.5598,191832.4859,1,0.5
OAS31037,,,,,20.0,16.0,28.0,19.0,36.0,94.0,55.0,56.0,179464.2481,1393270.448,810343.6964,182468.7812,46377.0,64.7644,29.0,33.0,62.0,181.0,361583.1654,182118.9172,371647.531,503057.1654,189178.7498,0,0.0
OAS31037,,,,,17.0,15.0,24.0,15.0,25.0,101.0,53.0,56.0,186375.0287,1352250.302,817700.0826,184135.5258,46303.0,64.7644,28.0,33.0,62.5,166.0,372503.8574,186128.8287,366439.2252,507003.8574,182303.6995,1,0.5
OAS31037,6.0,6.0,5.0,4.0,,,18.0,14.0,32.0,153.0,47.0,,,,,,,64.7644,29.0,33.0,63.0,174.0,,,,,,0,0.0
OAS31038,,,,,,,19.0,,41.0,90.0,56.0,50.0,,,,,,71.337,28.0,33.0,,,,,,,,1,0.5
OAS31038,,,,,,,27.0,,27.0,120.0,54.0,52.0,,,,,,71.337,27.0,33.0,,163.0,,,,,,1,0.5
OAS31038,,,,,,,26.0,,30.0,67.0,62.0,44.0,,,,,,71.337,28.0,33.0,,165.0,,,,,,1,0.5
OAS31038,,,,,,,19.0,,67.0,102.0,53.0,44.0,,,,,,71.337,29.0,33.0,,147.0,,,,,,1,0.5
OAS31038,,,,,8.0,2.0,19.0,15.0,47.0,93.0,50.0,38.0,186843.8147,1415494.94,896505.5336,223446.5938,157941.9242,71.337,25.0,33.0,62.0,150.0,378090.4058,191246.5911,454013.75,536032.3301,230567.1563,1,0.5
OAS31038,,,,,10.0,3.0,17.0,11.0,50.0,138.0,54.0,42.0,,,,,,71.337,25.0,33.0,62.2,148.0,,,,,,0,0.0
OAS31038,,,,,12.0,1.0,15.0,11.0,41.0,122.0,52.0,38.0,190416.3498,1449702.502,895202.7176,202775.629,42544.0,71.337,26.0,33.0,62.0,142.0,383898.6677,193482.3179,411772.0499,517588.6677,208996.4209,1,0.5
OAS31038,,,,,8.0,0.0,13.0,14.0,115.0,154.0,39.0,48.0,190416.3498,1449702.502,895202.7176,202775.629,42544.0,71.337,25.0,33.0,62.0,142.0,383898.6677,193482.3179,411772.0499,517588.6677,208996.4209,1,0.5
OAS31038,,,,,5.0,0.0,16.0,9.0,,,17.0,34.0,,,,,,71.337,25.0,33.0,61.3,133.0,,,,,,2,1.0
OAS31039,,,,,31.0,,31.0,,39.0,46.0,,,226137.4494,1601693.793,994492.2231,232729.3179,56032.0,64.4164,30.0,33.0,71.7,166.0,453329.1216,227191.6722,463887.1014,613421.1216,231157.7836,0,0.0
OAS31039,,,,,35.0,,33.0,,28.0,54.0,,,226137.4494,1601693.793,994492.2231,232729.3179,56032.0,64.4164,30.0,33.0,71.6,162.0,453329.1216,227191.6722,463887.1014,613421.1216,231157.7836,1,0.5
OAS31039,,,,,34.0,,34.0,,31.0,42.0,,,,,,,,64.4164,30.0,33.0,71.7,172.0,,,,,,0,0.0
OAS31039,,,,,43.0,,33.0,,26.0,43.0,,,212089.0245,1568721.368,978736.8417,237720.6284,55321.0,64.4164,30.0,33.0,72.0,169.0,424812.3591,212723.3346,473544.4825,576396.3591,235823.8542,0,0.0
OAS31039,,,,,34.0,,30.0,,23.0,53.0,,,212089.0245,1568721.368,978736.8417,237720.6284,55321.0,64.4164,30.0,33.0,71.5,171.0,424812.3591,212723.3346,473544.4825,576396.3591,235823.8542,0,0.0
OAS31039,,,,,42.0,,31.0,,33.0,85.0,,,211883.8413,1571901.888,964626.3194,228499.4241,54675.0,64.4164,30.0,33.0,71.5,170.0,427966.1186,216082.2773,453787.2008,581377.1186,225287.7767,0,0.0
OAS31039,,,,,36.0,,30.0,,39.0,49.0,,,211883.8413,1571901.888,964626.3194,228499.4241,54675.0,64.4164,30.0,33.0,71.75,175.0,427966.1186,216082.2773,453787.2008,581377.1186,225287.7767,0,0.0
OAS31039,,,,,35.0,,29.0,,27.0,46.0,,,,,,,,64.4164,30.0,33.0,71.4,165.7999268,,,,,,0,0.0
OAS31040,,,,,27.0,,11.0,,30.0,48.0,,,199931.8829,1361300.13,910799.9237,215642.9503,52417.0,58.8192,29.0,33.0,65.5,222.0,404638.9677,204707.0848,426741.956,556014.9677,211099.0057,0,0.0
OAS31040,8.0,6.0,8.0,6.0,,,19.0,15.0,,,,,,,,,,58.8192,,33.0,,,,,,,,0,0.0
OAS31041,,,,,9.0,7.0,23.0,15.0,54.0,105.0,32.0,56.0,,,,,,77.7644,29.0,34.0,66.0,156.0,,,,,,0,0.0
OAS31041,9.0,7.0,6.0,5.0,,,15.0,11.0,53.0,113.0,25.0,,,,,,,77.7644,26.0,34.0,64.0,141.0,,,,,,1,0.5
OAS31042,,,,,7.0,10.0,26.0,7.0,29.0,84.0,36.0,56.0,,,,,,69.2027,29.0,24.0,73.5,235.0,,,,,,0,0.0
OAS31042,,,,,9.0,7.0,20.0,14.0,34.0,160.0,39.0,54.0,,,,,,69.2027,29.0,24.0,73.5,230.0,,,,,,0,0.0
OAS31042,,,,,7.0,9.0,26.0,10.0,39.0,180.0,36.0,56.0,188862.0345,1436363.821,893886.5737,220954.7535,49961.0,69.2027,26.0,24.0,73.0,219.0,377593.4651,188731.4306,442603.1086,509314.4651,221648.3551,0,0.0
OAS31042,5.0,5.0,5.0,4.0,,,18.0,13.0,40.0,180.0,29.0,,,,,,,69.2027,28.0,24.0,72.5,216.0,,,,,,0,0.0
OAS31042,7.0,6.0,5.0,4.0,,,20.0,10.0,38.0,180.0,31.0,,,,,,,69.2027,26.0,24.0,73.0,210.0,,,,,,0,0.0
OAS31042,5.0,5.0,4.0,3.0,,,19.0,7.0,85.0,,29.0,,,,,,,69.2027,28.0,24.0,72.5,184.3999023,,,,,,0,0.0
OAS31043,,,,,12.0,7.0,11.0,9.0,54.0,134.0,27.0,48.0,,,,,,68.1753,23.0,33.0,68.0,176.0,,,,,,1,0.5
OAS31043,,,,,13.0,11.0,12.0,9.0,46.0,173.0,28.0,50.0,222418.2859,1543952.088,983147.5355,235527.9975,48604.0,68.1753,28.0,33.0,58.5,174.0,440806.8593,218388.5734,458203.6763,563517.8593,222675.6787,1,0.5
OAS31043,,,,,12.0,10.0,15.0,8.0,66.0,172.0,28.0,50.0,222418.2859,1543952.088,983147.5355,235527.9975,48604.0,68.1753,30.0,33.0,68.5,182.0,440806.8593,218388.5734,458203.6763,563517.8593,222675.6787,1,0.5
OAS31043,,,,,13.0,11.0,15.0,10.0,59.0,126.0,24.0,50.0,217089.7487,1565654.035,962152.0805,229205.4552,47429.0,68.1753,28.0,33.0,68.0,171.0,430722.6938,213632.9451,444809.3867,553603.6938,215603.9315,0,0.0
OAS31043,,,,,12.0,9.0,14.0,8.0,38.0,133.0,23.0,50.0,,,,,,68.1753,27.0,33.0,68.0,172.0,,,,,,0,0.0
OAS31043,,,,,15.0,15.0,14.0,6.0,54.0,115.0,29.0,46.0,,,,,,68.1753,30.0,33.0,68.5,168.0,,,,,,0,0.0
OAS31043,,,,,11.0,11.0,15.0,6.0,51.0,145.0,21.0,50.0,,,,,,68.1753,27.0,33.0,69.0,172.0,,,,,,0,0.0
OAS31043,,,,,8.0,10.0,12.0,6.0,180.0,,12.0,48.0,,,,,,68.1753,28.0,33.0,69.0,168.0,,,,,,1,0.5
OAS31043,12.0,9.0,5.0,4.0,,,8.0,6.0,83.0,166.0,14.0,,,,,,,68.1753,27.0,33.0,69.0,172.0,,,,,,0,0.0
OAS31043,11.0,9.0,4.0,4.0,,,13.0,7.0,150.0,180.0,14.0,,,,,,,68.1753,27.0,33.0,70.0,179.0,,,,,,0,0.0
OAS31044,,,,,5.0,4.0,23.0,11.0,52.0,129.0,30.0,48.0,,,,,,76.0027,29.0,33.0,66.0,140.0,,,,,,1,0.5
OAS31045,,,,,,,17.0,,28.0,60.0,44.0,59.0,,,,,,67.5397,29.0,33.0,,168.0,,,,,,0,0.0
OAS31045,,,,,10.0,7.0,14.0,16.0,31.0,71.0,49.0,56.0,,,,,,67.5397,29.0,33.0,62.0,157.0,,,,,,0,0.0
OAS31045,,,,,16.0,18.0,21.0,15.0,27.0,66.0,46.0,56.0,,,,,,67.5397,30.0,33.0,62.0,158.0,,,,,,0,0.0
OAS31045,,,,,11.0,11.0,18.0,13.0,35.0,67.0,53.0,56.0,203471.9876,1441242.166,835909.4433,176665.4535,45217.0,67.5397,29.0,33.0,62.0,163.0,405071.3044,201599.3168,353626.1389,530823.3044,176960.6854,0,0.0
OAS31045,,,,,14.0,13.0,18.0,13.0,37.0,76.0,51.0,52.0,195163.8696,1445456.758,813080.2669,174532.8653,44095.0,67.5397,30.0,33.0,62.0,156.0,387094.8993,191931.0297,346534.3676,511709.8993,172001.5024,0,0.0
OAS31045,,,,,13.0,12.0,16.0,17.0,32.0,88.0,38.0,50.0,,,,,,67.5397,28.0,33.0,62.0,168.0,,,,,,1,0.5
OAS31045,,,,,9.0,,14.0,11.0,45.0,97.0,41.0,,,,,,,67.5397,28.0,33.0,61.0,151.0,,,,,,1,0.5
OAS31045,,,,,10.0,7.0,9.0,13.0,42.0,113.0,42.0,48.0,,,,,,67.5397,24.0,33.0,61.0,165.0,,,,,,2,1.0
OAS31045,8.0,7.0,4.0,3.0,,,12.0,12.0,64.0,180.0,31.0,,,,,,,67.5397,20.0,33.0,60.5,153.0,,,,,,2,1.0
OAS31046,,,,,15.0,9.0,21.0,8.0,32.0,78.0,41.0,56.0,,,,,,85.0548,30.0,23.0,63.0,172.0,,,,,,0,0.0
OAS31046,,,,,11.0,11.0,19.0,20.0,33.0,83.0,45.0,56.0,172985.0406,1442511.053,792226.1139,168949.8341,40729.0,85.0548,30.0,23.0,62.0,158.0,350614.6927,177629.6521,338162.4212,467717.6927,169212.5871,0,0.0
OAS31046,,,,,10.0,6.0,16.0,15.0,37.0,80.0,41.0,60.0,172985.0406,1442511.053,792226.1139,168949.8341,40729.0,85.0548,29.0,23.0,62.5,158.0,350614.6927,177629.6521,338162.4212,467717.6927,169212.5871,1,0.5
OAS31046,,,,,12.0,11.0,16.0,13.0,39.0,137.0,46.0,58.0,175702.7737,1438665.733,775347.848,155563.4161,40936.0,85.0548,28.0,23.0,61.0,161.0,354452.9893,178750.2157,313436.8587,467288.9893,157873.4426,0,0.0
OAS31046,,,,,12.0,8.0,19.0,15.0,58.0,114.0,41.0,56.0,175702.7737,1438665.733,775347.848,155563.4161,40936.0,85.0548,30.0,23.0,60.0,172.0,354452.9893,178750.2157,313436.8587,467288.9893,157873.4426,0,0.0
OAS31046,,,,,10.0,9.0,26.0,15.0,57.0,125.0,46.0,56.0,,,,,,85.0548,29.0,23.0,61.0,161.0,,,,,,0,0.0
OAS31046,,,,,13.0,11.0,16.0,14.0,65.0,174.0,31.0,54.0,174825.7848,1438218.912,778836.9383,156039.2916,40136.0,85.0548,30.0,23.0,62.0,153.0,353298.668,178472.8832,314163.2704,463678.668,158123.9788,0,0.0
OAS31046,,,,,8.0,4.0,17.0,11.0,49.0,180.0,26.0,58.0,,,,,,85.0548,29.0,23.0,60.0,149.0,,,,,,1,0.5
OAS31046,,,,,8.0,10.0,17.0,12.0,80.0,180.0,29.0,54.0,,,,,,85.0548,30.0,23.0,88.8,156.0,,,,,,0,0.0
OAS31047,,,,,14.0,15.0,34.0,19.0,46.0,59.0,59.0,60.0,204867.2878,1292425.736,878047.9232,197830.0538,52869.0,67.3452,28.0,33.0,59.5,145.0,407772.173,202904.8852,396929.7503,549014.173,199099.6965,0,0.0
OAS31047,,,,,18.0,18.0,30.0,25.0,22.0,78.0,55.0,60.0,204867.2878,1292425.736,878047.9232,197830.0538,52869.0,67.3452,30.0,33.0,60.2,145.0,407772.173,202904.8852,396929.7503,549014.173,199099.6965,0,0.0
OAS31047,,,,,14.0,13.0,31.0,18.0,24.0,61.0,51.0,60.0,,,,,,67.3452,30.0,33.0,59.5,148.0,,,,,,0,0.0
OAS31047,,,,,19.0,18.0,33.0,18.0,25.0,60.0,53.0,60.0,201357.2928,1273074.727,860324.9142,191501.5711,51294.0,67.3452,30.0,33.0,59.0,142.0,401340.2941,199983.0013,385678.6202,535196.2941,194177.049,0,0.0
OAS31047,,,,,12.0,12.0,21.0,22.0,22.0,48.0,53.0,60.0,,,,,,67.3452,30.0,33.0,59.0,136.0,,,,,,0,0.0
OAS31047,,,,,14.0,13.0,28.0,14.0,20.0,43.0,54.0,60.0,,,,,,67.3452,30.0,33.0,58.75,137.0,,,,,,0,0.0
OAS31047,,,,,16.0,16.0,29.0,15.0,22.0,58.0,49.0,60.0,,,,,,67.3452,30.0,33.0,59.0,147.0,,,,,,0,0.0
OAS31047,9.0,7.0,10.0,6.0,,,34.0,21.0,22.0,36.0,53.0,,,,,,,67.3452,30.0,33.0,58.5,148.0,,,,,,0,0.0
OAS31047,11.0,8.0,6.0,4.0,,,29.0,16.0,23.0,53.0,50.0,,,,,,,67.3452,30.0,33.0,59.0,146.0,,,,,,0,0.0
OAS31047,8.0,7.0,6.0,4.0,,,30.0,18.0,25.0,46.0,49.0,,,,,,,67.3452,28.0,33.0,59.0,145.5999756,,,,,,0,0.0
OAS31047,9.0,7.0,7.0,5.0,,,28.0,17.0,,,,,,,,,,67.3452,,33.0,,,,,,,,0,0.0
OAS31048,,,,,22.0,,23.0,,25.0,99.0,,,236008.0584,1625334.771,1033856.977,246001.7289,54708.0,56.1589,26.0,34.0,73.0,228.0,468537.7396,232529.6811,488164.2377,623767.7396,242162.5088,0,0.0
OAS31048,,,,,25.0,,21.0,,27.0,107.0,,,232595.0279,1635452.327,1023391.029,241900.7171,54393.0,56.1589,28.0,34.0,73.0,221.0,463417.5476,230822.5197,480024.4812,616498.5476,238123.7641,0,0.0
OAS31048,,,,,26.0,,24.0,,41.0,61.0,,,226806.5876,1662250.711,1010244.644,241070.5108,53946.0,56.1589,28.0,34.0,72.5,229.0,451109.621,224303.0334,474175.0226,604528.621,233104.5118,0,0.0
OAS31048,,,,,20.0,,18.0,,20.0,81.0,,,221232.5173,1567584.954,995811.9855,236358.9664,51249.0,56.1589,28.0,34.0,72.5,237.5,441399.4784,220166.9611,467856.5071,590388.4784,231497.5406,0,0.0
OAS31048,,,,,21.0,,27.0,,18.0,68.0,,,222827.4909,1541361.566,999915.466,236456.0524,52710.0,56.1589,26.0,34.0,72.0,236.0,441953.8502,219126.3593,469233.6158,590877.8502,232777.5634,0,0.0
OAS31048,,,,,23.0,,22.0,,21.0,59.0,,,,,,,,56.1589,30.0,34.0,73.5,241.0,,,,,,0,0.0
OAS31048,,,,,21.0,,21.0,,18.0,96.0,,,220186.1473,1593021.153,989888.3352,231567.005,53345.0,56.1589,28.0,34.0,72.0,232.0,438411.2726,218225.1253,457702.0626,592997.2726,226135.0576,0,0.0
OAS31049,,,,,,,20.0,,37.0,148.0,29.0,50.0,,,,,,70.8137,29.0,34.0,,152.0,,,,,,1,0.5
OAS31049,,,,,,,12.0,,45.0,119.0,31.0,51.0,196153.6552,1427061.238,911422.012,238665.5,162784.4737,70.8137,26.0,34.0,,149.0,389718.6554,193565.0002,473811.5,552503.129,235146.0,1,0.5
OAS31052,,,,,9.0,6.0,14.0,11.0,30.0,72.0,58.0,48.0,184587.3115,1323204.752,834943.2798,195580.321,44953.0,78.4712,28.0,33.0,65.0,177.0,372212.0231,187624.7115,389276.2567,500384.0231,193695.9357,1,0.5
OAS31052,,,,,12.0,10.0,11.0,11.0,38.0,62.0,58.0,52.0,184587.3115,1323204.752,834943.2798,195580.321,44953.0,78.4712,29.0,33.0,64.5,170.0,372212.0231,187624.7115,389276.2567,500384.0231,193695.9357,0,0.0
OAS31052,,,,,9.0,6.0,9.0,8.0,27.0,68.0,58.0,48.0,,,,,,78.4712,29.0,33.0,66.0,166.0,,,,,,1,0.5
OAS31053,7.0,6.0,5.0,4.0,7.0,5.0,10.0,10.0,30.0,180.0,34.0,,204645.5555,1552694.565,911574.4909,193602.5048,50842.0,66.189,26.0,33.0,73.0,205.0,408398.1346,203752.5791,384801.3563,557088.1346,191198.8515,1,0.5
OAS31053,7.0,6.0,4.0,3.0,,,6.0,7.0,38.0,180.0,5.0,,,,,,,66.189,22.0,33.0,73.0,202.0,,,,,,2,1.0
OAS31054,,,,,11.0,7.0,18.0,11.0,23.0,88.0,37.0,52.0,,,,,,62.0658,30.0,33.0,66.5,154.0,,,,,,1,0.5
OAS31054,,,,,11.0,3.0,14.0,9.0,35.0,94.0,34.0,46.0,,,,,,62.0658,27.0,33.0,67.0,152.0,,,,,,2,1.0
OAS31054,,,,,8.0,8.0,15.0,9.0,34.0,71.0,28.0,56.0,,,,,,62.0658,27.0,33.0,67.5,148.0,,,,,,1,0.5
OAS31054,,,,,8.0,0.0,15.0,6.0,51.0,124.0,42.0,52.0,,,,,,62.0658,27.0,33.0,67.0,157.0,,,,,,2,1.0
OAS31054,,,,,4.0,3.0,13.0,5.0,56.0,180.0,20.0,50.0,,,,,,62.0658,29.0,33.0,67.0,150.0,,,,,,2,1.0
OAS31054,,,,,2.0,2.0,9.0,4.0,49.0,180.0,22.0,44.0,,,,,,62.0658,25.0,33.0,66.0,149.0,,,,,,2,1.0
OAS31054,,,,,5.0,0.0,8.0,3.0,126.0,,8.0,34.0,,,,,,62.0658,24.0,33.0,66.0,146.0,,,,,,2,1.0
OAS31054,,,,,6.0,0.0,9.0,1.0,70.0,180.0,,34.0,166024.2332,1409941.641,806125.4692,201455.4516,41761.0,62.0658,19.0,33.0,66.5,146.5,322108.8378,156084.6046,402533.6314,453056.8378,201078.1798,2,2.0
OAS31056,,,,,16.0,16.0,21.0,14.0,47.0,133.0,36.0,60.0,226686.6064,1617224.747,999483.8369,230991.2015,50651.0,67.4986,28.0,34.0,75.0,276.0,455008.6418,228322.0354,462689.1951,597820.6418,231697.9936,0,0.0
OAS31056,,,,,15.0,11.0,23.0,9.0,49.0,162.0,32.0,56.0,226686.6064,1617224.747,999483.8369,230991.2015,50651.0,67.4986,29.0,34.0,74.0,278.0,455008.6418,228322.0354,462689.1951,597820.6418,231697.9936,0,0.0
OAS31056,,,,,9.0,8.0,21.0,13.0,54.0,180.0,27.0,54.0,,,,,,67.4986,29.0,34.0,74.6,272.0,,,,,,0,0.0
OAS31057,,,,,12.0,11.0,29.0,20.0,18.0,37.0,52.0,60.0,,,,,,66.7288,30.0,44.0,64.0,139.0,,,,,,0,0.0
OAS31057,,,,,12.0,11.0,30.0,20.0,16.0,51.0,55.0,58.0,,,,,,66.7288,30.0,44.0,64.0,140.0,,,,,,0,0.0
OAS31057,,,,,19.0,18.0,33.0,17.0,21.0,47.0,58.0,58.0,,,,,,66.7288,29.0,44.0,64.0,144.0,,,,,,0,0.0
OAS31057,,,,,18.0,18.0,34.0,16.0,22.0,62.0,54.0,56.0,198510.7408,1316134.53,843104.2858,185111.318,45495.0,66.7288,30.0,44.0,64.0,139.0,394745.5177,196234.7768,371940.7681,525655.5177,186829.4502,0,0.0
OAS31057,,,,,22.0,22.0,31.0,23.0,18.0,45.0,54.0,56.0,,,,,,66.7288,30.0,44.0,64.0,144.0,,,,,,0,0.0
OAS31057,,,,,23.0,23.0,31.0,22.0,19.0,36.0,57.0,58.0,,,,,,66.7288,30.0,44.0,63.0,131.0,,,,,,0,0.0
OAS31057,,,,,24.0,22.0,34.0,23.0,16.0,47.0,55.0,58.0,,,,,,66.7288,30.0,44.0,63.5,140.0,,,,,,0,0.0
OAS31057,,,,,22.0,23.0,25.0,17.0,16.0,46.0,57.0,60.0,,,,,,66.7288,30.0,44.0,63.0,136.0,,,,,,0,0.0
OAS31057,,,,,24.0,24.0,29.0,18.0,23.0,45.0,55.0,60.0,,,,,,66.7288,30.0,44.0,64.0,139.0,,,,,,0,0.0
OAS31057,,,,,24.0,25.0,25.0,17.0,18.0,54.0,51.0,58.0,,,,,,66.7288,30.0,44.0,63.0,140.0,,,,,,0,0.0
OAS31057,,,,,24.0,24.0,30.0,18.0,19.0,51.0,38.0,58.0,,,,,,66.7288,30.0,44.0,63.0,146.5,,,,,,0,0.0
OAS31057,7.0,6.0,8.0,6.0,,,19.0,14.0,19.0,53.0,44.0,,,,,,,66.7288,30.0,44.0,62.5,150.1999512,,,,,,0,0.0
OAS31058,,,,,,,26.0,,37.0,103.0,46.0,56.0,,,,,,59.526,29.0,33.0,,210.0,,,,,,0,0.0
OAS31058,,,,,26.0,,20.0,,47.0,70.0,,,,,,,,59.526,29.0,33.0,73.5,203.0,,,,,,0,0.0
OAS31058,,,,,30.0,,25.0,,76.0,102.0,,,,,,,,59.526,28.0,33.0,61.5,206.1999512,,,,,,0,0.0
OAS31058,9.0,7.0,8.0,6.0,,,31.0,15.0,,,,,,,,,,59.526,,33.0,,,,,,,,0,0.0
OAS31059,,,,,13.0,,26.0,,19.0,40.0,,,,,,,,45.2164,30.0,34.0,,140.0,,,,,,0,0.0
OAS31059,,,,,37.0,,29.0,,21.0,42.0,,,217861.9209,1453558.254,933911.1566,212238.6775,56610.0,45.2164,30.0,34.0,54.3,137.0,433891.2137,216029.2928,423576.9429,585536.2137,211338.2653,0,0.0
OAS31059,,,,,30.0,,27.0,,18.0,55.0,,,,,,,,45.2164,30.0,34.0,64.0,156.0,,,,,,0,0.0
OAS31059,,,,,24.0,,21.0,,18.0,73.0,,,206781.8579,1433702.518,907086.6482,206812.2583,54094.0,45.2164,30.0,34.0,64.0,157.0,413954.5201,207172.6621,414235.1281,559696.5201,207422.8698,0,0.0
OAS31059,,,,,22.0,,24.0,,26.0,50.0,,,207823.3559,1402219.71,902363.3565,205367.4379,53908.0,45.2164,30.0,34.0,63.9,170.0,412284.2619,204460.906,411760.0946,559502.2619,206392.6567,0,0.0
OAS31059,10.0,8.0,7.0,6.0,,,22.0,22.0,,,,,,,,,,45.2164,,34.0,,,,,,,,0,0.0
OAS31060,,,,,5.0,1.0,6.0,2.0,44.0,180.0,29.0,30.0,184647.2951,1694600.398,887172.5675,208026.2723,49420.0,76.9945,27.0,,66.0,164.0,365468.2276,180820.9325,414566.3399,514222.2276,206540.0676,2,1.0
OAS31061,,,,,,,12.0,,48.0,180.0,32.0,49.0,,,,,,85.2329,29.0,33.0,,109.0,,,,,,0,0.0
OAS31061,,,,,,,7.0,,39.0,180.0,34.0,47.0,,,,,,85.2329,30.0,33.0,,109.0,,,,,,0,0.0
OAS31062,12.0,9.0,9.0,6.0,10.0,7.0,24.0,11.0,33.0,73.0,43.0,,,,,,,86.4356,27.0,33.0,69.7,214.0,,,,,,1,0.5
OAS31062,12.0,8.0,8.0,6.0,,,19.0,13.0,33.0,70.0,30.0,,,,,,,86.4356,26.0,33.0,71.0,210.0,,,,,,2,1.0
OAS31063,,,,,8.0,7.0,19.0,16.0,43.0,180.0,34.0,58.0,236565.1385,1825300.551,1070510.272,257906.1937,56554.0,65.0959,27.0,33.0,71.7,258.0,465692.7754,229127.6369,514764.4966,634817.7754,256858.3029,1,0.5
OAS31063,,,,,10.0,7.0,13.0,10.0,86.0,180.0,25.0,60.0,236565.1385,1825300.551,1070510.272,257906.1937,56554.0,65.0959,27.0,33.0,71.5,248.0,465692.7754,229127.6369,514764.4966,634817.7754,256858.3029,1,0.5
OAS31063,,,,,7.0,6.0,11.0,6.0,66.0,,21.0,58.0,239665.5201,1835774.091,1062927.646,250551.1886,55543.0,65.0959,22.0,33.0,72.0,249.0,471755.0245,232089.5044,498465.6214,636856.0245,247914.4329,2,1.0
OAS31063,,,,,4.0,2.0,17.0,9.0,56.0,180.0,25.0,60.0,239665.5201,1835774.091,1062927.646,250551.1886,55543.0,65.0959,21.0,33.0,70.0,242.0,471755.0245,232089.5044,498465.6214,636856.0245,247914.4329,2,1.0
OAS31063,,,,,5.0,2.0,12.0,3.0,180.0,,6.0,60.0,,,,,,65.0959,25.0,33.0,70.0,215.0,,,,,,2,1.0
OAS31064,,,,,,,15.0,,25.0,82.0,49.0,58.0,208228.1175,1455353.451,939947.2213,236186.9219,172349.4731,48.5918,29.0,34.0,,239.0,420465.2551,212237.1375,475139.4531,592814.7282,238952.5313,0,0.0
OAS31064,,,,,35.0,,19.0,,26.0,69.0,,,199660.8666,1447328.76,927366.814,237977.5781,167796.6125,48.5918,30.0,34.0,,,406010.6594,206349.7928,477219.8281,573807.2719,239242.25,0,0.0
OAS31064,,,,,40.0,,24.0,,33.0,89.0,,,205675.729,1510575.861,932906.9054,216165.698,55176.0,48.5918,29.0,34.0,72.0,239.0,413433.241,207757.5121,439214.6644,559090.241,223048.9664,0,0.0
OAS31064,,,,,39.0,,19.0,,38.0,63.0,,,,,,,,48.5918,30.0,34.0,72.0,220.0,,,,,,0,0.0
OAS31065,,,,,20.0,,20.0,,33.0,123.0,,,205536.5274,1623848.441,966887.7675,232366.3403,53295.0,49.0466,29.0,33.0,66.2,188.0,413481.1572,207944.6298,462483.6103,556992.1572,230117.27,0,0.0
OAS31066,,,,,13.0,11.0,12.0,15.0,53.0,84.0,36.0,48.0,196828.8635,1430483.976,926850.5967,230515.5889,52730.0,63.0164,29.0,34.0,66.0,172.0,394861.1018,198032.2383,464947.4949,543344.1018,234431.906,0,0.0
OAS31066,,,,,7.0,7.0,9.0,12.0,42.0,95.0,37.0,46.0,196828.8635,1430483.976,926850.5967,230515.5889,52730.0,63.0164,29.0,34.0,66.0,157.0,394861.1018,198032.2383,464947.4949,543344.1018,234431.906,0,0.0
OAS31066,,,,,11.0,11.0,14.0,18.0,36.0,128.0,42.0,48.0,,,,,,63.0164,28.0,34.0,66.0,159.0,,,,,,0,0.0
OAS31066,,,,,10.0,13.0,14.0,15.0,40.0,160.0,39.0,44.0,,,,,,63.0164,29.0,34.0,66.0,159.0,,,,,,0,0.0
OAS31066,,,,,9.0,10.0,13.0,13.0,27.0,99.0,41.0,52.0,,,,,,63.0164,29.0,34.0,66.0,159.0,,,,,,0,0.0
OAS31066,,,,,14.0,16.0,11.0,14.0,41.0,135.0,43.0,44.0,,,,,,63.0164,28.0,34.0,65.8,158.0,,,,,,0,0.0
OAS31066,,,,,12.0,9.0,13.0,16.0,31.0,109.0,42.0,50.0,,,,,,63.0164,27.0,34.0,65.5,160.0,,,,,,0,0.0
OAS31066,7.0,6.0,8.0,6.0,,,14.0,14.0,38.0,121.0,40.0,,,,,,,63.0164,28.0,34.0,66.0,154.0,,,,,,0,0.0
OAS31066,9.0,7.0,6.0,4.0,,,13.0,12.0,32.0,142.0,41.0,,,,,,,63.0164,29.0,34.0,65.75,158.0,,,,,,0,0.0
OAS31066,6.0,5.0,6.0,4.0,,,15.0,10.0,37.0,119.0,39.0,,,,,,,63.0164,28.0,34.0,65.75,156.0,,,,,,0,0.0
OAS31067,,,,,0.0,0.0,11.0,10.0,54.0,180.0,29.0,18.0,,,,,,79.6658,17.0,34.0,62.5,131.0,,,,,,2,1.0
OAS31067,,,,,0.0,0.0,8.0,11.0,67.0,180.0,20.0,24.0,,,,,,79.6658,16.0,34.0,62.0,160.0,,,,,,2,2.0
OAS31068,,,,,,,20.0,,31.0,71.0,47.0,53.0,,,,,,63.9918,30.0,33.0,,233.0,,,,,,1,0.5
OAS31068,,,,,15.0,15.0,18.0,24.0,37.0,75.0,53.0,56.0,173861.2686,1337588.256,808804.6199,195058.6992,52177.0,63.9918,29.0,33.0,68.0,238.0,346689.8415,172828.5729,388932.7784,489010.8415,193874.0792,0,0.0
OAS31068,,,,,12.0,13.0,17.0,15.0,33.0,74.0,56.0,52.0,173861.2686,1337588.256,808804.6199,195058.6992,52177.0,63.9918,29.0,33.0,66.0,226.0,346689.8415,172828.5729,388932.7784,489010.8415,193874.0792,0,0.0
OAS31068,,,,,16.0,16.0,17.0,15.0,30.0,82.0,57.0,52.0,172751.2029,1342836.199,802949.7673,190167.4519,51977.0,63.9918,30.0,33.0,66.0,220.0,347087.5686,174336.3657,381573.1987,490178.5686,191405.7468,0,0.0
OAS31068,,,,,15.0,14.0,16.0,14.0,27.0,62.0,49.0,48.0,161869.2833,1297150.187,775506.937,187284.8517,51159.0,63.9918,29.0,33.0,66.8,226.0,326115.9072,164246.6238,375248.0299,459768.9072,187963.1782,0,0.0
OAS31068,,,,,14.0,15.0,15.0,12.0,24.0,72.0,53.0,46.0,161869.2833,1297150.187,775506.937,187284.8517,51159.0,63.9918,27.0,33.0,66.0,231.0,326115.9072,164246.6238,375248.0299,459768.9072,187963.1782,0,0.0
OAS31068,,,,,12.0,9.0,13.0,12.0,30.0,63.0,47.0,44.0,,,,,,63.9918,30.0,33.0,67.0,211.0,,,,,,0,0.0
OAS31068,6.0,5.0,8.0,5.0,,,15.0,13.0,26.0,108.0,43.0,,,,,,,63.9918,29.0,33.0,67.5,203.0,,,,,,0,0.0
OAS31068,11.0,8.0,6.0,4.0,,,17.0,12.0,32.0,91.0,43.0,,,,,,,63.9918,27.0,33.0,66.0,197.0,,,,,,0,0.0
OAS31068,8.0,7.0,7.0,5.0,,,14.0,7.0,32.0,180.0,43.0,,,,,,,63.9918,26.0,33.0,67.0,190.5999756,,,,,,0,0.0
OAS31070,,,,,24.0,,21.0,,27.0,53.0,,,209940.6308,1441324.79,937938.2905,221135.6637,53750.0,57.589,29.0,33.0,63.5,167.0,423378.1633,213437.5325,444915.1272,569357.1633,223779.4635,0,0.0
OAS31070,,,,,23.0,,27.0,,26.0,54.0,,,206661.5139,1529161.158,937186.7326,223221.1098,54899.0,57.589,29.0,33.0,63.5,164.0,414623.0232,207961.5093,448835.7094,562924.0232,225614.5997,0,0.0
OAS31071,,,,,14.0,12.0,17.0,13.0,32.0,86.0,42.0,58.0,223521.8238,1786139.308,1027298.684,239186.1572,51008.0,73.9534,30.0,23.0,67.0,166.0,452124.2271,228602.4033,475053.4569,604825.2271,235867.2997,0,0.0
OAS31071,,,,,15.0,12.0,22.0,10.0,37.0,85.0,29.0,58.0,,,,,,73.9534,30.0,23.0,67.0,169.0,,,,,,0,0.0
OAS31071,,,,,13.0,13.0,22.0,12.0,62.0,136.0,32.0,56.0,,,,,,73.9534,29.0,23.0,66.8,169.0,,,,,,1,0.5
OAS31071,9.0,7.0,8.0,5.0,,,18.0,8.0,41.0,120.0,25.0,,,,,,,73.9534,28.0,23.0,66.7,166.0,,,,,,1,0.5
OAS31072,,,,,,,19.0,,27.0,93.0,49.0,57.0,,,,,,46.3425,30.0,33.0,,205.0,,,,,,0,0.0
OAS31072,,,,,19.0,,16.0,,26.0,80.0,,,218262.0239,1573713.521,964938.403,221421.3882,51055.0,46.3425,29.0,33.0,67.5,182.0,435098.2329,216836.209,439408.17,586982.2329,217986.7818,0,0.0
OAS31073,,,,,4.0,7.0,18.0,15.0,15.0,57.0,46.0,58.0,229884.7457,1731252.425,1087797.244,271585.9005,64814.0,65.5726,28.0,33.0,71.0,182.0,464747.5526,234862.807,543800.6918,632399.5526,272214.7914,0,0.0
OAS31073,,,,,8.0,5.0,17.0,16.0,32.0,90.0,48.0,54.0,228230.2369,1735196.961,1068368.894,265963.9274,64870.0,65.5726,29.0,33.0,71.0,181.0,457398.6616,229168.4246,532096.2322,624279.6616,266132.3049,0,0.0
OAS31073,,,,,8.0,2.0,19.0,13.0,18.0,72.0,45.0,56.0,228230.2369,1735196.961,1068368.894,265963.9274,64870.0,65.5726,29.0,33.0,71.5,192.0,457398.6616,229168.4246,532096.2322,624279.6616,266132.3049,0,0.0
OAS31073,,,,,6.0,,13.0,14.0,24.0,76.0,52.0,56.0,,,,,,65.5726,30.0,33.0,71.0,203.0,,,,,,0,0.0
OAS31073,,,,,12.0,7.0,17.0,15.0,19.0,62.0,52.0,58.0,,,,,,65.5726,30.0,33.0,71.0,200.0,,,,,,0,0.0
OAS31073,,,,,10.0,9.0,15.0,14.0,23.0,68.0,57.0,58.0,229858.9977,1696899.0,1053475.558,254810.3417,62571.0,65.5726,30.0,33.0,71.0,170.0,461689.104,231830.1063,511874.4538,626583.104,257064.1121,0,0.0
OAS31073,,,,,2.0,3.0,18.0,11.0,24.0,62.0,45.0,58.0,,,,,,65.5726,29.0,33.0,71.5,194.5,,,,,,0,0.0
OAS31073,7.0,6.0,11.0,7.0,,,15.0,11.0,22.0,73.0,52.0,,217489.6445,1659474.17,1013081.371,245515.0737,61413.0,65.5726,29.0,33.0,71.5,191.0,437519.2729,220029.6285,495222.098,597584.2729,249707.0244,0,0.0
OAS31073,7.0,7.0,9.0,6.0,,,16.0,13.0,30.0,63.0,54.0,,217489.6445,1659474.17,1013081.371,245515.0737,61413.0,65.5726,28.0,33.0,71.25,200.0,437519.2729,220029.6285,495222.098,597584.2729,249707.0244,0,0.0
OAS31073,11.0,8.0,8.0,6.0,,,17.0,12.0,30.0,75.0,47.0,,,,,,,65.5726,30.0,33.0,71.5,200.7999268,,,,,,0,0.0
OAS31074,,,,,,,15.0,,25.0,94.0,42.0,45.0,,,,,,71.9945,30.0,34.0,,180.0,,,,,,1,0.5
OAS31074,,,,,,,13.0,,25.0,90.0,52.0,50.0,,,,,,71.9945,29.0,34.0,,184.0,,,,,,0,0.0
OAS31074,,,,,,,14.0,,36.0,,45.0,45.0,,,,,,71.9945,29.0,34.0,,187.0,,,,,,0,0.0
OAS31074,,,,,,,17.0,,32.0,114.0,56.0,46.0,,,,,,71.9945,29.0,34.0,,189.0,,,,,,1,0.5
OAS31074,,,,,,,16.0,,27.0,74.0,47.0,45.0,,,,,,71.9945,29.0,34.0,,185.0,,,,,,1,0.5
OAS31074,,,,,,,15.0,,46.0,92.0,52.0,46.0,,,,,,71.9945,28.0,34.0,,184.0,,,,,,0,0.0
OAS31074,,,,,,,12.0,,33.0,79.0,44.0,47.0,,,,,,71.9945,30.0,34.0,,174.0,,,,,,1,0.5
OAS31074,,,,,7.0,0.0,14.0,1.0,27.0,65.0,47.0,38.0,,,,,,71.9945,26.0,34.0,69.0,171.0,,,,,,1,0.5
OAS31074,,,,,5.0,1.0,10.0,2.0,27.0,74.0,42.0,40.0,,,,,,71.9945,28.0,34.0,69.0,176.0,,,,,,1,0.5
OAS31074,,,,,7.0,0.0,12.0,5.0,31.0,88.0,44.0,30.0,226339.6018,1799592.46,1074673.041,247187.6285,52463.0,71.9945,28.0,34.0,70.0,177.0,454010.4625,227670.8607,499923.5782,605822.4625,252735.9496,1,0.5
OAS31074,,,,,7.0,0.0,10.0,2.0,37.0,99.0,43.0,36.0,226339.6018,1799592.46,1074673.041,247187.6285,52463.0,71.9945,29.0,34.0,69.0,177.0,454010.4625,227670.8607,499923.5782,605822.4625,252735.9496,1,0.5
OAS31074,,,,,5.0,0.0,8.0,2.0,42.0,124.0,45.0,34.0,,,,,,71.9945,27.0,34.0,69.0,169.0,,,,,,1,0.5
OAS31075,,,,,11.0,12.0,15.0,15.0,27.0,79.0,36.0,50.0,,,,,,65.1507,30.0,,64.0,120.0,,,,,,0,0.0
OAS31075,,,,,10.0,10.0,20.0,17.0,26.0,70.0,48.0,52.0,,,,,,65.1507,29.0,,64.3,120.0,,,,,,0,0.0
OAS31075,,,,,6.0,7.0,16.0,14.0,28.0,72.0,49.0,52.0,153832.5383,1120285.771,698473.1531,155078.1046,42175.0,65.1507,28.0,,64.0,131.0,314748.9686,160916.4303,318758.1845,435430.9686,163680.0799,0,0.0
OAS31075,,,,,3.0,3.0,10.0,10.0,34.0,106.0,45.0,42.0,153832.5383,1120285.771,698473.1531,155078.1046,42175.0,65.1507,27.0,,64.3,127.0,314748.9686,160916.4303,318758.1845,435430.9686,163680.0799,1,0.5
OAS31076,,,,,13.0,8.0,20.0,14.0,46.0,84.0,47.0,54.0,180091.5342,1449468.737,847177.5394,199634.0902,45089.0,72.526,29.0,34.0,69.0,190.0,359659.5208,179567.9866,401179.0186,480842.5208,201544.9284,0,0.0
OAS31076,6.0,5.0,8.0,5.0,,,21.0,11.0,34.0,90.0,48.0,,,,,,,72.526,28.0,34.0,68.9,177.0,,,,,,0,0.0
OAS31076,9.0,7.0,6.0,4.0,,,24.0,9.0,33.0,73.0,48.0,,178865.8674,1484948.836,850611.7074,195962.2527,45635.0,72.526,29.0,34.0,68.5,190.0,357415.7705,178549.9031,398923.9369,489425.7705,202961.6842,0,0.0
OAS31076,7.0,7.0,5.0,4.0,,,22.0,13.0,32.0,81.0,38.0,,180603.117,1478367.997,856073.4047,196258.3599,45818.0,72.526,28.0,34.0,68.5,183.3999023,361770.0357,181166.9188,400933.369,488433.0357,204675.0091,0,0.0
OAS31076,6.0,6.0,6.0,5.0,,,20.0,11.0,43.0,72.0,47.0,,,,,,,72.526,28.0,34.0,68.0,172.1999512,,,,,,0,0.0
OAS31077,,,,,14.0,15.0,24.0,16.0,24.0,106.0,44.0,58.0,196305.4146,1477545.817,845076.1815,181998.314,49437.0,82.3205,27.0,33.0,61.0,123.0,388748.9454,192443.5308,371254.2362,522557.9454,189255.9222,0,0.0
OAS31077,,,,,11.0,12.0,24.0,17.0,32.0,96.0,43.0,56.0,196305.4146,1477545.817,845076.1815,181998.314,49437.0,82.3205,30.0,33.0,61.0,122.0,388748.9454,192443.5308,371254.2362,522557.9454,189255.9222,0,0.0
OAS31077,,,,,13.0,9.0,22.0,15.0,35.0,112.0,45.0,58.0,197778.2805,1484706.804,843489.5274,184933.6946,49643.0,82.3205,29.0,33.0,61.0,123.0,392817.7481,195039.4676,363919.7793,528292.7481,178986.0846,0,0.0
OAS31078,,,,,33.0,,16.0,,49.0,86.0,,,195782.5276,1185313.88,860087.6453,200903.19,54163.0,52.1452,30.0,34.0,56.0,183.0,392442.6676,196660.14,403746.9777,535230.6676,202843.7877,0,0.0
OAS31078,,,,,28.0,,17.0,,56.0,52.0,,,185636.4203,1198609.45,839000.7815,199369.164,53740.0,52.1452,30.0,34.0,55.5,192.0,373894.3202,188257.8999,400459.4613,512069.3202,201090.2973,0,0.0
OAS31080,,,,,10.0,6.0,19.0,13.0,40.0,144.0,26.0,48.0,,,,,,66.926,28.0,23.0,70.0,260.0,,,,,,0,0.0
OAS31080,7.0,6.0,7.0,5.0,,,16.0,10.0,40.0,97.0,26.0,,,,,,,66.926,27.0,23.0,70.0,282.0,,,,,,1,0.5
OAS31080,7.0,6.0,7.0,5.0,,,18.0,12.0,40.0,82.0,27.0,,,,,,,66.926,29.0,23.0,69.8,270.3999023,,,,,,0,0.0
OAS31081,,,,,,,21.0,,17.0,31.0,89.0,59.0,204012.6632,1370543.166,902683.0638,228077.0313,160774.5634,47.8164,30.0,23.0,,120.0,408088.4047,204075.7415,457640.9688,568862.9681,229563.9375,0,0.0
OAS31081,,,,,34.0,,22.0,,14.0,27.0,,,209339.1571,1320498.691,901701.7111,208287.572,54128.0,47.8164,30.0,23.0,64.0,141.0,417009.3798,207670.2227,416380.3313,556564.3798,208092.7592,0,0.0
OAS31083,,,,,18.0,17.0,19.0,15.0,29.0,57.0,63.0,52.0,207551.0594,1407984.15,850622.9804,175719.8311,51741.0,74.0877,30.0,33.0,64.0,143.0,414843.0554,207291.996,351717.925,548713.0554,175998.0938,0,0.0
OAS31083,,,,,17.0,16.0,23.0,21.0,32.0,66.0,66.0,52.0,207551.0594,1407984.15,850622.9804,175719.8311,51741.0,74.0877,29.0,33.0,63.5,145.0,414843.0554,207291.996,351717.925,548713.0554,175998.0938,0,0.0
OAS31083,,,,,19.0,17.0,15.0,18.0,27.0,97.0,64.0,54.0,197696.6146,1424079.874,829666.6234,168651.5925,51386.0,74.0877,28.0,33.0,63.0,149.0,397428.0725,199731.4579,339665.5509,529448.0725,171013.9584,0,0.0
OAS31083,,,,,17.0,18.0,17.0,18.0,27.0,97.0,55.0,46.0,192598.7111,1463307.227,815750.9074,162420.0723,51348.0,74.0877,30.0,33.0,62.7,144.0,387622.2133,195023.5022,328587.6942,520715.2133,166167.6218,0,0.0
OAS31083,,,,,13.0,14.0,15.0,14.0,26.0,61.0,60.0,42.0,192598.7111,1463307.227,815750.9074,162420.0723,51348.0,74.0877,28.0,33.0,62.75,145.0,387622.2133,195023.5022,328587.6942,520715.2133,166167.6218,0,0.0
OAS31083,11.0,8.0,6.0,4.0,,,18.0,18.0,56.0,122.0,49.0,,189893.5645,1470930.981,812356.1307,160743.2349,50536.0,74.0877,29.0,33.0,62.5,140.0,380977.1923,191083.6278,322919.9383,507628.1923,162176.7035,0,0.0
OAS31083,12.0,8.0,8.0,6.0,,,11.0,12.0,42.0,180.0,43.0,,,,,,,74.0877,30.0,33.0,62.25,154.1999512,,,,,,0,0.0
OAS31084,,,,,15.0,16.0,20.0,19.0,32.0,81.0,47.0,54.0,,,,,,65.9041,27.0,23.0,63.0,157.0,,,,,,1,0.5
OAS31084,,,,,18.0,19.0,22.0,12.0,28.0,87.0,51.0,54.0,,,,,,65.9041,26.0,23.0,63.0,129.0,,,,,,0,0.0
OAS31084,,,,,14.0,11.0,24.0,7.0,40.0,96.0,43.0,52.0,,,,,,65.9041,28.0,23.0,63.0,136.0,,,,,,0,0.0
OAS31084,,,,,12.0,14.0,17.0,9.0,45.0,160.0,48.0,52.0,,,,,,65.9041,28.0,23.0,63.0,111.0,,,,,,1,0.5
OAS31084,,,,,12.0,13.0,15.0,10.0,34.0,156.0,43.0,52.0,,,,,,65.9041,26.0,23.0,62.0,106.0,,,,,,1,0.5
OAS31084,,,,,10.0,8.0,18.0,13.0,28.0,142.0,44.0,52.0,,,,,,65.9041,30.0,23.0,62.7,106.0,,,,,,1,0.5
OAS31084,,,,,13.0,13.0,20.0,18.0,33.0,154.0,48.0,52.0,151039.8418,1443911.147,715495.9272,165632.5681,38774.0,65.9041,26.0,23.0,62.5,104.0,308615.5257,157575.6839,315184.4015,432850.5257,149551.8334,1,0.5
OAS31085,,,,,12.0,13.0,20.0,12.0,45.0,84.0,33.0,54.0,215814.925,1674875.842,942809.8677,200672.092,49665.0,83.0493,29.0,23.0,70.0,184.0,435872.0066,220057.0816,401951.8611,584361.0066,201279.7691,0,0.0
OAS31085,,,,,14.0,12.0,17.0,14.0,30.0,95.0,37.0,58.0,220463.467,1681258.783,932778.8267,193216.1995,50319.0,83.0493,26.0,23.0,70.0,170.0,444318.5313,223855.0643,381383.2954,595843.5313,188167.0959,0,0.0
OAS31085,,,,,15.0,12.0,23.0,13.0,40.0,99.0,38.0,54.0,220463.467,1681258.783,932778.8267,193216.1995,50319.0,83.0493,28.0,23.0,70.0,163.0,444318.5313,223855.0643,381383.2954,595843.5313,188167.0959,0,0.0
OAS31085,,,,,17.0,16.0,19.0,13.0,32.0,126.0,36.0,52.0,,,,,,83.0493,28.0,23.0,69.8,163.0,,,,,,0,0.0
OAS31085,,,,,13.0,15.0,24.0,11.0,56.0,156.0,32.0,54.0,,,,,,83.0493,29.0,23.0,70.5,172.0,,,,,,1,0.5
OAS31085,,,,,15.0,13.0,21.0,13.0,67.0,150.0,21.0,54.0,,,,,,83.0493,26.0,23.0,70.0,171.0,,,,,,1,0.5
OAS31086,,,,,12.0,3.0,13.0,10.0,34.0,90.0,43.0,44.0,201187.7027,1611950.006,925507.0817,210929.3339,48998.0,75.9671,30.0,34.0,63.5,164.0,400841.5739,199653.8712,420762.5078,520675.5739,209833.1739,1,0.5
OAS31086,,,,,5.0,2.0,14.0,10.0,45.0,180.0,32.0,52.0,201187.7027,1611950.006,925507.0817,210929.3339,48998.0,75.9671,26.0,34.0,63.5,176.0,400841.5739,199653.8712,420762.5078,520675.5739,209833.1739,1,0.5
OAS31086,10.0,8.0,7.0,5.0,,,12.0,9.0,34.0,,34.0,,,,,,,75.9671,19.0,34.0,63.5,178.0,,,,,,2,1.0
OAS31086,5.0,5.0,4.0,3.0,,,8.0,8.0,53.0,180.0,32.0,,,,,,,75.9671,22.0,34.0,63.75,185.0,,,,,,2,1.0
OAS31086,8.0,7.0,4.0,3.0,,,5.0,6.0,38.0,,26.0,,,,,,,75.9671,21.0,34.0,63.5,184.1999512,,,,,,2,1.0
OAS31087,,,,,21.0,,25.0,,47.0,84.0,,,223754.7882,1553093.431,996323.9302,235093.6665,58696.0,57.4603,30.0,23.0,71.4,178.0,445247.0413,221492.2531,471512.889,610060.0413,236419.2224,0,0.0
OAS31087,,,,,14.0,,19.0,,37.0,67.0,,,,,,,,57.4603,26.0,23.0,70.0,175.0,,,,,,0,0.0
OAS31088,,,,,15.0,15.0,22.0,16.0,19.0,52.0,56.0,60.0,,,,,,64.0329,29.0,33.0,64.0,160.0,,,,,,1,0.5
OAS31088,,,,,16.0,16.0,24.0,18.0,29.0,73.0,58.0,56.0,217785.1063,1459378.798,912068.7078,192426.3346,50202.0,64.0329,30.0,33.0,64.0,157.0,436396.9111,218611.8048,385274.7967,584331.9111,192848.4621,0,0.0
OAS31088,,,,,19.0,18.0,24.0,21.0,22.0,90.0,54.0,54.0,217785.1063,1459378.798,912068.7078,192426.3346,50202.0,64.0329,28.0,33.0,64.0,156.0,436396.9111,218611.8048,385274.7967,584331.9111,192848.4621,0,0.0
OAS31088,,,,,16.0,16.0,23.0,13.0,24.0,64.0,57.0,58.0,,,,,,64.0329,30.0,33.0,64.0,156.0,,,,,,0,0.0
OAS31088,,,,,16.0,19.0,22.0,21.0,27.0,79.0,58.0,54.0,215498.0381,1417530.314,906140.917,192765.7454,49068.0,64.0329,30.0,33.0,63.0,150.0,429833.8764,214335.8383,383653.0406,577360.8764,190887.2952,0,0.0
OAS31088,,,,,18.0,17.0,17.0,14.0,28.0,65.0,57.0,56.0,,,,,,64.0329,30.0,33.0,64.7,152.0,,,,,,0,0.0
OAS31088,4.0,4.0,4.0,3.0,,,19.0,14.0,33.0,92.0,49.0,,210599.5974,1466977.896,890453.7531,186812.0021,47555.0,64.0329,30.0,33.0,63.5,162.0,419786.0568,209186.4594,373767.6963,560147.0568,186955.6942,0,0.0
OAS31088,5.0,5.0,6.0,5.0,,,16.0,13.0,35.0,83.0,49.0,,,,,,,64.0329,30.0,33.0,64.0,169.5999756,,,,,,0,0.0
OAS31089,,,,,11.0,12.0,10.0,15.0,28.0,72.0,44.0,42.0,179622.8784,1062514.195,789431.7164,181698.2202,44292.0,74.3288,29.0,34.0,66.0,279.0,362004.5052,182381.6268,371136.2112,484007.5052,189437.991,0,0.0
OAS31089,,,,,8.0,10.0,13.0,14.0,29.0,68.0,54.0,48.0,,,,,,74.3288,26.0,34.0,67.0,284.0,,,,,,1,0.5
OAS31089,8.0,7.0,4.0,3.0,,,15.0,12.0,35.0,92.0,39.0,,,,,,,74.3288,26.0,34.0,67.0,288.0,,,,,,0,0.0
OAS31089,10.0,7.0,5.0,4.0,,,15.0,10.0,37.0,108.0,37.0,,,,,,,74.3288,25.0,34.0,67.0,250.7999268,,,,,,0,0.0
OAS31090,,,,,15.0,12.0,12.0,17.0,33.0,76.0,39.0,48.0,152121.7136,1420853.32,760961.5293,177307.6632,43588.0,82.6685,29.0,33.0,63.7,156.0,307047.6637,154925.9501,358264.8656,429909.6637,180957.2024,0,0.0
OAS31090,,,,,18.0,16.0,17.0,19.0,45.0,109.0,33.0,50.0,152121.7136,1420853.32,760961.5293,177307.6632,43588.0,82.6685,28.0,33.0,63.3,159.0,307047.6637,154925.9501,358264.8656,429909.6637,180957.2024,0,0.0
OAS31090,,,,,17.0,15.0,17.0,19.0,42.0,180.0,36.0,44.0,155439.7011,1440446.784,768440.1809,174628.5271,43427.0,82.6685,28.0,33.0,63.5,143.0,314910.6231,159470.922,352219.5578,436255.6231,177591.0307,0,0.0
OAS31090,,,,,18.0,17.0,15.0,17.0,38.0,128.0,35.0,50.0,,,,,,82.6685,28.0,33.0,63.0,147.0,,,,,,0,0.0
OAS31090,,,,,17.0,17.0,14.0,16.0,43.0,135.0,33.0,54.0,153394.4551,1453280.981,785431.108,177552.229,44445.0,82.6685,26.0,33.0,63.0,152.0,309661.751,156267.2959,363296.357,430713.751,185744.1279,0,0.0
OAS31090,,,,,16.0,17.0,14.0,10.0,39.0,180.0,36.0,52.0,,,,,,82.6685,27.0,33.0,62.3,140.0,,,,,,0,0.0
OAS31091,,,,,,,21.0,,41.0,83.0,47.0,58.0,,,,,,70.0466,30.0,33.0,,101.0,,,,,,0,0.0
OAS31091,,,,,,,19.0,,40.0,60.0,53.0,58.0,,,,,,70.0466,28.0,33.0,,98.0,,,,,,0,0.0
OAS31091,,,,,,,17.0,,57.0,83.0,49.0,59.0,,,,,,70.0466,30.0,33.0,,95.0,,,,,,0,0.0
OAS31091,,,,,,,17.0,,43.0,81.0,53.0,58.0,,,,,,70.0466,30.0,33.0,,90.0,,,,,,0,0.0
OAS31091,,,,,,,19.0,,39.0,66.0,54.0,57.0,,,,,,70.0466,28.0,33.0,,83.0,,,,,,0,0.0
OAS31091,,,,,,,15.0,,62.0,68.0,53.0,55.0,,,,,,70.0466,30.0,33.0,,92.0,,,,,,0,0.0
OAS31091,,,,,10.0,11.0,19.0,17.0,37.0,73.0,54.0,56.0,,,,,,70.0466,28.0,33.0,62.5,93.0,,,,,,0,0.0
OAS31091,,,,,14.0,11.0,20.0,13.0,37.0,92.0,55.0,58.0,193295.6859,1504867.606,882970.8953,196149.2288,45848.0,70.0466,27.0,33.0,62.0,96.0,390552.8759,197257.1899,399293.0195,533649.8759,203143.7906,0,0.0
OAS31091,,,,,14.0,11.0,14.0,12.0,52.0,89.0,61.0,52.0,193295.6859,1504867.606,882970.8953,196149.2288,45848.0,70.0466,27.0,33.0,62.0,95.0,390552.8759,197257.1899,399293.0195,533649.8759,203143.7906,0,0.0
OAS31091,,,,,11.0,11.0,14.0,16.0,34.0,97.0,57.0,52.0,,,,,,70.0466,28.0,33.0,62.0,91.0,,,,,,0,0.0
OAS31091,,,,,11.0,6.0,11.0,13.0,40.0,180.0,52.0,42.0,,,,,,70.0466,26.0,33.0,61.7,95.0,,,,,,0,0.0
OAS31091,,,,,6.0,4.0,10.0,8.0,35.0,180.0,38.0,30.0,,,,,,70.0466,25.0,33.0,62.0,98.0,,,,,,1,0.5
OAS31091,,,,,3.0,0.0,7.0,2.0,50.0,180.0,35.0,26.0,,,,,,70.0466,25.0,33.0,61.7,97.0,,,,,,1,0.5
OAS31092,,,,,,,21.0,,38.0,89.0,44.0,58.0,205631.6298,1668381.399,1043419.693,282793.875,174575.0214,72.4822,29.0,23.0,,169.0,417567.791,211936.1612,564800.8438,592142.8124,282006.9688,0,0.0
OAS31092,,,,,13.0,12.0,24.0,14.0,25.0,53.0,52.0,60.0,205631.6298,1668381.399,1043419.693,282793.875,174575.0214,72.4822,27.0,23.0,68.0,169.0,417567.791,211936.1612,564800.8438,592142.8124,282006.9688,0,0.0
OAS31092,,,,,17.0,17.0,30.0,18.0,25.0,67.0,43.0,60.0,,,,,,72.4822,29.0,23.0,66.5,161.0,,,,,,1,0.5
OAS31092,,,,,13.0,11.0,16.0,15.0,38.0,100.0,39.0,60.0,219142.5254,1790896.418,1041807.071,250130.3518,55667.0,72.4822,29.0,23.0,67.0,161.0,440315.2021,221172.6768,502396.8687,591149.2021,252266.5169,0,0.0
OAS31092,,,,,15.0,13.0,24.0,9.0,28.0,82.0,42.0,60.0,219142.5254,1790896.418,1041807.071,250130.3518,55667.0,72.4822,29.0,23.0,67.0,168.0,440315.2021,221172.6768,502396.8687,591149.2021,252266.5169,1,0.5
OAS31092,,,,,16.0,14.0,17.0,14.0,31.0,84.0,44.0,56.0,,,,,,72.4822,26.0,23.0,67.0,170.0,,,,,,0,0.0
OAS31092,,,,,17.0,15.0,18.0,15.0,31.0,113.0,45.0,58.0,,,,,,72.4822,29.0,23.0,67.0,169.0,,,,,,0,0.0
OAS31092,,,,,12.0,12.0,23.0,17.0,33.0,79.0,43.0,60.0,,,,,,72.4822,30.0,23.0,67.0,167.0,,,,,,0,0.0
OAS31092,,,,,17.0,17.0,20.0,10.0,34.0,92.0,37.0,60.0,213194.1945,1781216.924,1005389.791,225663.2463,54781.0,72.4822,29.0,23.0,66.0,167.0,433086.4353,219892.2408,452165.356,572285.4353,226502.1097,1,0.5
OAS31092,,,,,15.0,12.0,15.0,14.0,38.0,76.0,31.0,60.0,213194.1945,1781216.924,1005389.791,225663.2463,54781.0,72.4822,27.0,23.0,66.5,172.0,433086.4353,219892.2408,452165.356,572285.4353,226502.1097,1,0.5
OAS31092,,,,,11.0,10.0,10.0,10.0,52.0,133.0,32.0,58.0,,,,,,72.4822,24.0,23.0,65.3,171.0,,,,,,2,1.0
OAS31092,,,,,11.0,11.0,11.0,6.0,51.0,180.0,20.0,60.0,,,,,,72.4822,25.0,23.0,66.0,157.0,,,,,,2,1.0
OAS31092,8.0,6.0,5.0,4.0,,,10.0,12.0,36.0,159.0,31.0,,,,,,,72.4822,27.0,23.0,66.0,148.0,,,,,,2,1.0
OAS31093,,,,,10.0,9.0,13.0,10.0,34.0,111.0,47.0,40.0,190305.9141,1532096.802,905365.6796,214533.8028,46103.0,82.2466,26.0,33.0,62.0,125.0,380844.6764,190538.7623,430347.0032,496742.6764,215813.2004,0,0.0
OAS31093,,,,,9.0,10.0,5.0,9.0,32.0,128.0,48.0,42.0,190305.9141,1532096.802,905365.6796,214533.8028,46103.0,82.2466,25.0,33.0,61.0,110.0,380844.6764,190538.7623,430347.0032,496742.6764,215813.2004,1,0.5
OAS31094,,,,,21.0,,17.0,,48.0,126.0,,,168999.8557,1065615.484,696274.1094,152670.5975,42927.0,64.0219,28.0,33.0,63.0,147.0,340777.6578,171777.802,305693.4517,456421.6578,153022.8542,0,0.0
OAS31094,,,,,22.0,,20.0,,43.0,179.0,,,162434.4258,1057330.388,672189.6868,146561.9204,43145.0,64.0219,28.0,33.0,63.5,143.0,326255.9778,163821.5519,293047.709,441338.9778,146485.7886,0,0.0
OAS31096,,,,,17.0,14.0,25.0,14.0,38.0,84.0,55.0,58.0,,,,,,82.3014,29.0,33.0,70.0,178.0,,,,,,0,0.0
OAS31096,,,,,11.0,14.0,26.0,18.0,23.0,79.0,51.0,60.0,,,,,,82.3014,28.0,33.0,70.0,168.0,,,,,,0,0.0
OAS31096,,,,,16.0,14.0,23.0,13.0,27.0,50.0,47.0,58.0,,,,,,82.3014,29.0,33.0,70.0,178.0,,,,,,0,0.0
OAS31096,,,,,20.0,16.0,16.0,11.0,30.0,69.0,50.0,60.0,204657.9334,1792576.63,1046712.001,237031.1526,53771.0,82.3014,29.0,33.0,69.0,180.0,409907.407,205249.4736,481677.5936,553834.407,244646.441,1,0.5
OAS31096,,,,,20.0,20.0,17.0,10.0,24.0,57.0,,60.0,204657.9334,1792576.63,1046712.001,237031.1526,53771.0,82.3014,29.0,33.0,70.0,173.0,409907.407,205249.4736,481677.5936,553834.407,244646.441,0,0.0
OAS31097,,,,,,,25.0,,56.0,88.0,32.0,60.0,,,,,,72.4411,29.0,34.0,,121.0,,,,,,1,0.5
OAS31097,,,,,,,16.0,,41.0,101.0,38.0,59.0,,,,,,72.4411,29.0,34.0,,113.0,,,,,,1,0.5
OAS31097,,,,,,,19.0,,40.0,81.0,35.0,57.0,,,,,,72.4411,29.0,34.0,,116.0,,,,,,0,0.0
OAS31097,,,,,,,16.0,,42.0,88.0,41.0,58.0,,,,,,72.4411,29.0,34.0,,119.0,,,,,,1,0.5
OAS31097,,,,,10.0,8.0,20.0,16.0,45.0,139.0,25.0,58.0,,,,,,72.4411,29.0,34.0,64.0,115.0,,,,,,0,0.0
OAS31097,,,,,6.0,1.0,17.0,14.0,62.0,132.0,25.0,58.0,181453.7951,1439373.695,820209.2213,177397.8651,43877.0,72.4411,27.0,34.0,63.5,119.0,355171.9478,173718.1527,361563.2735,485295.9478,184165.4084,1,0.5
OAS31097,,,,,11.0,2.0,14.0,10.0,111.0,180.0,20.0,54.0,181453.7951,1439373.695,820209.2213,177397.8651,43877.0,72.4411,27.0,34.0,64.0,126.0,355171.9478,173718.1527,361563.2735,485295.9478,184165.4084,2,1.0
OAS31098,,,,,5.0,2.0,8.0,12.0,180.0,180.0,9.0,24.0,171770.3778,1244200.754,755814.6041,169276.8267,44557.0,84.0521,22.0,33.0,62.0,168.0,338945.6385,167175.2607,341738.9657,463624.6385,172462.139,1,0.5
OAS31099,,,,,32.0,,29.0,,15.0,36.0,,,233901.6007,1483490.152,964227.1827,231160.1875,178775.9442,46.2137,29.0,34.0,65.0,169.0,465251.3975,231349.7968,462495.0156,644027.3417,231334.8281,0,0.0
OAS31099,,,,,28.0,,34.0,,21.0,48.0,,,,,,,,46.2137,30.0,34.0,65.5,154.0,,,,,,0,0.0
OAS31099,,,,,28.0,,26.0,,19.0,59.0,,,219943.2304,1410547.58,937429.78,213878.0668,53530.0,46.2137,30.0,34.0,65.0,184.0,438201.8959,218258.6655,424438.8841,579876.8959,210560.8173,0,0.0
OAS31099,,,,,27.0,,28.0,,22.0,53.0,,,216385.8441,1458840.356,939436.9293,218257.6236,54467.0,46.2137,29.0,34.0,65.0,167.0,430466.0375,214080.1934,432729.8919,577249.0375,214472.2682,0,0.0
OAS31099,10.0,8.0,7.0,6.0,,,30.0,17.0,,,,,,,,,,46.2137,,34.0,,,,,,,,0,0.0
OAS31100,,,,,,,,,38.0,,44.0,57.0,,,,,,66.7534,,23.0,,,,,,,,0,0.0
OAS31100,,,,,,,,,30.0,,45.0,59.0,,,,,,66.7534,,23.0,,,,,,,,0,0.0
OAS31100,,,,,,,,,36.0,,48.0,59.0,,,,,,66.7534,,23.0,,,,,,,,0,0.0
OAS31100,,,,,,,,,36.0,91.0,47.0,60.0,,,,,,66.7534,,23.0,,180.0,,,,,,0,0.0
OAS31100,,,,,,,,,55.0,95.0,48.0,60.0,,,,,,66.7534,,23.0,,187.0,,,,,,0,0.0
OAS31100,,,,,,,,,32.0,66.0,48.0,59.0,,,,,,66.7534,,23.0,,185.0,,,,,,0,0.0
OAS31100,,,,,,,,,38.0,69.0,52.0,59.0,,,,,,66.7534,,23.0,,184.0,,,,,,0,0.0
OAS31100,,,,,,,20.0,,26.0,66.0,47.0,60.0,,,,,,66.7534,30.0,23.0,,185.0,,,,,,0,0.0
OAS31100,,,,,,,26.0,,32.0,62.0,48.0,59.0,,,,,,66.7534,28.0,23.0,,186.0,,,,,,0,0.0
OAS31100,,,,,,,20.0,,27.0,66.0,49.0,60.0,,,,,,66.7534,30.0,23.0,,184.0,,,,,,0,0.0
OAS31100,,,,,,,23.0,,29.0,61.0,56.0,60.0,,,,,,66.7534,29.0,23.0,,183.0,,,,,,0,0.0
OAS31100,,,,,,,20.0,,27.0,52.0,51.0,60.0,,,,,,66.7534,30.0,23.0,,182.0,,,,,,0,0.0
OAS31100,,,,,,,23.0,,30.0,62.0,49.0,60.0,,,,,,66.7534,29.0,23.0,,171.0,,,,,,0,0.0
OAS31100,,,,,,,15.0,,30.0,67.0,49.0,59.0,210442.1947,1704380.226,1057026.947,260705.25,185175.8476,66.7534,30.0,23.0,,177.0,425364.9905,214922.7958,518506.0469,610540.8381,257800.7969,0,0.0
OAS31100,,,,,,,19.0,,26.0,60.0,42.0,60.0,208768.1098,1696027.25,1056641.484,262685.4375,183623.9171,66.7534,30.0,23.0,,177.0,421986.9906,213218.8808,523032.3125,605610.9077,260346.875,0,0.0
OAS31100,,,,,19.0,19.0,21.0,16.0,27.0,66.0,45.0,60.0,208768.1098,1696027.25,1056641.484,262685.4375,183623.9171,66.7534,30.0,23.0,69.0,,421986.9906,213218.8808,523032.3125,605610.9077,260346.875,0,0.0
OAS31100,,,,,17.0,16.0,16.0,8.0,22.0,62.0,51.0,60.0,,,,,,66.7534,29.0,23.0,68.0,174.0,,,,,,0,0.0
OAS31100,,,,,13.0,12.0,23.0,9.0,29.0,68.0,44.0,60.0,,,,,,66.7534,29.0,23.0,68.0,174.0,,,,,,0,0.0
OAS31100,,,,,16.0,16.0,24.0,13.0,30.0,81.0,39.0,56.0,,,,,,66.7534,29.0,23.0,68.0,183.0,,,,,,0,0.0
OAS31101,,,,,15.0,14.0,23.0,12.0,27.0,52.0,54.0,52.0,196975.175,1478380.568,857104.8471,190206.2719,46829.0,68.7836,30.0,24.0,63.0,121.0,396884.1306,199908.9555,377114.7165,544827.1306,186908.4446,0,0.0
OAS31101,,,,,14.0,13.0,22.0,18.0,38.0,66.0,54.0,54.0,196975.175,1478380.568,857104.8471,190206.2719,46829.0,68.7836,30.0,24.0,62.0,118.0,396884.1306,199908.9555,377114.7165,544827.1306,186908.4446,0,0.0
OAS31101,,,,,16.0,13.0,24.0,14.0,29.0,54.0,59.0,56.0,,,,,,68.7836,29.0,24.0,62.75,121.0,,,,,,0,0.0
OAS31101,,,,,13.0,12.0,28.0,13.0,30.0,49.0,64.0,56.0,,,,,,68.7836,30.0,24.0,62.7,117.0,,,,,,0,0.0
OAS31101,,,,,12.0,11.0,19.0,15.0,31.0,56.0,63.0,56.0,,,,,,68.7836,30.0,24.0,62.5,111.0,,,,,,0,0.0
OAS31101,13.0,9.0,11.0,8.0,,,22.0,14.0,30.0,40.0,66.0,,192492.6215,1457907.981,838015.0787,183769.1355,46748.0,68.7836,30.0,24.0,62.75,120.0,385045.081,192552.4595,365142.9977,530039.081,181373.8622,0,0.0
OAS31101,12.0,9.0,7.0,5.0,,,22.0,12.0,28.0,53.0,63.0,,192492.6215,1457907.981,838015.0787,183769.1355,46748.0,68.7836,29.0,24.0,63.0,118.0,385045.081,192552.4595,365142.9977,530039.081,181373.8622,0,0.0
OAS31103,,,,,,,18.0,,39.0,62.0,53.0,57.0,192277.568,1266801.49,852942.7532,210848.3906,160980.5015,55.4932,29.0,33.0,,187.0,384171.9791,191894.4111,421831.3438,545152.4805,210982.9531,0,0.0
OAS31103,,,,,30.0,,22.0,,27.0,61.0,,,194186.1132,1313250.402,840780.2759,185470.4429,50306.0,55.4932,29.0,33.0,67.5,189.0,389020.6208,194834.5077,370775.6551,523814.6208,185305.2122,0,0.0
OAS31103,,,,,38.0,,20.0,,25.0,48.0,,,194186.1132,1313250.402,840780.2759,185470.4429,50306.0,55.4932,30.0,33.0,67.3,173.0,389020.6208,194834.5077,370775.6551,523814.6208,185305.2122,0,0.0
OAS31103,,,,,39.0,,23.0,,21.0,49.0,,,194133.8771,1307340.406,847509.4107,187965.9939,50365.0,55.4932,29.0,33.0,67.5,188.5999756,388542.5332,194408.6561,375665.8775,518415.5332,187699.8836,0,0.0
OAS31103,,,,,33.0,,20.0,,22.0,74.0,,,,,,,,55.4932,29.0,33.0,67.5,191.0,,,,,,0,0.0
OAS31103,8.0,6.0,7.0,5.0,,,23.0,12.0,,,,,,,,,,55.4932,,33.0,,,,,,,,0,0.0
OAS31104,,,,,24.0,,25.0,,42.0,68.0,,,,,,,,53.211,30.0,34.0,70.5,240.0,,,,,,0,0.0
OAS31104,,,,,17.0,,19.0,,43.0,86.0,,,198874.1774,1467436.312,876486.7611,196601.6079,49816.0,53.211,29.0,34.0,70.0,236.0,402616.8475,203742.6701,394593.9137,549175.8475,197992.3058,0,0.0
OAS31104,,,,,19.0,,13.0,,40.0,81.0,,,200584.0934,1471169.734,885411.3218,196627.2191,48955.0,53.211,29.0,34.0,69.6,227.3999023,408494.5771,207910.4837,398280.7448,551760.5771,201653.5257,1,0.5
OAS31104,,,,,21.0,,19.0,,50.0,95.0,,,200584.0934,1471169.734,885411.3218,196627.2191,48955.0,53.211,29.0,34.0,70.0,227.0,408494.5771,207910.4837,398280.7448,551760.5771,201653.5257,0,0.0
OAS31105,,,,,16.0,15.0,14.0,17.0,27.0,72.0,47.0,56.0,194769.5379,1406014.546,841537.2413,183447.9882,50333.0,73.0329,30.0,33.0,64.0,137.0,392357.5538,197588.0159,369114.6875,539406.5538,185666.6993,0,0.0
OAS31106,,,,,12.0,13.0,18.0,19.0,39.0,101.0,39.0,60.0,185533.1704,1232501.404,779833.1986,174452.3586,47583.0,67.2247,30.0,33.0,62.8,149.0,371818.7204,186285.5499,346783.4782,502195.7204,172331.1196,0,0.0
OAS31107,,,,,21.0,17.0,26.0,18.0,22.0,54.0,73.0,50.0,,,,,,66.6685,30.0,33.0,68.8,173.0,,,,,,0,0.0
OAS31107,,,,,19.0,15.0,27.0,14.0,23.0,48.0,62.0,56.0,,,,,,66.6685,30.0,33.0,69.0,177.0,,,,,,0,0.0
OAS31107,,,,,19.0,20.0,25.0,17.0,23.0,42.0,71.0,50.0,244508.7672,1764590.527,1082691.096,251933.1076,55289.0,66.6685,30.0,33.0,68.0,167.0,487340.6108,242831.8437,500880.4851,658025.6108,248947.3775,0,0.0
OAS31107,,,,,20.0,18.0,25.0,22.0,21.0,46.0,78.0,54.0,244508.7672,1764590.527,1082691.096,251933.1076,55289.0,66.6685,30.0,33.0,68.0,172.0,487340.6108,242831.8437,500880.4851,658025.6108,248947.3775,0,0.0
OAS31107,,,,,19.0,20.0,24.0,18.0,22.0,44.0,78.0,52.0,,,,,,66.6685,30.0,33.0,68.0,164.0,,,,,,0,0.0
OAS31107,,,,,21.0,21.0,24.0,10.0,16.0,50.0,78.0,52.0,,,,,,66.6685,30.0,33.0,68.5,172.5,,,,,,0,0.0
OAS31107,,,,,20.0,20.0,20.0,9.0,18.0,38.0,77.0,52.0,,,,,,66.6685,30.0,33.0,68.5,176.0,,,,,,0,0.0
OAS31107,10.0,8.0,11.0,8.0,,,25.0,16.0,21.0,40.0,74.0,,,,,,,66.6685,30.0,33.0,68.25,174.0,,,,,,0,0.0
OAS31107,11.0,8.0,10.0,6.0,,,20.0,19.0,27.0,41.0,75.0,,,,,,,66.6685,30.0,33.0,68.3,172.0,,,,,,0,0.0
OAS31108,,,,,,,,,30.0,80.0,52.0,60.0,,,,,,73.9671,,23.0,,184.0,,,,,,0,0.0
OAS31108,,,,,,,19.0,,31.0,72.0,46.0,58.0,,,,,,73.9671,30.0,23.0,,185.0,,,,,,0,0.0
OAS31108,,,,,,,19.0,,26.0,95.0,53.0,59.0,,,,,,73.9671,29.0,23.0,,188.0,,,,,,0,0.0
OAS31108,,,,,,,19.0,,30.0,57.0,53.0,59.0,,,,,,73.9671,29.0,23.0,,187.0,,,,,,0,0.0
OAS31108,,,,,,,20.0,,27.0,52.0,50.0,60.0,,,,,,73.9671,30.0,23.0,,187.0,,,,,,0,0.0
OAS31108,,,,,,,27.0,,26.0,64.0,51.0,59.0,,,,,,73.9671,29.0,23.0,,187.0,,,,,,0,0.0
OAS31108,,,,,,,20.0,,27.0,71.0,51.0,60.0,,,,,,73.9671,28.0,23.0,,184.0,,,,,,0,0.0
OAS31108,,,,,,,17.0,,29.0,72.0,54.0,60.0,,,,,,73.9671,30.0,23.0,,181.0,,,,,,0,0.0
OAS31108,,,,,,,20.0,,34.0,75.0,52.0,59.0,,,,,,73.9671,29.0,23.0,,184.0,,,,,,0,0.0
OAS31108,,,,,12.0,12.0,28.0,15.0,32.0,59.0,43.0,60.0,,,,,,73.9671,30.0,23.0,,180.0,,,,,,0,0.0
OAS31108,,,,,12.0,14.0,24.0,8.0,40.0,63.0,45.0,58.0,189973.4061,1575653.444,899437.5149,203590.7058,48221.0,73.9671,30.0,23.0,68.5,170.0,387953.5024,197980.0963,415701.0125,533290.5024,212110.3068,0,0.0
OAS31108,,,,,14.0,13.0,15.0,14.0,37.0,70.0,48.0,60.0,189973.4061,1575653.444,899437.5149,203590.7058,48221.0,73.9671,28.0,23.0,69.0,178.0,387953.5024,197980.0963,415701.0125,533290.5024,212110.3068,0,0.0
OAS31108,,,,,17.0,16.0,13.0,11.0,37.0,85.0,51.0,60.0,,,,,,73.9671,30.0,23.0,69.0,174.0,,,,,,0,0.0
OAS31108,,,,,12.0,14.0,23.0,15.0,30.0,72.0,50.0,60.0,187761.0562,1583860.684,890871.914,199431.5274,47730.0,73.9671,29.0,23.0,68.5,175.0,384113.0429,196351.9867,408835.8711,528659.0429,209404.3436,0,0.0
OAS31108,,,,,13.0,16.0,24.0,11.0,39.0,71.0,43.0,60.0,187761.0562,1583860.684,890871.914,199431.5274,47730.0,73.9671,25.0,23.0,68.9,175.0,384113.0429,196351.9867,408835.8711,528659.0429,209404.3436,0,0.0
OAS31108,,,,,13.0,12.0,17.0,14.0,51.0,180.0,20.0,58.0,,,,,,73.9671,28.0,23.0,66.5,150.0,,,,,,0,0.0
OAS31108,,,,,12.0,10.0,16.0,11.0,,,5.0,54.0,,,,,,73.9671,27.0,23.0,67.0,146.0,,,,,,0,0.0
OAS31108,10.0,8.0,8.0,6.0,,,14.0,10.0,,,,,,,,,,73.9671,28.0,23.0,88.8,888.0,,,,,,0,0.0
OAS31108,9.0,8.0,7.0,5.0,,,10.0,9.0,,,,,,,,,,73.9671,22.0,23.0,65.5,144.0,,,,,,0,0.0
OAS31109,,,,,,,10.0,,39.0,159.0,44.0,57.0,171795.4339,1246718.785,778733.2465,189899.7031,146290.655,68.5452,28.0,34.0,,193.0,349753.3445,177957.9107,380752.6406,496043.9996,190852.9375,1,0.5
OAS31109,,,,,6.0,0.0,14.0,11.0,34.0,180.0,37.0,54.0,,,,,,68.5452,24.0,34.0,67.0,187.0,,,,,,1,0.5
OAS31110,,,,,13.0,14.0,24.0,10.0,26.0,37.0,67.0,54.0,241461.9029,1867039.023,1139346.368,275551.7667,56379.0,66.811,30.0,24.0,70.0,251.0,481113.182,239651.2791,547051.1862,647638.182,271499.4195,0,0.0
OAS31110,,,,,12.0,12.0,20.0,13.0,24.0,63.0,68.0,52.0,241461.9029,1867039.023,1139346.368,275551.7667,56379.0,66.811,30.0,24.0,69.5,251.0,481113.182,239651.2791,547051.1862,647638.182,271499.4195,0,0.0
OAS31110,,,,,19.0,17.0,27.0,12.0,24.0,43.0,70.0,58.0,,,,,,66.811,30.0,24.0,69.0,250.0,,,,,,0,0.0
OAS31110,,,,,17.0,18.0,27.0,14.0,22.0,43.0,71.0,50.0,,,,,,66.811,30.0,24.0,69.0,258.0,,,,,,0,0.0
OAS31110,,,,,18.0,21.0,23.0,15.0,21.0,40.0,68.0,54.0,235780.4716,1817327.28,1118476.58,264958.4415,54952.0,66.811,29.0,24.0,69.0,244.0,467076.9952,231296.5236,526552.5852,627540.9952,261594.1438,0,0.0
OAS31110,,,,,19.0,20.0,16.0,12.0,20.0,40.0,68.0,54.0,235780.4716,1817327.28,1118476.58,264958.4415,54952.0,66.811,30.0,24.0,69.0,255.0,467076.9952,231296.5236,526552.5852,627540.9952,261594.1438,0,0.0
OAS31110,10.0,8.0,9.0,6.0,,,20.0,16.0,22.0,41.0,64.0,,,,,,,66.811,29.0,24.0,70.0,262.0,,,,,,0,0.0
OAS31111,,,,,5.0,4.0,26.0,7.0,33.0,180.0,46.0,44.0,217477.2274,1594518.768,1027293.118,240970.1895,63477.0,68.2192,28.0,34.0,69.5,209.0,449431.6188,231954.3915,492574.499,605454.6188,251604.3095,1,0.5
OAS31111,,,,,11.0,7.0,21.0,11.0,24.0,166.0,47.0,46.0,217477.2274,1594518.768,1027293.118,240970.1895,63477.0,68.2192,25.0,34.0,70.0,187.0,449431.6188,231954.3915,492574.499,605454.6188,251604.3095,0,0.0
OAS31111,,,,,5.0,2.0,20.0,5.0,30.0,180.0,51.0,50.0,,,,,,68.2192,24.0,34.0,69.5,186.0,,,,,,1,0.5
OAS31111,,,,,8.0,7.0,20.0,11.0,42.0,180.0,49.0,48.0,228586.608,1675090.098,1063225.369,248155.1022,63469.0,68.2192,21.0,34.0,69.0,199.0,467291.6604,238705.0525,509140.709,627031.6604,260985.6068,1,0.5
OAS31111,,,,,14.0,11.0,24.0,9.0,54.0,180.0,52.0,46.0,228586.608,1675090.098,1063225.369,248155.1022,63469.0,68.2192,29.0,34.0,70.0,202.0,467291.6604,238705.0525,509140.709,627031.6604,260985.6068,0,0.0
OAS31111,,,,,4.0,4.0,22.0,9.0,70.0,170.0,50.0,46.0,,,,,,68.2192,26.0,34.0,70.0,193.0,,,,,,0,0.0
OAS31111,,,,,10.0,9.0,18.0,5.0,37.0,166.0,46.0,50.0,,,,,,68.2192,27.0,34.0,69.0,194.0,,,,,,1,0.5
OAS31111,,,,,7.0,5.0,19.0,4.0,43.0,176.0,52.0,40.0,,,,,,68.2192,30.0,34.0,70.0,195.0,,,,,,0,0.0
OAS31111,,,,,11.0,10.0,20.0,7.0,71.0,180.0,49.0,40.0,,,,,,68.2192,26.0,34.0,69.5,186.0,,,,,,1,0.5
OAS31111,,,,,5.0,7.0,25.0,4.0,40.0,180.0,38.0,50.0,205247.4836,1671341.848,1021642.854,249886.721,61580.0,68.2192,23.0,34.0,69.0,191.5,417904.2302,212656.7466,508529.6242,567833.2302,258642.9033,0,0.0
OAS31111,,,,,3.0,0.0,27.0,1.0,39.0,148.0,41.0,40.0,205247.4836,1671341.848,1021642.854,249886.721,61580.0,68.2192,28.0,34.0,69.75,196.5,417904.2302,212656.7466,508529.6242,567833.2302,258642.9033,1,0.5
OAS31111,6.0,6.0,2.0,2.0,,,19.0,3.0,43.0,120.0,50.0,,,,,,,68.2192,26.0,34.0,70.0,192.7999268,,,,,,1,0.5
OAS31112,,,,,2.0,0.0,12.0,5.0,93.0,180.0,22.0,32.0,186024.1307,1632026.018,913790.9136,207586.004,56691.0,81.4329,28.0,34.0,68.0,186.0,367990.7793,181966.6486,422971.1343,520586.7793,215385.1303,2,1.0
OAS31112,,,,,5.0,1.0,9.0,6.0,53.0,180.0,19.0,28.0,186024.1307,1632026.018,913790.9136,207586.004,56691.0,81.4329,26.0,34.0,67.5,186.0,367990.7793,181966.6486,422971.1343,520586.7793,215385.1303,1,0.5
OAS31112,,,,,0.0,0.0,8.0,6.0,96.0,180.0,10.0,22.0,,,,,,81.4329,26.0,34.0,68.5,184.0,,,,,,1,0.5
OAS31113,,,,,16.0,15.0,30.0,13.0,24.0,75.0,68.0,54.0,201188.8328,1448316.959,916020.2226,216916.2688,54826.0,69.2712,30.0,44.0,63.0,157.0,405254.3006,204065.4678,434756.922,549260.3006,217840.6532,0,0.0
OAS31113,,,,,15.0,13.0,25.0,15.0,31.0,64.0,49.0,54.0,201188.8328,1448316.959,916020.2226,216916.2688,54826.0,69.2712,30.0,44.0,66.3,162.0,405254.3006,204065.4678,434756.922,549260.3006,217840.6532,0,0.0
OAS31113,,,,,15.0,15.0,20.0,17.0,28.0,51.0,60.0,54.0,201799.0683,1407610.86,909309.4747,212300.1668,54707.0,69.2712,28.0,44.0,63.0,160.0,403918.6806,202119.6123,428034.7941,547041.6806,215734.6273,0,0.0
OAS31113,5.0,5.0,6.0,4.0,,,38.0,15.0,29.0,61.0,67.0,,,,,,,69.2712,28.0,44.0,63.0,160.0,,,,,,0,0.0
OAS31113,6.0,5.0,7.0,5.0,,,25.0,17.0,29.0,57.0,64.0,,,,,,,69.2712,30.0,44.0,62.75,161.0,,,,,,0,0.0
OAS31113,4.0,4.0,4.0,3.0,,,25.0,18.0,28.0,74.0,57.0,,,,,,,69.2712,30.0,44.0,63.0,159.0,,,,,,0,0.0
OAS31113,4.0,4.0,4.0,3.0,,,28.0,21.0,,,,,,,,,,69.2712,,44.0,,,,,,,,0,0.0
OAS31114,,,,,,,24.0,,37.0,77.0,39.0,58.0,,,,,,64.1205,30.0,33.0,,165.0,,,,,,0,0.0
OAS31114,,,,,8.0,10.0,22.0,15.0,35.0,81.0,45.0,60.0,,,,,,64.1205,29.0,33.0,69.0,156.0,,,,,,0,0.0
OAS31114,,,,,14.0,12.0,26.0,14.0,34.0,75.0,43.0,54.0,233921.2098,1637116.595,1046251.898,242844.6143,53250.0,64.1205,30.0,33.0,69.0,166.0,474131.8783,240210.6685,489454.0197,621205.8783,246609.4054,0,0.0
OAS31114,,,,,13.0,11.0,23.0,15.0,31.0,86.0,42.0,60.0,233921.2098,1637116.595,1046251.898,242844.6143,53250.0,64.1205,28.0,33.0,69.0,160.0,474131.8783,240210.6685,489454.0197,621205.8783,246609.4054,0,0.0
OAS31114,,,,,14.0,13.0,19.0,18.0,29.0,83.0,43.0,56.0,235679.6139,1617733.365,1035998.961,236487.4539,53107.0,64.1205,29.0,33.0,69.5,163.0,474728.3146,239048.7007,476917.6463,622183.3146,240430.1924,0,0.0
OAS31114,,,,,13.0,13.0,22.0,19.0,26.0,90.0,43.0,58.0,232827.0025,1624685.994,1019197.477,229323.3363,52483.0,64.1205,26.0,33.0,69.0,154.0,470588.484,237761.4815,463141.9933,616334.484,233818.6569,0,0.0
OAS31114,5.0,5.0,5.0,4.0,,,24.0,13.0,35.0,108.0,37.0,,,,,,,64.1205,29.0,33.0,69.0,155.3999023,,,,,,0,0.0
OAS31115,,,,,13.0,8.0,17.0,10.0,53.0,147.0,23.0,58.0,,,,,,87.1534,30.0,24.0,68.3,211.0,,,,,,0,0.0
OAS31115,,,,,9.0,12.0,20.0,13.0,45.0,135.0,19.0,52.0,205110.0457,1663052.195,972120.4237,210846.1976,50895.0,87.1534,28.0,24.0,68.3,213.0,412835.2837,207725.238,419861.14,551023.2837,209014.9424,0,0.0
OAS31117,11.0,8.0,10.0,6.0,14.0,13.0,28.0,18.0,15.0,27.0,59.0,,227429.5516,1630461.056,1081748.137,269223.7919,60548.0,64.7507,30.0,34.0,70.0,290.0,457525.0812,230095.5296,540494.0554,618315.0812,271270.2635,0,0.0
OAS31117,12.0,8.0,11.0,7.0,17.0,16.0,21.0,17.0,17.0,28.0,63.0,,227429.5516,1630461.056,1081748.137,269223.7919,60548.0,64.7507,30.0,34.0,69.8,272.0,457525.0812,230095.5296,540494.0554,618315.0812,271270.2635,0,0.0
OAS31117,,,,,20.0,,27.0,,21.0,47.0,,,,,,,,64.7507,30.0,34.0,69.75,284.0,,,,,,0,0.0
OAS31117,,,,,33.0,,26.0,,19.0,43.0,,,,,,,,64.7507,30.0,34.0,69.5,303.0,,,,,,0,0.0
OAS31117,11.0,8.0,9.0,6.0,,,31.0,17.0,,,,,,,,,,64.7507,,34.0,,,,,,,,0,0.0
OAS31117,10.0,8.0,9.0,6.0,,,32.0,17.0,,,,,,,,,,64.7507,,34.0,,,,,,,,0,0.0
OAS31118,,,,,25.0,,20.0,,26.0,57.0,,,,,,,,61.8658,30.0,34.0,64.7,120.0,,,,,,0,0.0
OAS31118,,,,,32.0,,19.0,,27.0,57.0,,,220828.9181,1461422.312,939455.8037,205056.0024,54813.0,61.8658,30.0,34.0,64.8,117.0,444308.9652,223480.0471,413592.8384,585284.9652,208536.836,0,0.0
OAS31118,,,,,21.0,,20.0,,33.0,66.0,,,205903.0411,1406022.047,896871.1467,200678.8798,54404.0,61.8658,30.0,34.0,64.3,123.0,411086.523,205183.4819,405635.6236,553851.523,204956.7438,0,0.0
OAS31118,,,,,23.0,,19.0,,24.0,66.0,,,207507.0186,1394884.133,892510.2601,193446.9458,53623.0,61.8658,30.0,34.0,64.25,123.5,416933.3135,209426.2949,390546.9466,556353.3135,197100.0009,0,0.0
OAS31118,,,,,21.0,,18.0,,23.0,67.0,,,207507.0186,1394884.133,892510.2601,193446.9458,53623.0,61.8658,30.0,34.0,64.0,124.0,416933.3135,209426.2949,390546.9466,556353.3135,197100.0009,0,0.0
OAS31118,,,,,32.0,,12.0,,29.0,68.0,,,,,,,,61.8658,30.0,34.0,64.5,121.0,,,,,,0,0.0
OAS31118,,,,,23.0,,16.0,,38.0,75.0,,,,,,,,61.8658,30.0,34.0,64.0,122.0,,,,,,0,0.0
OAS31118,9.0,7.0,9.0,7.0,,,19.0,10.0,,,,,,,,,,61.8658,,34.0,,,,,,,,0,0.0
OAS31119,,,,,32.0,,19.0,,14.0,28.0,,,222588.509,1591102.077,1027808.264,251428.3368,57965.0,53.2274,30.0,33.0,68.5,174.0,451714.2068,229125.6978,499008.0571,594390.2068,247579.7203,0,0.0
OAS31119,,,,,27.0,,33.0,,17.0,29.0,,,218883.2706,1551365.311,1015794.764,245209.3105,55890.0,53.2274,30.0,33.0,68.3,176.0,447132.3304,228249.0598,490149.4333,585476.3304,244940.1228,0,0.0
OAS31119,,,,,36.0,,23.0,,18.0,34.0,,,215428.1597,1549645.147,1002214.451,241317.9555,54536.0,53.2274,30.0,33.0,69.0,194.0,435578.09,220149.9303,483854.3607,571429.09,242536.4052,0,0.0
OAS31122,,,,,,,18.0,,36.0,79.0,55.0,56.0,,,,,,67.6986,30.0,34.0,,112.0,,,,,,0,0.0
OAS31122,,,,,,,22.0,,33.0,73.0,56.0,55.0,,,,,,67.6986,30.0,34.0,,112.0,,,,,,0,0.0
OAS31122,,,,,,,24.0,,24.0,65.0,60.0,56.0,,,,,,67.6986,30.0,34.0,,112.0,,,,,,0,0.0
OAS31122,,,,,,,24.0,,21.0,71.0,53.0,56.0,,,,,,67.6986,30.0,34.0,,116.0,,,,,,0,0.0
OAS31122,,,,,,,20.0,,28.0,62.0,54.0,55.0,185618.4753,1417100.332,874368.0118,224020.4375,169857.3031,67.6986,30.0,34.0,,106.0,365502.1423,179883.667,446306.9063,535359.4455,222286.4688,0,0.0
OAS31122,,,,,11.0,9.0,21.0,11.0,29.0,76.0,51.0,50.0,185618.4753,1417100.332,874368.0118,224020.4375,169857.3031,67.6986,30.0,34.0,64.0,114.0,365502.1423,179883.667,446306.9063,535359.4455,222286.4688,0,0.0
OAS31122,,,,,2.0,0.0,12.0,7.0,31.0,136.0,51.0,38.0,,,,,,67.6986,26.0,34.0,64.0,102.0,,,,,,1,0.5
OAS31122,,,,,0.0,0.0,6.0,1.0,42.0,174.0,39.0,28.0,,,,,,67.6986,23.0,34.0,63.7,101.0,,,,,,2,1.0
OAS31122,,,,,1.0,0.0,5.0,0.0,180.0,180.0,,8.0,,,,,,67.6986,21.0,34.0,63.0,90.0,,,,,,2,2.0
OAS31123,,,,,5.0,4.0,14.0,11.0,33.0,,33.0,56.0,207940.9739,1672264.717,1005405.397,202174.5463,54061.0,68.8137,24.0,34.0,60.5,126.0,424989.8297,217048.8557,417924.5672,561683.8297,215750.021,2,1.0
OAS31123,,,,,4.0,4.0,11.0,9.0,46.0,180.0,33.0,56.0,207940.9739,1672264.717,1005405.397,202174.5463,54061.0,68.8137,24.0,34.0,60.0,115.0,424989.8297,217048.8557,417924.5672,561683.8297,215750.021,2,1.0
OAS31124,,,,,7.0,7.0,19.0,13.0,56.0,121.0,26.0,54.0,,,,,,71.4164,27.0,34.0,66.0,142.0,,,,,,1,0.5
OAS31124,,,,,6.0,5.0,8.0,9.0,162.0,,16.0,44.0,,,,,,71.4164,27.0,34.0,65.0,144.0,,,,,,1,0.5
OAS31125,,,,,13.0,9.0,24.0,20.0,26.0,53.0,68.0,58.0,205903.2607,1418424.547,891388.6424,198729.1225,50023.0,71.7781,29.0,33.0,63.0,131.0,410697.4885,204794.2278,398532.1538,550692.4885,199803.0313,0,0.0
OAS31125,,,,,14.0,15.0,25.0,18.0,21.0,49.0,70.0,60.0,205903.2607,1418424.547,891388.6424,198729.1225,50023.0,71.7781,30.0,33.0,63.0,131.0,410697.4885,204794.2278,398532.1538,550692.4885,199803.0313,0,0.0
OAS31125,,,,,19.0,17.0,21.0,14.0,33.0,70.0,65.0,60.0,205237.7505,1453805.368,886243.9367,195223.6531,50254.0,71.7781,30.0,33.0,63.0,137.0,411609.6306,206371.8801,389456.3061,552407.6306,194232.653,0,0.0
OAS31125,,,,,13.0,14.0,20.0,19.0,26.0,52.0,66.0,60.0,,,,,,71.7781,30.0,33.0,63.3,136.0,,,,,,0,0.0
OAS31125,,,,,17.0,17.0,24.0,16.0,24.0,58.0,62.0,60.0,,,,,,71.7781,30.0,33.0,63.0,129.0,,,,,,0,0.0
OAS31125,,,,,20.0,21.0,23.0,15.0,21.0,45.0,64.0,60.0,,,,,,71.7781,30.0,33.0,63.0,132.0,,,,,,0,0.0
OAS31125,,,,,17.0,16.0,23.0,17.0,23.0,57.0,69.0,60.0,,,,,,71.7781,29.0,33.0,63.0,127.0,,,,,,0,0.0
OAS31125,,,,,21.0,21.0,28.0,16.0,21.0,53.0,63.0,60.0,,,,,,71.7781,30.0,33.0,62.7,123.0,,,,,,0,0.0
OAS31125,,,,,18.0,18.0,21.0,13.0,21.0,49.0,60.0,58.0,193333.6105,1453508.608,842277.3199,179927.5249,47200.0,71.7781,29.0,33.0,63.0,121.0,387749.7217,194416.1112,363896.5981,521451.7217,183969.0732,0,0.0
OAS31125,,,,,21.0,19.0,24.0,15.0,24.0,43.0,62.0,60.0,193333.6105,1453508.608,842277.3199,179927.5249,47200.0,71.7781,30.0,33.0,63.0,121.0,387749.7217,194416.1112,363896.5981,521451.7217,183969.0732,0,0.0
OAS31125,11.0,9.0,9.0,6.0,,,22.0,15.0,22.0,43.0,60.0,,185914.6713,1470086.897,845094.6222,189953.9867,47567.0,71.7781,30.0,33.0,62.75,122.0,370818.2883,184903.617,379618.3338,505600.2883,189664.3471,0,0.0
OAS31125,11.0,8.0,9.0,6.0,,,23.0,16.0,23.0,46.0,63.0,,185914.6713,1470086.897,845094.6222,189953.9867,47567.0,71.7781,30.0,33.0,62.5,123.0,370818.2883,184903.617,379618.3338,505600.2883,189664.3471,0,0.0
OAS31125,11.0,8.0,8.0,6.0,,,23.0,16.0,28.0,54.0,57.0,,,,,,,71.7781,28.0,33.0,62.25,120.0,,,,,,0,0.0
OAS31125,12.0,8.0,8.0,6.0,,,18.0,17.0,,,,,,,,,,71.7781,,33.0,,,,,,,,0,0.0
OAS31126,,,,,,,19.0,,37.0,101.0,40.0,56.0,,,,,,71.3945,30.0,33.0,,187.0,,,,,,0,0.0
OAS31126,,,,,6.0,4.0,12.0,10.0,33.0,147.0,40.0,52.0,201801.3794,1534313.613,925783.8179,219322.9664,53684.0,71.3945,26.0,33.0,66.0,189.0,409270.3317,207468.9523,437423.4862,559196.3317,218100.5198,0,0.0
OAS31126,,,,,6.0,5.0,13.0,9.0,62.0,140.0,36.0,54.0,,,,,,71.3945,28.0,33.0,66.0,190.0,,,,,,0,0.0
OAS31126,,,,,8.0,4.0,15.0,8.0,43.0,180.0,34.0,52.0,,,,,,71.3945,28.0,33.0,67.5,195.0,,,,,,0,0.0
OAS31126,6.0,6.0,4.0,4.0,,,6.0,6.0,68.0,,32.0,,,,,,,71.3945,27.0,33.0,67.0,188.0,,,,,,0,0.0
OAS31127,,,,,13.0,16.0,19.0,17.0,44.0,96.0,38.0,52.0,202008.2635,1503680.514,882706.781,189698.0227,50888.0,80.7863,26.0,34.0,59.0,146.0,403442.9494,201434.686,383264.8316,533655.9494,193566.8089,1,0.5
OAS31127,,,,,9.0,10.0,19.0,21.0,45.0,83.0,40.0,52.0,202008.2635,1503680.514,882706.781,189698.0227,50888.0,80.7863,26.0,34.0,59.0,152.0,403442.9494,201434.686,383264.8316,533655.9494,193566.8089,1,0.5
OAS31127,,,,,13.0,14.0,17.0,19.0,48.0,112.0,34.0,50.0,,,,,,80.7863,29.0,34.0,59.0,159.0,,,,,,0,0.0
OAS31127,,,,,16.0,13.0,18.0,19.0,50.0,88.0,43.0,48.0,192382.9496,1459586.829,864276.686,187596.0478,48430.0,80.7863,28.0,34.0,58.5,137.0,388552.193,196169.2435,372193.4929,509656.193,184597.4452,0,0.0
OAS31127,5.0,5.0,4.0,3.0,,,21.0,16.0,42.0,180.0,40.0,,,,,,,80.7863,27.0,34.0,59.75,136.5999756,,,,,,0,0.0
OAS31127,5.0,5.0,9.0,6.0,,,18.0,16.0,,,,,,,,,,80.7863,,34.0,,,,,,,,0,0.0
OAS31128,,,,,,,18.0,,28.0,83.0,48.0,59.0,,,,,,71.4822,30.0,23.0,,136.0,,,,,,1,0.5
OAS31128,,,,,18.0,16.0,24.0,9.0,35.0,104.0,47.0,56.0,198741.5418,1503298.877,879624.4797,188956.3432,44377.0,71.4822,29.0,23.0,67.5,133.0,399956.0006,201214.4587,382701.4791,529363.0006,193745.1359,0,0.0
OAS31128,,,,,16.0,16.0,20.0,15.0,42.0,113.0,41.0,56.0,198741.5418,1503298.877,879624.4797,188956.3432,44377.0,71.4822,30.0,23.0,67.0,135.0,399956.0006,201214.4587,382701.4791,529363.0006,193745.1359,0,0.0
OAS31128,,,,,15.0,13.0,28.0,12.0,43.0,106.0,44.0,54.0,188844.1291,1508343.25,865115.3212,187656.9782,43535.0,71.4822,29.0,23.0,67.0,130.0,385393.1605,196549.0314,375846.1608,513909.1605,188189.1826,1,0.5
OAS31128,,,,,16.0,16.0,18.0,13.0,41.0,146.0,41.0,54.0,188844.1291,1508343.25,865115.3212,187656.9782,43535.0,71.4822,30.0,23.0,67.0,137.0,385393.1605,196549.0314,375846.1608,513909.1605,188189.1826,0,0.0
OAS31128,,,,,18.0,16.0,18.0,12.0,31.0,95.0,43.0,56.0,188844.1291,1508343.25,865115.3212,187656.9782,43535.0,71.4822,28.0,23.0,67.0,136.0,385393.1605,196549.0314,375846.1608,513909.1605,188189.1826,1,0.5
OAS31128,,,,,15.0,15.0,19.0,15.0,43.0,127.0,38.0,56.0,,,,,,71.4822,29.0,23.0,67.0,135.0,,,,,,1,0.5
OAS31128,,,,,10.0,3.0,15.0,8.0,50.0,150.0,36.0,52.0,,,,,,71.4822,27.0,23.0,66.75,138.0,,,,,,1,0.5
OAS31129,,,,,8.0,4.0,11.0,9.0,41.0,180.0,32.0,38.0,197566.5121,1546454.009,915539.3461,212012.3863,44533.0,68.1233,29.0,34.0,63.0,118.0,389081.1422,191514.6301,418686.204,518242.1422,206673.8177,1,0.5
OAS31129,,,,,10.0,1.0,16.0,4.0,75.0,180.0,23.0,34.0,197566.5121,1546454.009,915539.3461,212012.3863,44533.0,68.1233,29.0,34.0,63.0,118.0,389081.1422,191514.6301,418686.204,518242.1422,206673.8177,1,0.5
OAS31129,,,,,8.0,1.0,10.0,5.0,62.0,,21.0,38.0,,,,,,68.1233,28.0,34.0,63.0,116.0,,,,,,2,1.0
OAS31129,,,,,8.0,3.0,12.0,6.0,90.0,180.0,7.0,18.0,,,,,,68.1233,20.0,34.0,62.5,119.0,,,,,,2,1.0
OAS31129,5.0,5.0,4.0,3.0,,,8.0,2.0,180.0,180.0,,,,,,,,68.1233,15.0,34.0,62.7,129.0,,,,,,2,2.0
OAS31131,,,,,13.0,10.0,25.0,26.0,29.0,81.0,63.0,58.0,220366.8256,1596485.09,1003499.27,233859.0678,57302.0,65.2685,30.0,34.0,68.5,181.0,439990.3099,219623.4842,461528.9597,603342.3099,227669.8919,0,0.0
OAS31131,,,,,12.0,12.0,27.0,19.0,32.0,74.0,70.0,58.0,220366.8256,1596485.09,1003499.27,233859.0678,57302.0,65.2685,30.0,34.0,68.0,195.0,439990.3099,219623.4842,461528.9597,603342.3099,227669.8919,0,0.0
OAS31131,,,,,15.0,13.0,26.0,25.0,28.0,78.0,69.0,60.0,,,,,,65.2685,30.0,34.0,68.5,192.0,,,,,,0,0.0
OAS31132,,,,,,,25.0,,31.0,76.0,65.0,58.0,,,,,,68.0849,29.0,,,,,,,,,0,0.0
OAS31132,,,,,,,23.0,,37.0,74.0,59.0,55.0,,,,,,68.0849,30.0,,,225.0,,,,,,0,0.0
OAS31132,,,,,,,19.0,,31.0,76.0,59.0,58.0,,,,,,68.0849,30.0,,,201.0,,,,,,0,0.0
OAS31132,,,,,,,27.0,,39.0,53.0,60.0,57.0,219990.6835,1486453.521,972231.691,248315.5781,156663.0084,68.0849,28.0,,,210.0,437538.1439,217547.4604,492223.8281,594201.1522,243908.25,0,0.0
OAS31132,,,,,13.0,14.0,26.0,17.0,27.0,46.0,64.0,54.0,221895.0496,1560095.517,980798.8899,229363.6538,50793.0,68.0849,30.0,,63.0,207.0,443694.9066,221799.857,459256.9833,578055.9066,229893.3294,0,0.0
OAS31132,,,,,12.0,13.0,23.0,18.0,26.0,65.0,66.0,58.0,217251.6884,1573435.783,965233.0695,226912.4147,49246.0,68.0849,30.0,,62.0,206.0,434411.0196,217159.3312,452352.0499,568323.0196,225439.6352,0,0.0
OAS31132,8.0,7.0,10.0,6.0,,,24.0,18.0,34.0,53.0,57.0,,,,,,,68.0849,30.0,,61.7,198.0,,,,,,0,0.0
OAS31133,,,,,9.0,8.0,24.0,13.0,32.0,74.0,43.0,58.0,249106.8647,1617808.796,1102172.168,260289.3233,58601.0,70.9342,30.0,34.0,69.5,190.0,496895.4924,247788.6277,521747.6756,682796.4924,261458.3523,0,0.0
OAS31133,,,,,9.0,9.0,22.0,17.0,28.0,60.0,44.0,54.0,,,,,,70.9342,29.0,34.0,70.0,184.0,,,,,,0,0.0
OAS31133,,,,,11.0,12.0,23.0,11.0,32.0,72.0,41.0,56.0,,,,,,70.9342,29.0,34.0,69.0,184.0,,,,,,0,0.0
OAS31133,,,,,12.0,10.0,27.0,13.0,37.0,68.0,44.0,58.0,,,,,,70.9342,29.0,34.0,69.5,185.0,,,,,,0,0.0
OAS31134,,,,,6.0,0.0,14.0,9.0,40.0,180.0,25.0,50.0,,,,,,76.7699,22.0,34.0,61.5,104.5,,,,,,1,0.5
OAS31134,,,,,2.0,0.0,15.0,5.0,70.0,180.0,25.0,44.0,,,,,,76.7699,22.0,34.0,61.0,119.0,,,,,,2,1.0
OAS31135,,,,,0.0,0.0,11.0,9.0,62.0,180.0,18.0,60.0,,,,,,65.3562,21.0,33.0,70.0,171.0,,,,,,2,1.0
OAS31136,,,,,8.0,5.0,23.0,12.0,31.0,112.0,43.0,58.0,188407.0277,1369619.646,832327.5725,190281.7768,50050.0,66.7616,28.0,33.0,67.0,207.0,376527.6797,188120.652,385969.8929,510358.6797,195688.1161,0,0.0
OAS31136,6.0,6.0,4.0,3.0,,,21.0,11.0,56.0,118.0,38.0,,,,,,,66.7616,25.0,33.0,67.0,207.0,,,,,,0,0.0
OAS31137,,,,,,,24.0,,14.0,47.0,71.0,59.0,,,,,,47.4932,29.0,24.0,,231.0,,,,,,0,0.0
OAS31137,,,,,41.0,,28.0,,22.0,48.0,,,210041.2034,1311406.676,923752.7409,213523.7392,55663.0,47.4932,30.0,24.0,65.5,274.5998535,424588.3727,214547.1692,430657.3683,571002.3727,217133.6291,0,0.0
OAS31137,,,,,42.0,,27.0,,20.0,54.0,,,208454.514,1335564.157,917126.3605,215150.1318,54777.0,47.4932,30.0,24.0,65.0,256.0,418738.5863,210284.0723,430904.7742,560862.5863,215754.6424,0,0.0
OAS31137,,,,,39.0,,26.0,,25.0,40.0,,,209162.0767,1437089.359,918430.0413,211052.9653,55335.0,47.4932,30.0,24.0,65.0,262.0,423758.0668,214595.9901,425334.9745,572563.0668,214282.0093,0,0.0
OAS31138,,,,,19.0,18.0,22.0,18.0,45.0,66.0,62.0,50.0,,,,,,70.4356,26.0,33.0,65.0,140.0,,,,,,0,0.0
OAS31138,,,,,18.0,15.0,25.0,18.0,26.0,48.0,59.0,50.0,187461.1457,1331228.508,779026.2488,165569.6538,44018.0,70.4356,30.0,33.0,65.0,143.0,374695.2675,187234.1218,330204.9813,501989.2675,164635.3275,0,0.0
OAS31138,,,,,18.0,16.0,21.0,16.0,32.0,52.0,53.0,54.0,,,,,,70.4356,29.0,33.0,65.0,139.0,,,,,,0,0.0
OAS31138,,,,,14.0,18.0,19.0,15.0,26.0,57.0,59.0,50.0,,,,,,70.4356,30.0,33.0,65.0,144.0,,,,,,0,0.0
OAS31138,,,,,16.0,17.0,16.0,15.0,32.0,54.0,54.0,52.0,174799.8557,1322133.47,745470.0647,160333.0667,42806.0,70.4356,29.0,33.0,65.0,141.0,350836.585,176036.7293,314946.4797,471076.585,154613.4131,0,0.0
OAS31138,,,,,22.0,20.0,19.0,17.0,25.0,51.0,57.0,54.0,174799.8557,1322133.47,745470.0647,160333.0667,42806.0,70.4356,30.0,33.0,64.5,141.0,350836.585,176036.7293,314946.4797,471076.585,154613.4131,0,0.0
OAS31138,8.0,6.0,7.0,5.0,,,22.0,20.0,22.0,53.0,56.0,,,,,,,70.4356,30.0,33.0,65.0,138.0,,,,,,0,0.0
OAS31138,9.0,7.0,8.0,5.0,,,21.0,12.0,30.0,81.0,51.0,,,,,,,70.4356,30.0,33.0,65.0,133.3999023,,,,,,0,0.0
OAS31139,,,,,6.0,7.0,14.0,11.0,32.0,141.0,32.0,48.0,,,,,,83.7452,26.0,34.0,67.0,143.0,,,,,,0,0.0
OAS31139,,,,,6.0,5.0,14.0,9.0,36.0,84.0,28.0,48.0,200300.4264,1549062.573,837878.0963,171682.9175,40391.0,83.7452,26.0,34.0,67.0,142.0,396898.6408,196598.2144,348076.4555,530321.6408,176393.5381,0,0.0
OAS31139,,,,,4.0,4.0,12.0,7.0,32.0,94.0,29.0,36.0,200300.4264,1549062.573,837878.0963,171682.9175,40391.0,83.7452,26.0,34.0,67.0,138.0,396898.6408,196598.2144,348076.4555,530321.6408,176393.5381,1,0.5
OAS31139,,,,,2.0,1.0,17.0,9.0,47.0,87.0,27.0,38.0,191241.1003,1508097.43,809396.061,166157.0471,38661.0,83.7452,26.0,34.0,67.0,127.0,374803.5702,183562.4699,339185.4908,499287.5702,173028.4437,1,0.5
OAS31139,,,,,7.0,8.0,16.0,9.0,37.0,92.0,27.0,40.0,191241.1003,1508097.43,809396.061,166157.0471,38661.0,83.7452,27.0,34.0,67.0,128.0,374803.5702,183562.4699,339185.4908,499287.5702,173028.4437,1,0.5
OAS31139,,,,,7.0,5.0,8.0,7.0,42.0,121.0,19.0,40.0,,,,,,83.7452,25.0,34.0,67.0,129.0,,,,,,1,0.5
OAS31139,5.0,5.0,0.0,0.0,,,7.0,5.0,44.0,175.0,20.0,,,,,,,83.7452,25.0,34.0,67.0,128.0,,,,,,1,0.5
OAS31140,,,,,3.0,0.0,13.0,10.0,24.0,72.0,45.0,48.0,178762.7072,1481211.158,838648.9779,205999.5045,43145.0,87.2438,25.0,34.0,59.0,132.0,355644.7666,176882.0594,392477.2113,480010.7666,186477.7068,1,0.5
OAS31140,,,,,4.0,0.0,7.0,12.0,22.0,97.0,43.0,46.0,178762.7072,1481211.158,838648.9779,205999.5045,43145.0,87.2438,23.0,34.0,58.0,128.0,355644.7666,176882.0594,392477.2113,480010.7666,186477.7068,2,1.0
OAS31140,,,,,2.0,0.0,5.0,6.0,36.0,154.0,49.0,38.0,,,,,,87.2438,22.0,34.0,58.5,132.0,,,,,,2,1.0
OAS31140,,,,,0.0,0.0,6.0,4.0,35.0,141.0,43.0,48.0,,,,,,87.2438,19.0,34.0,58.5,138.0,,,,,,2,1.0
OAS31141,,,,,15.0,,14.0,,29.0,62.0,,,207086.2485,1239211.154,898026.4218,218760.1675,49964.0,63.189,30.0,33.0,63.0,211.0,407102.382,200016.1335,425319.0398,544783.382,206558.8723,0,0.0
OAS31141,,,,,29.0,,14.0,,36.0,49.0,,,,,,,,63.189,30.0,33.0,63.0,206.0,,,,,,1,0.5
OAS31141,,,,,21.0,,9.0,,51.0,67.0,,,,,,,,63.189,30.0,33.0,,,,,,,,0,0.0
OAS31142,,,,,10.0,7.0,22.0,9.0,38.0,93.0,43.0,58.0,186854.1647,1414694.771,870031.9075,214979.7612,49642.0,67.9644,30.0,33.0,67.5,211.0,373170.7511,186316.5864,433788.1564,508062.7511,218808.3952,0,0.0
OAS31142,,,,,13.0,14.0,21.0,11.0,33.0,102.0,54.0,60.0,186889.3169,1415171.332,863430.8645,215097.6408,47678.0,67.9644,30.0,33.0,67.0,202.0,373153.0728,186263.7559,429328.7917,505585.0728,214231.1509,0,0.0
OAS31142,,,,,11.0,9.0,22.0,15.0,34.0,116.0,43.0,60.0,186202.083,1413037.883,862194.5869,215429.8351,48999.0,67.9644,28.0,33.0,67.0,207.0,372753.1976,186551.1146,427224.3893,506841.1976,211794.5542,0,0.0
OAS31142,7.0,6.0,2.0,2.0,,,18.0,15.0,38.0,106.0,51.0,,171586.8819,1383628.477,829944.496,211225.6724,45371.0,67.9644,30.0,33.0,66.0,188.0,343551.6671,171964.7851,421853.8289,466403.6671,210628.1565,0,0.0
OAS31142,7.0,6.0,5.0,4.0,,,23.0,17.0,40.0,118.0,55.0,,171586.8819,1383628.477,829944.496,211225.6724,45371.0,67.9644,29.0,33.0,67.0,199.0,343551.6671,171964.7851,421853.8289,466403.6671,210628.1565,0,0.0
OAS31142,10.0,8.0,3.0,3.0,,,18.0,14.0,32.0,120.0,51.0,,,,,,,67.9644,28.0,33.0,67.0,197.5,,,,,,0,0.0
OAS31142,6.0,5.0,5.0,5.0,,,21.0,13.0,,,,,,,,,,67.9644,,33.0,,,,,,,,0,0.0
OAS31143,,,,,7.0,3.0,16.0,19.0,52.0,85.0,48.0,56.0,173165.6769,1352414.137,806594.2183,193502.6355,46905.0,79.6658,28.0,33.0,61.0,143.0,343326.769,170161.0921,389456.4493,472134.769,195953.8138,0,0.0
OAS31143,,,,,12.0,6.0,22.0,15.0,34.0,130.0,55.0,52.0,,,,,,79.6658,27.0,33.0,59.5,141.0,,,,,,0,0.0
OAS31145,,,,,12.0,11.0,22.0,18.0,26.0,88.0,43.0,44.0,,,,,,74.6,29.0,33.0,61.5,153.0,,,,,,0,0.0
OAS31145,,,,,11.0,10.0,23.0,18.0,34.0,113.0,47.0,48.0,193566.7212,1341355.159,875537.8579,199781.4432,54187.0,74.6,28.0,33.0,61.0,166.0,388651.6917,195084.9705,400346.1663,535972.6917,200564.7231,0,0.0
OAS31145,,,,,12.0,14.0,19.0,15.0,24.0,98.0,55.0,46.0,,,,,,74.6,28.0,33.0,61.0,150.0,,,,,,0,0.0
OAS31145,9.0,7.0,5.0,4.0,,,19.0,11.0,27.0,94.0,48.0,,,,,,,74.6,29.0,33.0,62.0,144.0,,,,,,0,0.0
OAS31145,8.0,7.0,5.0,4.0,,,17.0,12.0,22.0,,53.0,,,,,,,74.6,29.0,33.0,62.0,148.0,,,,,,0,0.0
OAS31145,8.0,8.0,5.0,5.0,,,16.0,17.0,29.0,100.0,43.0,,,,,,,74.6,28.0,33.0,60.5,152.0,,,,,,0,0.0
OAS31146,,,,,12.0,14.0,22.0,22.0,19.0,47.0,57.0,58.0,195162.5563,1325562.275,869220.3771,201525.4218,49733.0,67.9671,29.0,24.0,66.0,120.0,393521.5822,198359.0259,404934.7949,525440.5822,203409.3731,0,0.0
OAS31146,,,,,17.0,18.0,18.0,17.0,22.0,61.0,50.0,56.0,,,,,,67.9671,30.0,24.0,66.0,120.0,,,,,,0,0.0
OAS31146,,,,,16.0,15.0,20.0,21.0,22.0,45.0,58.0,58.0,,,,,,67.9671,28.0,24.0,66.0,118.0,,,,,,0,0.0
OAS31146,9.0,7.0,6.0,4.0,,,19.0,18.0,22.0,57.0,54.0,,179271.0739,1299001.1,830053.3272,197534.6646,47540.0,67.9671,30.0,24.0,66.0,122.0,363634.897,184363.8231,393029.4302,484116.897,195494.7656,0,0.0
OAS31146,8.0,6.0,7.0,5.0,,,19.0,20.0,23.0,55.0,50.0,,179271.0739,1299001.1,830053.3272,197534.6646,47540.0,67.9671,30.0,24.0,65.5,120.0,363634.897,184363.8231,393029.4302,484116.897,195494.7656,0,0.0
OAS31146,7.0,6.0,7.0,5.0,,,16.0,17.0,28.0,69.0,51.0,,,,,,,67.9671,30.0,24.0,65.5,119.0,,,,,,0,0.0
OAS31147,,,,,18.0,,23.0,,24.0,41.0,,,242774.4623,1723870.682,1185451.23,299765.8391,65437.0,55.8658,29.0,24.0,72.0,238.0,489988.7412,247214.2789,605093.489,658930.7412,305327.6499,0,0.0
OAS31148,,,,,31.0,,19.0,,68.0,151.0,,,170031.6158,1231579.146,752978.6029,169686.9422,48725.0,60.7096,29.0,33.0,59.0,149.0,342372.1085,172340.4928,341385.4944,467135.1085,171698.5522,0,0.0
OAS31148,,,,,29.0,,23.0,,69.0,193.0,,,,,,,,60.7096,27.0,33.0,59.0,143.0,,,,,,0,0.0
OAS31149,13.0,9.0,11.0,7.0,17.0,15.0,26.0,17.0,22.0,38.0,67.0,,189359.7877,1385015.498,880548.6508,212392.0219,48252.0,75.5644,28.0,24.0,62.0,160.0,380443.8409,191084.0532,428329.8099,516577.8409,215937.788,0,0.0
OAS31149,10.0,8.0,13.0,8.0,,,30.0,14.0,21.0,51.0,60.0,,,,,,,75.5644,30.0,24.0,61.5,164.0,,,,,,0,0.0
OAS31149,11.0,8.0,12.0,8.0,,,25.0,11.0,22.0,46.0,64.0,,183672.0643,1271620.491,883352.1915,215642.6819,46054.0,75.5644,30.0,24.0,61.3,165.0,370112.42,186440.3558,435339.7715,510849.42,219697.0895,0,0.0
OAS31149,12.0,8.0,12.0,8.0,,,29.0,13.0,,,,,183672.0643,1271620.491,883352.1915,215642.6819,46054.0,75.5644,,24.0,,,370112.42,186440.3558,435339.7715,510849.42,219697.0895,0,0.0
OAS31150,,,,,9.0,6.0,25.0,10.0,33.0,84.0,38.0,48.0,182577.4828,1491986.169,858696.7909,204388.3784,48873.0,64.9151,28.0,23.0,70.0,216.0,365906.0903,183328.6075,412961.7006,499759.0903,208573.3221,0,0.0
OAS31150,,,,,13.0,12.0,20.0,12.0,32.0,75.0,51.0,48.0,182577.4828,1491986.169,858696.7909,204388.3784,48873.0,64.9151,29.0,23.0,70.0,213.0,365906.0903,183328.6075,412961.7006,499759.0903,208573.3221,0,0.0
OAS31150,,,,,10.0,9.0,19.0,13.0,30.0,100.0,46.0,44.0,,,,,,64.9151,29.0,23.0,69.0,217.0,,,,,,1,0.5
OAS31150,7.0,6.0,9.0,6.0,,,21.0,9.0,29.0,105.0,44.0,,172469.2076,1397820.182,802118.1367,183308.7538,44940.0,64.9151,30.0,23.0,70.5,202.0,346830.6679,174361.4603,371442.4688,459713.6679,188133.715,1,0.5
OAS31151,,,,,17.0,11.0,13.0,12.0,44.0,133.0,23.0,60.0,178670.9352,1289168.751,716905.9936,146977.1683,44684.0,88.189,26.0,33.0,59.2,137.0,357879.083,179208.1478,295827.9106,474021.083,148850.7423,0,0.0
OAS31151,,,,,11.0,11.0,12.0,11.0,55.0,172.0,23.0,54.0,,,,,,88.189,26.0,33.0,59.0,140.0,,,,,,0,0.0
OAS31151,,,,,7.0,4.0,9.0,5.0,62.0,180.0,17.0,50.0,,,,,,88.189,26.0,33.0,59.0,132.0,,,,,,0,0.0
OAS31152,,,,,4.0,2.0,12.0,7.0,49.0,129.0,30.0,46.0,213456.2119,1720839.716,991173.3707,227285.1633,54484.0,70.5315,26.0,24.0,71.0,252.0,433434.5844,219978.3724,457659.7863,575441.5844,230374.623,1,0.5
OAS31152,,,,,,,,,,180.0,8.0,,213456.2119,1720839.716,991173.3707,227285.1633,54484.0,70.5315,16.0,24.0,70.0,238.0,433434.5844,219978.3724,457659.7863,575441.5844,230374.623,2,1.0
OAS31153,,,,,34.0,,25.0,,29.0,38.0,,,,,,,,62.8712,30.0,33.0,71.0,179.0,,,,,,0,0.0
OAS31153,,,,,27.0,,27.0,,26.0,52.0,,,199602.1373,1442840.917,905754.2146,214569.4305,52410.0,62.8712,30.0,33.0,70.5,178.0,396415.4608,196813.3235,427129.7538,531465.4608,212560.3232,0,0.0
OAS31153,,,,,31.0,,31.0,,28.0,76.0,,,198194.8856,1501618.056,914378.9669,220351.8733,51265.0,62.8712,30.0,33.0,70.5,181.0,396077.5882,197882.7026,437270.3787,529910.5882,216918.5054,0,0.0
OAS31153,,,,,39.0,,30.0,,23.0,37.0,,,,,,,,62.8712,30.0,33.0,70.5,178.0,,,,,,0,0.0
OAS31153,,,,,38.0,,26.0,,25.0,42.0,,,200232.2374,1464542.566,913886.9605,214401.4596,51136.0,62.8712,30.0,33.0,70.5,178.5,401982.648,201750.4106,428218.3125,533093.648,213816.8529,0,0.0
OAS31153,,,,,42.0,,23.0,,38.0,40.0,,,200232.2374,1464542.566,913886.9605,214401.4596,51136.0,62.8712,30.0,33.0,70.3,178.0,401982.648,201750.4106,428218.3125,533093.648,213816.8529,0,0.0
OAS31154,,,,,7.0,6.0,19.0,11.0,29.0,72.0,43.0,56.0,214184.1163,1748711.66,1002142.087,226221.576,55475.0,76.1589,30.0,23.0,70.0,160.0,429139.0954,214954.9792,441860.9913,575349.0954,215639.4153,1,0.5
OAS31154,,,,,5.0,4.0,23.0,13.0,32.0,78.0,44.0,56.0,214184.1163,1748711.66,1002142.087,226221.576,55475.0,76.1589,30.0,23.0,71.0,194.0,429139.0954,214954.9792,441860.9913,575349.0954,215639.4153,0,0.0
OAS31155,,,,,,,,,23.0,,73.0,60.0,,,,,,59.863,,34.0,,,,,,,,0,0.0
OAS31155,,,,,,,,,26.0,,70.0,60.0,,,,,,59.863,,34.0,,,,,,,,0,0.0
OAS31155,,,,,,,,,21.0,,70.0,60.0,,,,,,59.863,,34.0,,,,,,,,0,0.0
OAS31155,,,,,,,,,21.0,,76.0,59.0,,,,,,59.863,,34.0,,,,,,,,0,0.0
OAS31155,,,,,,,,,20.0,47.0,74.0,60.0,,,,,,59.863,,34.0,,204.0,,,,,,0,0.0
OAS31155,,,,,,,,,21.0,33.0,53.0,60.0,,,,,,59.863,,34.0,,203.0,,,,,,0,0.0
OAS31155,,,,,,,,,25.0,42.0,72.0,60.0,,,,,,59.863,,34.0,,197.0,,,,,,0,0.0
OAS31155,,,,,,,20.0,,20.0,37.0,71.0,60.0,,,,,,59.863,30.0,34.0,,195.0,,,,,,0,0.0
OAS31155,,,,,,,25.0,,19.0,44.0,76.0,60.0,,,,,,59.863,29.0,34.0,,196.0,,,,,,0,0.0
OAS31155,,,,,,,26.0,,17.0,39.0,71.0,60.0,,,,,,59.863,29.0,34.0,,,,,,,,0,0.0
OAS31155,,,,,,,30.0,,16.0,35.0,76.0,60.0,,,,,,59.863,30.0,34.0,,187.0,,,,,,0,0.0
OAS31155,,,,,,,21.0,,18.0,45.0,70.0,60.0,,,,,,59.863,29.0,34.0,,187.0,,,,,,0,0.0
OAS31155,,,,,,,26.0,,20.0,35.0,66.0,60.0,207527.9,1544784.432,954578.0359,234595.8906,165052.3449,59.863,30.0,34.0,,193.0,417488.3314,209960.4314,469455.9688,582540.6763,234860.0781,0,0.0
OAS31155,,,,,20.0,19.0,19.0,17.0,22.0,37.0,65.0,58.0,,,,,,59.863,30.0,34.0,67.2,200.0,,,,,,0,0.0
OAS31155,,,,,14.0,16.0,21.0,19.0,19.0,38.0,65.0,58.0,201257.0894,1592521.124,934533.5814,212804.3793,51283.0,59.863,29.0,34.0,68.0,195.0,402689.9596,201432.8702,429684.6217,546678.9596,216880.2425,0,0.0
OAS31155,,,,,16.0,16.0,19.0,19.0,27.0,45.0,68.0,60.0,201257.0894,1592521.124,934533.5814,212804.3793,51283.0,59.863,30.0,34.0,67.0,193.0,402689.9596,201432.8702,429684.6217,546678.9596,216880.2425,0,0.0
OAS31155,,,,,17.0,15.0,22.0,15.0,17.0,66.0,61.0,60.0,,,,,,59.863,30.0,34.0,67.0,196.0,,,,,,0,0.0
OAS31155,,,,,15.0,17.0,25.0,15.0,16.0,54.0,67.0,58.0,186488.5371,1597903.76,911091.8837,215294.8694,49830.0,59.863,30.0,34.0,67.5,197.0,374386.2344,187897.6973,428584.6493,513958.2344,213289.7799,0,0.0
OAS31155,,,,,15.0,15.0,11.0,11.0,22.0,59.0,54.0,56.0,,,,,,59.863,30.0,34.0,67.0,189.0,,,,,,0,0.0
OAS31155,,,,,13.0,12.0,15.0,6.0,19.0,162.0,43.0,50.0,,,,,,59.863,27.0,34.0,67.0,186.0,,,,,,1,0.5
OAS31155,,,,,10.0,7.0,13.0,8.0,27.0,127.0,37.0,46.0,,,,,,59.863,25.0,34.0,67.0,174.0,,,,,,1,0.5
OAS31157,,,,,,,32.0,,21.0,50.0,74.0,60.0,,,,,,47.7808,30.0,34.0,,138.0,,,,,,0,0.0
OAS31157,,,,,38.0,,40.0,,16.0,24.0,,,198146.3774,1434611.611,900453.2793,218077.544,54845.0,47.7808,30.0,34.0,65.5,119.0,400698.2477,202551.8702,436078.0317,543644.2477,218000.4877,0,0.0
OAS31157,,,,,35.0,,28.0,,15.0,33.0,,,195646.4108,1375466.908,875972.9795,207000.8687,54756.0,47.7808,30.0,34.0,65.5,118.0,392729.1639,197082.7531,416039.8156,531558.1639,209038.9469,0,0.0
OAS31157,,,,,33.0,,19.0,,18.0,32.0,,,,,,,,47.7808,30.0,34.0,65.5,111.0,,,,,,0,0.0
OAS31157,,,,,33.0,,23.0,,22.0,30.0,,,192103.8771,1412673.144,878677.0102,210648.3635,54377.0,47.7808,30.0,34.0,64.5,107.0,383840.5499,191736.6729,425647.4603,528253.5499,214999.0968,0,0.0
OAS31158,,,,,13.0,13.0,28.0,16.0,41.0,144.0,,58.0,209150.7609,1389980.829,895504.7745,204615.1132,52979.0,67.4027,29.0,23.0,71.0,199.0,419451.7194,210300.9585,412493.0551,554289.7194,207877.9418,0,0.0
OAS31158,,,,,15.0,10.0,29.0,13.0,38.0,86.0,45.0,58.0,,,,,,67.4027,30.0,23.0,71.0,199.0,,,,,,0,0.0
OAS31158,,,,,15.0,15.0,30.0,16.0,30.0,179.0,52.0,58.0,,,,,,67.4027,30.0,23.0,71.0,197.0,,,,,,0,0.0
OAS31159,,,,,19.0,17.0,26.0,17.0,22.0,80.0,48.0,56.0,182716.8078,1425462.554,859279.3143,204489.0158,50974.0,73.2329,29.0,33.0,63.5,165.0,367286.0917,184569.2839,407197.2226,500956.0917,202708.2068,0,0.0
OAS31159,,,,,17.0,16.0,22.0,19.0,27.0,78.0,45.0,56.0,182716.8078,1425462.554,859279.3143,204489.0158,50974.0,73.2329,28.0,33.0,63.0,170.0,367286.0917,184569.2839,407197.2226,500956.0917,202708.2068,0,0.0
OAS31159,,,,,19.0,16.0,19.0,18.0,33.0,62.0,52.0,58.0,190328.2549,1452478.328,870623.1938,199862.9713,50322.0,73.2329,29.0,33.0,64.0,167.0,381909.9241,191581.6692,401352.2697,517370.9241,201489.2985,0,0.0
OAS31159,,,,,20.0,17.0,24.0,20.0,35.0,64.0,51.0,56.0,190328.2549,1452478.328,870623.1938,199862.9713,50322.0,73.2329,28.0,33.0,63.5,163.0,381909.9241,191581.6692,401352.2697,517370.9241,201489.2985,0,0.0
OAS31159,,,,,16.0,18.0,22.0,18.0,23.0,81.0,60.0,56.0,,,,,,73.2329,28.0,33.0,63.0,156.0,,,,,,0,0.0
OAS31159,,,,,19.0,18.0,20.0,17.0,31.0,57.0,55.0,56.0,,,,,,73.2329,27.0,33.0,63.5,162.0,,,,,,0,0.0
OAS31159,13.0,9.0,8.0,6.0,,,23.0,17.0,31.0,77.0,50.0,,,,,,,73.2329,30.0,33.0,63.5,154.5,,,,,,0,0.0
OAS31160,,,,,,,24.0,,30.0,67.0,66.0,57.0,,,,,,65.2438,29.0,23.0,,130.0,,,,,,0,0.0
OAS31160,,,,,,,20.0,,26.0,35.0,67.0,58.0,,,,,,65.2438,30.0,23.0,,130.0,,,,,,0,0.0
OAS31160,,,,,,,26.0,,30.0,41.0,64.0,59.0,,,,,,65.2438,30.0,23.0,,127.0,,,,,,0,0.0
OAS31160,,,,,,,22.0,,24.0,44.0,67.0,59.0,,,,,,65.2438,29.0,23.0,,128.0,,,,,,0,0.0
OAS31160,,,,,18.0,16.0,20.0,13.0,25.0,34.0,68.0,54.0,,,,,,65.2438,30.0,23.0,65.0,128.0,,,,,,0,0.0
OAS31160,,,,,23.0,25.0,30.0,18.0,13.0,39.0,65.0,60.0,,,,,,65.2438,30.0,23.0,65.5,123.0,,,,,,0,0.0
OAS31160,,,,,25.0,25.0,40.0,22.0,24.0,33.0,72.0,60.0,,,,,,65.2438,30.0,23.0,64.0,123.0,,,,,,0,0.0
OAS31160,,,,,25.0,25.0,33.0,23.0,16.0,38.0,92.0,60.0,208979.503,1564552.766,931942.5643,217425.2875,54157.0,65.2438,30.0,23.0,64.0,119.0,416825.1676,207845.6646,425992.3967,560276.1676,208567.1092,0,0.0
OAS31160,,,,,25.0,25.0,40.0,36.0,20.0,34.0,93.0,60.0,,,,,,65.2438,29.0,23.0,63.0,120.0,,,,,,0,0.0
OAS31160,,,,,25.0,23.0,30.0,32.0,20.0,39.0,92.0,60.0,,,,,,65.2438,30.0,23.0,63.5,117.0,,,,,,0,0.0
OAS31160,,,,,25.0,25.0,40.0,24.0,22.0,41.0,81.0,60.0,,,,,,65.2438,30.0,23.0,64.0,116.0,,,,,,0,0.0
OAS31160,,,,,25.0,25.0,36.0,30.0,14.0,52.0,81.0,60.0,,,,,,65.2438,29.0,23.0,63.5,114.0,,,,,,0,0.0
OAS31160,10.0,7.0,9.0,6.0,,,36.0,30.0,21.0,41.0,87.0,,,,,,,65.2438,29.0,23.0,63.5,118.0,,,,,,0,0.0
OAS31160,10.0,8.0,10.0,6.0,,,38.0,30.0,20.0,40.0,93.0,,,,,,,65.2438,30.0,23.0,63.3,116.0,,,,,,0,0.0
OAS31161,,,,,27.0,,23.0,,64.0,97.0,,,200134.9871,1494424.594,909986.8229,209367.8073,53759.0,62.6658,29.0,34.0,65.5,196.0,400032.5882,199897.6011,420569.2348,538507.5882,211201.4275,0,0.0
OAS31162,,,,,15.0,11.0,19.0,4.0,33.0,95.0,37.0,58.0,183889.1375,1380791.465,786592.5793,162384.1861,48095.0,80.2849,30.0,33.0,63.0,127.0,372368.0324,188478.8949,325712.5469,502010.0324,163328.3608,0,0.0
OAS31162,,,,,12.0,9.0,10.0,8.0,36.0,106.0,39.0,54.0,,,,,,80.2849,30.0,33.0,63.0,136.0,,,,,,1,0.5
OAS31162,10.0,8.0,6.0,5.0,,,7.0,4.0,34.0,180.0,30.0,,,,,,,80.2849,26.0,33.0,62.75,114.5999756,,,,,,1,0.5
OAS31164,,,,,17.0,13.0,18.0,16.0,39.0,94.0,52.0,54.0,173982.3665,1406526.677,836634.7942,185396.3893,41771.0,80.463,28.0,34.0,60.0,180.0,350842.3196,176859.9531,377844.4746,469849.3196,192448.0853,0,0.0
OAS31164,,,,,19.0,16.0,17.0,11.0,47.0,120.0,57.0,52.0,,,,,,80.463,27.0,34.0,59.0,177.0,,,,,,0,0.0
OAS31164,,,,,15.0,15.0,20.0,12.0,42.0,97.0,49.0,56.0,,,,,,80.463,27.0,34.0,59.0,181.0,,,,,,0,0.0
OAS31164,,,,,18.0,20.0,12.0,16.0,38.0,131.0,50.0,52.0,167791.6696,1414117.569,813861.4725,179515.6719,39688.0,80.463,27.0,34.0,58.0,183.0,339730.93,171939.2605,359553.5425,452238.93,180037.8706,0,0.0
OAS31164,,,,,15.0,12.0,17.0,12.0,33.0,115.0,45.0,56.0,167791.6696,1414117.569,813861.4725,179515.6719,39688.0,80.463,27.0,34.0,57.0,171.0,339730.93,171939.2605,359553.5425,452238.93,180037.8706,0,0.0
OAS31164,,,,,9.0,14.0,16.0,8.0,40.0,99.0,50.0,56.0,,,,,,80.463,28.0,34.0,59.0,181.0,,,,,,0,0.0
OAS31164,,,,,15.0,14.0,13.0,12.0,51.0,104.0,43.0,50.0,,,,,,80.463,27.0,34.0,58.0,176.0,,,,,,0,0.0
OAS31164,,,,,15.0,10.0,18.0,8.0,49.0,133.0,52.0,50.0,,,,,,80.463,27.0,34.0,57.0,171.0,,,,,,0,0.0
OAS31165,,,,,28.0,,22.0,,68.0,170.0,,,,,,,,55.8712,25.0,34.0,68.5,183.0,,,,,,0,0.0
OAS31165,,,,,29.0,,20.0,,52.0,162.0,,,210948.6956,1408377.544,922769.5903,218025.2526,51139.0,55.8712,28.0,34.0,68.5,178.0,425604.3349,214655.6394,432939.2554,584933.3349,214914.0027,0,0.0
OAS31165,,,,,25.0,,22.0,,50.0,142.0,,,,,,,,55.8712,29.0,34.0,69.25,190.5999756,,,,,,0,0.0
OAS31166,,,,,13.0,9.0,12.0,10.0,45.0,130.0,32.0,58.0,,,,,,59.3945,30.0,33.0,65.0,166.0,,,,,,1,0.5
OAS31166,,,,,10.0,11.0,18.0,14.0,22.0,113.0,39.0,58.0,,,,,,59.3945,26.0,33.0,65.0,164.0,,,,,,1,0.5
OAS31166,,,,,17.0,14.0,15.0,11.0,29.0,136.0,41.0,58.0,,,,,,59.3945,30.0,33.0,64.5,159.0,,,,,,0,0.0
OAS31167,,,,,,,26.0,,25.0,58.0,71.0,60.0,234230.5779,1523359.561,1008740.529,252444.625,175293.168,51.5562,29.0,33.0,,182.0,468791.9825,234561.4046,508234.75,644085.1505,255790.125,0,0.0
OAS31167,,,,,29.0,,19.0,,21.0,36.0,,,223621.1266,1527851.307,983368.2734,230165.2784,53286.0,51.5562,30.0,33.0,69.75,207.0,448704.8537,225083.7271,466599.4197,592349.8537,236434.1413,0,0.0
OAS31168,,,,,17.0,15.0,21.0,10.0,36.0,64.0,57.0,60.0,233083.9697,1619948.627,1012598.296,229996.4721,57431.0,65.2164,30.0,44.0,72.0,184.0,468562.5231,235478.5534,457634.7729,617912.5231,227638.3007,0,0.0
OAS31168,,,,,16.0,19.0,15.0,14.0,38.0,62.0,53.0,58.0,233083.9697,1619948.627,1012598.296,229996.4721,57431.0,65.2164,28.0,44.0,72.0,187.0,468562.5231,235478.5534,457634.7729,617912.5231,227638.3007,0,0.0
OAS31168,,,,,17.0,16.0,19.0,12.0,30.0,55.0,54.0,56.0,,,,,,65.2164,28.0,44.0,72.0,182.0,,,,,,0,0.0
OAS31168,,,,,11.0,10.0,19.0,11.0,33.0,68.0,55.0,60.0,,,,,,65.2164,29.0,44.0,72.0,180.0,,,,,,0,0.0
OAS31168,,,,,13.0,9.0,23.0,12.0,37.0,67.0,57.0,54.0,226955.9938,1621696.21,994523.6195,220624.6082,56443.0,65.2164,28.0,44.0,72.0,180.0,458284.4241,231328.4303,444047.1954,604192.4241,223422.5873,0,0.0
OAS31168,,,,,16.0,13.0,21.0,13.0,33.0,67.0,56.0,60.0,,,,,,65.2164,30.0,44.0,71.0,177.0,,,,,,0,0.0
OAS31168,,,,,12.0,11.0,19.0,9.0,31.0,73.0,48.0,54.0,218256.2745,1625353.2,971916.914,213885.9083,54214.0,65.2164,29.0,44.0,71.5,178.0,441070.7072,222814.4327,431088.2068,581509.7072,217202.2985,0,0.0
OAS31168,,,,,14.0,10.0,24.0,11.0,33.0,60.0,48.0,56.0,,,,,,65.2164,30.0,44.0,71.0,177.0,,,,,,0,0.0
OAS31168,6.0,5.0,7.0,5.0,,,19.0,13.0,26.0,67.0,57.0,,211617.3823,1563224.523,950609.6987,208297.2962,51566.0,65.2164,28.0,44.0,71.0,177.0,428058.902,216441.5197,419497.7967,562747.902,211200.5005,0,0.0
OAS31168,11.0,9.0,4.0,3.0,,,23.0,9.0,38.0,49.0,48.0,,211617.3823,1563224.523,950609.6987,208297.2962,51566.0,65.2164,30.0,44.0,71.25,179.0,428058.902,216441.5197,419497.7967,562747.902,211200.5005,0,0.0
OAS31168,7.0,6.0,6.0,4.0,,,15.0,8.0,34.0,83.0,46.0,,,,,,,65.2164,30.0,44.0,71.25,176.0,,,,,,0,0.0
OAS31168,8.0,7.0,5.0,4.0,,,15.0,9.0,,,,,,,,,,65.2164,,44.0,,,,,,,,0,0.0
OAS31169,,,,,27.0,,19.0,,27.0,66.0,,,,,,,,63.0082,29.0,34.0,65.0,167.0,,,,,,0,0.0
OAS31169,,,,,14.0,,18.0,,55.0,95.0,,,,,,,,63.0082,27.0,34.0,64.0,180.0,,,,,,1,0.5
OAS31170,,,,,,,17.0,,29.0,86.0,42.0,51.0,,,,,,64.8192,30.0,34.0,,170.0,,,,,,1,0.5
OAS31170,,,,,3.0,0.0,16.0,10.0,48.0,74.0,38.0,50.0,187058.783,1407411.32,874760.2144,206082.6447,45633.0,64.8192,25.0,34.0,65.0,146.0,383465.5158,196406.7328,420755.6985,506151.5158,214673.0539,2,1.0
OAS31170,,,,,4.0,0.0,17.0,10.0,33.0,147.0,40.0,50.0,187058.783,1407411.32,874760.2144,206082.6447,45633.0,64.8192,18.0,34.0,64.5,147.0,383465.5158,196406.7328,420755.6985,506151.5158,214673.0539,2,1.0
OAS31170,,,,,3.0,0.0,12.0,6.0,38.0,,41.0,38.0,,,,,,64.8192,25.0,34.0,64.5,155.0,,,,,,2,1.0
OAS31171,,,,,,,4.0,,42.0,83.0,52.0,10.0,,,,,,66.0329,26.0,44.0,,222.0,,,,,,1,0.5
OAS31171,,,,,3.0,1.0,3.0,0.0,23.0,68.0,50.0,8.0,,,,,,66.0329,24.0,44.0,67.4,225.0,,,,,,2,1.0
OAS31171,,,,,7.0,2.0,3.0,0.0,31.0,126.0,44.0,4.0,,,,,,66.0329,21.0,44.0,56.5,228.0,,,,,,2,1.0
OAS31172,,,,,21.0,17.0,18.0,15.0,21.0,93.0,60.0,60.0,,,,,,70.9507,29.0,23.0,61.5,137.0,,,,,,0,0.0
OAS31172,,,,,16.0,15.0,18.0,15.0,21.0,71.0,57.0,60.0,198032.2174,1559032.987,931503.4326,222205.5312,50352.0,70.9507,30.0,23.0,61.0,127.0,396177.4308,198145.2134,442039.0017,523888.4308,219833.4705,0,0.0
OAS31172,,,,,15.0,17.0,20.0,14.0,19.0,84.0,53.0,60.0,,,,,,70.9507,30.0,23.0,61.0,127.0,,,,,,0,0.0
OAS31172,,,,,18.0,20.0,22.0,16.0,22.0,68.0,60.0,58.0,,,,,,70.9507,30.0,23.0,61.0,137.0,,,,,,0,0.0
OAS31172,,,,,18.0,15.0,18.0,14.0,21.0,91.0,58.0,58.0,204302.5014,1581073.131,929680.9908,210892.3309,49411.0,70.9507,30.0,23.0,61.0,133.0,408581.0593,204278.5579,420979.9314,534192.0593,210087.6005,0,0.0
OAS31172,,,,,13.0,15.0,18.0,12.0,23.0,88.0,49.0,58.0,204302.5014,1581073.131,929680.9908,210892.3309,49411.0,70.9507,29.0,23.0,61.0,131.0,408581.0593,204278.5579,420979.9314,534192.0593,210087.6005,0,0.0
OAS31172,,,,,16.0,16.0,20.0,11.0,22.0,82.0,55.0,60.0,,,,,,70.9507,29.0,23.0,61.0,133.5,,,,,,0,0.0
OAS31172,9.0,7.0,8.0,6.0,,,18.0,17.0,31.0,97.0,44.0,,,,,,,70.9507,29.0,23.0,61.0,134.0,,,,,,0,0.0
OAS31175,7.0,7.0,5.0,4.0,,,21.0,9.0,21.0,92.0,34.0,,227313.9716,1475804.9,1032399.989,249299.1206,57012.0,69.2055,29.0,34.0,67.0,198.0,449107.6327,221793.661,497790.3564,594434.6327,248491.2358,0,0.0
OAS31175,7.0,6.0,5.0,4.0,,,18.0,12.0,24.0,67.0,38.0,,227313.9716,1475804.9,1032399.989,249299.1206,57012.0,69.2055,30.0,34.0,67.0,201.0,449107.6327,221793.661,497790.3564,594434.6327,248491.2358,0,0.0
OAS31175,5.0,5.0,9.0,6.0,,,14.0,8.0,43.0,93.0,38.0,,,,,,,69.2055,30.0,34.0,67.25,196.0,,,,,,0,0.0
OAS31175,9.0,7.0,9.0,6.0,,,14.0,14.0,,,,,,,,,,69.2055,,34.0,,,,,,,,0,0.0
OAS31176,,,,,34.0,,21.0,,29.0,66.0,,,207691.4059,1462287.089,964855.1467,231860.8625,56668.0,62.3178,29.0,33.0,66.5,169.0,415400.4071,207709.0013,465689.7395,565382.4071,233828.877,0,0.0
OAS31176,9.0,7.0,9.0,6.0,,,27.0,16.0,,,,,,,,,,62.3178,,33.0,,,,,,,,0,0.0
OAS31177,10.0,7.0,8.0,5.0,,,19.0,8.0,41.0,71.0,45.0,,251367.8265,1866588.628,1169672.321,277189.3618,60492.0,75.7315,30.0,34.0,69.75,185.7999268,501765.5106,250397.6841,552269.8106,661453.5106,275080.4487,0,0.0
OAS31178,,,,,13.0,11.0,14.0,12.0,30.0,99.0,42.0,52.0,,,,,,72.2575,30.0,33.0,55.0,180.0,,,,,,0,0.0
OAS31178,,,,,11.0,8.0,19.0,13.0,44.0,83.0,46.0,56.0,,,,,,72.2575,29.0,33.0,55.5,147.0,,,,,,0,0.0
OAS31178,,,,,13.0,13.0,15.0,12.0,37.0,91.0,47.0,54.0,,,,,,72.2575,29.0,33.0,64.0,151.0,,,,,,0,0.0
OAS31178,,,,,12.0,13.0,17.0,16.0,52.0,82.0,48.0,58.0,,,,,,72.2575,30.0,33.0,63.0,145.0,,,,,,0,0.0
OAS31178,,,,,16.0,14.0,18.0,13.0,48.0,88.0,43.0,52.0,,,,,,72.2575,29.0,33.0,63.5,155.0,,,,,,0,0.0
OAS31178,,,,,18.0,15.0,12.0,12.0,54.0,180.0,35.0,56.0,,,,,,72.2575,26.0,33.0,63.0,159.0,,,,,,0,0.0
OAS31178,,,,,11.0,7.0,11.0,13.0,69.0,178.0,32.0,48.0,,,,,,72.2575,29.0,33.0,65.0,169.0,,,,,,0,0.0
OAS31178,,,,,14.0,8.0,15.0,9.0,50.0,180.0,30.0,52.0,,,,,,72.2575,25.0,33.0,63.5,180.0,,,,,,0,0.0
OAS31178,,,,,2.0,0.0,12.0,10.0,72.0,180.0,19.0,52.0,182745.0494,1548448.157,843218.4227,174527.0618,47683.0,72.2575,28.0,33.0,63.0,186.5,363394.7678,180649.7184,354058.655,482129.7678,179531.5932,0,0.0
OAS31178,11.0,8.0,5.0,4.0,,,11.0,9.0,102.0,180.0,18.0,,182745.0494,1548448.157,843218.4227,174527.0618,47683.0,72.2575,27.0,33.0,63.0,182.0,363394.7678,180649.7184,354058.655,482129.7678,179531.5932,0,0.0
OAS31178,10.0,8.0,5.0,4.0,,,14.0,11.0,,,,,,,,,,72.2575,28.0,33.0,63.75,162.5999756,,,,,,0,0.0
OAS31179,10.0,7.0,5.0,5.0,,,19.0,9.0,40.0,54.0,47.0,,165274.5027,1274218.456,795486.2846,198068.0767,46094.0,80.3808,26.0,24.0,64.0,129.0,329834.5742,164560.0716,394400.7103,460247.5742,196332.6336,1,0.5
OAS31180,,,,,33.0,,32.0,,26.0,58.0,,,194126.1644,1324162.204,836856.7584,180664.7325,45756.0,63.1781,30.0,33.0,66.75,110.0,388955.6635,194829.4991,361476.0949,513705.6635,180811.3624,0,0.0
OAS31180,8.0,6.0,8.0,5.0,,,22.0,16.0,,,,,,,,,,63.1781,,33.0,,,,,,,,0,0.0
OAS31181,6.0,5.0,7.0,5.0,,,13.0,10.0,34.0,180.0,33.0,,150265.0762,1347434.534,762626.9485,189459.9462,46468.0,77.2603,25.0,34.0,64.0,233.0,299437.3427,149172.2665,380059.6058,426252.3427,190599.6596,2,1.0
OAS31184,12.0,9.0,12.0,8.0,18.0,18.0,20.0,10.0,28.0,73.0,58.0,,207813.3205,1556060.43,973542.5518,231052.1942,49757.0,67.1589,30.0,34.0,66.75,169.0,417520.1147,209706.7942,459479.437,548475.1147,228427.2428,0,0.0
OAS31184,13.0,9.0,6.0,4.0,,,20.0,16.0,37.0,75.0,51.0,,,,,,,67.1589,30.0,34.0,67.5,184.5999756,,,,,,0,0.0
OAS31184,11.0,8.0,6.0,4.0,,,17.0,12.0,,,,,,,,,,67.1589,,34.0,,,,,,,,0,0.0
OAS31184,12.0,8.0,7.0,5.0,,,17.0,15.0,,,,,,,,,,67.1589,,34.0,,,,,,,,0,0.0
OAS31185,3.0,5.0,6.0,4.0,,,19.0,5.0,73.0,180.0,41.0,,162254.4121,1561795.388,923264.5434,238621.2936,49646.0,62.6658,25.0,23.0,64.5,179.0,341363.2575,179108.8454,482812.2859,490717.2575,244190.9923,1,0.5
OAS31186,,,,,25.0,,30.0,,21.0,57.0,,,238215.5374,1682483.079,1071705.131,250828.4695,54186.0,53.7233,30.0,33.0,68.0,208.0,474725.0848,236509.5474,506084.046,615756.0848,255255.5765,0,0.0
OAS31186,10.0,7.0,5.0,4.0,,,26.0,16.0,,,,,,,,,,53.7233,,33.0,,,,,,,,0,0.0
OAS31188,7.0,6.0,7.0,5.0,,,17.0,12.0,71.0,122.0,38.0,,214878.3769,1491097.21,959395.3403,233174.5605,56306.0,71.1151,30.0,33.0,63.7,171.0,424576.798,209698.4211,461350.5423,576849.798,228175.9817,0,0.0
OAS31189,10.0,8.0,5.0,4.0,,,12.0,18.0,35.0,70.0,45.0,,211065.1651,1541295.711,960275.0646,232447.3092,53118.0,65.0849,30.0,33.0,64.0,120.0,419633.1571,208567.9919,461392.9075,563991.1571,228945.5983,0,0.0
OAS31189,10.0,8.0,8.0,6.0,,,18.0,15.0,32.0,75.0,53.0,,211065.1651,1541295.711,960275.0646,232447.3092,53118.0,65.0849,29.0,33.0,64.0,118.0,419633.1571,208567.9919,461392.9075,563991.1571,228945.5983,0,0.0
OAS31189,8.0,6.0,5.0,4.0,,,12.0,12.0,29.0,70.0,46.0,,,,,,,65.0849,27.0,33.0,64.0,119.0,,,,,,0,0.0
OAS31189,8.0,6.0,10.0,8.0,,,17.0,13.0,,,,,,,,,,65.0849,,33.0,,,,,,,,0,0.0
OAS31190,6.0,6.0,5.0,4.0,,,17.0,13.0,37.0,67.0,44.0,,219549.4944,1685834.627,1047731.977,257391.0429,58623.0,71.9863,29.0,33.0,71.5,182.0,441214.2107,221664.7163,513207.7658,603813.2107,255816.7229,1,0.5
OAS31191,8.0,7.0,8.0,6.0,,,24.0,13.0,35.0,89.0,48.0,,209079.6984,1598644.849,925031.014,210375.2073,51671.0,72.4055,26.0,34.0,65.0,240.5999756,418699.8501,209620.1517,426539.1639,562644.8501,216163.9566,1,0.5
OAS31192,14.0,9.0,11.0,8.0,,,18.0,16.0,26.0,50.0,54.0,,187555.4091,1462986.145,854316.6911,195784.5456,52303.0,72.4301,30.0,23.0,63.5,172.7999268,377378.6385,189823.2294,393415.0525,516597.6385,197630.5069,0,0.0
OAS31193,10.0,7.0,9.0,6.0,,,12.0,11.0,38.0,91.0,42.0,,185826.6446,1491512.425,915180.4466,221322.9949,53678.0,70.2932,26.0,34.0,68.0,234.0,375289.073,189462.4284,454686.3736,517960.073,233363.3787,0,0.0
OAS31195,5.0,5.0,2.0,2.0,2.0,1.0,22.0,11.0,65.0,133.0,23.0,,261081.7081,1813344.776,1125564.012,250536.3748,64088.0,68.7507,29.0,33.0,74.0,233.0,522011.2386,260929.5305,500578.7738,695363.2386,250042.399,0,0.0
OAS31195,8.0,7.0,2.0,2.0,,,20.0,9.0,45.0,176.0,28.0,,261081.7081,1813344.776,1125564.012,250536.3748,64088.0,68.7507,29.0,33.0,75.0,236.0,522011.2386,260929.5305,500578.7738,695363.2386,250042.399,0,0.0
OAS31196,8.0,6.0,7.0,5.0,,,21.0,14.0,22.0,100.0,57.0,,193103.4687,1397792.205,855667.6022,194282.1105,47756.0,69.8849,30.0,23.0,67.3,166.0,386365.9535,193262.4848,389781.6487,528678.9535,195499.5382,0,0.0
OAS31196,8.0,6.0,8.0,6.0,,,22.0,12.0,34.0,90.0,66.0,,193103.4687,1397792.205,855667.6022,194282.1105,47756.0,69.8849,30.0,23.0,67.5,162.0,386365.9535,193262.4848,389781.6487,528678.9535,195499.5382,0,0.0
OAS31196,10.0,8.0,7.0,5.0,,,23.0,12.0,33.0,123.0,56.0,,,,,,,69.8849,30.0,23.0,67.4,163.0,,,,,,0,0.0
OAS31196,10.0,8.0,10.0,6.0,,,19.0,12.0,,,,,,,,,,69.8849,,23.0,,,,,,,,0,0.0
OAS31196,9.0,7.0,9.0,6.0,,,20.0,20.0,,,,,,,,,,69.8849,29.0,23.0,67.0,164.1999512,,,,,,0,0.0
OAS31197,8.0,7.0,6.0,5.0,,,23.0,14.0,35.0,70.0,52.0,,216620.8779,1470472.497,971972.2918,231003.3568,51782.0,70.2192,28.0,33.0,64.5,139.0,432346.5719,215725.694,463495.7198,561957.5719,232492.3631,0,0.0
OAS31197,6.0,5.0,7.0,5.0,,,20.0,13.0,43.0,120.0,38.0,,,,,,,70.2192,29.0,33.0,64.5,150.5999756,,,,,,0,0.0
OAS31198,7.0,6.0,7.0,5.0,,,15.0,11.0,29.0,59.0,50.0,,218539.1293,1487075.058,999030.8455,232567.9198,51512.0,70.6685,29.0,23.0,71.4,214.3999023,440898.8508,222359.7215,466384.9947,575876.8508,233817.0749,0,0.0
OAS31198,8.0,7.0,8.0,5.0,,,21.0,14.0,,,,,,,,,,70.6685,,23.0,,,,,,,,0,0.0
OAS31199,,,,,36.0,,23.0,,24.0,40.0,,,252227.2778,1833279.102,1206733.301,299626.4968,69230.0,50.2247,30.0,33.0,70.7,213.0,506759.9707,254532.6929,601874.3303,688227.9707,302247.8335,0,0.0
OAS31201,6.0,5.0,5.0,4.0,,,22.0,15.0,62.0,119.0,54.0,,196817.7694,1454873.927,871238.1204,200334.6213,50269.0,87.9836,28.0,33.0,61.5,166.0,390217.103,193399.3336,399230.0174,526397.103,198895.3961,1,0.5
OAS31201,7.0,6.0,6.0,4.0,,,16.0,11.0,78.0,180.0,40.0,,196817.7694,1454873.927,871238.1204,200334.6213,50269.0,87.9836,29.0,33.0,62.25,164.0,390217.103,193399.3336,399230.0174,526397.103,198895.3961,1,0.5
OAS31201,7.0,6.0,7.0,5.0,,,22.0,15.0,98.0,159.0,40.0,,,,,,,87.9836,28.0,33.0,61.75,162.0,,,,,,0,0.0
OAS31202,8.0,6.0,6.0,4.0,,,24.0,13.0,40.0,71.0,47.0,,231060.2468,1630608.94,1085680.724,273844.8484,59477.0,74.0548,27.0,34.0,71.0,179.0,461718.2121,230657.9654,547696.5123,622493.2121,273851.6639,0,0.0
OAS31202,6.0,6.0,6.0,4.0,,,23.0,5.0,,,,,227222.1332,1634329.656,1080794.762,274082.4433,60098.0,74.0548,,34.0,,,453262.8161,226040.6829,550011.9464,612637.8161,275929.5031,0,0.0
OAS31203,8.0,6.0,7.0,5.0,,,20.0,19.0,31.0,78.0,54.0,,202682.4943,1633411.274,1025044.779,247413.4151,55718.0,67.9397,29.0,33.0,64.5,208.0,406041.76,203359.2657,495688.0185,551443.76,248274.6034,0,0.0
OAS31203,10.0,8.0,9.0,6.0,,,23.0,16.0,19.0,64.0,58.0,,202424.9918,1654609.793,1035858.543,255257.1178,53781.0,67.9397,30.0,33.0,64.5,203.0,403402.2174,200977.2256,510868.3254,547728.2174,255611.2077,0,0.0
OAS31203,6.0,6.0,8.0,6.0,,,22.0,13.0,,,,,,,,,,67.9397,,33.0,,,,,,,,0,0.0
OAS31204,6.0,5.0,4.0,4.0,,,18.0,21.0,23.0,60.0,48.0,,208310.2122,1534806.004,944288.2424,225479.8066,56080.0,68.8548,30.0,33.0,67.5,161.0,416213.7999,207903.5877,452181.4426,566857.7999,226701.636,0,0.0
OAS31204,10.0,8.0,5.0,5.0,,,18.0,16.0,23.0,65.0,48.0,,208310.2122,1534806.004,944288.2424,225479.8066,56080.0,68.8548,30.0,33.0,67.75,161.0,416213.7999,207903.5877,452181.4426,566857.7999,226701.636,0,0.0
OAS31204,8.0,6.0,5.0,4.0,,,23.0,18.0,23.0,55.0,46.0,,,,,,,68.8548,30.0,33.0,67.5,160.0,,,,,,0,0.0
OAS31204,6.0,5.0,7.0,5.0,,,24.0,17.0,26.0,54.0,48.0,,,,,,,68.8548,30.0,33.0,67.25,160.0,,,,,,0,0.0
OAS31205,7.0,6.0,8.0,5.0,,,32.0,17.0,23.0,69.0,75.0,,187507.3513,1315990.918,832525.0709,189994.8898,50778.0,66.874,30.0,33.0,63.0,176.0,378846.9009,191339.5496,381482.17,521697.9009,191487.2802,0,0.0
OAS31205,7.0,6.0,1.0,2.0,,,21.0,18.0,25.0,62.0,73.0,,,,,,,66.874,30.0,33.0,63.0,174.5999756,,,,,,0,0.0
OAS31206,9.0,7.0,7.0,5.0,,,18.0,14.0,70.0,150.0,33.0,,209919.5345,1469293.451,901939.9022,197859.1248,49588.0,73.8904,30.0,34.0,67.7,235.0,421626.8984,211707.3639,397140.0038,560059.8984,199280.879,1,0.5
OAS31206,10.0,8.0,7.0,5.0,,,18.0,13.0,46.0,180.0,29.0,,209919.5345,1469293.451,901939.9022,197859.1248,49588.0,73.8904,27.0,34.0,67.5,239.0,421626.8984,211707.3639,397140.0038,560059.8984,199280.879,1,0.5
OAS31207,7.0,6.0,8.0,5.0,,,17.0,11.0,31.0,68.0,57.0,,195811.0496,1526871.174,945938.1384,238632.6267,54004.0,66.6301,30.0,33.0,68.75,150.0,392041.3168,196230.2672,475136.8216,537947.3168,236504.1948,0,0.0
OAS31208,,,,,32.0,,32.0,,34.0,73.0,,,197606.2341,1300581.499,870162.1731,206276.4083,47544.0,62.5726,29.0,34.0,65.0,126.0,394273.4904,196667.2564,413685.6826,525252.4904,207409.2743,0,0.0
OAS31209,11.0,8.0,8.0,5.0,,,23.0,18.0,23.0,57.0,59.0,,233448.5463,1704348.052,1100838.718,257998.5132,58097.0,65.9644,26.0,33.0,71.0,200.0,469789.1476,236340.6012,518217.5708,626493.1476,260219.0576,0,0.0
OAS31209,11.0,8.0,8.0,6.0,,,22.0,15.0,24.0,46.0,60.0,,233448.5463,1704348.052,1100838.718,257998.5132,58097.0,65.9644,29.0,33.0,71.0,204.3999023,469789.1476,236340.6012,518217.5708,626493.1476,260219.0576,0,0.0
OAS31209,11.0,8.0,6.0,4.0,,,20.0,12.0,,,,,,,,,,65.9644,,33.0,,,,,,,,0,0.0
OAS31209,10.0,8.0,8.0,5.0,,,25.0,16.0,,,,,,,,,,65.9644,28.0,33.0,70.25,202.5999756,,,,,,0,0.0
OAS31210,7.0,6.0,5.0,4.0,,,16.0,9.0,38.0,97.0,34.0,,191627.6295,1518071.695,830958.7815,177475.2228,48257.0,68.126,28.0,33.0,63.4,279.7998047,383240.1306,191612.5011,354815.6509,536241.1306,177340.4281,0,0.0
OAS31213,,,,,33.0,,22.0,,21.0,31.0,,,234191.8338,1674863.654,1039610.204,241648.274,60591.0,63.5041,30.0,34.0,66.5,142.0,470973.3073,236781.4735,485832.8965,635296.3073,244184.6226,0,0.0
OAS31214,6.0,6.0,5.0,4.0,,,13.0,2.0,40.0,180.0,26.0,,198412.1089,1671524.255,999092.6026,228506.6807,46512.0,78.4849,25.0,33.0,68.0,134.0,405055.2219,206643.113,450374.3807,537876.2219,221867.7,2,1.0
OAS31217,10.0,8.0,7.0,5.0,,,28.0,11.0,36.0,82.0,34.0,,215584.0242,1754647.351,1029098.147,236924.334,50577.0,81.4466,29.0,23.0,71.25,266.0,437434.7175,221850.6933,477774.4296,580695.7175,240850.0955,0,0.0
OAS31217,8.0,6.0,10.0,7.0,,,24.0,15.0,46.0,129.0,36.0,,212353.572,1761258.386,1024508.543,235893.148,50043.0,81.4466,30.0,23.0,71.0,255.5999756,431762.5119,219408.9399,479896.0308,583568.5119,244002.8827,1,0.5
OAS31217,10.0,8.0,8.0,5.0,,,26.0,14.0,,,,,,,,,,81.4466,,23.0,,,,,,,,0,0.0
OAS31219,,,,,29.0,,30.0,,28.0,56.0,,,263834.6653,1735151.454,1150532.496,274029.1183,63767.0,45.7014,30.0,44.0,72.3,256.3999023,523861.7284,260027.0631,543102.7671,700027.7284,269073.6489,0,0.0
OAS31220,6.0,5.0,4.0,3.0,,,22.0,11.0,27.0,49.0,55.0,,213108.6794,1542692.947,976933.7611,231103.2082,55997.0,70.1014,28.0,33.0,69.5,194.0,427121.3442,214012.6648,467671.4169,562894.3442,236568.2088,0,0.0
OAS31220,6.0,5.0,6.0,5.0,,,20.0,10.0,24.0,89.0,55.0,,213108.6794,1542692.947,976933.7611,231103.2082,55997.0,70.1014,28.0,33.0,68.5,190.0,427121.3442,214012.6648,467671.4169,562894.3442,236568.2088,0,0.0
OAS31220,6.0,5.0,5.0,4.0,,,17.0,12.0,24.0,50.0,57.0,,,,,,,70.1014,28.0,33.0,68.5,188.1999512,,,,,,0,0.0
OAS31220,6.0,5.0,5.0,4.0,,,21.0,12.0,,,,,,,,,,70.1014,,33.0,,,,,,,,0,0.0
OAS31221,6.0,6.0,7.0,5.0,,,19.0,12.0,39.0,81.0,38.0,,232220.4489,1662812.582,1057252.404,258684.7735,58745.0,64.3644,30.0,34.0,73.0,246.1999512,458241.8404,226021.3916,516532.5637,626691.8404,257847.7902,1,0.5
OAS31222,11.0,8.0,9.0,6.0,,,21.0,11.0,17.0,51.0,51.0,,200024.3877,1536733.644,930043.8893,218978.4346,49955.0,60.863,30.0,44.0,70.0,199.0,405640.9926,205616.6049,440374.8966,563793.9926,221396.462,1,0.5
OAS31224,,,,,24.0,,26.0,,28.0,116.0,,,216197.5981,1425258.17,945353.8579,218694.7285,50765.0,64.474,26.0,33.0,64.0,158.0,429722.6777,213525.0796,434734.1802,566553.6777,216039.4517,0,0.0
OAS31224,4.0,5.0,2.0,2.0,,,20.0,12.0,,,,,,,,,,64.474,,33.0,,,,,,,,0,0.0
OAS31225,9.0,7.0,7.0,5.0,,,20.0,14.0,22.0,48.0,50.0,,207282.8936,1441536.607,890675.7352,196522.0191,48212.0,74.3562,28.0,34.0,67.5,238.0,411835.5285,204552.635,397760.2066,541521.5285,201238.1875,1,0.5
OAS31225,9.0,7.0,6.0,4.0,,,16.0,13.0,20.0,43.0,50.0,,207282.8936,1441536.607,890675.7352,196522.0191,48212.0,74.3562,28.0,34.0,67.0,222.0,411835.5285,204552.635,397760.2066,541521.5285,201238.1875,1,0.5
OAS31225,8.0,7.0,7.0,5.0,,,16.0,13.0,36.0,82.0,49.0,,,,,,,74.3562,22.0,34.0,66.75,176.5999756,,,,,,2,1.0
OAS31226,9.0,8.0,3.0,3.0,,,21.0,11.0,32.0,89.0,40.0,,208608.946,1709802.884,994170.5778,219854.2483,54723.0,74.6329,30.0,33.0,71.7,320.0,417306.3609,208697.4149,446732.2169,565252.3609,226877.9686,0,0.0
OAS31226,8.0,7.0,3.0,3.0,,,17.0,10.0,30.0,91.0,43.0,,,,,,,74.6329,30.0,33.0,73.0,311.0,,,,,,0,0.0
OAS31226,7.0,7.0,6.0,5.0,,,15.0,13.0,,,,,,,,,,74.6329,,33.0,,,,,,,,0,0.0
OAS31227,6.0,5.0,6.0,5.0,,,21.0,11.0,21.0,77.0,46.0,,244194.3591,1950721.657,1210813.355,286105.924,58839.0,77.5863,30.0,33.0,71.25,215.1999512,490974.0155,246779.6564,579082.3398,656460.0155,292976.4158,0,0.0
OAS31227,5.0,5.0,6.0,5.0,,,27.0,9.0,,,,,,,,,,77.5863,,33.0,,,,,,,,0,0.0
OAS31228,10.0,8.0,9.0,6.0,,,21.0,11.0,34.0,79.0,40.0,,227249.2634,1545714.453,993516.1932,223862.0778,55024.0,73.6795,30.0,34.0,72.0,217.3999023,457291.3963,230042.1329,449427.7969,596824.3963,225565.7191,0,0.0
OAS31228,10.0,8.0,10.0,8.0,,,27.0,12.0,,,,,,,,,,73.6795,,34.0,,,,,,,,0,0.0
OAS31229,9.0,7.0,5.0,4.0,,,10.0,13.0,36.0,63.0,45.0,,170140.256,1490361.66,885866.8578,214990.4892,51645.0,84.5151,30.0,34.0,62.7,134.0,342590.071,172449.8149,430622.7868,497268.071,215632.2976,1,0.5
OAS31229,8.0,6.0,6.0,4.0,,,9.0,6.0,44.0,119.0,40.0,,169898.5392,1487482.078,876062.6156,208243.3051,53465.0,84.5151,30.0,34.0,63.0,129.3999023,345275.7222,175377.183,414940.8934,502820.7222,206697.5882,1,0.5
OAS31229,5.0,5.0,6.0,4.0,,,7.0,6.0,,,,,,,,,,84.5151,,34.0,,,,,,,,1,0.5
OAS31230,7.0,6.0,5.0,4.0,,,28.0,18.0,44.0,118.0,49.0,,,,,,,75.3918,29.0,33.0,72.5,188.0,,,,,,1,0.5
OAS31230,5.0,5.0,5.0,4.0,,,25.0,22.0,22.0,168.0,48.0,,,,,,,75.3918,25.0,33.0,73.0,193.1999512,,,,,,1,0.5
OAS31230,8.0,7.0,5.0,4.0,,,24.0,10.0,,,,,,,,,,75.3918,,33.0,,,,,,,,1,0.5
OAS31231,10.0,7.0,9.0,6.0,,,21.0,14.0,28.0,64.0,40.0,,209736.0896,1658791.628,991989.9783,224944.5214,53855.0,75.0932,30.0,34.0,71.0,157.0,420867.3055,211131.2158,448675.6728,560785.3055,223731.1514,0,0.0
OAS31231,9.0,7.0,8.0,5.0,,,19.0,16.0,27.0,55.0,35.0,,209736.0896,1658791.628,991989.9783,224944.5214,53855.0,75.0932,30.0,34.0,72.0,158.0,420867.3055,211131.2158,448675.6728,560785.3055,223731.1514,0,0.0
OAS31231,9.0,8.0,6.0,4.0,,,25.0,13.0,31.0,63.0,36.0,,,,,,,75.0932,29.0,34.0,71.0,154.0,,,,,,0,0.0
OAS31231,6.0,5.0,9.0,6.0,,,23.0,14.0,,,,,,,,,,75.0932,,34.0,,,,,,,,0,0.0
OAS31232,,,,,39.0,,21.0,,18.0,40.0,,,185522.6359,1234395.851,790050.2152,174795.6341,51911.0,59.9096,30.0,34.0,63.5,162.0,375157.074,189634.4381,351887.1412,517831.074,177091.5072,0,0.0
OAS31233,10.0,7.0,9.0,6.0,,,15.0,9.0,29.0,71.0,45.0,,212120.8008,1531176.921,911353.3083,192584.8281,53446.0,69.6356,30.0,33.0,68.25,178.0,424525.167,212404.3662,383495.1413,561644.167,190910.3132,0,0.0
OAS31233,10.0,7.0,6.0,4.0,,,19.0,17.0,33.0,65.0,40.0,,212120.8008,1531176.921,911353.3083,192584.8281,53446.0,69.6356,30.0,33.0,67.75,183.0,424525.167,212404.3662,383495.1413,561644.167,190910.3132,0,0.0
OAS31233,8.0,7.0,6.0,5.0,,,11.0,14.0,40.0,63.0,40.0,,,,,,,69.6356,30.0,33.0,68.0,176.7999268,,,,,,0,0.0
OAS31233,8.0,6.0,8.0,5.0,,,11.0,6.0,,,,,,,,,,69.6356,,33.0,,,,,,,,0,0.0
OAS31235,,,,,31.0,,29.0,,28.0,75.0,,,216299.1181,1453391.619,957952.012,225783.881,53513.0,60.0548,30.0,33.0,63.7,224.0,433222.2203,216923.1021,451346.7918,573411.2203,225562.9108,0,0.0
OAS31236,6.0,5.0,4.0,3.0,1.0,0.0,7.0,5.0,34.0,180.0,26.0,,181355.2747,1288699.784,783640.4126,177188.4933,49467.0,70.1041,27.0,34.0,71.0,212.0,363815.763,182460.4883,354751.6496,500598.763,177563.1563,0,0.0
OAS31236,7.0,6.0,4.0,3.0,,,6.0,5.0,53.0,180.0,25.0,,,,,,,70.1041,29.0,34.0,71.0,216.0,,,,,,0,0.0
OAS31236,8.0,7.0,5.0,4.0,,,9.0,11.0,46.0,180.0,23.0,,,,,,,70.1041,29.0,34.0,70.7,210.0,,,,,,0,0.0
OAS31237,,,,,15.0,,32.0,,18.0,42.0,,,228539.9321,1564142.453,1002990.583,229461.6949,60875.0,48.0055,30.0,34.0,67.5,157.5,459540.5423,231000.6102,459899.0402,630371.5423,230437.3453,0,0.0
OAS31238,13.0,9.0,11.0,7.0,,,23.0,16.0,30.0,62.0,66.0,,193710.498,1425108.026,882090.3547,210302.539,51029.0,75.3315,30.0,33.0,62.75,160.0,386881.6302,193171.1322,422814.7245,530980.6302,212512.1855,0,0.0
OAS31239,7.0,6.0,6.0,4.0,,,12.0,6.0,49.0,118.0,33.0,,203673.5449,1826790.265,1066307.298,271212.1992,51342.0,71.1068,30.0,34.0,70.0,241.3999023,400727.89,197054.3451,540003.4084,551088.89,268791.2091,1,0.5
OAS31240,,,,,20.0,,18.0,,25.0,60.0,,,223085.6193,1676235.098,1065451.122,261093.1708,53696.0,62.3918,30.0,23.0,66.25,152.0,445732.9849,222647.3656,522263.1372,609951.9849,261169.9665,0,0.0
OAS31241,10.0,7.0,9.0,6.0,,,20.0,15.0,27.0,55.0,49.0,,189797.2558,1359947.504,856058.5167,194992.6257,48381.0,73.5205,29.0,24.0,66.0,161.0,383449.0768,193651.821,393710.4399,514681.0768,198717.8142,0,0.0
OAS31241,11.0,9.0,9.0,6.0,,,21.0,19.0,30.0,64.0,51.0,,189797.2558,1359947.504,856058.5167,194992.6257,48381.0,73.5205,29.0,24.0,66.0,159.5999756,383449.0768,193651.821,393710.4399,514681.0768,198717.8142,0,0.0
OAS31242,11.0,8.0,9.0,6.0,,,19.0,12.0,23.0,49.0,52.0,,210861.2454,1559949.871,988612.1817,233991.8655,64277.0,70.2548,30.0,24.0,71.0,179.5999756,424531.9705,213670.7252,473603.2111,585339.9705,239611.3456,0,0.0
OAS31242,11.0,8.0,10.0,7.0,,,22.0,11.0,22.0,83.0,53.0,,,,,,,70.2548,30.0,24.0,70.5,177.7999268,,,,,,0,0.0
OAS31242,11.0,8.0,11.0,7.0,,,22.0,16.0,,,,,,,,,,70.2548,,24.0,,,,,,,,0,0.0
OAS31243,11.0,9.0,8.0,6.0,,,25.0,16.0,24.0,48.0,54.0,,178532.4288,1354457.003,807769.2503,190838.9477,49996.0,66.0575,30.0,44.0,63.0,138.5999756,354463.49,175931.0612,383011.7603,500298.49,192172.8126,0,0.0
OAS31245,7.0,6.0,5.0,4.0,,,11.0,3.0,132.0,180.0,15.0,,167282.2755,1329381.789,770831.5052,179380.0323,42022.0,74.9616,22.0,44.0,63.5,149.0,319963.1155,152680.84,354346.3897,442717.1155,174966.3574,1,0.5
OAS31246,,,,,35.0,,20.0,,29.0,53.0,,,187190.9434,1318875.827,843705.1852,196802.5646,52565.0,55.2438,30.0,33.0,64.0,124.0,373677.6768,186486.7334,392038.5085,507843.6768,195235.9438,0,0.0
OAS31246,12.0,8.0,11.0,8.0,,,16.0,20.0,,,,,,,,,,55.2438,,33.0,,,,,,,,0,0.0
OAS31247,10.0,8.0,4.0,3.0,,,27.0,19.0,34.0,71.0,59.0,,188952.5261,1514867.577,909028.515,207624.2737,53885.0,73.6603,30.0,33.0,67.3,141.0,377879.0001,188926.474,415808.5149,532569.0001,208184.2411,0,0.0
OAS31248,8.0,6.0,7.0,5.0,,,31.0,21.0,28.0,124.0,49.0,,218504.9329,1526441.033,951057.2672,215925.4647,50379.0,68.0959,30.0,33.0,63.7,209.0,432165.7946,213660.8618,428343.4726,575068.7946,212418.0079,0,0.0
OAS31248,9.0,8.0,12.0,8.0,,,29.0,24.0,36.0,88.0,51.0,,218504.9329,1526441.033,951057.2672,215925.4647,50379.0,68.0959,30.0,33.0,63.5,212.0,432165.7946,213660.8618,428343.4726,575068.7946,212418.0079,0,0.0
OAS31248,8.0,7.0,12.0,8.0,,,29.0,23.0,34.0,97.0,44.0,,,,,,,68.0959,30.0,33.0,64.0,215.1999512,,,,,,0,0.0
OAS31248,10.0,8.0,10.0,6.0,,,32.0,25.0,,,,,,,,,,68.0959,,33.0,,,,,,,,0,0.0
OAS31249,4.0,4.0,4.0,3.0,,,24.0,12.0,46.0,80.0,33.0,,198433.5577,1581969.268,940127.3247,220488.3071,53455.0,78.1425,30.0,34.0,66.5,199.0,394396.4335,195962.8758,441649.8912,526035.4335,221161.584,0,0.0
OAS31249,6.0,6.0,4.0,3.0,,,23.0,11.0,49.0,99.0,26.0,,202439.2589,1552035.697,960659.6273,228085.0122,52945.0,78.1425,29.0,34.0,67.0,200.0,403866.1834,201426.9245,454878.4438,540690.1834,226793.4317,0,0.0
OAS31250,,,,,34.0,,47.0,,23.0,53.0,,,220406.7188,1253218.963,946532.0516,216157.561,55637.0,50.4082,30.0,33.0,68.0,240.0,441600.998,221194.2792,433135.0536,595008.998,216977.4926,0,0.0
OAS31251,5.0,5.0,6.0,4.0,,,11.0,6.0,74.0,169.0,32.0,,195240.684,1570139.678,896955.1193,212274.2819,45509.0,91.0712,29.0,33.0,67.75,170.0,392289.2452,197048.5612,417337.8741,519905.2452,205063.5922,0,0.0
OAS31251,7.0,6.0,6.0,5.0,,,14.0,9.0,64.0,127.0,31.0,,195240.684,1570139.678,896955.1193,212274.2819,45509.0,91.0712,29.0,33.0,67.75,172.0,392289.2452,197048.5612,417337.8741,519905.2452,205063.5922,0,0.0
OAS31251,5.0,5.0,8.0,6.0,,,9.0,6.0,,,,,,,,,,91.0712,,33.0,,,,,,,,0,0.0
OAS31252,8.0,6.0,8.0,6.0,,,22.0,20.0,20.0,60.0,49.0,,218366.8942,1403552.05,976218.2193,236868.9117,55593.0,65.1178,30.0,34.0,65.0,185.0,434414.8596,216047.9654,472317.3596,569442.8596,235448.4479,0,0.0
OAS31252,4.0,4.0,12.0,8.0,,,29.0,17.0,22.0,68.0,50.0,,218366.8942,1403552.05,976218.2193,236868.9117,55593.0,65.1178,30.0,34.0,66.0,183.0,434414.8596,216047.9654,472317.3596,569442.8596,235448.4479,0,0.0
OAS31252,8.0,7.0,9.0,6.0,,,28.0,19.0,17.0,59.0,51.0,,,,,,,65.1178,30.0,34.0,65.3,186.7999268,,,,,,0,0.0
OAS31254,8.0,6.0,6.0,4.0,,,22.0,8.0,24.0,90.0,63.0,,194095.1241,1503493.89,913414.9073,223789.9845,47582.0,73.4137,27.0,33.0,69.0,167.1999512,386530.7055,192435.5814,446094.2018,519224.7055,222304.2173,1,0.5
OAS31254,7.0,6.0,5.0,4.0,,,14.0,7.0,,,,,191672.89,1513782.022,929858.3293,229489.9428,48514.0,73.4137,,33.0,,,386333.5295,194660.6395,460996.7998,524206.5295,231506.857,1,0.5
OAS31255,11.0,8.0,7.0,5.0,,,24.0,10.0,23.0,62.0,49.0,,198637.9952,1580736.061,934028.2685,200822.4798,50751.0,73.789,30.0,33.0,61.5,130.0,401825.7127,203187.7175,402289.5558,550791.7127,201467.0761,0,0.0
OAS31255,10.0,8.0,12.0,8.0,,,17.0,11.0,29.0,77.0,45.0,,198637.9952,1580736.061,934028.2685,200822.4798,50751.0,73.789,30.0,33.0,61.5,138.0,401825.7127,203187.7175,402289.5558,550791.7127,201467.0761,0,0.0
OAS31256,4.0,4.0,3.0,3.0,,,13.0,7.0,31.0,100.0,36.0,,181675.1003,1584499.228,868910.9693,201652.7597,46827.0,71.3726,27.0,34.0,69.5,148.0,360516.007,178840.9066,410275.9624,506272.007,208623.2026,1,0.5
OAS31256,4.0,4.0,4.0,3.0,,,16.0,9.0,55.0,160.0,35.0,,,,,,,71.3726,22.0,34.0,69.25,150.0,,,,,,2,1.0
OAS31257,6.0,6.0,6.0,5.0,,,26.0,22.0,35.0,88.0,47.0,,183103.3136,1445536.542,848360.5253,188178.7075,46409.0,81.189,29.0,34.0,65.0,141.0,370811.7817,187708.4681,385990.7436,514454.7817,197812.0361,0,0.0
OAS31259,8.0,7.0,7.0,5.0,,,30.0,17.0,34.0,62.0,54.0,,214983.4438,1672726.02,1016036.25,232792.4667,50287.0,74.5205,30.0,34.0,67.0,186.0,430857.5018,215874.058,467969.7479,579906.5018,235177.2812,0,0.0
OAS31259,9.0,7.0,7.0,5.0,,,23.0,16.0,,,,,,,,,,74.5205,,34.0,,,,,,,,0,0.0
OAS31260,8.0,6.0,9.0,6.0,,,15.0,7.0,37.0,72.0,46.0,,200182.2595,1457338.132,931343.0386,227452.2538,54352.0,70.8822,30.0,23.0,70.5,148.0,399127.3553,198945.0958,457175.6833,549726.3553,229723.4295,0,0.0
OAS31260,10.0,8.0,7.0,6.0,,,17.0,10.0,22.0,44.0,49.0,,198043.3588,1466200.956,935721.6235,233019.6872,53594.0,70.8822,30.0,23.0,70.5,153.3999023,393864.5289,195821.1702,467163.0946,545692.5289,234143.4074,0,0.0
OAS31260,10.0,7.0,7.0,5.0,,,12.0,17.0,,,,,,,,,,70.8822,,23.0,,,,,,,,0,0.0
OAS31261,9.0,8.0,2.0,2.0,,,18.0,16.0,53.0,85.0,38.0,,225815.9106,1690173.895,1042101.061,240307.8622,59348.0,69.9808,28.0,34.0,68.5,162.0,455324.2078,229508.2972,476229.8529,622814.2078,235921.9907,0,0.0
OAS31262,11.0,9.0,6.0,4.0,,,17.0,8.0,36.0,75.0,34.0,,197234.6746,1608553.121,924364.9846,220996.7409,49062.0,61.7425,26.0,44.0,68.0,148.5999756,393706.1852,196471.5107,438536.7994,530570.1852,217540.0584,1,0.5
OAS31262,8.0,7.0,6.0,5.0,,,11.0,7.0,40.0,116.0,21.0,,,,,,,61.7425,23.0,44.0,67.25,153.0,,,,,,2,1.0
OAS31263,9.0,7.0,6.0,4.0,,,17.0,17.0,45.0,91.0,31.0,,242278.0582,1607720.726,1093410.773,252173.1237,59564.0,64.9096,28.0,34.0,68.75,154.7999268,484947.5222,242669.464,509857.251,642812.5222,257684.1273,0,0.0
OAS31264,12.0,8.0,7.0,5.0,,,22.0,8.0,42.0,132.0,24.0,,,,,,,72.7123,24.0,44.0,71.75,208.0,,,,,,1,0.5
OAS31264,11.0,8.0,7.0,5.0,,,18.0,8.0,50.0,180.0,23.0,,,,,,,72.7123,23.0,44.0,72.0,198.0,,,,,,1,0.5
OAS31265,9.0,7.0,5.0,4.0,,,18.0,15.0,54.0,86.0,35.0,,181609.0999,1222113.13,780789.2795,177587.4519,51794.0,73.8247,29.0,33.0,64.3,162.0,359968.4046,178359.3047,355305.8749,499093.4046,177718.4231,0,0.0
OAS31267,6.0,5.0,5.0,4.0,,,15.0,13.0,47.0,137.0,40.0,,178033.1045,1279649.543,805762.9566,187819.4582,53521.0,71.0822,28.0,33.0,64.5,188.0,358214.4926,180181.3881,379280.4641,489798.4926,191461.0058,0,0.0
OAS31267,4.0,4.0,5.0,4.0,,,13.0,9.0,,,,,,,,,,71.0822,,33.0,,,,,,,,0,0.0
OAS31268,6.0,5.0,3.0,3.0,,,21.0,8.0,32.0,142.0,36.0,,205618.2133,1634898.977,941264.7569,211529.7171,48090.0,80.6986,27.0,44.0,69.3,212.0,418435.7085,212817.4952,425957.0483,555776.7085,214427.3313,1,0.5
OAS31268,5.0,5.0,2.0,3.0,,,11.0,7.0,,,,,,,,,,80.6986,,44.0,,,,,,,,1,0.5
OAS31269,,,,,43.0,,29.0,,34.0,57.0,,,177740.3999,1330654.765,866913.8006,215503.6273,51900.0,63.789,30.0,34.0,60.3,171.0,353638.4282,175898.0283,430668.3724,468986.4282,215164.7451,0,0.0
OAS31269,9.0,7.0,8.0,6.0,,,32.0,26.0,,,,,,,,,,63.789,,34.0,,,,,,,,0,0.0
OAS31270,9.0,8.0,5.0,4.0,,,9.0,11.0,155.0,180.0,9.0,,,,,,,80.8411,24.0,34.0,62.0,126.0,,,,,,2,1.0
OAS31271,6.0,6.0,6.0,5.0,,,24.0,15.0,29.0,52.0,49.0,,202026.0691,1506451.971,959453.6993,234669.6353,53357.0,67.9726,28.0,33.0,67.25,204.0,402167.4751,200141.406,472767.2242,541699.4751,238097.5889,0,0.0
OAS31272,10.0,7.0,9.0,6.0,,,20.0,22.0,27.0,40.0,50.0,,,,,,,75.7178,30.0,33.0,62.5,134.5999756,,,,,,0,0.0
OAS31272,8.0,6.0,8.0,5.0,,,29.0,16.0,,,,,,,,,,75.7178,,33.0,,,,,,,,0,0.0
OAS31273,11.0,8.0,10.0,7.0,,,26.0,13.0,27.0,45.0,57.0,,206809.359,1499315.255,941332.4066,223916.3513,49274.0,79.4329,30.0,34.0,62.3,146.5999756,412269.1859,205459.8269,446626.2207,544243.1859,222709.8694,0,0.0
OAS31273,8.0,6.0,8.0,5.0,,,29.0,15.0,26.0,39.0,52.0,,206809.359,1499315.255,941332.4066,223916.3513,49274.0,79.4329,30.0,34.0,62.4,147.5999756,412269.1859,205459.8269,446626.2207,544243.1859,222709.8694,0,0.0
OAS31273,6.0,5.0,7.0,5.0,,,27.0,17.0,,,,,,,,,,79.4329,,34.0,,,,,,,,0,0.0
OAS31274,11.0,8.0,11.0,7.0,,,15.0,11.0,40.0,89.0,34.0,,196872.054,1719791.159,1003906.829,236763.4666,57712.0,73.6493,27.0,33.0,69.25,244.0,392237.0322,195364.9782,476233.7965,532470.0322,239470.3299,0,0.0
OAS31274,9.0,7.0,7.0,5.0,,,20.0,12.0,38.0,134.0,36.0,,,,,,,73.6493,28.0,33.0,69.0,245.3999023,,,,,,0,0.0
OAS31275,11.0,8.0,7.0,5.0,,,11.0,9.0,41.0,88.0,25.0,,164811.5473,1402596.646,800523.4759,193867.4004,42686.0,80.9068,27.0,34.0,62.0,145.0,320367.9313,155556.384,385510.5446,440548.9313,191643.1442,1,0.5
OAS31275,9.0,7.0,8.0,5.0,,,4.0,,40.0,162.0,22.0,,164811.5473,1402596.646,800523.4759,193867.4004,42686.0,80.9068,30.0,34.0,62.0,140.3999023,320367.9313,155556.384,385510.5446,440548.9313,191643.1442,1,0.5
OAS31276,2.0,4.0,6.0,4.0,,,13.0,15.0,,,,,,,,,,77.2384,,34.0,,,,,,,,0,0.0
OAS31277,7.0,6.0,6.0,5.0,,,20.0,17.0,32.0,100.0,42.0,,209084.5377,1465790.641,965237.4491,222988.112,57746.0,74.8082,29.0,33.0,63.0,183.0,414593.8882,205509.3505,444400.5609,575286.8882,221412.4489,0,0.0
OAS31277,6.0,5.0,6.0,4.0,,,21.0,22.0,49.0,86.0,38.0,,209084.5377,1465790.641,965237.4491,222988.112,57746.0,74.8082,26.0,33.0,62.75,189.0,414593.8882,205509.3505,444400.5609,575286.8882,221412.4489,0,0.0
OAS31278,4.0,4.0,6.0,5.0,,,17.0,13.0,32.0,127.0,35.0,,,,,,,68.4877,26.0,33.0,67.0,277.0,,,,,,0,0.0
OAS31278,6.0,5.0,6.0,4.0,,,17.0,11.0,35.0,106.0,45.0,,,,,,,68.4877,27.0,33.0,67.0,273.0,,,,,,0,0.0
OAS31279,6.0,5.0,6.0,5.0,,,26.0,15.0,36.0,57.0,66.0,,201893.2882,1497242.249,908191.4737,209478.6974,51712.0,74.411,29.0,33.0,64.5,198.1999512,406243.1294,204349.8412,421572.3443,547463.1294,212093.6469,0,0.0
OAS31280,8.0,7.0,6.0,5.0,,,26.0,17.0,44.0,107.0,43.0,,168740.7046,1170262.903,735193.7297,166980.4317,46967.0,70.7507,30.0,33.0,65.0,223.7999268,335343.6803,166602.9758,333218.0494,459783.6803,166237.6177,0,0.0
OAS31281,8.0,7.0,6.0,6.0,,,11.0,7.0,71.0,128.0,32.0,,182558.8766,1378037.873,851947.4603,202538.8287,45380.0,75.5178,26.0,34.0,66.5,158.0,370163.5935,187604.7169,410582.8668,510396.5935,208044.0381,2,1.0
OAS31281,6.0,5.0,5.0,4.0,,,12.0,1.0,112.0,180.0,28.0,,,,,,,75.5178,20.0,34.0,66.5,153.0,,,,,,2,1.0
OAS31282,11.0,8.0,10.0,6.0,,,23.0,16.0,32.0,52.0,49.0,,216224.7874,1649679.256,1032140.314,254002.5503,51412.0,69.5534,30.0,33.0,67.25,189.5,434738.3681,218513.5807,516255.9464,583691.3681,262253.3961,0,0.0
OAS31282,11.0,8.0,11.0,7.0,,,19.0,17.0,36.0,67.0,53.0,,216224.7874,1649679.256,1032140.314,254002.5503,51412.0,69.5534,30.0,33.0,67.25,187.75,434738.3681,218513.5807,516255.9464,583691.3681,262253.3961,0,0.0
OAS31282,11.0,8.0,9.0,6.0,,,19.0,13.0,40.0,69.0,50.0,,,,,,,69.5534,30.0,33.0,67.0,188.0,,,,,,0,0.0
OAS31282,12.0,9.0,9.0,6.0,,,19.0,16.0,,,,,,,,,,69.5534,,33.0,,,,,,,,0,0.0
OAS31283,6.0,6.0,4.0,3.0,,,24.0,19.0,42.0,75.0,41.0,,276037.9496,1785641.241,1177498.512,261692.9264,67083.0,65.4603,28.0,24.0,69.0,191.0,548683.8593,272645.9096,523315.6528,715721.8593,261622.7264,0,0.0
OAS31283,6.0,6.0,6.0,4.0,,,19.0,15.0,,,,,,,,,,65.4603,,24.0,,,,,,,,0,0.0
OAS31284,6.0,5.0,7.0,5.0,,,20.0,14.0,23.0,73.0,56.0,,195931.3653,1532999.094,871303.2432,191818.6218,44487.0,74.663,29.0,33.0,62.3,120.0,395587.5468,199656.1815,386421.6963,536085.5468,194603.0746,0,0.0
OAS31284,9.0,7.0,6.0,5.0,,,15.0,16.0,,,,,,,,,,74.663,,33.0,,,,,,,,0,0.0
OAS31285,,,,,27.0,,23.0,,17.0,83.0,,,,,,,,56.0192,30.0,33.0,75.5,211.0,,,,,,0,0.0
OAS31288,8.0,7.0,8.0,6.0,,,17.0,16.0,40.0,116.0,45.0,,220329.6386,1497076.284,935697.9884,205115.9127,52126.0,72.7041,29.0,33.0,72.0,194.0,441010.336,220680.6974,411536.6524,578281.336,206420.7398,0,0.0
OAS31288,7.0,7.0,5.0,4.0,,,16.0,15.0,37.0,131.0,39.0,,220329.6386,1497076.284,935697.9884,205115.9127,52126.0,72.7041,30.0,33.0,71.25,192.0,441010.336,220680.6974,411536.6524,578281.336,206420.7398,0,0.0
OAS31288,6.0,6.0,4.0,3.0,,,12.0,20.0,39.0,96.0,35.0,,,,,,,72.7041,28.0,33.0,71.25,189.5999756,,,,,,0,0.0
OAS31288,6.0,6.0,6.0,4.0,,,13.0,21.0,,,,,,,,,,72.7041,,33.0,,,,,,,,0,0.0
OAS31290,7.0,6.0,7.0,5.0,,,14.0,9.0,39.0,93.0,40.0,,225453.499,1904018.279,1069744.029,248756.356,50693.0,76.5315,27.0,34.0,68.25,163.0,454598.9104,229145.4114,496910.119,615560.9104,248153.763,1,0.5
OAS31293,10.0,8.0,10.0,7.0,,,27.0,21.0,20.0,38.0,53.0,,234755.1401,1573317.778,1013289.367,229327.0978,56613.0,66.2219,30.0,33.0,69.9,189.0,469376.7642,234621.6241,457474.6026,622882.7642,228147.5048,0,0.0
OAS31293,7.0,6.0,7.0,5.0,,,29.0,24.0,19.0,38.0,61.0,,234755.1401,1573317.778,1013289.367,229327.0978,56613.0,66.2219,30.0,33.0,70.0,186.0,469376.7642,234621.6241,457474.6026,622882.7642,228147.5048,0,0.0
OAS31293,8.0,6.0,10.0,6.0,,,28.0,21.0,19.0,40.0,59.0,,,,,,,66.2219,29.0,33.0,69.6,189.0,,,,,,0,0.0
OAS31293,10.0,7.0,9.0,6.0,,,25.0,26.0,,,,,,,,,,66.2219,,33.0,,,,,,,,0,0.0
OAS31293,10.0,8.0,8.0,5.0,,,31.0,19.0,,,,,,,,,,66.2219,30.0,33.0,69.25,186.7999268,,,,,,0,0.0
OAS31294,10.0,8.0,8.0,5.0,,,21.0,11.0,28.0,78.0,53.0,,205018.9694,1487380.133,942833.7207,224568.0947,51506.0,71.1233,30.0,34.0,68.5,162.0,407470.6866,202451.7172,454552.0341,551386.6866,229983.9394,0,0.0
OAS31294,9.0,7.0,9.0,6.0,,,19.0,10.0,,,,,,,,,,71.1233,,34.0,,,,,,,,0,0.0
OAS31294,10.0,7.0,6.0,5.0,,,18.0,13.0,,,,,,,,,,71.1233,,34.0,,,,,,,,0,0.0
OAS31295,,,,,18.0,,20.0,,23.0,71.0,,,225821.752,1571747.529,1023849.037,243401.7009,56100.0,62.3315,29.0,24.0,71.0,215.0,457873.1405,232051.3885,489607.896,629977.1405,246206.1951,0,0.0
OAS31297,4.0,4.0,2.0,2.0,,,9.0,10.0,27.0,172.0,32.0,,206243.5029,1583786.236,943086.4988,206293.2195,57594.0,73.7151,26.0,33.0,69.5,271.5998535,415349.8111,209106.3082,415565.6878,561703.8111,209272.4682,0,0.0
OAS31297,5.0,5.0,2.0,2.0,,,14.0,10.0,34.0,159.0,30.0,,,,,,,73.7151,27.0,33.0,69.5,272.0,,,,,,0,0.0
OAS31299,6.0,6.0,7.0,5.0,,,14.0,8.0,64.0,72.0,45.0,,261427.6885,1835061.663,1182204.619,280086.4045,66144.0,61.2219,30.0,23.0,71.0,193.7999268,527759.1534,266331.465,563065.4653,710280.1534,282979.0608,0,0.0
OAS31300,8.0,6.0,9.0,6.0,,,42.0,23.0,32.0,133.0,63.0,,228034.1151,1663399.553,1077230.626,256989.7523,58127.0,72.1507,29.0,33.0,74.25,208.0,458724.7438,230690.6287,521592.8819,607600.7438,264603.1296,0,0.0
OAS31300,8.0,6.0,7.0,5.0,,,33.0,18.0,37.0,89.0,50.0,,228034.1151,1663399.553,1077230.626,256989.7523,58127.0,72.1507,29.0,33.0,74.4,207.7999268,458724.7438,230690.6287,521592.8819,607600.7438,264603.1296,0,0.0
OAS31300,10.0,8.0,6.0,4.0,,,35.0,17.0,40.0,104.0,50.0,,,,,,,72.1507,30.0,33.0,72.0,201.0,,,,,,0,0.0
OAS31301,8.0,7.0,5.0,4.0,,,30.0,14.0,23.0,62.0,54.0,,220750.9639,1378212.433,983612.5351,231579.8417,54383.0,66.6603,28.0,33.0,62.0,185.0,440856.0069,220105.043,465229.5282,582090.0069,233649.6866,0,0.0
OAS31301,9.0,7.0,8.0,6.0,,,27.0,16.0,20.0,60.0,52.0,,,,,,,66.6603,30.0,33.0,62.0,185.0,,,,,,0,0.0
OAS31301,9.0,7.0,8.0,5.0,,,23.0,15.0,,,,,,,,,,66.6603,,33.0,,,,,,,,0,0.0
OAS31302,6.0,5.0,7.0,5.0,,,20.0,20.0,21.0,43.0,69.0,,192149.3347,1377300.375,872718.6797,202855.7852,50502.0,69.3425,30.0,33.0,62.5,162.5999756,379827.5662,187678.2315,408887.1135,518301.5662,206031.3283,0,0.0
OAS31303,11.0,8.0,11.0,7.0,,,17.0,15.0,27.0,36.0,56.0,,217701.0676,1918996.692,1181870.39,273560.6587,59550.0,76.5342,29.0,34.0,73.5,208.0,443370.8794,225669.8119,550502.5102,626860.8794,276941.8515,0,0.0
OAS31303,12.0,9.0,12.0,7.0,,,29.0,19.0,24.0,51.0,52.0,,217701.0676,1918996.692,1181870.39,273560.6587,59550.0,76.5342,29.0,34.0,73.4,210.1999512,443370.8794,225669.8119,550502.5102,626860.8794,276941.8515,0,0.0
OAS31305,,,,,20.0,,23.0,,27.0,87.0,,,237600.3159,1846634.118,1161464.211,298894.5083,61854.0,55.1781,30.0,23.0,72.5,176.0,472369.9916,234769.6758,600397.2189,651435.9916,301502.7106,0,0.0
OAS31305,8.0,7.0,7.0,5.0,,,26.0,13.0,,,,,,,,,,55.1781,,23.0,,,,,,,,0,0.0
OAS31306,4.0,4.0,3.0,3.0,,,11.0,7.0,115.0,180.0,19.0,,198345.4729,1652316.83,1005474.046,255840.0652,51500.0,66.4137,22.0,33.0,67.5,154.3999023,387474.6422,189129.1693,512002.4036,534073.6422,256162.3384,2,1.0
OAS31307,6.0,5.0,6.0,4.0,,,27.0,20.0,56.0,82.0,51.0,,204408.1354,1481092.083,937904.9962,227496.2367,53567.0,68.6822,30.0,34.0,59.0,143.0,409106.1613,204698.0259,453929.8349,555308.1613,226433.5982,0,0.0
OAS31307,6.0,6.0,6.0,4.0,,,22.0,14.0,55.0,130.0,43.0,,204408.1354,1481092.083,937904.9962,227496.2367,53567.0,68.6822,26.0,34.0,59.0,141.0,409106.1613,204698.0259,453929.8349,555308.1613,226433.5982,0,0.0
OAS31307,4.0,4.0,3.0,3.0,,,27.0,18.0,44.0,112.0,48.0,,,,,,,68.6822,29.0,34.0,58.5,139.0,,,,,,0,0.0
OAS31308,11.0,8.0,7.0,5.0,,,12.0,12.0,48.0,122.0,26.0,,221539.2892,1825842.818,1086409.858,248333.7909,56268.0,85.2,29.0,33.0,67.5,183.0,439730.6279,218191.3386,500740.2302,588469.6279,252406.4392,0,0.0
OAS31308,10.0,7.0,6.0,4.0,,,20.0,11.0,51.0,99.0,29.0,,,,,,,85.2,28.0,33.0,68.0,185.1999512,,,,,,0,0.0
OAS31309,8.0,7.0,6.0,5.0,,,15.0,8.0,27.0,84.0,34.0,,218469.6852,1544854.966,949875.8742,213429.9037,52253.0,69.4877,27.0,,70.0,168.0,438808.5969,220338.9116,427316.2773,587339.5969,213886.3736,1,0.5
OAS31309,10.0,7.0,7.0,5.0,,,19.0,9.0,31.0,67.0,35.0,,215136.4991,1543613.891,946619.4703,215646.9375,51601.0,69.4877,25.0,,69.75,161.3999023,431085.8574,215949.3583,432073.6129,583707.8574,216426.6754,1,0.5
OAS31309,8.0,7.0,7.0,5.0,,,16.0,6.0,,,,,,,,,,69.4877,,,,,,,,,,1,0.5
OAS31310,11.0,8.0,6.0,4.0,,,30.0,18.0,41.0,105.0,49.0,,238888.5354,1734076.372,1054508.92,240601.8821,55949.0,70.3096,27.0,33.0,73.75,210.0,475221.9612,236333.4258,480444.9589,628554.9612,239843.0768,0,0.0
OAS31310,10.0,8.0,6.0,4.0,,,23.0,17.0,,,,,238888.5354,1734076.372,1054508.92,240601.8821,55949.0,70.3096,,33.0,,,475221.9612,236333.4258,480444.9589,628554.9612,239843.0768,0,0.0
OAS31311,9.0,7.0,9.0,7.0,,,32.0,19.0,20.0,39.0,60.0,,192782.1657,1586928.642,949047.1815,206204.851,45941.0,76.4137,30.0,33.0,62.75,144.3999023,390139.7027,197357.537,412480.4788,516598.7027,206275.6278,0,0.0
OAS31312,11.0,8.0,8.0,5.0,,,16.0,9.0,40.0,120.0,44.0,,208620.9241,1528730.727,950762.4679,226234.6689,54172.0,69.8986,28.0,33.0,62.0,184.0,413853.5564,205232.6323,452687.9115,568139.5564,226453.2426,0,0.0
OAS31312,8.0,7.0,8.0,5.0,,,12.0,12.0,42.0,130.0,41.0,,,,,,,69.8986,30.0,33.0,61.75,179.0,,,,,,0,0.0
OAS31313,7.0,6.0,5.0,4.0,,,19.0,8.0,41.0,167.0,23.0,,,,,,,66.2356,28.0,34.0,69.5,183.1999512,,,,,,0,0.0
OAS31313,7.0,7.0,4.0,3.0,,,13.0,6.0,,,,,,,,,,66.2356,,34.0,,,,,,,,0,0.0
OAS31314,11.0,8.0,2.0,2.0,,,8.0,6.0,180.0,,7.0,,181103.1624,1466445.018,841761.4016,194305.7402,50159.0,75.6164,21.0,44.0,66.0,132.0,357045.3821,175942.2198,389440.0194,497581.3821,195134.2793,2,1.0
OAS31314,12.0,8.0,3.0,3.0,,,6.0,1.0,168.0,180.0,21.0,,181103.1624,1466445.018,841761.4016,194305.7402,50159.0,75.6164,19.0,44.0,66.0,135.3999023,357045.3821,175942.2198,389440.0194,497581.3821,195134.2793,2,1.0
OAS31315,7.0,6.0,6.0,5.0,,,16.0,16.0,36.0,88.0,43.0,,218309.1734,1426405.173,906022.637,192819.2765,54251.0,67.5397,29.0,33.0,73.25,239.0,438026.0003,219716.8269,387814.6367,597131.0003,194995.3603,0,0.0
OAS31316,,,,,27.0,,23.0,,17.0,36.0,,,202114.3005,1335945.857,898276.3872,211644.3088,55011.0,53.8082,30.0,34.0,63.75,221.0,404127.7852,202013.4848,423892.6019,544511.7852,212248.2931,0,0.0
OAS31316,11.0,8.0,5.0,4.0,,,23.0,16.0,,,,,,,,,,53.8082,,34.0,,,,,,,,0,0.0
OAS31317,11.0,8.0,4.0,3.0,,,24.0,11.0,32.0,53.0,53.0,,240271.3379,1725684.151,1045963.301,233479.3984,54221.0,72.2027,29.0,23.0,72.0,198.0,485662.9143,245391.5765,470139.3862,648791.9143,236659.9878,0,0.0
OAS31319,13.0,9.0,10.0,7.0,,,22.0,13.0,38.0,68.0,52.0,,214109.9969,1631840.234,1005285.14,232802.9526,53490.0,78.6027,29.0,33.0,70.0,198.0,428427.8317,214317.8348,471387.308,592148.8317,238584.3554,0,0.0
OAS31320,6.0,5.0,7.0,5.0,,,32.0,19.0,25.0,128.0,49.0,,195770.6122,1472249.657,864975.4187,193792.9807,49196.0,75.5616,28.0,34.0,64.0,162.0,395154.5604,199383.9482,383147.8583,525680.5604,189354.8776,0,0.0
OAS31320,7.0,7.0,8.0,5.0,,,35.0,20.0,56.0,76.0,52.0,,,,,,,75.5616,30.0,34.0,64.0,157.1999512,,,,,,0,0.0
OAS31321,10.0,8.0,4.0,3.0,,,19.0,14.0,32.0,57.0,54.0,,174160.4985,1321989.295,800095.5478,187066.11,46259.0,69.1726,30.0,23.0,62.0,140.1999512,346244.3178,172083.8193,381470.2299,473942.3178,194404.1199,0,0.0
OAS31322,14.0,9.0,10.0,6.0,,,28.0,15.0,20.0,57.0,54.0,,219187.0458,1514012.726,960389.2056,218874.6568,57493.0,67.3616,30.0,33.0,68.0,178.0,437698.5973,218511.5515,440242.6083,597040.5973,221367.9515,0,0.0
OAS31322,12.0,9.0,13.0,8.0,,,28.0,16.0,23.0,51.0,55.0,,,,,,,67.3616,29.0,33.0,68.5,181.1999512,,,,,,0,0.0
OAS31322,12.0,9.0,12.0,8.0,,,24.0,20.0,,,,,,,,,,67.3616,,33.0,,,,,,,,0,0.0
OAS31323,7.0,6.0,7.0,5.0,,,11.0,3.0,71.0,155.0,27.0,,198064.7689,1559324.856,903354.8754,203836.519,61763.0,79.4027,26.0,34.0,68.0,175.0,392563.5121,194498.7433,404056.3633,538053.5121,200219.8443,1,0.5
OAS31324,11.0,8.0,8.0,5.0,,,24.0,20.0,26.0,77.0,57.0,,180984.7703,1377328.118,847443.163,206776.6955,47754.0,73.9178,30.0,33.0,63.0,130.0,359582.416,178597.6457,412116.747,485604.416,205340.0516,0,0.0
OAS31324,8.0,7.0,8.0,6.0,,,26.0,14.0,19.0,72.0,61.0,,180984.7703,1377328.118,847443.163,206776.6955,47754.0,73.9178,30.0,33.0,63.0,126.1999512,359582.416,178597.6457,412116.747,485604.416,205340.0516,0,0.0
OAS31324,10.0,7.0,8.0,6.0,,,23.0,15.0,,,,,,,,,,73.9178,,33.0,,,,,,,,0,0.0
OAS31324,6.0,5.0,8.0,5.0,,,19.0,16.0,,,,,,,,,,73.9178,,33.0,,,,,,,,0,0.0
OAS31325,11.0,8.0,7.0,5.0,,,21.0,14.0,36.0,68.0,51.0,,178529.7297,1437543.699,857713.6299,204957.8327,44985.0,83.1068,29.0,33.0,62.25,117.0,356308.4353,177778.7056,412887.1946,485742.4353,207929.362,0,0.0
OAS31325,12.0,9.0,7.0,5.0,,,21.0,16.0,45.0,180.0,47.0,,178529.7297,1437543.699,857713.6299,204957.8327,44985.0,83.1068,29.0,33.0,62.0,115.0,356308.4353,177778.7056,412887.1946,485742.4353,207929.362,0,0.0
OAS31325,9.0,7.0,7.0,5.0,,,17.0,14.0,35.0,45.0,47.0,,,,,,,83.1068,27.0,33.0,61.8,112.7999878,,,,,,1,0.5
OAS31326,,,,,27.0,,10.0,,32.0,75.0,,,207376.2387,1523872.796,993984.8508,249723.1396,58992.0,59.7205,28.0,34.0,68.5,267.0,413911.9954,206535.7567,500569.8554,565445.9954,250846.7158,0,0.0
OAS31327,9.0,7.0,6.0,4.0,,,18.0,12.0,46.0,95.0,37.0,,,,,,,66.4822,30.0,33.0,69.0,209.0,,,,,,0,0.0
OAS31329,11.0,8.0,11.0,7.0,,,33.0,20.0,31.0,58.0,53.0,,228031.1691,1548636.716,978120.3286,215949.3932,53400.0,69.5342,30.0,33.0,65.5,119.0,455475.8446,227444.6756,434364.484,591926.8446,218415.0908,0,0.0
OAS31329,11.0,8.0,9.0,6.0,,,29.0,23.0,23.0,64.0,54.0,,228031.1691,1548636.716,978120.3286,215949.3932,53400.0,69.5342,30.0,33.0,65.0,123.0,455475.8446,227444.6756,434364.484,591926.8446,218415.0908,0,0.0
OAS31329,10.0,7.0,8.0,5.0,,,31.0,16.0,29.0,66.0,48.0,,,,,,,69.5342,30.0,33.0,65.0,111.0,,,,,,0,0.0
OAS31330,6.0,5.0,7.0,5.0,6.0,6.0,11.0,9.0,33.0,82.0,40.0,,232055.3472,1691149.359,1071388.811,239396.8432,52285.0,79.3342,30.0,33.0,71.0,174.0,467383.1231,235327.7758,475969.6884,604940.1231,236572.8452,0,0.0
OAS31330,8.0,7.0,9.0,6.0,,,19.0,13.0,26.0,104.0,31.0,,232055.3472,1691149.359,1071388.811,239396.8432,52285.0,79.3342,30.0,33.0,71.5,174.0,467383.1231,235327.7758,475969.6884,604940.1231,236572.8452,0,0.0
OAS31330,9.0,8.0,10.0,6.0,,,15.0,10.0,27.0,131.0,32.0,,,,,,,79.3342,29.0,33.0,70.5,173.3999023,,,,,,0,0.0
OAS31331,9.0,8.0,9.0,6.0,,,17.0,15.0,47.0,59.0,54.0,,215962.9384,1544613.745,946415.7647,209619.1544,53672.0,65.8055,29.0,34.0,63.75,250.0,431732.2199,215769.2815,424137.5448,579330.2199,214518.3903,0,0.0
OAS31331,10.0,8.0,10.0,6.0,,,20.0,12.0,,,,,,,,,,65.8055,,34.0,,,,,,,,0,0.0
OAS31333,7.0,6.0,7.0,5.0,,,23.0,10.0,25.0,91.0,52.0,,223474.5308,1437352.27,979419.3845,223359.0584,55912.0,68.1096,30.0,33.0,70.5,199.0,450099.9195,226625.3886,450953.465,607567.9195,227594.4066,0,0.0
OAS31333,8.0,7.0,8.0,6.0,,,19.0,11.0,,,,,,,,,,68.1096,,33.0,,,,,,,,0,0.0
OAS31334,10.0,7.0,9.0,6.0,8.0,3.0,21.0,11.0,31.0,163.0,53.0,,174957.8596,1319480.79,824709.9535,189467.3373,42326.0,71.6164,30.0,44.0,63.75,122.0,356230.2284,181272.3688,386058.7251,472869.2284,196591.3877,1,0.5
OAS31334,7.0,6.0,6.0,4.0,,,16.0,9.0,64.0,180.0,34.0,,,,,,,71.6164,27.0,44.0,63.5,125.0,,,,,,1,0.5
OAS31335,5.0,5.0,4.0,3.0,,,19.0,10.0,24.0,48.0,58.0,,205296.4377,1589239.084,938630.6839,218202.9574,48718.0,66.1616,29.0,23.0,67.0,190.0,407241.1189,201944.6812,431234.565,555030.1189,213031.6076,0,0.0
OAS31335,6.0,5.0,4.0,3.0,,,27.0,10.0,23.0,79.0,56.0,,205296.4377,1589239.084,938630.6839,218202.9574,48718.0,66.1616,30.0,23.0,67.0,198.0,407241.1189,201944.6812,431234.565,555030.1189,213031.6076,0,0.0
OAS31335,5.0,5.0,5.0,4.0,,,22.0,12.0,26.0,57.0,56.0,,,,,,,66.1616,30.0,23.0,68.0,192.0,,,,,,0,0.0
OAS31335,5.0,5.0,7.0,5.0,,,23.0,15.0,,,,,,,,,,66.1616,,23.0,,,,,,,,0,0.0
OAS31336,7.0,6.0,5.0,4.0,,,14.0,12.0,31.0,82.0,40.0,,180925.9122,1451870.019,844029.9739,195895.1289,50841.0,76.5945,28.0,34.0,69.25,198.0,365307.153,184381.2408,390886.8209,509524.153,194991.6921,0,0.0
OAS31336,7.0,6.0,6.0,4.0,,,13.0,10.0,31.0,62.0,39.0,,180925.9122,1451870.019,844029.9739,195895.1289,50841.0,76.5945,30.0,34.0,69.0,186.3999023,365307.153,184381.2408,390886.8209,509524.153,194991.6921,0,0.0
OAS31336,7.0,6.0,4.0,4.0,,,11.0,8.0,35.0,83.0,35.0,,,,,,,76.5945,29.0,34.0,69.0,184.0,,,,,,0,0.0
OAS31337,9.0,7.0,2.0,3.0,,,14.0,6.0,25.0,79.0,35.0,,167023.9221,1394650.691,838192.433,196881.1823,46533.0,90.1123,29.0,33.0,61.0,139.0,334281.9195,167257.9974,394089.5135,468196.9195,197208.3312,0,0.0
OAS31338,,,,,30.0,,30.0,,17.0,48.0,,,236170.3228,1497781.962,1000161.414,222014.7663,63462.0,49.8082,30.0,33.0,62.5,142.0,473829.0386,237658.7158,444580.375,646894.0386,222565.6087,0,0.0
OAS31339,,,,,25.0,,21.0,,38.0,84.0,,,,,,,,55.4082,30.0,34.0,72.0,199.0,,,,,,0,0.0
OAS31340,13.0,9.0,9.0,6.0,,,23.0,13.0,25.0,44.0,45.0,,249026.4776,1694680.005,1077195.006,246548.4032,57901.0,76.5863,30.0,33.0,66.5,176.0,498706.0763,249679.5987,488238.9294,650456.0763,241690.5262,1,0.5
OAS31340,10.0,8.0,8.0,6.0,,,28.0,19.0,31.0,48.0,51.0,,,,,,,76.5863,30.0,33.0,66.3,175.0,,,,,,0,0.0
OAS31340,9.0,7.0,8.0,5.0,,,25.0,16.0,,,,,,,,,,76.5863,,33.0,,,,,,,,0,0.0
OAS31342,,,,,28.0,,19.0,,46.0,87.0,,,214514.9156,1584009.447,957091.4901,214878.1232,55958.0,63.5041,28.0,33.0,69.0,174.0,435310.0422,220795.1266,432862.4479,585550.0422,217984.3247,0,0.0
OAS31343,7.0,6.0,7.0,6.0,19.0,18.0,24.0,16.0,33.0,56.0,55.0,,,,,,,68.6795,30.0,34.0,69.0,157.0,,,,,,0,0.0
OAS31343,8.0,7.0,6.0,5.0,,,21.0,13.0,35.0,56.0,52.0,,,,,,,68.6795,30.0,34.0,68.3,154.0,,,,,,0,0.0
OAS31343,4.0,4.0,8.0,5.0,,,27.0,14.0,38.0,63.0,54.0,,197623.6465,1472187.055,930069.9861,212700.9655,52239.0,68.6795,30.0,34.0,68.25,159.0,394729.8734,197106.2268,426014.1127,539887.8734,213313.1472,0,0.0
OAS31343,5.0,5.0,8.0,5.0,,,20.0,15.0,34.0,59.0,52.0,,197623.6465,1472187.055,930069.9861,212700.9655,52239.0,68.6795,30.0,34.0,68.0,154.1999512,394729.8734,197106.2268,426014.1127,539887.8734,213313.1472,0,0.0
OAS31343,5.0,5.0,7.0,5.0,,,23.0,13.0,,,,,,,,,,68.6795,,34.0,,,,,,,,0,0.0
OAS31343,6.0,6.0,7.0,6.0,,,18.0,16.0,,,,,,,,,,68.6795,30.0,34.0,68.0,156.3999023,,,,,,0,0.0
OAS31344,12.0,8.0,11.0,7.0,,,23.0,14.0,31.0,67.0,40.0,,209462.7232,1661601.024,1043833.776,258260.0849,61113.0,71.3315,28.0,33.0,65.5,171.0,422220.5434,212757.8202,524079.233,585471.5434,265819.1481,0,0.0
OAS31344,11.0,8.0,7.0,5.0,,,17.0,17.0,45.0,89.0,34.0,,209462.7232,1661601.024,1043833.776,258260.0849,61113.0,71.3315,28.0,33.0,66.0,189.0,422220.5434,212757.8202,524079.233,585471.5434,265819.1481,0,0.0
OAS31345,6.0,5.0,6.0,5.0,,,19.0,12.0,30.0,67.0,41.0,,195992.912,1254058.821,837805.5596,185540.8884,53926.0,55.8712,30.0,33.0,62.0,290.3999023,393777.6963,197784.7843,375149.8633,534024.6963,189608.9749,0,0.0
OAS31346,9.0,7.0,8.0,5.0,,,20.0,16.0,33.0,66.0,49.0,,186090.1582,1419525.678,846310.8048,197782.0981,49522.0,71.1699,30.0,33.0,63.5,136.0,372395.2249,186305.0666,392916.5799,505538.2249,195134.4817,0,0.0
OAS31346,12.0,9.0,8.0,6.0,,,17.0,20.0,27.0,58.0,51.0,,186090.1582,1419525.678,846310.8048,197782.0981,49522.0,71.1699,30.0,33.0,63.5,141.7999268,372395.2249,186305.0666,392916.5799,505538.2249,195134.4817,0,0.0
OAS31346,12.0,8.0,7.0,5.0,,,24.0,16.0,31.0,62.0,50.0,,,,,,,71.1699,30.0,33.0,63.5,142.5999756,,,,,,0,0.0
OAS31348,8.0,7.0,4.0,3.0,,,17.0,12.0,59.0,164.0,24.0,,216623.2596,1629302.502,967076.18,216241.1569,54609.0,75.0575,26.0,34.0,72.0,260.1999512,431312.3074,214689.0479,434601.8725,580919.3074,218360.7157,1,0.5
OAS31348,7.0,6.0,6.0,4.0,,,22.0,8.0,58.0,176.0,29.0,,,,,,,75.0575,26.0,34.0,72.0,245.0,,,,,,1,0.5
OAS31349,9.0,7.0,4.0,4.0,,,14.0,7.0,50.0,97.0,30.0,,,,,,,79.0822,27.0,33.0,64.0,144.7999268,,,,,,0,0.0
OAS31350,7.0,6.0,6.0,4.0,,,17.0,13.0,41.0,71.0,38.0,,188975.6696,1454063.562,868490.5179,199145.3351,50282.0,73.5397,30.0,33.0,67.0,214.0,377531.2127,188555.5431,396350.3052,515994.2127,197204.97,0,0.0
OAS31351,10.0,8.0,8.0,7.0,,,16.0,11.0,34.0,180.0,26.0,,221230.2145,1588377.921,1065575.665,263024.7039,62233.0,69.8247,25.0,33.0,71.7,245.0,440008.8014,218778.5869,523317.8631,604315.8014,260293.1593,1,0.5
OAS31351,10.0,8.0,8.0,5.0,,,16.0,9.0,41.0,103.0,27.0,,218169.3121,1570539.257,1055113.687,259993.2476,59529.0,69.8247,29.0,33.0,73.0,261.3999023,434420.0147,216250.7026,521709.6719,595935.0147,261716.4243,1,0.5
OAS31351,9.0,7.0,7.0,5.0,,,18.0,11.0,,,,,,,,,,69.8247,,33.0,,,,,,,,1,0.5
OAS31352,10.0,7.0,7.0,5.0,,,26.0,15.0,18.0,72.0,53.0,,203947.8621,1363314.333,891686.1486,203299.4786,47840.0,69.8438,30.0,34.0,65.0,185.0,411029.99,207082.1279,407646.1586,539012.99,204346.68,0,0.0
OAS31352,8.0,7.0,7.0,5.0,,,28.0,16.0,20.0,65.0,49.0,,204520.0199,1375431.252,900523.226,206988.788,47476.0,69.8438,30.0,34.0,65.0,183.5999756,412641.0476,208121.0277,414714.1783,544365.0476,207725.3903,0,0.0
OAS31352,10.0,8.0,8.0,6.0,,,27.0,14.0,,,,,,,,,,69.8438,,34.0,,,,,,,,0,0.0
OAS31353,7.0,7.0,4.0,3.0,,,5.0,3.0,40.0,108.0,47.0,,,,,,,66.8438,24.0,34.0,64.5,187.0,,,,,,1,0.5
OAS31353,6.0,5.0,7.0,5.0,,,2.0,,41.0,180.0,45.0,,,,,,,66.8438,20.0,34.0,64.5,188.7999268,,,,,,1,0.5
OAS31353,6.0,5.0,6.0,5.0,,,2.0,,180.0,180.0,28.0,,,,,,,66.8438,11.0,34.0,64.5,203.0,,,,,,2,1.0
OAS31354,11.0,8.0,8.0,5.0,,,24.0,17.0,15.0,61.0,55.0,,196094.6666,1557548.259,953391.0741,235556.7196,53118.0,67.0411,30.0,33.0,71.0,203.0,396744.2609,200649.5944,473377.8132,547652.2609,237821.0935,0,0.0
OAS31354,11.0,8.0,7.0,5.0,,,24.0,21.0,17.0,50.0,60.0,,198589.1444,1586777.789,965186.9195,239028.6358,51356.0,67.0411,29.0,33.0,70.0,206.7999268,400428.358,201839.2136,482668.5615,553626.358,243639.9257,0,0.0
OAS31354,10.0,7.0,7.0,5.0,,,25.0,21.0,15.0,55.0,56.0,,,,,,,67.0411,30.0,33.0,70.0,213.0,,,,,,0,0.0
OAS31354,10.0,8.0,11.0,7.0,,,25.0,17.0,,,,,,,,,,67.0411,,33.0,,,,,,,,0,0.0
OAS31356,7.0,6.0,7.0,5.0,,,16.0,10.0,46.0,73.0,42.0,,193206.1524,1387088.417,887876.8298,197723.4879,56227.0,70.5808,30.0,34.0,65.5,122.0,388642.9303,195436.7779,406179.8995,534968.9303,208456.4116,0,0.0
OAS31357,,,,,16.0,,24.0,,32.0,44.0,,,,,,,,48.8466,29.0,33.0,70.0,247.0,,,,,,0,0.0
OAS31358,10.0,7.0,7.0,5.0,,,18.0,12.0,37.0,175.0,32.0,,193024.4964,1251678.546,769438.9629,152610.2021,43131.0,74.1205,28.0,34.0,62.0,164.5,388388.2197,195363.7234,310540.7432,503718.2197,157930.5411,2,1.0
OAS31358,9.0,8.0,7.0,6.0,,,15.0,10.0,31.0,148.0,26.0,,,,,,,74.1205,23.0,34.0,62.0,164.3999023,,,,,,2,1.0
OAS31359,12.0,9.0,12.0,8.0,,,28.0,10.0,33.0,48.0,45.0,,208438.1508,1598047.829,969449.668,240327.2811,51179.0,73.5863,30.0,33.0,61.0,116.0,418988.9867,210550.8359,476956.6813,575542.9867,236629.4002,1,0.5
OAS31360,8.0,7.0,7.0,6.0,,,20.0,15.0,34.0,90.0,47.0,,193370.0896,1405661.766,845186.4557,187710.6843,48702.0,71.3425,25.0,33.0,61.25,130.0,389108.681,195738.5914,373518.7747,526119.681,185808.0904,0,0.0
OAS31360,8.0,7.0,8.0,5.0,,,20.0,13.0,33.0,80.0,46.0,,183637.1948,1428524.512,839762.3491,194933.6351,48751.0,71.3425,30.0,33.0,62.0,144.0,368178.8567,184541.6619,388457.4924,503518.8567,193523.8573,0,0.0
OAS31361,,,,,34.0,,29.0,,30.0,64.0,,,228928.1422,1539291.077,987151.1172,221672.3514,55523.0,62.8712,29.0,44.0,71.5,205.0,459408.3686,230480.2264,443733.7486,608091.3686,222061.3972,0,0.0
OAS31362,12.0,8.0,8.0,6.0,,,17.0,13.0,30.0,59.0,59.0,,207983.9779,1478939.289,922499.2947,212436.3586,48581.0,66.863,29.0,34.0,64.0,217.0,417015.1555,209031.1776,425936.1392,544619.1555,213499.7806,0,0.0
OAS31362,13.0,9.0,9.0,6.0,,,13.0,10.0,25.0,54.0,61.0,,,,,,,66.863,30.0,34.0,63.3,224.0,,,,,,0,0.0
OAS31365,9.0,7.0,8.0,6.0,,,19.0,19.0,27.0,89.0,50.0,,193245.2044,1250331.489,831184.0973,188751.5651,50376.0,65.5096,30.0,44.0,63.3,152.0,385317.4488,192072.2444,383521.6484,518764.4488,194770.0833,0,0.0
OAS31365,6.0,5.0,8.0,5.0,,,22.0,15.0,38.0,90.0,59.0,,193245.2044,1250331.489,831184.0973,188751.5651,50376.0,65.5096,30.0,44.0,63.5,160.0,385317.4488,192072.2444,383521.6484,518764.4488,194770.0833,0,0.0
OAS31365,9.0,8.0,7.0,5.0,,,20.0,24.0,35.0,84.0,52.0,,,,,,,65.5096,30.0,44.0,63.4,159.0,,,,,,0,0.0
OAS31365,7.0,7.0,7.0,5.0,,,23.0,14.0,,,,,,,,,,65.5096,,44.0,,,,,,,,0,0.0
OAS31366,9.0,7.0,8.0,5.0,,,20.0,12.0,31.0,65.0,46.0,,211746.6856,1401127.715,885660.0007,191895.571,49710.0,67.2712,29.0,44.0,66.4,113.3999634,422606.5568,210859.8712,382759.4439,575274.5568,190863.8729,0,0.0
OAS31367,,,,,24.0,,26.0,,21.0,53.0,,,212792.508,1585497.543,929733.1088,205749.5509,57382.0,54.3096,30.0,34.0,65.25,178.0,422932.8412,210140.3333,413748.2676,586859.8412,207998.7167,0,0.0
OAS31368,11.0,8.0,6.0,4.0,,,12.0,4.0,35.0,177.0,28.0,,,,,,,70.7233,26.0,44.0,69.4,265.1999512,,,,,,1,0.5
OAS31369,,,,,28.0,,26.0,,48.0,79.0,,,222984.3857,1368756.753,946371.6784,206939.4497,53427.0,63.5041,30.0,34.0,61.5,114.0,446162.7939,223178.4082,413372.8845,591540.7939,206433.4348,0,0.0
OAS31369,10.0,8.0,11.0,7.0,,,16.0,12.0,,,,,,,,,,63.5041,,34.0,,,,,,,,0,0.0
OAS31370,6.0,5.0,5.0,4.0,15.0,11.0,24.0,17.0,27.0,105.0,45.0,,226235.2814,1577594.654,994781.9247,218990.8908,52300.0,70.0795,27.0,34.0,69.0,187.0,455004.5624,228769.281,439505.3623,599238.5624,220514.4715,0,0.0
OAS31370,8.0,7.0,4.0,3.0,,,19.0,17.0,27.0,133.0,46.0,,,,,,,70.0795,26.0,34.0,69.0,178.0,,,,,,0,0.0
OAS31372,,,,,15.0,15.0,20.0,16.0,27.0,77.0,51.0,58.0,,,,,,68.3178,30.0,24.0,63.0,177.0,,,,,,0,0.0
OAS31372,,,,,18.0,14.0,18.0,16.0,28.0,72.0,54.0,58.0,,,,,,68.3178,28.0,24.0,63.75,169.0,,,,,,0,0.0
OAS31372,,,,,17.0,17.0,23.0,16.0,24.0,64.0,51.0,60.0,,,,,,68.3178,29.0,24.0,63.5,175.0,,,,,,0,0.0
OAS31372,,,,,15.0,14.0,22.0,15.0,22.0,90.0,48.0,58.0,188792.911,1427111.585,844595.8997,189739.6943,50396.0,68.3178,28.0,24.0,63.5,180.0,373787.3424,184994.4314,377860.5573,525315.3424,188120.863,0,0.0
OAS31372,10.0,8.0,6.0,4.0,,,24.0,14.0,25.0,68.0,48.0,,188792.911,1427111.585,844595.8997,189739.6943,50396.0,68.3178,30.0,24.0,63.5,183.0,373787.3424,184994.4314,377860.5573,525315.3424,188120.863,0,0.0
OAS31372,9.0,7.0,9.0,7.0,,,23.0,10.0,29.0,69.0,41.0,,,,,,,68.3178,30.0,24.0,63.9,177.5,,,,,,0,0.0
OAS31373,14.0,9.0,13.0,8.0,,,23.0,13.0,21.0,61.0,48.0,,223662.6372,1574052.151,1039438.055,258032.9891,54610.0,66.7068,30.0,33.0,69.75,185.0,446281.4351,222618.798,515748.6196,602666.4351,257715.6304,0,0.0
OAS31373,13.0,9.0,9.0,6.0,,,26.0,20.0,23.0,54.0,55.0,,221972.0372,1557438.711,1045139.582,259580.7807,54264.0,66.7068,30.0,33.0,69.5,199.5999756,444650.0577,222678.0205,523337.5246,606284.0577,263756.7439,0,0.0
OAS31373,13.0,9.0,12.0,8.0,,,23.0,18.0,,,,,,,,,,66.7068,,33.0,,,,,,,,0,0.0
OAS31373,14.0,9.0,14.0,8.0,,,27.0,20.0,,,,,,,,,,66.7068,,33.0,,,,,,,,0,0.0
OAS31374,8.0,7.0,6.0,4.0,,,22.0,15.0,41.0,88.0,43.0,,184944.3906,1364442.595,832285.0514,193309.7893,43959.0,71.6767,30.0,33.0,61.0,190.0,371633.9114,186689.5208,388416.1401,491919.9114,195106.3508,0,0.0
OAS31374,9.0,7.0,6.0,4.0,,,19.0,14.0,57.0,93.0,44.0,,184944.3906,1364442.595,832285.0514,193309.7893,43959.0,71.6767,30.0,33.0,61.0,187.0,371633.9114,186689.5208,388416.1401,491919.9114,195106.3508,0,0.0
OAS31374,10.0,8.0,9.0,7.0,,,18.0,14.0,,,,,,,,,,71.6767,,33.0,,,,,,,,0,0.0
OAS31376,,,,,17.0,13.0,18.0,17.0,25.0,101.0,45.0,50.0,,,,,,64.937,30.0,33.0,66.0,197.0,,,,,,0,0.0
OAS31376,,,,,8.0,8.0,19.0,15.0,23.0,102.0,47.0,56.0,192580.5545,1086021.35,869122.0124,208708.3698,56921.0,64.937,30.0,33.0,66.0,215.0,384738.5964,192158.0418,417840.416,507810.5964,209132.0461,0,0.0
OAS31376,7.0,6.0,5.0,4.0,,,24.0,14.0,34.0,108.0,45.0,,,,,,,64.937,30.0,33.0,66.0,222.0,,,,,,0,0.0
OAS31376,5.0,5.0,6.0,4.0,,,20.0,14.0,29.0,107.0,48.0,,,,,,,64.937,29.0,33.0,65.5,219.0,,,,,,1,0.5
OAS31378,7.0,6.0,6.0,5.0,,,19.0,8.0,39.0,152.0,38.0,,,,,,,70.2384,30.0,33.0,69.5,234.0,,,,,,0,0.0
OAS31378,8.0,7.0,2.0,2.0,,,21.0,15.0,42.0,180.0,43.0,,,,,,,70.2384,29.0,33.0,68.4,228.3999023,,,,,,0,0.0
OAS31378,6.0,6.0,7.0,5.0,,,17.0,12.0,45.0,173.0,38.0,,,,,,,70.2384,29.0,33.0,68.0,218.7999268,,,,,,0,0.0
OAS31379,9.0,7.0,4.0,3.0,,,22.0,12.0,30.0,114.0,38.0,,275777.3104,2084226.726,1297705.386,279738.967,65801.0,70.6219,29.0,34.0,71.0,174.0,553968.8777,278191.5673,562176.5082,729332.8777,282437.5412,1,0.5
OAS31379,10.0,8.0,6.0,4.0,,,28.0,11.0,34.0,90.0,34.0,,275777.3104,2084226.726,1297705.386,279738.967,65801.0,70.6219,30.0,34.0,71.5,174.0,553968.8777,278191.5673,562176.5082,729332.8777,282437.5412,0,0.0
OAS31379,11.0,8.0,4.0,3.0,,,20.0,8.0,46.0,128.0,34.0,,,,,,,70.6219,28.0,34.0,70.5,166.0,,,,,,0,0.0
OAS31379,9.0,7.0,4.0,3.0,,,14.0,7.0,32.0,96.0,34.0,,,,,,,70.6219,30.0,34.0,70.0,186.5999756,,,,,,0,0.0
OAS31379,8.0,6.0,6.0,4.0,,,21.0,8.0,,,,,,,,,,70.6219,27.0,34.0,71.0,165.7999268,,,,,,0,0.0
OAS31380,11.0,8.0,7.0,5.0,,,29.0,20.0,25.0,54.0,45.0,,188015.6622,1117356.353,805764.2796,185294.8738,47518.0,70.274,29.0,34.0,67.25,212.0,373182.4093,185166.747,371238.8703,512038.4093,185943.9965,0,0.0
OAS31380,10.0,8.0,9.0,6.0,,,32.0,15.0,28.0,62.0,47.0,,,,,,,70.274,28.0,34.0,66.6,206.0,,,,,,0,0.0
OAS31380,8.0,6.0,7.0,5.0,,,23.0,13.0,,,,,,,,,,70.274,,34.0,,,,,,,,0,0.0
OAS31381,10.0,8.0,6.0,5.0,,,24.0,7.0,25.0,87.0,61.0,,248204.9693,1743013.963,1087975.324,249531.1845,58050.0,71.1836,30.0,33.0,74.0,212.0,499975.8581,251770.8888,502354.466,659182.8581,252823.2815,0,0.0
OAS31381,10.0,8.0,11.0,8.0,,,19.0,11.0,,,,,,,,,,71.1836,,33.0,,,,,,,,0,0.0
OAS31382,,,,,30.0,,33.0,,21.0,52.0,,,,,,,,64.8767,29.0,44.0,69.0,254.0,,,,,,0,0.0
OAS31382,7.0,6.0,8.0,6.0,,,33.0,19.0,,,,,,,,,,64.8767,,44.0,,,,,,,,0,0.0
OAS31383,9.0,7.0,8.0,5.0,,,29.0,16.0,,,,,,,,,,60.9123,,34.0,,,,,,,,0,0.0
OAS31384,9.0,8.0,6.0,5.0,,,18.0,9.0,16.0,93.0,49.0,,190223.4959,1612646.892,931403.3835,206618.2831,49720.0,79.411,26.0,44.0,63.0,130.0,390111.9017,199888.4058,417917.4818,540955.9017,211299.1987,1,0.5
OAS31384,6.0,5.0,5.0,4.0,,,19.0,9.0,19.0,104.0,46.0,,190223.4959,1612646.892,931403.3835,206618.2831,49720.0,79.411,27.0,44.0,63.5,129.0,390111.9017,199888.4058,417917.4818,540955.9017,211299.1987,1,0.5
OAS31385,,,,,14.0,,20.0,,43.0,88.0,,,185988.3061,1327015.845,853868.1527,204077.0385,50065.0,60.0932,29.0,33.0,60.5,151.0,369355.1177,183366.8116,406560.035,505343.1177,202482.9965,0,0.0
OAS31388,10.0,7.0,7.0,5.0,,,28.0,15.0,42.0,99.0,37.0,,212011.8689,1670946.059,986272.75,235142.5764,61168.0,65.4986,27.0,23.0,67.3,218.0,420126.6116,208114.7427,472043.1384,585393.6116,236900.562,0,0.0
OAS31390,5.0,5.0,3.0,3.0,,,14.0,12.0,40.0,89.0,36.0,,193738.0217,1408967.804,938835.798,230714.1979,51335.0,73.0301,30.0,23.0,69.25,122.0,389368.4428,195630.421,470776.3552,530096.4428,240062.1572,0,0.0
OAS31391,7.0,6.0,6.0,4.0,,,16.0,13.0,32.0,108.0,54.0,,226322.3099,1622915.526,1012596.938,232000.808,59127.0,70.7589,30.0,34.0,67.25,180.0,455581.2662,229258.9564,469165.6716,610791.2662,237164.8637,0,0.0
OAS31391,9.0,8.0,5.0,4.0,,,21.0,10.0,43.0,92.0,54.0,,226322.3099,1622915.526,1012596.938,232000.808,59127.0,70.7589,29.0,34.0,67.0,183.0,455581.2662,229258.9564,469165.6716,610791.2662,237164.8637,0,0.0
OAS31391,10.0,7.0,6.0,4.0,,,17.0,12.0,,,,,,,,,,70.7589,,34.0,,,,,,,,0,0.0
OAS31393,,,,,30.0,,30.0,,15.0,34.0,,,212914.9491,1415698.619,925841.9757,214082.6323,54591.0,58.7507,30.0,34.0,66.5,166.7999268,425706.9478,212791.9987,428315.028,585313.9478,214232.3956,0,0.0
OAS31394,4.0,4.0,4.0,3.0,,,14.0,17.0,29.0,77.0,45.0,,172918.2129,1209241.855,792567.7361,193164.6034,45375.0,68.263,30.0,34.0,70.25,196.5,344971.7652,172053.5523,386927.9709,481183.7652,193763.3675,0,0.0
OAS31395,13.0,9.0,9.0,6.0,,,22.0,12.0,16.0,33.0,57.0,,251099.8545,1746608.838,1136169.96,265410.7749,60590.0,69.9753,29.0,33.0,68.0,184.0,499001.7221,247901.8676,528973.2381,652019.7221,263562.4632,0,0.0
OAS31395,11.0,8.0,10.0,6.0,,,27.0,15.0,27.0,47.0,55.0,,251099.8545,1746608.838,1136169.96,265410.7749,60590.0,69.9753,30.0,33.0,67.75,186.25,499001.7221,247901.8676,528973.2381,652019.7221,263562.4632,0,0.0
OAS31395,10.0,8.0,9.0,6.0,,,22.0,10.0,17.0,45.0,55.0,,,,,,,69.9753,27.0,33.0,68.75,193.0,,,,,,0,0.0
OAS31396,9.0,8.0,8.0,6.0,,,19.0,10.0,23.0,93.0,53.0,,205940.9886,1553654.374,978100.473,237479.2307,51229.0,65.8356,24.0,34.0,68.7,172.0,415958.665,210017.6764,476889.808,569306.665,239410.5773,1,0.5
OAS31397,6.0,6.0,7.0,5.0,,,27.0,16.0,22.0,59.0,63.0,,209713.9536,1553496.933,969673.5889,228775.9989,52825.0,75.7288,30.0,33.0,74.25,209.7999268,424840.6059,215126.6523,459735.983,575141.6059,230959.9841,0,0.0
OAS31398,11.0,8.0,10.0,7.0,,,36.0,17.0,12.0,45.0,70.0,,240424.5905,1761673.622,1116479.151,261799.7243,59500.0,65.4192,28.0,33.0,67.0,191.0,475685.1563,235260.5659,520569.9947,630271.1563,258770.2704,0,0.0
OAS31400,11.0,8.0,8.0,6.0,,,23.0,20.0,36.0,128.0,41.0,,197359.7364,1573848.713,916442.7217,215889.9126,46492.0,85.8356,30.0,33.0,62.3,140.0,396611.3573,199251.6209,437104.3644,526579.3573,221214.4518,1,0.5
OAS31400,8.0,6.0,8.0,6.0,,,18.0,12.0,32.0,152.0,28.0,,197359.7364,1573848.713,916442.7217,215889.9126,46492.0,85.8356,29.0,33.0,62.0,152.0,396611.3573,199251.6209,437104.3644,526579.3573,221214.4518,1,0.5
OAS31401,13.0,9.0,12.0,8.0,,,20.0,14.0,39.0,62.0,49.0,,192326.5451,1561874.052,975105.3029,238584.9642,54326.0,75.3589,30.0,33.0,64.25,119.0,388602.4016,196275.8565,483525.9014,537560.4016,244940.9372,0,0.0
OAS31401,12.0,9.0,9.0,7.0,,,25.0,14.0,34.0,62.0,52.0,,192326.5451,1561874.052,975105.3029,238584.9642,54326.0,75.3589,30.0,33.0,64.25,118.5999756,388602.4016,196275.8565,483525.9014,537560.4016,244940.9372,0,0.0
OAS31401,11.0,8.0,12.0,8.0,,,20.0,16.0,,,,,,,,,,75.3589,,33.0,,,,,,,,0,0.0
OAS31402,12.0,8.0,11.0,7.0,,,23.0,15.0,23.0,49.0,49.0,,218439.325,1733248.92,1014566.105,232419.999,56100.0,73.5397,30.0,33.0,68.5,195.0,439278.5685,220839.2435,465105.5365,605680.5685,232685.5375,1,0.5
OAS31402,10.0,7.0,7.0,5.0,,,23.0,13.0,30.0,57.0,48.0,,218439.325,1733248.92,1014566.105,232419.999,56100.0,73.5397,30.0,33.0,69.0,210.0,439278.5685,220839.2435,465105.5365,605680.5685,232685.5375,0,0.0
OAS31404,8.0,7.0,8.0,6.0,,,17.0,14.0,44.0,85.0,41.0,,182000.7843,1474091.615,914500.1996,212724.5026,47385.0,65.2767,27.0,34.0,61.5,160.0,370127.9175,188127.1332,435904.2822,507681.9175,223179.7796,1,0.5
OAS31405,,,,,11.0,,19.0,,47.0,127.0,,,166947.674,1274747.537,783446.7655,189863.8833,48948.0,55.6055,27.0,33.0,67.75,103.0,332602.5761,165654.902,382336.1894,457358.5761,192472.3061,0,0.0
OAS31405,5.0,5.0,0.0,0.0,,,11.0,5.0,,,,,,,,,,55.6055,,33.0,,,,,,,,1,0.5
OAS31406,9.0,7.0,4.0,3.0,,,11.0,5.0,75.0,180.0,21.0,,199627.5943,1663756.203,998185.8821,234908.7861,53380.0,69.6658,22.0,34.0,71.0,205.0,405039.1583,205411.564,473351.7238,540389.1583,238442.9377,1,0.5
OAS31406,11.0,9.0,2.0,2.0,,,9.0,4.0,78.0,180.0,14.0,,199627.5943,1663756.203,998185.8821,234908.7861,53380.0,69.6658,15.0,34.0,71.3,202.0,405039.1583,205411.564,473351.7238,540389.1583,238442.9377,1,0.5
OAS31406,9.0,7.0,2.0,2.0,,,5.0,2.0,,,,,,,,,,69.6658,,34.0,,,,,,,,2,1.0
OAS31407,8.0,7.0,6.0,4.0,,,14.0,15.0,20.0,48.0,59.0,,202295.145,1329166.62,829617.9555,177088.103,52342.0,65.6877,30.0,33.0,66.0,190.0,404440.9491,202145.8042,356183.0064,535855.9491,179094.9034,0,0.0
OAS31407,10.0,8.0,6.0,4.0,,,16.0,19.0,30.0,56.0,58.0,,,,,,,65.6877,29.0,33.0,66.3,188.0,,,,,,0,0.0
OAS31407,6.0,5.0,5.0,4.0,,,18.0,13.0,,,,,,,,,,65.6877,,33.0,,,,,,,,0,0.0
OAS31408,9.0,7.0,7.0,5.0,,,19.0,15.0,27.0,51.0,55.0,,222496.6719,1709633.132,996336.9262,218609.9019,52180.0,78.0192,30.0,33.0,71.8,200.5999756,445567.3682,223070.6963,439634.558,592011.3682,221024.6561,0,0.0
OAS31408,8.0,7.0,6.0,4.0,,,19.0,12.0,32.0,80.0,60.0,,220583.8231,1677157.699,983997.7021,218400.5335,51330.0,78.0192,30.0,33.0,71.0,212.0999756,439748.291,219164.4679,436559.4111,587304.291,218158.8776,0,0.0
OAS31409,7.0,6.0,5.0,4.0,,,19.0,14.0,25.0,73.0,57.0,,192511.8703,1190884.971,815630.401,183192.1646,50379.0,65.3918,30.0,33.0,58.0,111.1999512,385052.1804,192540.3101,366762.2207,517384.1804,183570.0561,0,0.0
OAS31409,4.0,4.0,5.0,4.0,,,25.0,14.0,42.0,64.0,54.0,,,,,,,65.3918,30.0,33.0,57.75,113.0,,,,,,0,0.0
OAS31410,8.0,7.0,8.0,6.0,,,15.0,19.0,29.0,63.0,49.0,,183326.0626,1366295.887,828393.7738,190448.2471,48360.0,67.0712,28.0,34.0,68.7,202.0,368127.7832,184801.7206,383257.9906,495887.7832,192809.7435,0,0.0
OAS31410,9.0,7.0,6.0,4.0,,,15.0,16.0,30.0,83.0,46.0,,183326.0626,1366295.887,828393.7738,190448.2471,48360.0,67.0712,30.0,34.0,68.0,196.0,368127.7832,184801.7206,383257.9906,495887.7832,192809.7435,0,0.0
OAS31411,7.0,6.0,6.0,4.0,,,27.0,13.0,31.0,92.0,38.0,,227239.2742,1716383.051,959771.3429,204880.8321,55332.0,70.9781,29.0,23.0,68.0,219.0,455566.7941,228327.5199,409170.5488,633090.7941,204289.7168,0,0.0
OAS31412,6.0,6.0,6.0,4.0,,,16.0,16.0,40.0,95.0,44.0,,183122.973,1328865.933,805590.8905,174835.8333,46191.0,68.3288,30.0,34.0,59.5,149.5,366098.1091,182975.1361,351854.7814,492395.1091,177018.9481,0,0.0
OAS31412,7.0,6.0,6.0,5.0,,,25.0,19.0,,,,,,,,,,68.3288,,34.0,,,,,,,,0,0.0
OAS31414,8.0,7.0,8.0,5.0,,,18.0,14.0,22.0,68.0,38.0,,194977.7533,1557920.513,909656.5253,215264.9863,55104.0,73.4329,30.0,33.0,64.0,186.0,392158.1521,197180.3987,431325.3732,543606.1521,216060.3869,0,0.0
OAS31414,9.0,7.0,6.0,4.0,,,22.0,11.0,20.0,72.0,48.0,,186660.2249,1538708.727,908223.8289,223161.4082,54763.0,73.4329,30.0,33.0,64.3,188.7999268,378493.6605,191833.4356,444667.1684,530650.6605,221505.7602,0,0.0
OAS31414,9.0,7.0,6.0,5.0,,,23.0,12.0,,,,,,,,,,73.4329,,33.0,,,,,,,,0,0.0
OAS31414,10.0,7.0,7.0,5.0,,,20.0,14.0,,,,,,,,,,73.4329,,33.0,,,,,,,,0,0.0
OAS31415,9.0,7.0,8.0,6.0,,,27.0,15.0,26.0,70.0,42.0,,200139.1945,1563358.367,901479.7737,191252.1346,44146.0,65.1808,29.0,34.0,71.3,207.0,400485.3463,200346.1518,380395.4274,523554.3463,189143.2928,0,0.0
OAS31415,9.0,7.0,8.0,5.0,,,41.0,14.0,33.0,72.0,45.0,,200139.1945,1563358.367,901479.7737,191252.1346,44146.0,65.1808,29.0,34.0,72.0,212.0,400485.3463,200346.1518,380395.4274,523554.3463,189143.2928,0,0.0
OAS31415,8.0,6.0,8.0,5.0,,,28.0,15.0,29.0,55.0,46.0,,,,,,,65.1808,29.0,34.0,71.0,211.0,,,,,,0,0.0
OAS31416,9.0,7.0,6.0,5.0,,,14.0,11.0,23.0,68.0,50.0,,187769.6136,1351260.084,878053.2244,224357.5611,46408.0,74.0658,29.0,34.0,67.25,163.3999023,367662.9858,179893.3722,439311.2386,503296.9858,214953.6775,1,0.5
OAS31416,8.0,7.0,4.0,5.0,,,14.0,6.0,29.0,90.0,49.0,,187769.6136,1351260.084,878053.2244,224357.5611,46408.0,74.0658,23.0,34.0,67.25,151.0,367662.9858,179893.3722,439311.2386,503296.9858,214953.6775,2,1.0
OAS31417,7.0,6.0,4.0,3.0,,,11.0,9.0,40.0,116.0,43.0,,221302.1876,1449104.225,953202.1746,213451.6453,50177.0,70.4658,28.0,34.0,68.3,166.0,444441.0743,223138.8867,428536.1002,579068.0743,215084.455,1,0.5
OAS31417,6.0,6.0,6.0,4.0,,,16.0,12.0,41.0,95.0,41.0,,221302.1876,1449104.225,953202.1746,213451.6453,50177.0,70.4658,26.0,34.0,69.0,167.0,444441.0743,223138.8867,428536.1002,579068.0743,215084.455,1,0.5
OAS31417,7.0,6.0,4.0,3.0,,,12.0,7.0,34.0,89.0,39.0,,,,,,,70.4658,25.0,34.0,68.25,169.0,,,,,,1,0.5
OAS31418,0.0,0.0,5.0,4.0,,,18.0,17.0,67.0,180.0,20.0,,191308.9591,1300350.2,799230.7023,173315.9597,46689.0,75.3068,27.0,34.0,60.25,105.7999878,382986.2342,191677.2751,346516.4681,524130.2342,173200.5084,1,0.5
OAS31419,10.0,8.0,6.0,4.0,,,10.0,5.0,47.0,115.0,26.0,,182157.1863,1410355.605,831047.2314,177710.4153,44495.0,71.5425,30.0,33.0,61.75,194.0,370862.3705,188705.1843,364689.8608,502130.3705,186979.4456,1,0.5
OAS31420,7.0,6.0,4.0,3.0,,,10.0,7.0,155.0,180.0,5.0,,162495.317,1600555.681,818614.4929,166623.5301,51195.0,78.6329,18.0,44.0,60.0,122.0,337122.1087,174626.7917,342004.3843,487474.1087,175380.8541,2,1.0
OAS31421,10.0,8.0,9.0,7.0,,,26.0,14.0,25.0,74.0,47.0,,165108.249,1250488.876,747169.4434,171593.5877,46921.0,71.5589,29.0,34.0,58.5,193.0,330941.022,165832.7731,346617.4213,448619.022,175023.8337,0,0.0
OAS31421,10.0,7.0,7.0,6.0,,,28.0,13.0,,,,,,,,,,71.5589,,34.0,,,,,,,,0,0.0
OAS31423,9.0,8.0,8.0,6.0,,,31.0,20.0,37.0,75.0,51.0,,190437.1689,1208935.912,870978.5329,194647.5337,49975.0,70.4932,30.0,34.0,63.5,145.0,381717.0627,191279.8938,388245.4701,516136.0627,193597.9365,0,0.0
OAS31424,11.0,9.0,7.0,5.0,,,16.0,11.0,46.0,180.0,19.0,,180377.5841,1338548.993,809146.8907,182842.9723,47490.0,68.4411,29.0,34.0,61.0,136.7999268,365580.7447,185203.1606,362922.146,504938.7447,180079.1737,1,0.5
OAS31427,5.0,5.0,3.0,3.0,,,26.0,16.0,37.0,135.0,45.0,,191276.3455,1172281.613,796385.5452,174231.7272,45620.0,75.3781,30.0,33.0,61.5,167.0,384228.3052,192951.9597,347514.24,512026.3052,173282.5128,0,0.0
OAS31427,4.0,4.0,4.0,3.0,,,26.0,15.0,,,,,,,,,,75.3781,,33.0,,,,,,,,0,0.0
OAS31427,3.0,4.0,3.0,3.0,,,26.0,19.0,,,,,,,,,,75.3781,28.0,33.0,61.0,188.1999512,,,,,,0,0.0
OAS31428,7.0,6.0,7.0,5.0,,,23.0,19.0,66.0,83.0,44.0,,203393.2624,1471922.65,919061.5936,208054.6536,54298.0,77.1781,30.0,33.0,68.0,147.7999268,409083.9062,205690.6438,419845.6874,552652.9062,211791.0338,0,0.0
OAS31429,11.0,8.0,5.0,4.0,10.0,10.0,16.0,16.0,29.0,52.0,54.0,,171613.479,1248190.855,768540.6796,183034.8261,46498.0,67.1288,26.0,34.0,64.0,210.0,341918.7041,170305.2251,366424.9755,466766.7041,183390.1494,0,0.0
OAS31429,9.0,8.0,6.0,4.0,,,23.0,9.0,30.0,180.0,43.0,,,,,,,67.1288,25.0,34.0,64.0,207.1999512,,,,,,0,0.0
OAS31429,5.0,4.0,7.0,6.0,,,18.0,15.0,33.0,119.0,43.0,,,,,,,67.1288,29.0,34.0,64.5,173.7999268,,,,,,1,0.5
OAS31430,12.0,8.0,10.0,6.0,,,22.0,18.0,24.0,46.0,61.0,,235019.4066,1764555.469,1041010.798,239350.2004,56895.0,67.389,30.0,33.0,72.0,182.1999512,473764.9644,238745.5578,479994.8339,643662.9644,240644.6334,0,0.0
OAS31431,7.0,7.0,9.0,6.0,,,22.0,24.0,30.0,53.0,73.0,,224130.2865,1498187.722,1034965.254,259354.1931,57742.0,67.1644,28.0,33.0,62.75,110.1999512,443080.2738,218949.9874,522613.9798,593877.2738,263259.7867,0,0.0
OAS31432,6.0,6.0,2.0,2.0,,,12.0,7.0,132.0,180.0,5.0,,168152.2987,1342228.486,791775.4281,186921.8005,44959.0,58.7068,18.0,33.0,70.0,134.0,327870.0378,159717.7391,379079.3902,455255.0378,192157.5897,2,1.0
OAS31433,12.0,9.0,4.0,3.0,,,17.0,18.0,39.0,115.0,48.0,,175326.3235,1396402.875,807156.4809,176708.3828,49566.0,75.4548,29.0,33.0,64.5,142.0,350668.3177,175341.9942,356657.1632,486818.3177,179948.7804,0,0.0
OAS31435,,,,,31.0,,27.0,,33.0,96.0,,,226717.8762,1314389.785,938035.6105,209095.1231,53272.0,59.4,30.0,34.0,67.0,177.0,451651.8427,224933.9665,420106.7678,591850.8427,211011.6447,0,0.0
OAS31437,,,,,26.0,,26.0,,20.0,34.0,,,268719.5239,1929084.007,1309680.845,332550.3418,72607.0,58.9507,30.0,33.0,66.7,181.7999268,539508.1324,270788.6084,672048.7126,734524.1324,339498.3708,0,0.0
OAS31440,11.0,8.0,7.0,5.0,,,23.0,14.0,35.0,68.0,49.0,,172666.9217,1219169.564,745541.4598,169396.3439,46374.0,70.5616,29.0,33.0,62.5,159.1999512,344854.0291,172187.1074,336954.4306,465332.0291,167558.0867,0,0.0
OAS31440,8.0,6.0,7.0,5.0,,,18.0,19.0,,,,,,,,,,70.5616,,33.0,,,,,,,,0,0.0
OAS31441,,,,,17.0,,21.0,,21.0,47.0,,,232087.5517,1729730.743,1071534.049,249144.6229,57221.0,60.3151,30.0,34.0,71.3,186.0,464499.0031,232411.4515,500373.0454,611984.0031,251228.4225,0,0.0
OAS31442,8.0,6.0,5.0,4.0,,,14.0,4.0,53.0,180.0,30.0,,180843.0399,1582029.302,864879.6314,183958.8379,44148.0,84.5233,20.0,34.0,67.0,170.0,362918.7823,182075.7424,369243.8491,507784.7823,185285.0111,2,1.0
OAS31442,6.0,6.0,5.0,5.0,,,12.0,4.0,75.0,,24.0,,,,,,,84.5233,25.0,34.0,67.0,176.7999268,,,,,,2,1.0
OAS31444,9.0,7.0,3.0,4.0,14.0,2.0,6.0,5.0,64.0,171.0,26.0,,177420.1722,1343641.19,771026.1995,165247.4209,42213.0,71.5973,28.0,34.0,59.0,137.0,356436.6678,179016.4956,332322.5316,473358.6678,167075.1107,1,0.5
OAS31444,7.0,7.0,1.0,2.0,,,11.0,6.0,93.0,180.0,22.0,,177420.1722,1343641.19,771026.1995,165247.4209,42213.0,71.5973,23.0,34.0,58.5,138.0,356436.6678,179016.4956,332322.5316,473358.6678,167075.1107,1,0.5
OAS31446,12.0,9.0,11.0,8.0,,,16.0,24.0,17.0,45.0,58.0,,197299.8785,1575581.285,937041.8028,228471.0211,50777.0,81.0329,30.0,33.0,69.75,173.0,392019.5514,194719.6728,458206.2515,531960.5514,229735.2304,0,0.0
OAS31447,,,,,28.0,,27.0,,25.0,47.0,,,220991.7376,1444040.651,967488.2397,219247.419,58306.0,49.663,29.0,34.0,68.0,310.0,443763.6606,222771.923,439751.5791,596838.6606,220504.16,0,0.0
OAS31447,11.0,8.0,12.0,8.0,,,29.0,13.0,,,,,,,,,,49.663,,34.0,,,,,,,,0,0.0
OAS31448,12.0,9.0,7.0,5.0,,,17.0,8.0,28.0,59.0,39.0,,215368.8308,1775811.622,1059395.731,247899.6468,52336.0,69.9589,30.0,33.0,63.25,145.5999756,435348.6409,219979.8101,498198.0903,581703.6409,250298.4434,0,0.0
OAS31448,10.0,7.0,9.0,6.0,,,15.0,15.0,21.0,46.0,43.0,,215368.8308,1775811.622,1059395.731,247899.6468,52336.0,69.9589,30.0,33.0,64.0,147.5999756,435348.6409,219979.8101,498198.0903,581703.6409,250298.4434,0,0.0
OAS31448,13.0,9.0,6.0,4.0,,,14.0,10.0,,,,,,,,,,69.9589,,33.0,,,,,,,,0,0.0
OAS31449,12.0,9.0,10.0,7.0,,,19.0,14.0,30.0,58.0,47.0,,184656.0068,1291200.54,800419.8867,169953.9215,47807.0,72.7589,30.0,33.0,61.0,149.7999268,372207.8752,187551.8684,345188.0115,509729.8752,175234.09,0,0.0
OAS31450,5.0,5.0,2.0,2.0,,,18.0,13.0,47.0,180.0,27.0,,,,,,,78.2356,24.0,23.0,64.75,145.0,,,,,,1,0.5
OAS31450,6.0,6.0,2.0,2.0,,,11.0,9.0,49.0,180.0,23.0,,224921.5367,1648596.845,969003.0515,210102.5303,50149.0,78.2356,18.0,23.0,64.75,140.3999023,450123.9452,225202.4085,422562.1063,596885.9452,212459.5759,1,0.5
OAS31450,5.0,5.0,2.0,2.0,,,17.0,12.0,42.0,180.0,25.0,,,,,,,78.2356,19.0,23.0,66.0,141.3999023,,,,,,2,1.0
OAS31453,12.0,9.0,8.0,6.0,,,21.0,12.0,26.0,65.0,51.0,,226803.4253,1699102.437,1068594.963,249222.0792,56978.0,64.937,28.0,33.0,68.5,188.0,456360.2796,229556.8543,503648.683,610866.2796,254426.6038,0,0.0
OAS31453,10.0,7.0,9.0,7.0,,,22.0,12.0,29.0,51.0,52.0,,226803.4253,1699102.437,1068594.963,249222.0792,56978.0,64.937,30.0,33.0,68.2,182.1999512,456360.2796,229556.8543,503648.683,610866.2796,254426.6038,0,0.0
OAS31453,9.0,7.0,9.0,6.0,,,22.0,13.0,37.0,48.0,50.0,,,,,,,64.937,30.0,33.0,68.0,168.1999512,,,,,,0,0.0
OAS31453,9.0,8.0,12.0,7.0,,,22.0,8.0,,,,,,,,,,64.937,,33.0,,,,,,,,0,0.0
OAS31455,9.0,7.0,6.0,4.0,,,17.0,9.0,57.0,135.0,35.0,,189083.013,1474101.455,865567.2985,186936.2344,49131.0,87.3507,30.0,33.0,68.7,180.0,380648.3514,191565.3384,372538.9472,518354.3514,185602.7128,0,0.0
OAS31455,12.0,8.0,6.0,4.0,,,21.0,15.0,63.0,180.0,35.0,,,,,,,87.3507,30.0,33.0,68.9,177.5999756,,,,,,0,0.0
OAS31455,7.0,6.0,7.0,5.0,,,13.0,12.0,46.0,180.0,37.0,,,,,,,87.3507,30.0,33.0,68.5,172.0,,,,,,0,0.0
OAS31455,6.0,5.0,6.0,5.0,,,12.0,13.0,,,,,,,,,,87.3507,,33.0,,,,,,,,0,0.0
OAS31456,,,,,32.0,,31.0,,19.0,35.0,,,239318.74,1689076.641,1090896.283,265495.5058,60295.0,54.5589,30.0,33.0,67.0,164.0,477439.4394,238120.6994,532748.8434,641428.4394,267253.3376,0,0.0
OAS31456,12.0,9.0,13.0,8.0,,,34.0,26.0,,,,,,,,,,54.5589,,33.0,,,,,,,,0,0.0
OAS31457,,,,,26.0,,17.0,,32.0,68.0,,,181021.8603,1301772.617,826080.8026,195178.3257,46848.0,63.0767,29.0,33.0,66.5,219.0,364119.0436,183097.1833,392115.759,492954.0436,196937.4333,0,0.0
OAS31458,9.0,7.0,8.0,5.0,,,19.0,13.0,60.0,120.0,33.0,,229260.6565,1793870.415,1066854.401,242135.1605,56831.0,86.4575,29.0,23.0,71.75,211.0,465015.4385,235754.782,491651.9626,626295.4385,249516.8021,0,0.0
OAS31458,10.0,8.0,8.0,6.0,,,30.0,14.0,29.0,115.0,40.0,,229260.6565,1793870.415,1066854.401,242135.1605,56831.0,86.4575,29.0,23.0,72.0,210.0,465015.4385,235754.782,491651.9626,626295.4385,249516.8021,0,0.0
OAS31459,,,,,33.0,,26.0,,25.0,41.0,,,209213.3675,1223003.047,914412.7413,215510.2397,51717.0,61.2904,30.0,33.0,70.25,201.0,418977.8631,209764.4956,429657.8783,563509.8631,214147.6386,0,0.0
OAS31462,11.0,8.0,6.0,4.0,,,21.0,16.0,25.0,78.0,55.0,,161573.3158,1222451.11,747975.3985,176136.685,45471.0,70.1753,29.0,23.0,63.0,178.5,322133.2218,160559.906,356202.1767,453975.2218,180065.4917,0,0.0
OAS31462,10.0,8.0,9.0,6.0,,,16.0,15.0,24.0,61.0,59.0,,155748.3554,1218713.596,736998.1543,177050.7302,45920.0,70.1753,30.0,23.0,63.0,184.0,310651.3512,154902.9957,356784.8031,437678.3512,179734.0729,0,0.0
OAS31462,11.0,8.0,9.0,6.0,,,19.0,18.0,,,,,,,,,,70.1753,,23.0,,,,,,,,0,0.0
OAS31463,11.0,8.0,10.0,6.0,,,26.0,15.0,28.0,37.0,54.0,,224437.2842,1799445.031,1063631.25,252633.8571,55654.0,70.7726,30.0,23.0,70.0,216.5,455144.7527,230707.4686,510326.4976,605854.7527,257692.6405,0,0.0
OAS31464,14.0,9.0,10.0,7.0,,,31.0,20.0,44.0,65.0,40.0,,209317.3508,1550292.721,951884.3344,210999.7756,51429.0,77.2521,29.0,33.0,64.7,186.0,423926.9382,214609.5874,430184.3962,571169.9382,219184.6206,0,0.0
OAS31465,,,,,33.0,,20.0,,21.0,49.0,,,168835.5181,1088809.021,705368.8355,151574.7371,43679.0,62.8219,30.0,34.0,63.0,129.0,338108.304,169272.7859,302543.5315,456589.304,150968.7944,0,0.0
OAS31466,8.0,7.0,6.0,4.0,,,16.0,6.0,38.0,180.0,22.0,,,,,,,80.6795,19.0,34.0,67.25,129.0,,,,,,2,1.0
OAS31469,9.0,8.0,4.0,3.0,,,19.0,13.0,28.0,48.0,48.0,,238921.9066,1790636.603,1125834.629,268444.7866,61344.0,73.3096,29.0,33.0,68.0,181.0,477958.703,239036.7965,539682.9258,645588.703,271238.1392,0,0.0
OAS31469,9.0,7.0,8.0,6.0,,,15.0,5.0,25.0,65.0,46.0,,,,,,,73.3096,30.0,33.0,68.4,205.3999023,,,,,,0,0.0
OAS31469,11.0,8.0,7.0,5.0,,,16.0,11.0,,,,,,,,,,73.3096,,33.0,,,,,,,,0,0.0
OAS31470,,,,,29.0,,26.0,,22.0,56.0,,,214367.4011,1568470.378,1001238.673,246246.9188,53871.0,64.9096,25.0,34.0,63.0,209.0,431101.018,216733.6169,495688.6546,585475.018,249441.7357,0,0.0
OAS31471,12.0,8.0,8.0,5.0,,,30.0,15.0,32.0,54.0,46.0,,238605.4001,1673490.682,1017592.953,219876.758,62028.0,65.2986,30.0,34.0,79.8,295.1999512,481923.0658,243317.6657,444184.8872,651033.0658,224308.1292,0,0.0
OAS31472,7.0,6.0,4.0,3.0,,,15.0,20.0,22.0,52.0,53.0,,193466.707,1451364.944,901179.7713,198653.6127,53114.0,67.2712,30.0,33.0,63.5,122.5999756,387061.1472,193594.4402,399474.6241,527965.1472,200821.0114,0,0.0
OAS31472,9.0,8.0,5.0,4.0,,,20.0,18.0,,,,,,,,,,67.2712,,33.0,,,,,,,,0,0.0
OAS31473,,,,,35.0,,22.0,,21.0,37.0,,,236670.7864,1670204.716,1082124.342,254678.8434,59001.0,56.6137,30.0,34.0,76.5,219.0,475108.7066,238437.9203,510836.635,636259.7066,256157.7916,0,0.0
OAS31474,8.0,6.0,5.0,4.0,,,12.0,7.0,53.0,145.0,36.0,,162628.2253,1362599.095,773867.1605,183636.1172,39533.0,81.8438,22.0,33.0,63.0,151.0,324027.631,161399.4057,372811.5295,452696.631,189175.4123,1,0.5
OAS31474,6.0,6.0,5.0,4.0,,,12.0,9.0,47.0,180.0,34.0,,,,,,,81.8438,23.0,33.0,62.0,150.0,,,,,,2,1.0
